row,final_classification,tier,signal,signal_count,g300_id,g300_name,g300_website,g300_created,g300_child_offices,g300_contacts,g300_opportunities,candidate_id,candidate_name,candidate_website,candidate_created,candidate_created_by,candidate_is_older,candidate_child_offices,candidate_contacts,candidate_opportunities,classifier_call,classifier_confidence,classifier_rationale,skeptic_agrees,skeptic_call,skeptic_rationale
1,predecessor_or_legacy,1,"alias_exact, name_short_form",2,001Px00000VvfTpIAJ,Allen Overy Shearman Sterling LLP,www.aoshearman.com,2021-01-20T19:17:41.000+0000,57,6867,3528,001Px00000j5Bs7IAE,Allen & Overy LLP,,2026-08-20T18:15:15.000+0000,Kieran Hansen,N,1,1,12,predecessor_or_legacy,high,"Allen & Overy merged with Shearman & Sterling in May 2024 to form A&O Shearman (general knowledge). The 2026-08-20 Kieran Hansen batch record has a blank website, one New York office and a contact with an @allenovery.com email, so it is the legacy predecessor name.",Y,predecessor_or_legacy,"I checked the live records. 001Px00000j5Bs7IAE is a Firm record created 2026-08-20 by Kieran Hansen, with a blank website and one NY office (1221 Avenue of the Americas). Its only contact uses @allenovery.com, and all 12 opps are named 'ALLEN & OVERY LLP 610R59/610R62', with close dates in 2019-2020, before the merger. From general knowledge, Allen & Overy merged with Shearman & Sterling in May 2024 to form A&O Shearman, whose legal name is the G300 'Allen Overy Shearman Sterling LLP'. So this is the pre-merger predecessor name, not a same-name duplicate."
2,predecessor_or_legacy,1,alias_exact,1,001Px00000VvfTpIAJ,Allen Overy Shearman Sterling LLP,www.aoshearman.com,2021-01-20T19:17:41.000+0000,57,6867,3528,001Px00000j5MtYIAU,Shearman Sterling,,2026-08-20T18:20:17.000+0000,Kieran Hansen,N,1,1,5,predecessor_or_legacy,high,"Shearman & Sterling merged into A&O Shearman in 2024 (general knowledge). This is a 2026-08-20 batch record with a blank website and a single Paris office, and it carries the pre-merger firm name.",Y,predecessor_or_legacy,"The live record 001Px00000j5MtYIAU is a Firm from the 2026-08-20 Kieran Hansen batch with a blank website. It has one Paris office (43 Rue de Bellechasse) and one contact with no email (Edward L. Turner III). Its 5 opps are all 'SHEARMAN STERLING 592R43' with close dates of 2019-12-16, before the merger. From general knowledge, Shearman & Sterling combined with Allen & Overy in 2024 to form A&O Shearman. So this is the legacy predecessor firm name."
3,duplicate,1,name_exact,1,001Px00000VvXqOIAV,Alston & Bird LLP,www.alston.com,2021-01-20T19:18:07.000+0000,21,1512,789,001Px00000j5NuwIAE,Alston Bird,,2026-08-20T18:15:15.000+0000,Kieran Hansen,N,1,1,25,duplicate,high,"The name is 'Alston & Bird' without the ampersand or LLP. It is a 2026-08-20 Kieran Hansen batch record with a blank website and one Washington office. Its contact's email uses 'alsten.com', a typo of alston.com.",Y,duplicate,"The live record 001Px00000j5NuwIAE 'Alston Bird' is from the 2026-08-20 batch with a blank website. Its one office is at 950 F St NW, Washington DC, which is Alston & Bird's real DC office address (general knowledge). Its contact @alsten.com is a typo of alston.com. Its 25 opps are all 'ALSTON BIRD ...' (2019-2021). Same firm, only the punctuation and suffix differ."
4,duplicate,1,name_exact,1,001Px00000Vve0tIAB,ArentFox Schiff LLP,www.afslaw.com,2021-01-20T19:20:30.000+0000,15,1230,582,001Px00000heaAUIAY,ArentFox Schiff,,2026-07-25T18:08:21.000+0000,Kieran Hansen,N,3,3,2,duplicate,high,"Same name without the LLP suffix, created in the 2026-07-25 batch with a blank website. Its offices ('AFS' in Arlington, Washington, Boston) have contacts with @arentfox.com emails, the firm's legacy domain, so this is the same firm.",Y,duplicate,"The live record 001Px00000heaAUIAY 'ArentFox Schiff' is from the 2026-07-25 batch with a blank website. It has 3 child offices: 'AFS' in Arlington VA, whose street field says 'Arent Fox Llp'; 1717 K Street NW in Washington, the firm's DC HQ address; and Boston. All 3 contacts use @arentfox.com, the firm's legacy domain, and the opps reference 'ArentFox Schiff'/'AFS' Legalweek 2023. This is the current firm name without LLP, so it is a redundant record."
5,duplicate,1,name_exact,1,0016g00001ANqfwAAD,Ballard Spahr LLP,www.ballardspahr.com,2021-01-20T19:23:35.000+0000,32,761,538,001Px00000hlb4QIAQ,BALLARD SPAHR LLP,,2025-12-18T15:37:15.000+0000,Scott Lewis,N,1,1,0,duplicate,high,"The exact name in upper case, created by Scott Lewis with a blank website. Its Minneapolis office contact has an @ballardspahr.com email, the same firm (Ballard Spahr has a Minneapolis office).",Y,duplicate,"The live record 001Px00000hlb4QIAQ 'BALLARD SPAHR LLP' was created 2025-12-18 by Scott Lewis with a blank website. Its office is at 2000 IDS Center, 80 South 8th St, Minneapolis, which is Ballard Spahr's Minneapolis office (the former Lindquist & Vennum office; general knowledge). Its contact Elizabeth Becker uses @ballardspahr.com. Exact name in different case, so this is the same firm."
6,duplicate,1,name_exact,1,0016g00001ANqfwAAD,Ballard Spahr LLP,www.ballardspahr.com,2021-01-20T19:23:35.000+0000,32,761,538,001Px00000heW9jIAE,Ballard Spahr,,2026-07-25T18:08:30.000+0000,Kieran Hansen,N,1,1,0,duplicate,high,"Same name without LLP, created in the 2026-07-25 Kieran Hansen batch with a blank website. Its office contact's email is 'ballardpshar.com', a typo of the firm's domain.",Y,duplicate,"The live record 001Px00000heW9jIAE 'Ballard Spahr' is from the 2026-07-25 Kieran Hansen batch with a blank website. It has one office with no address, and its contact Jessica Origlio uses @ballardpshar.com, a typo of ballardspahr.com. Same firm without the LLP, so this is a redundant record."
7,duplicate,1,name_exact,1,0016g00001ANqfwAAD,Ballard Spahr LLP,www.ballardspahr.com,2021-01-20T19:23:35.000+0000,32,761,538,001Px00000heW9kIAE,Ballard Spahr LLP,,2026-07-25T18:08:30.000+0000,Kieran Hansen,N,1,2,2,duplicate,high,"Exact name match, created in the 2026-07-25 batch with a blank website. It has a Philadelphia office (the firm's headquarters) and contacts with 'ballardsphar.com' emails, a typo of the firm's domain.",Y,duplicate,"The live record 001Px00000heW9kIAE 'Ballard Spahr LLP' is from the 2026-07-25 batch with a blank website. Its office is at 1735 Market Street, 51st Floor, Philadelphia, which is Ballard Spahr's headquarters. Its contacts (Virginia Essandoh, Chief DEI Officer, and Hillary Ziegler) use the typo domain ballardsphar.com, and its opps are 'BALLARD SPAHR ALIPMA25'. The name matches exactly, so this is a redundant record."
8,duplicate,1,name_exact,1,0016g00001ANsRWAA1,Blank Rome LLP,www.blankrome.com,2021-01-20T19:26:52.000+0000,20,636,400,001Px00000hlfWxIAI,Blank Rome,,2026-06-16T15:17:40.000+0000,Kieran Hansen,N,1,2,0,duplicate,high,"Same name without LLP, created by Kieran Hansen with a blank website. Its New York office has two contacts with @blankrome.com emails.",Y,duplicate,"The live record 001Px00000hlfWxIAI 'Blank Rome' was created 2026-06-16 by Kieran Hansen with a blank website. Its office is at 1271 Avenue of the Americas, New York, Blank Rome's NY office (general knowledge). Its 2 contacts (Eileen Duffy, Sonia Bain) use @blankrome.com. Same firm without the LLP."
9,predecessor_or_legacy,1,alias_exact,1,0016g00001ANtcKAAT,Bryan Cave Leighton Paisner LLP,www.bclplaw.com,2021-01-20T19:29:08.000+0000,46,2542,921,001Px00000VwXFjIAN,"Berwin, Leighton, Paisner, LLP",,2025-11-13T12:17:04.000+0000,Kieran Hansen,N,1,8,1,predecessor_or_legacy,high,"Berwin Leighton Paisner merged with Bryan Cave in 2018 to form Bryan Cave Leighton Paisner (general knowledge). This record (2025-11-13 batch, London office) holds contacts with @blplaw.com and @bclplaw.com emails, so it is the legacy predecessor record.",Y,predecessor_or_legacy,"The live record 001Px00000VwXFjIAN is from the 2025-11-13 batch. Its London office is at Adelaide House, London Bridge, which was BLP's old London HQ. It has 6 contacts with @blplaw.com emails and 2 with @bclplaw.com, and one opp 'Berwin Leighton Paisner (Svcs)- 2019 The American Lawyer' with a 2019 close date. From general knowledge, BLP merged with Bryan Cave in April 2018 to form BCLP. So this is a predecessor firm record, not the same firm name."
10,predecessor_or_legacy,1,"alias_exact, name_short_form",2,0016g00001ANtcKAAT,Bryan Cave Leighton Paisner LLP,www.bclplaw.com,2021-01-20T19:29:08.000+0000,46,2542,921,001Px00000jNSCNIA4,Bryan Cave,www.bryancave.com,2026-08-26T15:41:48.000+0000,Kieran Hansen,N,1,0,0,predecessor_or_legacy,high,"Bryan Cave LLP merged with Berwin Leighton Paisner in 2018 to form BCLP (general knowledge). The record carries the legacy website www.bryancave.com and a Kansas City office, and it has no contacts.",Y,predecessor_or_legacy,"The live record 001Px00000jNSCNIA4 'Bryan Cave' was created 2026-08-26 by Kieran Hansen with the legacy website www.bryancave.com. It has one Kansas City office at 1200 Main St Ste 3300, a Bryan Cave-era KC address, and no contacts or opps. From general knowledge, Bryan Cave LLP merged with Berwin Leighton Paisner in 2018 to form BCLP. So this is a pre-merger predecessor name. It could be argued as a colloquial short form, but the legacy domain supports the predecessor call."
11,duplicate,1,name_exact,1,0016g00001ANx1bAAD,CMS Legal,www.cms.law,2021-01-20T19:31:35.000+0000,106,6828,3358,001Px00000heZGcIAM,CMS,,2026-07-25T18:09:21.000+0000,Kieran Hansen,N,1,1,0,duplicate,high,"This is an exact-name 'CMS' Firm record with a blank website, created in the 2026-07-25 Kieran Hansen batch. Its one child Office is in Milano, Italy, and its one contact has a cmslegal.com email, which is a CMS domain. Nothing suggests a separate legal entity, so it is a redundant CMS Legal Firm record.",Y,duplicate,"Checked the live record. 001Px00000heZGcIAM is a Firm named exactly 'CMS' with no website, created by Kieran Hansen on 2026-07-25. Its one Office (001Px00000heWCwIAM) is on Via Sestini in Milano, Italy, and its one contact, Khady Ndiaye, has a cmslegal.com email (CMS's legacy domain). The name is the plain brand, not a named country entity. The G300 CMS Legal record already holds the Italian member as Offices ('CMS Adonnino Ascoli & Cavasola Scamoni' in Milan and Rome), so this is a redundant CMS Firm record. Its Office and contact should be moved under CMS Legal."
12,duplicate,1,name_exact,1,0016g00001ANx1bAAD,CMS Legal,www.cms.law,2021-01-20T19:31:35.000+0000,106,6828,3358,001Px00000heZgvIAE,CMS,,2026-07-25T18:08:12.000+0000,Kieran Hansen,N,1,2,0,duplicate,medium,"This is an exact-name 'CMS' Firm record from the 2026-07-25 Kieran Hansen batch, with a blank website and an Office that has no address. The name alone makes it a redundant CMS Firm record. However, both of its contacts (James Leach, Chief Learning Officer, and Sohayla King) have africa-legal.com emails, which points to Africa Legal, a legal media and training organisation, not CMS. The contacts look misattached and should be checked before any merge.",Y,duplicate,"Checked the live record. 001Px00000heZgvIAE is a Firm named exactly 'CMS' with no website, created by Kieran Hansen on 2026-07-25 at 18:08, one minute before the other 'CMS' record in row 11. Its Office (001Px00000heWCvIAM) has no address. Judged by the Firm record itself, it is a redundant CMS record. The caveat still holds: both contacts (James Leach, Chief Learning Officer, and Sohayla King) have africa-legal.com emails and were created in the same 19:46 contact load. That load shows other misattachments, for example a solomonedwards.com contact filed under 'Salesforce' and an archerlaw.com contact under 'Laffey Bucci Law Firm'. The same batch also made an 'Africa Legal' Office (001Px00000heW0LIAU) under 'Africa Professional Services Group'. Before any merge, move those two contacts there rather than into CMS Legal. Medium confidence."
13,duplicate,1,name_exact,1,001Px00000VvXxxIAF,"Cadwalader, Wickersham & Taft LLP",www.cadwalader.com,2021-01-20T19:30:27.000+0000,6,817,540,001Px00000heZHGIA2,"Cadwalader, Wickersham & Taft LLP",,2026-07-25T18:09:21.000+0000,Kieran Hansen,N,1,1,0,duplicate,high,"The name is identical to the G300 record. It is a blank-website Firm created 2026-07-25 by Kieran Hansen with one child office (no location) and one contact, which fits the known duplicate batch. Nothing suggests a separate entity.",Y,duplicate,"Checked live. The name is exactly 'Cadwalader, Wickersham & Taft LLP', with a blank website. Kieran Hansen created it on 2026-07-25 and it has one child office with no address. That matches the known duplicate batch, and nothing points to a separate entity. One detail the reviewer left out: the only contact is George Roggie, @college.harvard.edu, probably a student or summer hire. Confirm that contact belongs with Cadwalader before re-parenting it, but it does not change the fact that this Firm record is redundant."
14,duplicate,1,name_exact,1,0016g00001ANuIZAA1,Cahill Gordon & Reindel LLP,www.cahill.com,2021-01-20T19:30:27.000+0000,5,234,201,001Px00000heRXfIAM,Cahill Gordon & Reindel LLP,,2026-07-25T18:08:52.000+0000,Kieran Hansen,N,1,2,0,duplicate,high,"The name is identical to the G300 record. It is a blank-website Firm created 2026-07-25 by Kieran Hansen whose child office is in New York with website cahill.com. Its contacts include Rahul Sarkar (Counsel, @cahill.com), so this is the same firm.",Y,duplicate,"Checked live. The name matches exactly, and it is a blank-website Firm created 2026-07-25 by Kieran Hansen. Its child office is in New York with website cahill.com. Contacts are Rahul Sarkar (Counsel, @cahill.com) and Brynn Madigan (Marketing Assistant, @cahil.com, a typo of cahill.com). This is the same firm."
15,duplicate,1,name_exact,1,001Px00000VvqQAIAZ,Chapman and Cutler LLP,www.chapman.com,2021-01-20T19:33:24.000+0000,6,99,121,001Px00000j5O4CIAU,Chapman Cutler,,2026-08-20T18:15:37.000+0000,Kieran Hansen,N,1,0,0,duplicate,high,"This is a short form of 'Chapman and Cutler LLP' (the 'and' and 'LLP' are dropped). It is a blank-website Firm from the 2026-08-20 Kieran Hansen batch with its office in Chicago, IL, where Chapman and Cutler is headquartered.",Y,duplicate,"Checked live. 'Chapman Cutler' is a blank-website Firm created 2026-08-20 by Kieran Hansen, with its only office in Chicago, IL. From general knowledge, that is where Chapman and Cutler LLP is headquartered. It has no contacts or opps. The name is a short form of the G300 firm, so this is a redundant record."
16,duplicate,1,name_exact,1,001Px00000VvqQAIAZ,Chapman and Cutler LLP,www.chapman.com,2021-01-20T19:33:24.000+0000,6,99,121,001Px00000jAKopIAG,Chapman Cutler,,2026-08-22T10:39:40.000+0000,Kieran Hansen,N,1,1,18,duplicate,high,"This is the same short-form name, from the 2026-08-22 Kieran Hansen batch, with its office in Chicago, IL. The 'Research Services' contact email @champman.com is a typo of chapman.com. It is also a duplicate of row 15's record, and it has 18 opps to reassign.",Y,duplicate,"Checked live. This is a second 'Chapman Cutler' Firm, created 2026-08-22 by Kieran Hansen, with its office in Chicago, IL. Its 18 opps are subscription opps named 'CHAPMAN CUTLER 600R15/600R16/600R17/600R18/582R61/602V6R04/600EBR19' (2019-2021). The contact 'Research Services' uses @champman.com, a typo of chapman.com. It duplicates both the G300 record and row 15's record."
17,duplicate,1,"name_exact, website_domain_match",2,0016g00001ANvsjAAD,Charles Russell Speechlys,www.charlesrussellspeechlys.com,2021-01-20T19:33:29.000+0000,14,1185,599,001Px00000j6CfkIAE,Charles Russell Speechlys LLP,www.charlesrussellspeechlys.com,2026-08-21T02:45:32.000+0000,Sneha Mekala,N,1,1,1,duplicate,high,"The name adds only 'LLP' and the website is identical (www.charlesrussellspeechlys.com). The office is in London, though its country is wrongly set to United States. The contact uses @crsblaw.com, which is CRS's email domain (general knowledge).",Y,duplicate,"Checked live. 'Charles Russell Speechlys LLP' has the same website as the G300 record and Industry Legal Services. Sneha Mekala created it on 2026-08-21. The office is in London, but its BillingCountry is wrongly set to United States. The contact is Morgan Ring, @crsblaw.com, mailing country UK; from general knowledge crsblaw.com is CRS's email domain. The one opp, a British Legal Awards 2026 delegate sale for Morgan Ring at 'Charles Russell Speechlys LLP', confirms this is the same firm."
18,duplicate,1,name_exact,1,001Px00000VwSDBIA3,Chiesa Shahinian & Giantomasi PC,www.csglaw.com,2021-01-20T19:33:54.000+0000,4,124,274,001Px00000j5NGXIA2,Chiesa Shahinian & Giantomasi Pc,,2026-08-20T18:19:07.000+0000,Kieran Hansen,N,1,2,20,duplicate,high,"The name differs only in case ('Pc' vs 'PC'). It is a blank-website Firm from the 2026-08-20 Kieran Hansen batch with its office in West Orange, NJ, which is CSG's home office. Its contacts are Library and Multipub, and it has 20 opps.",Y,duplicate,"Checked live. The name differs only in case ('Pc'). It is a blank-website Firm created 2026-08-20 by Kieran Hansen, with its office in West Orange, NJ, which is CSG's home office. Contacts are 'Library' and 'Multipub Contact'. Its 20 opps are all 'Chiesa Shahinian & Giantomasi PC 681ONL/681EBR30' or 'CHIESA SHAHINIAN GIANTOMASI 574/610/634/637...' subscriptions. Same firm."
19,duplicate,1,name_exact,1,001Px00000Vvo8DIAR,Clark Hill PLC,www.clarkhill.com,2021-01-20T19:35:08.000+0000,34,925,215,001Px00000cAaxFIAS,Clark Hill PLC,,2026-01-23T16:59:35.000+0000,Kieran Hansen,N,1,3,5,duplicate,high,"The name matches exactly, the Website is blank and Kieran Hansen created it on 2026-01-23. Its one child Office is in Detroit (Clark Hill's HQ) and all 3 contacts use @clarkhill.com emails, so it is a redundant Firm record.",Y,duplicate,"I confirmed this in the live data. The candidate has the exact name 'Clark Hill PLC', a blank Website, no Industry, and was created 2026-01-23 by Kieran Hansen. Its one child Office (001Px00000cAmrxIAC) is in Detroit, MI, which is Clark Hill's HQ. It has 3 contacts on @clarkhill.com (Smithson, Collier, Anderson) and 5 closed-won SWOOGO award-delegate opportunities named '... - Clark Hill PLC - Leslie Smithson'. It is a redundant Firm record for the same firm."
20,duplicate,1,name_exact,1,001Px00000VvvMKIAZ,Clifford Chance LLP,www.cliffordchance.com,2021-01-20T19:35:25.000+0000,43,3313,3672,001Px00000heZGFIA2,Clifford Chance,,2026-07-25T18:09:21.000+0000,Kieran Hansen,N,1,4,0,duplicate,high,"It is the same name without 'LLP', has a blank Website and is from the 2026-07-25 Kieran Hansen batch. Its London Office holds contacts with @cliffordchance.com emails (a partner and a trainee solicitor), so it is a redundant Firm record.",Y,duplicate,"I confirmed this. The candidate 'Clifford Chance' (created 2026-07-25 by Kieran Hansen) has a blank Website and no Industry. Its one Office is in London, which is Clifford Chance's HQ. It has 4 contacts: 3 on @cliffordchance.com (a Partner, a Trainee Solicitor and one other) and one on a typo domain, @clifford.chance.com. It is the same firm without the 'LLP' suffix, so it is a redundant Firm record."
21,unrelated,1,name_exact,1,0016g00001ANrupAAD,Clyde & Co LLP,www.clydeco.com,2021-01-20T19:25:53.000+0000,77,3458,1393,0014L00000k4rAHQAY,Clyde Co Inc,www.clydeinc.com,2023-05-23T17:15:08.000+0000,Kieran Hansen,N,1,0,0,unrelated,high,"Its website is www.clydeinc.com, its Industry is 'Business Support Services' and its Office is in Orem, Utah. That fits Clyde Companies Inc, a Utah industrial group (general knowledge), not the law firm Clyde & Co; the names only collide after normalisation.",Y,unrelated,"I confirmed this. The Website is www.clydeinc.com and the Industry is 'Business Support Services'. Its one Office is in Orem, Utah, and it has no contacts or opportunities. From general knowledge, this is Clyde Companies Inc, a Utah construction/materials group. It is not the law firm Clyde & Co; the names only collide once '&' and suffixes are stripped."
22,duplicate,1,name_exact,1,001Px00000VvpdsIAB,Cole Schotz P.C.,www.coleschotz.com,2021-01-20T19:36:02.000+0000,9,135,186,001Px00000j5KYFIA2,Cole Schotz Pc,,2026-08-20T18:15:42.000+0000,Kieran Hansen,N,1,1,9,duplicate,high,"It differs from 'Cole Schotz P.C.' only in case and punctuation, has a blank Website and is from the 2026-08-20 batch. Its Office is in Hackensack, NJ (Cole Schotz's HQ) and its contact is the coleschotz invoice-capture address, so it is a redundant Firm record.",Y,duplicate,"I confirmed this. 'Cole Schotz Pc' differs from 'Cole Schotz P.C.' only in case and punctuation. It has a blank Website and was created in the 2026-08-20 batch. Its one Office is in Hackensack, NJ, which is Cole Schotz's HQ. Its contact uses @concursolutions.com, the firm's own invoice-capture mailbox. Its 9 opportunities are 'COLE SCHOTZ PC JEMPL20-25' renewals. It is a redundant Firm record for the same firm."
23,unrelated,1,name_exact,1,001Px00000Vvg80IAB,Cooley LLP,www.cooley.com,2021-01-20T19:37:27.000+0000,29,2432,874,001Px00000Xs1V6IAJ,Cooley Law Firm,www.jclaw.org,2025-12-22T11:03:08.000+0000,Kieran Hansen,N,1,1,2,unrelated,high,"Website www.jclaw.org, single office in Douglasville, Georgia, and its only contact is Jayla Cooley, Managing Partner (@jclaw.org). This is a small Georgia firm named after its founder. It only shares the word 'Cooley' with Cooley LLP (cooley.com), which has no Georgia office in the CRM.",Y,unrelated,"Confirmed live: Firm 'Cooley Law Firm' has website www.jclaw.org and one office in Douglasville, GA (jclaw.org). Its only contact is Jayla Cooley, Managing Partner (@jclaw.org), and its opps are 'Daily Report Online' subscriptions in her name. Cooley LLP's 29 child offices include nothing in Georgia. This is a small local firm that only shares the surname."
24,duplicate,1,name_exact,1,001Px00000VvMI4IAN,Covington & Burling LLP,www.cov.com,2021-01-20T19:38:09.000+0000,16,2143,1388,001Px00000heTydIAE,Covington & Burling,,2026-07-25T18:09:30.000+0000,Kieran Hansen,N,1,1,0,duplicate,high,"The name is the same firm without the 'LLP' suffix, created in the 2026-07-25 batch with a blank website. It has one NYC office, and its contact is an eDiscovery Analyst with a cov.con email (a typo of cov.com). The G300 record already has a New York office. This is a redundant Firm record.",Y,duplicate,"Confirmed, with stronger evidence: its only contact, David Brandewiede (@cov.con, NYC), also exists under the G300's own New York office 0016g00001EYHMhAAP as @cov.com, Senior Litigation Analyst. The name differs only by the missing 'LLP'. The record came from the 2026-07-25 batch with a blank website. It is a redundant Firm record."
25,duplicate,1,name_exact,1,0016g00001ANyMkAAL,Cozen O'Connor,www.cozen.com,2021-01-20T19:38:15.000+0000,40,1156,2809,001Px00000ihTpiIAE,Cozen O'Connor,,2026-06-25T15:33:04.000+0000,Kieran Hansen,N,1,1,0,duplicate,high,"The name matches the G300 record exactly. It was created 2026-06-25 by Kieran Hansen with a blank website, and its only contact has an @cozen.com email. The office in Center Sandwich, NH is probably that person's remote location. This is a redundant Firm record.",Y,duplicate,"Confirmed: exact name 'Cozen O'Connor', created 2026-06-25 by Kieran Hansen with a blank website. It has one Center Sandwich, NH office, and its only contact is Rebecca Buchanan-Mackie with a @cozen.com email. The G300 has 40 offices that are all Cozen O'Connor, and a remote-worker location explains the NH address. It is a redundant Firm record."
26,duplicate,1,name_exact,1,001Px00000VvVJ5IAN,DLA Piper,www.dlapiper.com,2021-01-20T19:42:32.000+0000,135,9185,3428,001Px00000heQ0DIAU,DLA Piper,,2026-07-25T18:13:47.000+0000,Kieran Hansen,N,1,6,0,duplicate,high,"The name matches exactly. It was created in the 2026-07-25 batch with its one office in Stockholm, and its contacts use @se.dlapiper.com and @dlapiper.com emails. The G300 record already has a Stockholm office ('Advokatfirma DLA Piper Sweden KB'), so the CRM treats Sweden as part of the G300 firm. This is a redundant Firm record.",Y,duplicate,"Confirmed: exact name 'DLA Piper', 2026-07-25 batch, one Stockholm office. The G300 already holds 'Advokatfirma DLA Piper Sweden KB' Stockholm offices, and those carry the same people: Peter Ihrfelt, Björn Sjöberg and Lisa Brink all appear there with @se.dlapiper.com or @dlapiper.com emails. It is a redundant Firm record of the G300 firm, not a separately named affiliate."
27,duplicate,1,name_exact,1,001Px00000VvVJ5IAN,DLA Piper,www.dlapiper.com,2021-01-20T19:42:32.000+0000,135,9185,3428,001Px00000hecKeIAI,DLA Piper,,2026-07-25T18:14:30.000+0000,Kieran Hansen,N,1,1,0,duplicate,high,"The name matches exactly. It was created in the 2026-07-25 batch with one Atlanta office. The G300 record already has an Atlanta office ('DLA Piper LLP (US)'). Its only contact's email (@usdlapiper.com) looks wrong, but the record is plainly the same firm.",Y,duplicate,"Confirmed: exact name, 2026-07-25 batch, one Atlanta office. Its contact Nima Adabi (@usdlapiper.com, a typo) also exists twice under the G300's Atlanta office 'DLA Piper LLP (US)' as @us.dlapiper.com and @dlapiper.com. It is a redundant Firm record."
28,duplicate,1,name_exact,1,0016g00001ANzSKAA1,Davis Polk & Wardwell LLP,www.davispolk.com,2021-01-20T19:40:24.000+0000,15,1312,1331,001Px00000j5ODlIAM,Davis Polk Wardwell,,2026-08-20T18:15:52.000+0000,Kieran Hansen,N,1,1,15,duplicate,high,"The name is Davis Polk & Wardwell without the '&'. The record was created in the 2026-08-20 Kieran Hansen batch with a blank website, and its single Office is in New York. Its only contact uses a dpw.com email, which (from general knowledge) is Davis Polk's legacy domain.",Y,duplicate,"I checked this live. Firm 001Px00000j5ODlIAM 'Davis Polk Wardwell' has a blank website and was created 2026-08-20 18:15:52 by Kieran Hansen. Its single Office 001Px00000j5R9NIAU is at 450 Lexington Ave, New York, which (general knowledge) is Davis Polk's headquarters. Its contact Oam Singh uses @dpw.com, Davis Polk's legacy domain (general knowledge). Its 15 opportunities are 'DAVIS POLK WARDWELL NMOTP/ONLYLMA/600BOOK' firm orders from 2019-2021. It is the same firm with the '&' and LLP dropped, so it is a redundant Firm record."
29,duplicate,1,name_exact,1,0016g00001ANzenAAD,Debevoise & Plimpton LLP,www.debevoise.com,2021-01-20T19:40:50.000+0000,13,1458,1938,001Px00000heaXwIAI,Debevoise & Plimpton,,2026-07-25T18:09:38.000+0000,Kieran Hansen,N,1,2,0,duplicate,high,"Same firm name without the LLP suffix, from the 2026-07-25 batch with a blank website. Its single Office is in Washington, and its contacts are Debevoise lawyers (@debevoise.com, plus one misspelled debevosie.com).",Y,duplicate,"I checked this live. Firm 001Px00000heaXwIAI 'Debevoise & Plimpton' has a blank website and was created 2026-07-25 by Kieran Hansen. Its single Office 001Px00000heW6bIAE is at 801 Pennsylvania Ave NW, Washington DC, which (general knowledge) is Debevoise's DC office. Its contacts are Lillian Lara (@debevoise.com, Associate) and Courtney Barger (@debevosie.com, a typo of debevoise.com, Lawyer). It is the same firm without LLP, a redundant Firm record."
30,duplicate,1,name_exact,1,0016g00001ANzenAAD,Debevoise & Plimpton LLP,www.debevoise.com,2021-01-20T19:40:50.000+0000,13,1458,1938,001Px00000heW9zIAE,Debevoise & Plimpton LLP,,2026-07-25T18:08:30.000+0000,Kieran Hansen,N,1,3,0,duplicate,high,"The name exactly matches the G300 firm. It comes from the 2026-07-25 batch with a blank website and a single New York Office. Two of its contacts use @debevoise.com emails (a Partner and a Counsel); a third has a non-firm email (Jessica Barkoff, barkoffusa.com).",Y,duplicate,"I checked this live. Firm 001Px00000heW9zIAE 'Debevoise & Plimpton LLP' has the exact G300 name, a blank website, and was created 2026-07-25 by Kieran Hansen. Its single Office 001Px00000heW6cIAE is at 66 Hudson Boulevard, New York, which (general knowledge) is Debevoise's current NY headquarters. Two contacts use @debevoise.com: Megan Bannigan (Partner) and Kate Saba (Counsel). The third, Jessica Barkoff (barkoffusa.com), is titled 'Judge Mukasey's daughter'; from general knowledge, Michael Mukasey is of counsel at Debevoise, so she is linked to the firm. This is a redundant Firm record."
31,duplicate,1,name_exact,1,0016g00001ANzenAAD,Debevoise & Plimpton LLP,www.debevoise.com,2021-01-20T19:40:50.000+0000,13,1458,1938,001Px00000heaUFIAY,Debevoise & Plimpton LLP,,2026-07-25T18:09:28.000+0000,Kieran Hansen,N,1,4,1,duplicate,high,"The name exactly matches the G300 firm. It comes from the 2026-07-25 batch with a blank website and a single New York Office, and its contacts are Debevoise staff with @debevoise.com emails. It is also a duplicate of the other candidates in rows 29 and 30.",Y,duplicate,"I checked this live. Firm 001Px00000heaUFIAY 'Debevoise & Plimpton LLP' has the exact G300 name, a blank website, and was created 2026-07-25 by Kieran Hansen. Its single Office 001Px00000heW6dIAE is at 66 Hudson Blvd, New York, Debevoise's HQ. It has 4 contacts, all Debevoise staff: mcone@, arekkali@ and @debevoise.com, plus @consultant.debevoise.com. Its one opportunity is a Legalweek 2025 ticket for Cierra Bakhsh. It is a redundant Firm record, and it also duplicates rows 29 and 30."
32,duplicate,1,name_exact,1,001Px00000VvNUeIAN,Dechert LLP,www.dechert.com,2021-01-20T19:40:56.000+0000,29,1819,2499,001Px00000j5O9LIAU,Dechert,,2026-08-20T18:15:47.000+0000,Kieran Hansen,N,1,1,10,duplicate,high,The name is Dechert without LLP. It comes from the 2026-08-20 batch with a blank website and a single Philadelphia Office. Its contact uses a dechert.co email (a truncated dechert.com).,Y,duplicate,"I checked this live. Firm 001Px00000j5O9LIAU 'Dechert' has a blank website and was created 2026-08-20 18:15:47 by Kieran Hansen. Its single Office 001Px00000j5SiNIAU is at 2929 Arch St, Philadelphia, which (general knowledge) is Dechert's Cira Centre headquarters. Its contact 'Research Services Lon' uses @dechert.co, a truncated dechert.com. Its 10 opportunities are 'DECHERT 617R52/617EBR5x' firm orders from 2019-2021. It is the same firm without LLP."
33,duplicate,1,name_exact,1,001Px00000VvNUeIAN,Dechert LLP,www.dechert.com,2021-01-20T19:40:56.000+0000,29,1819,2499,001Px00000j5O9MIAU,Dechert,,2026-08-20T18:15:47.000+0000,Kieran Hansen,N,1,0,0,duplicate,high,The name is Dechert without LLP. It was created in the same second of the 2026-08-20 batch as 001Px00000j5O9LIAU and has a blank website and a single Philadelphia Office. It is an empty redundant Firm record with no contacts or opportunities.,Y,duplicate,"I checked this live. Firm 001Px00000j5O9MIAU 'Dechert' has a blank website and was created 2026-08-20 18:15:47, the same second as 001Px00000j5O9LIAU. Its single Office 001Px00000j5SiOIAU is at 2929 Arch St Ste 400, Philadelphia, Dechert's HQ address. I found no contacts and no opportunities. It is an empty redundant Firm record for Dechert LLP."
34,duplicate,1,name_exact,1,001Px00000VvNUeIAN,Dechert LLP,www.dechert.com,2021-01-20T19:40:56.000+0000,29,1819,2499,001Px00000jAKp4IAG,Dechert,,2026-08-22T10:39:40.000+0000,Kieran Hansen,N,1,1,4,duplicate,high,The name is Dechert without LLP. It comes from the 2026-08-22 batch with a blank website and a single Philadelphia Office. Its contact uses a @dechert.com email.,Y,duplicate,"I checked this live. Firm 001Px00000jAKp4IAG 'Dechert' has a blank website and was created 2026-08-22 by Kieran Hansen. Its single Office 001Px00000jAIX9IAO is at 2929 Arch St Ste 400, Philadelphia, Dechert's HQ. Its contact is Phillip Worrell (@dechert.com), and its 4 opportunities are 'Dechert QFOR10B/QFOR11' firm orders. It is a redundant Firm record for Dechert LLP."
35,duplicate,1,name_exact,1,001Px00000VxMoFIAV,Dinsmore & Shohl LLP,www.dinsmore.com,2021-01-20T19:42:14.000+0000,26,460,128,001Px00000heaadIAA,Dinsmore & Shohl LLP,,2026-07-25T18:09:45.000+0000,Kieran Hansen,N,1,2,16,duplicate,high,"The name exactly matches the G300 firm. It comes from the 2026-07-25 batch with a blank website and a single Cincinnati Office, which is Dinsmore's headquarters. Its contacts use @dinslaw.com emails, which (from general knowledge) is Dinsmore's domain.",Y,duplicate,"I checked this live. Firm 001Px00000heaadIAA 'Dinsmore & Shohl LLP' has the exact G300 name, a blank website, and was created 2026-07-25 by Kieran Hansen. Its single Office 001Px00000heQsPIAU is at 255 East 5th Street, Suite 1900, Cincinnati, which (general knowledge) is Dinsmore's headquarters. Its contacts Peter Pepiton and Mary Jo Merkowitz use @dinslaw.com, Dinsmore's domain (general knowledge). Its 16 opportunities are PBUCK firm orders and Legalweek tickets. It is a redundant Firm record."
36,duplicate,1,name_exact,1,001Px00000VvbOnIAJ,Dorsey & Whitney LLP,www.dorsey.com,2021-01-20T19:42:55.000+0000,22,543,489,001Px00000j5ODZIA2,Dorsey Whitney,,2026-08-20T18:15:52.000+0000,Kieran Hansen,N,1,1,23,duplicate,high,"The name is Dorsey & Whitney without the '&' and LLP. It comes from the 2026-08-20 batch with a blank website and a single Minneapolis Office, which is Dorsey's headquarters. Its library contact uses a dorseylaw.com email.",Y,duplicate,"I checked this live. Firm 001Px00000j5ODZIA2 'Dorsey Whitney' has a blank website and was created 2026-08-20 by Kieran Hansen. Its single Office 001Px00000j5R98IAE is at 50 S 6th St Ste 1500, Minneapolis, which (general knowledge) is Dorsey & Whitney's HQ. Its 'Library' contact uses @dorseylaw.com. Its 23 opportunities are 'DORSEY WHITNEY 669R32/585R67/628EBR49...' firm orders. It is the same firm with the '&' and LLP dropped, a redundant Firm record."
37,duplicate,1,name_exact,1,0016g00001AO159AAD,Duane Morris LLP,www.duanemorris.com,2021-01-20T19:43:38.000+0000,34,1360,772,001Px00000heWGcIAM,Duane Morris,,2026-07-25T18:09:48.000+0000,Kieran Hansen,N,1,1,1,duplicate,high,The name is Duane Morris without LLP. It comes from the 2026-07-25 batch with a blank website and a single Philadelphia Office (spelled 'Philidelphia'). Its contact is a Director of IT with a misspelled duaneemorris.com email.,Y,duplicate,"I checked this live. Firm 001Px00000heWGcIAM 'Duane Morris' has a blank website and was created 2026-07-25 by Kieran Hansen. Its single Office 001Px00000heelVIAQ is at 30 South 17th Street, 'Philidelphia', which (general knowledge) is Duane Morris's HQ. Its contact is Christa Iannone, Director of IT, with @duaneemorris.com (a typo of duanemorris.com). Its one opportunity is her Legalweek 2023 ticket. It is the same firm without LLP, a redundant Firm record."
38,duplicate,1,name_exact,1,001Px00000VvbwmIAB,Eversheds Sutherland,www.eversheds-sutherland.com,2021-01-20T19:47:46.000+0000,84,5128,1539,001Px00000heWRBIA2,Eversheds Sutherland,,2026-07-25T18:09:59.000+0000,Kieran Hansen,N,7,24,1,duplicate,high,"The name matches exactly. It is a Firm created by Kieran Hansen in the 2026-07-25 batch with a blank website. Its child offices (London, New York, Atlanta, Washington, Houston, and 'Eversheds Sutherland (US) LLP') and its @eversheds-sutherland.us contacts are the same firm as the G300 record, so this is a redundant Firm record.",Y,duplicate,"Checked live. 001Px00000heWRBIA2 is a Firm with exactly the same name, a blank website and G300=false, created 2026-07-25 by Kieran Hansen. It has 7 child offices: London, New York, Atlanta, Washington (website Eversheds-Sutherland.us), Houston, one with no city, and 'Eversheds Sutherland (US) LLP'. All 24 contacts use @eversheds-sutherland.us. The opp is a Swoogo WOI 2025 sale for Jenny Worthy. The G300 hierarchy already holds these same cities as Eversheds Sutherland / (US) LLP offices. This is a redundant Firm record for the same firm, not an affiliate."
39,duplicate,1,name_exact,1,001Px00000VvbwmIAB,Eversheds Sutherland,www.eversheds-sutherland.com,2021-01-20T19:47:46.000+0000,84,5128,1539,001Px00000j5H7EIAU,Eversheds Sutherland,,2026-08-20T18:15:57.000+0000,Kieran Hansen,N,1,1,1,duplicate,high,"The name matches exactly. It is a Firm created by Kieran Hansen in the 2026-08-20 batch with a blank website. Its single Atlanta office holds an 'Eversheds Sutherland LCENT' opp and one contact, whose email has a typo in the domain (everheds-sutherland.com). This is the same firm as the G300 record.",Y,duplicate,"Checked live. 001Px00000j5H7EIAU is a Firm with exactly the same name, a blank website, created 2026-08-20 by Kieran Hansen. Its only child is an Atlanta office. The one contact is Megen Cox, whose email domain has a typo (@everheds-sutherland.com). The one opp is 'Eversheds Sutherland LCENT' (2019, Closed Won, 29,000). The G300 already has an Atlanta Eversheds Sutherland (US) LLP office. Nothing suggests a separate entity, so this is a redundant record of the same firm."
40,predecessor_or_legacy,1,alias_exact,1,001Px00000VvbwmIAB,Eversheds Sutherland,www.eversheds-sutherland.com,2021-01-20T19:47:46.000+0000,84,5128,1539,001Px00000VxOWyIAN,"Sutherland, Asbill & Brennan",,2025-11-13T14:28:48.000+0000,Kieran Hansen,N,2,33,11,predecessor_or_legacy,high,"From general knowledge: Sutherland Asbill & Brennan combined with Eversheds in 2017 to form Eversheds Sutherland. The record's Atlanta and Washington offices, its @sutherland.com contacts and its 'SUTHERLAND ASBILL & BRENNAN' and 'EVERSHEDS SUTHERLAND' opps confirm it is the legacy US predecessor.",Y,predecessor_or_legacy,"Checked live. 001Px00000VxOWyIAN 'Sutherland, Asbill & Brennan' (2025-11-13 batch) has Atlanta and Washington offices and 33 contacts. Almost all use @sutherland.com, plus one @sablaw.com (the older SAB domain) and one @eversheds-sutherland.com. Its opps are 'SUTHERLAND ASBILL & BRENNAN ...' and 'EVERSHEDS SUTHERLAND 550EBR..'. From general knowledge, Sutherland Asbill & Brennan combined with Eversheds in 2017 and became Eversheds Sutherland (US) LLP. This is the former name of the G300 firm's US side, so it is legacy history."
41,predecessor_or_legacy,1,within_g300:alias_exact,1,0016g00001AO6I7AAL,FBT Gibbons LLP,www.fbtgibbons.com,2021-01-20T19:51:40.000+0000,31,540,367,001Px00000j5PGuIAM,Frost Brown Todd,,2026-08-20T18:19:21.000+0000,Kieran Hansen,N,1,1,40,predecessor_or_legacy,high,"From general knowledge: Frost Brown Todd combined with Gibbons P.C. to form FBT Gibbons LLP, and the G300 record's Cincinnati, Louisville and Lexington offices are former FBT offices. The candidate is the pre-merger name (2026-08-20 batch, Cincinnati office, 40 opps). Data issue: it also carries G300_Account__c = true.",Y,predecessor_or_legacy,"Checked live. 001Px00000j5PGuIAM 'Frost Brown Todd' is a Firm with G300_Account__c = TRUE, a data error that makes this a within-G300 pair. It was created 2026-08-20 and has one Cincinnati office, 1 contact and 40 opps named 'FROST BROWN TODD 598...' (2019-2026). The G300 FBT Gibbons LLP record dates from 2021, so it is the original FBT record renamed. Its hierarchy mixes FBT offices (Cincinnati, Louisville, Lexington, Florence, Nashville; one office still shows fbtlaw.com) with Gibbons offices (Newark, Red Bank, Trenton). From general knowledge, Frost Brown Todd combined with Gibbons P.C. to form FBT Gibbons. The candidate is therefore the former name."
42,predecessor_or_legacy,1,alias_exact,1,0016g00001AO496AAD,Fieldfisher LLP,www.fieldfisher.com,2021-01-20T19:49:24.000+0000,28,1454,876,001Px00000VxZRXIA3,Field Fisher Waterhouse,,2025-11-13T14:28:43.000+0000,Kieran Hansen,N,1,3,0,predecessor_or_legacy,high,"From general knowledge: Field Fisher Waterhouse is the former name of Fieldfisher, which rebranded around 2014. The candidate's UK office holds contacts with @ffw.com and @fieldfisher.com emails, confirming it is the legacy-name record.",Y,predecessor_or_legacy,"Checked live. 001Px00000VxZRXIA3 'Field Fisher Waterhouse' (2025-11-13 batch) has one UK office at 35 Vine Street, which from general knowledge was the firm's London address. Its phone is a Paris number. Contacts are James Mullan and Phil Lee (@ffw.com) and a France BD manager (@fieldfisher.com). From general knowledge, Field Fisher Waterhouse rebranded as Fieldfisher around 2014, so this is the former name of the G300 firm."
43,duplicate,1,name_exact,1,0016g00001AO4yUAAT,Fox Rothschild LLP,www.foxrothschild.com,2021-01-20T19:51:04.000+0000,39,1403,1092,001Px00000j5GGQIA2,Fox Rothschild LLP,,2026-08-20T18:17:02.000+0000,Kieran Hansen,N,1,1,2,duplicate,high,"Exact name match. The record was created in the 2026-08-20 Kieran Hansen batch with a blank website. Its only child office is in Philadelphia, which is Fox Rothschild's HQ city. It is a redundant Firm record.",Y,duplicate,"Confirmed. This is a Firm record named 'Fox Rothschild LLP', created 2026-08-20 by Kieran Hansen with no website. Its one child Office is in Philadelphia, PA, where the G300 hierarchy also has 3 Philadelphia offices. It holds 2 opps named 'FOX ROTHSCHILD LLP 600EBR15'. Its only contact ('Library- Kms Dept', @lwtm.com) looks misattached, but the Account itself is plainly a redundant copy of the G300 firm."
44,duplicate,1,name_exact,1,0016g00001AO4yUAAT,Fox Rothschild LLP,www.foxrothschild.com,2021-01-20T19:51:04.000+0000,39,1403,1092,001Px00000j5HetIAE,Fox Rothschild LLP,,2026-08-20T18:16:02.000+0000,Kieran Hansen,N,1,0,0,duplicate,high,"Exact name match from the 2026-08-20 Kieran Hansen batch, with a blank website and one Philadelphia child office. It is a second redundant copy of the same firm.",Y,duplicate,"Confirmed. This is a second 'Fox Rothschild LLP' Firm record created on 2026-08-20, one minute before row 43's, with no website. Its only child Office is in Philadelphia, PA, and it has no contacts or opps. Nothing points to a different entity, so it is a redundant empty copy."
45,duplicate,1,name_exact,1,0016g00001AO4yUAAT,Fox Rothschild LLP,www.foxrothschild.com,2021-01-20T19:51:04.000+0000,39,1403,1092,001Px00000jAKpHIAW,Fox Rothschild LLP,,2026-08-22T10:39:40.000+0000,Kieran Hansen,N,1,1,34,duplicate,high,"Exact name match from the 2026-08-22 Kieran Hansen batch, with a blank website and one Philadelphia child office. Its contact's email is a foxrothschild.com typo (@foxrothchild.com). It carries 34 opps, so reparenting is needed on merge.",Y,duplicate,"Confirmed. This is a 'Fox Rothschild LLP' Firm from the 2026-08-22 batch with no website and one Philadelphia office. Its contact 'C. Mineur' (@foxrothchild.com, a typo) matches Chelsea Mineur (@foxrothschild.com), who already sits in the G300 Fox Rothschild hierarchy. That cross-match strongly supports the same firm. It carries many 'FOX ROTHSCHILD LLP ON6xx' opps, which will need reparenting on merge."
46,duplicate,1,name_exact,1,0016g00001AO5nxAAD,Gateley PLC,www.gateleyplc.com,2021-01-20T19:14:59.000+0000,35,361,127,001Px00000hebTZIAY,Gateley LLP,,2026-07-25T18:12:16.000+0000,Kieran Hansen,N,1,1,0,duplicate,medium,"'Gateley LLP' is only a suffix variant of Gateley PLC. From general knowledge, Gateley (UK) LLP is the listed plc's operating law firm, and the G300 hierarchy already has a 'Gateley LLP' Office. The record comes from the 2026-07-25 batch with a blank website. Its one contact (moyocoevents.ae) looks misfiled, but the record itself is the same firm.",Y,duplicate,"I agree with the classification, but one of the reviewer's details is wrong. The only contact, Thenji Moyo (@moyocoevents.ae), is not misfiled. Thenji Moyo is a Gateley partner and Head of Employment, recorded elsewhere as @gateleyae.com under 'Gateley UK LLP' and 'Gateley LLP' Offices of the G300 Gateley PLC. The G300 hierarchy already holds a 'Gateley LLP' Office (website moyocoevents.ae, created 2025-11-13) with the same person. From general knowledge, Gateley (UK) LLP is the operating law firm of the listed Gateley plc. The candidate name has no regional or affiliate qualifier, so this blank-website 2026-07-25 Firm is a redundant copy of the Gateley firm, not a separate affiliate."
47,duplicate,1,name_exact,1,0016g00001AO6J6AAL,"Gibson, Dunn & Crutcher LLP",www.gibsondunn.com,2021-01-20T19:53:36.000+0000,26,2512,2707,001Px00000j5OJkIAM,Gibson Dunn & Crutcher,,2026-08-20T18:16:25.000+0000,Kieran Hansen,N,1,1,1,duplicate,high,"Punctuation/suffix variant of Gibson, Dunn & Crutcher LLP from the 2026-08-20 batch, with a blank website. Its child office is in Irvine, a Gibson Dunn office. Its contact email is a gibsondunn.com typo (gibbsondunn.com).",Y,duplicate,"Confirmed. This is 'Gibson Dunn & Crutcher', a punctuation and suffix variant, from the 2026-08-20 batch with no website. Its child Office is in Irvine, CA, and the G300 hierarchy also has an Irvine office. Its contact Ryan Dubose (typo domain gibbsondunn.com) also appears in the G300 Gibson Dunn hierarchy as @gibsondunn.com. It has 1 opp, 'GIBSON DUNN & CRUTCHER ALMLA25'."
48,duplicate,1,name_exact,1,0016g00001AO6nnAAD,Goldberg Segalla LLP,www.goldbergsegalla.com,2021-01-20T19:54:41.000+0000,31,223,167,001Px00000j5OKJIA2,Goldberg Segalla LLP,,2026-08-20T18:16:25.000+0000,Kieran Hansen,N,1,1,1,duplicate,high,"Exact name match from the 2026-08-20 batch with a blank website. Its child office is in Garden City, NY, a Goldberg Segalla location. Its contact email is a goldbergsegalla.com typo (goldbergseglla.com).",Y,duplicate,"Confirmed. This is an exact 'Goldberg Segalla LLP' Firm from the 2026-08-20 batch with no website. Its Office is in Garden City, NY, and the G300 hierarchy has 2 Garden City offices. Its contact Derek Zisser (@goldbergseglla.com, a typo) already exists in the G300 Goldberg Segalla hierarchy. It has 1 opp, 'GOLDBERG SEGALLA LLP VSPRAPP'."
49,duplicate,1,name_exact,1,001Px00000VvNUnIAN,Goodwin Procter LLP,www.goodwinlaw.com,2021-01-20T19:54:52.000+0000,26,2529,863,001Px00000j5OKTIA2,Goodwin Procter,,2026-08-20T18:16:25.000+0000,Kieran Hansen,N,1,1,1,duplicate,high,"Same firm name without the 'LLP' suffix, blank website, created 2026-08-20 by Kieran Hansen in a known duplicate batch; its only child office is Goodwin Procter in Washington DC. No sign of a separate entity.",Y,duplicate,"Confirmed. Firm record created 2026-08-20 by Kieran Hansen with a blank website. Its only office (001Px00000j5GZfIAM) is in Washington DC, and its contact 'Library' has a goodwinprocter.com email, Goodwin's legacy domain. Its opp 'GOODWIN PROCTER 651ONL' also points to Goodwin. Nothing suggests a separate entity."
50,duplicate,1,name_exact,1,001Px00000VvNUnIAN,Goodwin Procter LLP,www.goodwinlaw.com,2021-01-20T19:54:52.000+0000,26,2529,863,001Px00000heahOIAQ,Goodwin Procter LLP,,2026-07-25T18:10:33.000+0000,Kieran Hansen,N,1,1,1,duplicate,high,"Exact name match with the G300 record, blank website, created in the 2026-07-25 Kieran Hansen batch; its single child office is Goodwin Procter LLP in Boston, which is Goodwin's headquarters.",Y,duplicate,"Confirmed. The name matches exactly, the website is blank, and it was created 2026-07-25 by Kieran Hansen. Its single office is in Boston (Goodwin's HQ). The contact there, Edward Glazer (Of Counsel), has a goodwinprocter.com email, and the SWOOGO opp is named for Goodwin Procter LLP. It is a redundant Goodwin firm record."
51,duplicate,1,name_exact,1,001Px00000Vva9jIAB,"Gordon Rees Scully Mansukhani, LLP",www.grsm.com,2021-01-20T19:54:58.000+0000,50,327,260,001Px00000igwkgIAA,GORDON & REES SCULLY MANSUKHANI,,2026-03-26T17:04:17.000+0000,Scott Lewis,N,1,1,0,duplicate,high,"All-caps '&' variant of Gordon Rees Scully Mansukhani (the firm was styled 'Gordon & Rees' before, per general knowledge). Its Richmond VA office holds a contact with a grsm.com email (@grsm.com), the G300 firm's domain.",Y,duplicate,"Confirmed. This is an all-caps '&' spelling of the full current name. The firm renamed itself from Gordon & Rees to Gordon Rees Scully Mansukhani (general knowledge), so it is a spelling variant, not a predecessor. The Richmond VA office holds William Sleeth III with a grsm.com email. Scott Lewis created it on 2026-03-26, outside the Kieran batches, but it is still a redundant GRSM firm record."
52,duplicate,1,name_exact,1,0016g00001AO73fAAD,Gowling WLG,www.gowlingwlg.com,2021-01-20T19:55:04.000+0000,22,2491,1124,001Px00000heRXZIA2,Gowling WLG,,2026-07-25T18:08:52.000+0000,Kieran Hansen,N,1,2,1,duplicate,high,"Exact name match, blank website, from the 2026-07-25 batch. Its single child office is Gowling WLG in Toronto, and the G300 record already holds the Toronto offices of Gowling WLG (Canada) LLP.",Y,duplicate,"Confirmed. The name matches exactly, the website is blank, and it came from the 2026-07-25 batch. Its only office is in Toronto, with contacts at ca.gowlingwlg.com and gowlingwlg.com. The G300 record already holds all of Gowling's regional entities as Offices, including Gowling WLG (Canada) LLP in Toronto, so in this data model it is a redundant firm record, not a separate affiliate Firm."
53,duplicate,1,name_exact,1,0016g00001AO73fAAD,Gowling WLG,www.gowlingwlg.com,2021-01-20T19:55:04.000+0000,22,2491,1124,001Px00000heY1TIAU,Gowling WLG,,2026-07-25T18:14:27.000+0000,Kieran Hansen,N,2,10,3,duplicate,high,"Exact name match, blank website, from the 2026-07-25 batch. Its child offices (Birmingham UK and one with no location) hold contacts with uk.gowlingwlg.com emails. The G300 record already holds the Birmingham and London offices of Gowling WLG (UK) LLP, so this is the same brand, not a separate entity.",Y,duplicate,"Confirmed. The name matches exactly, the website is blank, and it came from the 2026-07-25 batch. Its offices are Birmingham UK and one with no location. They hold 10 contacts, all at uk.gowlingwlg.com, and opps for the British Legal Awards. The G300 record already carries Gowling WLG (UK) LLP offices in Birmingham and London, so this is the same firm in this model."
54,duplicate,1,name_exact,1,0016g00001AO73fAAD,Gowling WLG,www.gowlingwlg.com,2021-01-20T19:55:04.000+0000,22,2491,1124,001Px00000heZgVIAU,Gowling WLG,,2026-07-25T18:08:12.000+0000,Kieran Hansen,N,3,6,1,duplicate,high,"Exact name match, blank website, from the 2026-07-25 batch. Its three child offices (Dubai, UK, one with no location) hold contacts with ae.gowlingwlg.com and gowlingwlg.com emails. The G300 record already has a Gowling WLG office in Dubai.",Y,duplicate,"Confirmed. The name matches exactly, the website is blank, and it came from the 2026-07-25 batch. Its offices are Dubai, a UK office with no city, and one with no location. Their contacts use ae.gowlingwlg.com and gowlingwlg.com emails. The G300 record already has a Gowling WLG Dubai office (0016g00001APznLAAT) and the UK LLP offices, so this is a redundant record."
55,duplicate,1,name_exact,1,0016g00001AO7LfAAL,Greenspoon Marder LLP,www.gmlaw.com,2021-01-20T19:55:41.000+0000,16,105,58,001Px00000heaIrIAI,"Greenspoon Marder, LLP.",,2026-07-25T18:08:44.000+0000,Kieran Hansen,N,1,2,4,duplicate,high,"Punctuation variant of Greenspoon Marder LLP with a blank website, from the 2026-07-25 Kieran Hansen batch. Its single child office is in New York. No evidence of a separate entity.",Y,duplicate,"Confirmed. This is a punctuation variant ('Greenspoon Marder, LLP.') with a blank website, from the 2026-07-25 Kieran batch. Its single office is in New York. Its opps are named 'GREENSPOON, MARDER LLP JCOA20/21', and the contacts are James Valvano Esq. and a guest. Nothing suggests a separate entity."
56,duplicate,1,name_exact,1,0016g00001AO8xPAAT,"Herrick, Feinstein LLP",www.herrick.com,2021-01-20T19:58:45.000+0000,5,96,122,001Px00000j52deIAA,Herrick Feinstein,,2026-08-20T18:19:26.000+0000,Kieran Hansen,N,1,1,9,duplicate,high,"Short form of Herrick, Feinstein LLP (no comma, no 'LLP'), blank website, from the 2026-08-20 batch. Its single child office is in Newark NJ, which matches an existing G300 Herrick office.",Y,duplicate,"Confirmed. This is the short form without the comma or 'LLP', from the 2026-08-20 batch. Its single office is in Newark NJ, and the G300 record already has a Newark office (0016g00001EYLkhAAH). The contact is Scott Tross, a Herrick Newark real-estate partner (general knowledge), and there are 9 opps named 'HERRICK FEINSTEIN ...'."
57,duplicate,1,name_exact,1,001Px00000VvTdpIAF,"Hinckley, Allen & Snyder LLP",www.hinckleyallen.com,2021-01-20T19:59:14.000+0000,11,110,77,001Px00000j52diIAA,Hinckley Allen & Snyder LLP,,2026-08-20T18:19:26.000+0000,Kieran Hansen,N,1,1,6,duplicate,high,"Same name as the G300 record without the comma, from the 2026-08-20 batch. Its single child office is in Providence RI (Hinckley Allen's home office) and carries www.hinckleyallen.com, the G300 firm's website.",Y,duplicate,"Confirmed. This is the same name without the comma, from the 2026-08-20 batch. Its single office is in Providence RI (Hinckley Allen's home office) and carries www.hinckleyallen.com. Its opps are named 'HINCKLEY ALLEN & SNYDER QBLIT...', and the contact is the Gail Casci Library. It is a redundant record."
58,duplicate,1,name_exact,1,0016g00001AO9DmAAL,Hinshaw & Culbertson LLP,www.hinshawlaw.com,2021-01-20T19:59:14.000+0000,18,229,103,001Px00000heatBIAQ,Hinshaw & Culbertson,,2026-07-25T18:10:45.000+0000,Kieran Hansen,N,1,1,0,duplicate,high,"Same name without 'LLP', blank website, from the 2026-07-25 batch. Its single child office is Hinshaw & Culbertson in New Orleans. No evidence of a separate entity.",Y,duplicate,"Confirmed. This is the name without 'LLP', with a blank website, from the 2026-07-25 batch. Its single office is in New Orleans. The contact is Bessie Daschbach, Head of Sustainability and ESG, with a hinshawlaw.com email (typo'd as hinshawlaw.com.com). New Orleans is not yet among the G300's offices, but nothing suggests a separate entity. The office should be re-parented to the G300 record."
59,predecessor_or_legacy,1,alias_exact,1,001Px00000VvlIsIAJ,Hogan Lovells,www.hoganlovells.com,2021-01-20T19:59:34.000+0000,60,5311,3611,001Px00000VwjjgIAB,Hogan Hartson LLP,,2025-11-13T12:07:29.000+0000,Kieran Hansen,N,1,13,18,predecessor_or_legacy,high,"Per general knowledge, Hogan & Hartson merged with Lovells in 2010 to form Hogan Lovells. This record (2025-11-13 batch, with an ALM_Account_ID) has a Washington DC office with legacy hhlaw.com contacts and opps named 'HOGAN & LOVELLS US LLP ...', so it is the predecessor firm's record.",Y,predecessor_or_legacy,"Agree. Per general knowledge, Hogan & Hartson combined with Lovells in 2010 to form Hogan Lovells, so 'Hogan Hartson LLP' is a former name (2025-11-13 batch). Its DC office holds legacy hhlaw.com contacts plus some stray non-Hogan ones (debevoise.com, alvarezandmarsal.com, mmlawus.com). One caveat for the humans deciding: its 18 opps are 'HOGAN & LOVELLS US LLP NCOA/JEMPL' deals with close dates 2019-2025. That is current Hogan Lovells US business, which argues for merging rather than keeping it as history."
60,duplicate,1,name_exact,1,001Px00000VvPqZIAV,Holland & Knight LLP,www.hklaw.com,2021-01-20T19:59:41.000+0000,50,2708,1172,001Px00000heOl1IAE,Holland & Knight,,2026-07-25T18:12:46.000+0000,Kieran Hansen,N,1,1,1,duplicate,high,"Same name without 'LLP', blank website, from the 2026-07-25 Kieran Hansen batch. Its single child office is Holland & Knight in Miami. No evidence of a separate entity.",Y,duplicate,"Confirmed. This is the name without 'LLP', with a blank website, from the 2026-07-25 Kieran batch. Its single office is in Miami. The only contact is a consultant (oceanviewlab.com) linked to a Legalweek 2023 Holland & Knight delegate opp. Nothing suggests a separate entity."
61,predecessor_or_legacy,1,alias_exact,1,001Px00000VvNViIAN,Hunton Andrews Kurth LLP,www.hunton.com,2021-01-20T20:00:57.000+0000,34,1328,801,001Px00000j52e4IAA,Hunton & Williams LLP,,2026-08-20T18:19:26.000+0000,Kieran Hansen,N,1,1,6,predecessor_or_legacy,high,"From general knowledge: Hunton & Williams merged with Andrews Kurth in 2018 to form Hunton Andrews Kurth, so this is the G300 firm's former name. The candidate was created 2026-08-20 by Kieran Hansen with a blank Website, and its only child Office is in Richmond, VA (Hunton's HQ), with a single 'Library' contact.",Y,predecessor_or_legacy,"Checked live. 001Px00000j52e4IAA is a Firm record with a blank Website, created 2026-08-20 by Kieran Hansen. Its one Office (001Px00000j5U9KIAU) is in Richmond, VA, with a 'Library' contact that has no email. Its 6 opps are named 'HUNTON & WILLIAMS LLP 551R70/551EBR68/69' and close 2019-06 to 2020-06, so they are legacy-name billing after the merger. From general knowledge, Hunton & Williams merged with Andrews Kurth in April 2018 to become Hunton Andrews Kurth. The G300 hierarchy already holds legacy Offices named 'Hunton & Williams' (Charlotte, Henrico, New York), 'Hunton & Williams Library' and 'Andrews Kurth Kenyon LLP'. So this is the G300 firm's former name, not a separate firm."
62,duplicate,1,name_exact,1,0016g00001AOCN8AAP,Jackson Lewis P.C,www.jacksonlewis.com,2021-01-20T20:05:58.000+0000,56,821,217,001Px00000heawsIAA,Jackson Lewis,,2026-07-25T18:10:59.000+0000,Kieran Hansen,N,1,1,0,duplicate,high,"This is the G300 name without its 'P.C' suffix. The candidate was created in the 2026-07-25 batch with a blank Website. Its one Office has an Attorney contact whose email is at jakcsonlewis.com, a typo of jacksonlewis.com. Nothing points to a separate firm.",Y,duplicate,"Checked live. This is a Firm record named 'Jackson Lewis' with a blank Website, created 2026-07-25 by Kieran Hansen. Its one Office (001Px00000heZciIAE) has no location and one contact, Jody Mason (Attorney), at @jakcsonlewis.com, a transposition typo of jacksonlewis.com. It has no opps. The name is the G300 'Jackson Lewis P.C' without the suffix, and nothing suggests a separate entity."
63,duplicate,1,name_exact,1,0016g00001AODljAAH,Katten Muchin Rosenman LLP,www.katten.com,2021-01-20T20:08:41.000+0000,12,1013,954,001Px00000hebA9IAI,Katten Muchin Rosenman,,2026-07-25T18:11:30.000+0000,Kieran Hansen,N,1,1,0,duplicate,high,"This is the G300 name without 'LLP', created in the 2026-07-25 batch with a blank Website. Its one US Office has a partner contact with a kattenlaw.com email (Katten's domain).",Y,duplicate,"Checked live. This is a Firm record with a blank Website, created 2026-07-25. Its one Office (US, no city) has one contact, Joshua Rubenstein, 'Partner, Head of Trust & Estates', at @kattenlaw.com, which is Katten's domain. The Office is US-based, not the separate Katten Muchin Rosenman UK LLP entity (which is already an Office under the G300). The name is the G300 name without 'LLP'. Merge candidate."
64,duplicate,1,"alias_extends, name_exact",2,0016g00001AODvqAAH,Kelley Drye & Warren LLP,www.kelleydrye.com,2021-01-20T20:08:59.000+0000,10,419,335,001Px00000j5LhsIAE,Kelley Drye & Warren LLP,,2026-08-20T18:16:50.000+0000,Kieran Hansen,N,2,2,7,duplicate,high,"The name exactly matches the G300 record. The candidate was created in the 2026-08-20 batch with a blank Website. Its two NJ Offices (Parsippany and Kinnelon) share one contact with a kelleydry.com email, a typo of kelleydrye.com. The G300 firm already has a Parsippany office.",Y,duplicate,"Checked live. The name exactly matches the G300 record. It is a Firm record with a blank Website, created 2026-08-20. It has two Offices, Parsippany NJ and Kinnelon NJ, each carrying a 'James Jacobus' contact at @kelleydry.com, a typo of kelleydrye.com. Its 7 opps are named 'KELLEY DRYE & WARREN LLP JTAX24/25/26'. The G300 already has a Parsippany Office. Kinnelon is probably a home address rather than a real office, but the Firm record is clearly the same firm."
65,duplicate,1,name_exact,1,001Px00000VvidmIAB,King & Spalding LLP,www.kslaw.com,2021-01-20T20:09:44.000+0000,30,2159,1435,001Px00000hebBBIAY,King & Spalding,,2026-07-25T18:11:30.000+0000,Kieran Hansen,N,1,1,0,duplicate,high,"This is the G300 name without 'LLP', created in the 2026-07-25 batch with a blank Website. Its one London Office has a contact at klsaw.com, a typo of kslaw.com. King & Spalding has a London office.",Y,duplicate,"Checked live. This is a Firm record with a blank Website, created 2026-07-25. Its one Office is in London, UK, with contact Ivor Davies (Technical Team Lead) at @klsaw.com, a typo of kslaw.com. It has no opps. The G300 already has London Offices ('King & Spalding International LLP'). The name is the G300 name minus 'LLP'. The same firm."
66,duplicate,1,name_exact,1,001Px00000VvidmIAB,King & Spalding LLP,www.kslaw.com,2021-01-20T20:09:44.000+0000,30,2159,1435,001Px00000j5LjLIAU,King Spalding,,2026-08-20T18:16:50.000+0000,Kieran Hansen,N,1,0,0,duplicate,high,"This is the G300 name with the '&' and 'LLP' dropped. It was created in the 2026-08-20 batch with a blank Website, and its single child Office is in New York. Nothing points to a separate entity.",Y,duplicate,"Checked live. 'King Spalding' is a Firm record with a blank Website, created 2026-08-20. Its only Office (001Px00000j5P2GIAU) is in New York, with no contacts or opps. The name is the G300 name with the punctuation stripped, and the G300 has a New York Office. No sign of a separate entity. It is also a duplicate of row 67's record."
67,duplicate,1,name_exact,1,001Px00000VvidmIAB,King & Spalding LLP,www.kslaw.com,2021-01-20T20:09:44.000+0000,30,2159,1435,001Px00000jAKptIAG,King Spalding,,2026-08-22T10:39:40.000+0000,Kieran Hansen,N,1,1,4,duplicate,high,"The same punctuation-stripped name was created again in the 2026-08-22 batch. Its New York Office has a 'Library' contact with a @kslaw.com email, which is King & Spalding's domain.",Y,duplicate,"Checked live. 'King Spalding' is a Firm record with a blank Website, created 2026-08-22. Its New York Office (001Px00000jAIXyIAO) has a 'Library' contact at @kslaw.com. Philip Mitton (Account Specialist, @kslaw.com) already sits in the G300's New York Office (0016g00001EYNx7AAH). Its 4 opps are named 'KING SPALDING 550EBR12/13' (2019-2020). This is the same firm."
68,duplicate,1,name_exact,1,001Px00000VvjRBIAZ,Kirkland & Ellis LLP,www.kirkland.com,2021-01-20T20:09:57.000+0000,29,4397,2347,001Px00000hebAzIAI,Kirkland & Ellis,,2026-07-25T18:11:30.000+0000,Kieran Hansen,N,1,1,1,duplicate,high,"This is the G300 name without 'LLP', created in the 2026-07-25 batch with a blank Website. Its one Houston Office has a Director Trial Technology contact at kirkland.om, a typo of kirkland.com.",Y,duplicate,"Checked live. This is a Firm record with a blank Website, created 2026-07-25. Its Houston Office (001Px00000hefHVIAY) has Will Thomas, 'Director Trial Technology', at @kirkland.om, a typo of kirkland.com. Its single opp is 'Legalweek New York 2023 - Kirkland & Ellis - Will Thomas'. The G300 has a Houston Office. The name is the G300 name minus 'LLP'."
69,duplicate,1,name_exact,1,001Px00000VvjRBIAZ,Kirkland & Ellis LLP,www.kirkland.com,2021-01-20T20:09:57.000+0000,29,4397,2347,001Px00000j5HgpIAE,Kirkland And Ellis LLP,,2026-08-20T18:19:32.000+0000,Kieran Hansen,N,1,1,40,duplicate,high,"This is the G300 name with 'And' in place of '&'. It was created in the 2026-08-20 batch with a blank Website, and its single child Office is in New York. Nothing points to a separate firm.",Y,duplicate,"Checked live. This is a Firm record with a blank Website, created 2026-08-20. Its New York Office (001Px00000j5UBSIA2) has 12+ opps named 'KIRKLAND AND ELLIS LLP 654EBR51/654ONL/654R48' (2024-2026). 'And' replaces '&', and nothing suggests a separate entity. Caveat: the attached contact 'Michael L. Urschel' (no email) matches a King & Spalding partner (@kslaw.com) in the G300 K&S NY Office. That contact may be misattributed, which is a contact-level issue and does not change the Firm-level call."
70,duplicate,1,name_exact,1,0016g00001AOEa4AAH,Kobre & Kim L.L.P.,www.kobrekim.com,2021-01-20T20:10:22.000+0000,17,478,431,001Px00000hebBKIAY,Kobre & Kim LLP,,2026-07-25T18:11:30.000+0000,Kieran Hansen,N,1,0,0,duplicate,high,"This matches the G300 name 'Kobre & Kim L.L.P.' except for the suffix punctuation. It was created in the 2026-07-25 batch with a blank Website and one Office with no location, and it has no contacts or opps.",Y,duplicate,"Checked live. 'Kobre & Kim LLP' is a Firm record with a blank Website, created 2026-07-25. Its only Office (001Px00000hefHsIAI) has no location, contacts or opps. The name differs from the G300 'Kobre & Kim L.L.P.' only in suffix punctuation. It is the core US entity name, not one of the separately named foreign entities such as (UK) LLP or (BVI) L.P. An empty redundant Firm record."
71,duplicate,1,name_exact,1,001Px00000VvZXGIA3,Kutak Rock LLP,www.kutakrock.com,2021-01-20T20:11:11.000+0000,21,145,157,001Px00000j5Hh6IAE,Kutak Rock,,2026-08-20T18:19:32.000+0000,Kieran Hansen,N,1,1,1,duplicate,high,"This is the G300 name without 'LLP', created in the 2026-08-20 batch with a blank Website. Its one Office is in Omaha, NE, which is Kutak Rock's headquarters.",Y,duplicate,"Checked live. 'Kutak Rock' is a Firm record with a blank Website, created 2026-08-20. Its one Office (001Px00000j5NtSIAU) is in Omaha, NE, Kutak Rock's HQ, where the G300 also has an Office (001Px00000Vw3exIAB). The Office has contact Margot Wickman (no email) and one opp, 'Kutak Rock ALICR' (2019). The name is the G300 name minus 'LLP', and nothing suggests a separate firm."
72,duplicate,1,name_exact,1,0016g00001AOFbBAAX,Latham & Watkins LLP,www.lw.com,2021-01-20T20:12:12.000+0000,39,4770,2291,001Px00000heWGgIAM,Latham & Watkins LLP,,2026-07-25T18:09:48.000+0000,Kieran Hansen,N,1,1,0,duplicate,high,"Exact same name as the G300 firm. It is a Firm record created 2026-07-25 by Kieran Hansen with a blank Website and a single Houston Office child. Nothing suggests it is a separate entity, so it is a redundant Firm record.",Y,duplicate,"Confirmed: 001Px00000heWGgIAM is a Firm-type record named exactly 'Latham & Watkins LLP'. It has a blank Website and was created 2026-07-25 by Kieran Hansen. Its only Office child (001Px00000hefL0IAI) is in Houston, where L&W has an office. That Office's one contact is Clay Duckworth (@duckworthaustin.com, Title 'Guest'), who looks like an event-import guest rather than a sign of a separate entity. It has no opps. Nothing points to a distinct firm, so it is a redundant Firm record."
73,duplicate,1,name_exact,1,0016g00001AOFbBAAX,Latham & Watkins LLP,www.lw.com,2021-01-20T20:12:12.000+0000,39,4770,2291,001Px00000j5OsmIAE,Latham Watkins,,2026-08-20T18:18:00.000+0000,Kieran Hansen,N,1,0,0,duplicate,high,Punctuation/suffix variant of Latham & Watkins LLP. It is a batch-created (2026-08-20) Firm with a blank Website and one New York Office child. There is no evidence of a separate entity.,Y,duplicate,Confirmed: 001Px00000j5OsmIAE 'Latham Watkins' is a Firm record from the 2026-08-20 Kieran Hansen batch with a blank Website. Its single New York Office (001Px00000j5JixIAE) has no contacts and no opps. It is a punctuation/suffix variant of Latham & Watkins LLP. It is also a redundant twin of row 74's 'Latham Watkins' record (001Px00000jAGHSIA4).
74,duplicate,1,name_exact,1,0016g00001AOFbBAAX,Latham & Watkins LLP,www.lw.com,2021-01-20T20:12:12.000+0000,39,4770,2291,001Px00000jAGHSIA4,Latham Watkins,,2026-08-22T10:39:45.000+0000,Kieran Hansen,N,1,1,16,duplicate,high,"Same punctuation variant as row 73, created in the 2026-08-22 batch with one New York Office child. Its Office holds opps named 'LATHAM WATKINS 617R52/620EBR52', which confirms it is the same firm. It is also a redundant copy of the row-73 record.",Y,duplicate,"Confirmed: 001Px00000jAGHSIA4 'Latham Watkins' was created 2026-08-22 with a blank Website. Its New York Office (001Px00000jAGR3IAO) holds 16 opps in the series 'LATHAM WATKINS 617R52/617R53/617EBR54/617EBR55/620EBR52-55', closed 2019-2020. The G300 L&W hierarchy carries the same 617 product series ('LATHAM & WATKINS LLP 617R62', Washington office, 2024), so this is the same customer's subscription history on a redundant Firm record. Its one contact (Emmy, @santoslaw.com) is an unrelated stray and does not suggest a separate L&W entity. Merge candidate, together with row 73's record."
75,duplicate,1,name_exact,1,001Px00000Vvs5iIAB,Linklaters LLP,www.linklaters.com,2021-01-20T20:15:29.000+0000,41,4656,2305,001Px00000heQUpIAM,Linklaters LLP,,2026-07-25T18:12:59.000+0000,Kieran Hansen,N,1,1,0,duplicate,high,"Exact same name as the G300 firm. It is a Firm record created 2026-07-25 by Kieran Hansen with a blank Website and a single New York Office child, so it is a redundant Firm record.",Y,duplicate,"Confirmed: 001Px00000heQUpIAM is a Firm record named exactly 'Linklaters LLP' with a blank Website, created 2026-07-25 by Kieran Hansen. Its single New York Office (001Px00000hefO6IAI) has one contact (Phil Colon, @philcolon.com) and no opps. Linklaters has a New York office, and nothing indicates a separate entity such as Linklaters Zhao Sheng, so it is a redundant Firm record."
76,duplicate,1,name_exact,1,0016g00001AOI7oAAH,Macfarlanes LLP,www.macfarlanes.com,2021-01-20T20:17:13.000+0000,3,525,390,001Px00000heW8NIAU,Macfarlanes LLP,,2026-07-25T18:08:21.000+0000,Kieran Hansen,N,1,2,0,duplicate,high,"Exact same name as the G300 firm. It is a Firm created 2026-07-25 by Kieran Hansen with a blank Website, and its London Office child has website www.macfarlanes.com and a macfarlanes.com contact (Head of BD). It is a redundant Firm record.",Y,duplicate,"Confirmed: 001Px00000heW8NIAU is a Firm record named exactly 'Macfarlanes LLP' with a blank Website, created 2026-07-25. Its London Office (001Px00000hefTdIAI) carries website www.macfarlanes.com and contact Catherine Lloyd (@macfarlanes.com, Head of Business Development). A second contact, Dane Giddy (arcmont.com), is a stray from an asset manager and does not change the picture. Same firm, redundant record."
77,duplicate,1,name_exact,1,001Px00000VwMiWIAV,Mayer Brown LLP,www.mayerbrown.com,2021-01-20T20:19:33.000+0000,42,3165,3427,001Px00000j5JwJIAU,Mayer Brown,,2026-08-20T18:20:01.000+0000,Kieran Hansen,N,1,1,40,duplicate,high,"The name is Mayer Brown LLP without the suffix. It is a 2026-08-20 batch Firm with a blank Website and one New York Office child, whose opps are named 'MAYER BROWN 651EBR40/651R41'. It is the same firm and a redundant record.",Y,duplicate,"Confirmed: 001Px00000j5JwJIAU 'Mayer Brown' is from the 2026-08-20 batch with a blank Website. Its New York Office holds 40 opps in the series 'MAYER BROWN 651EBR40' through '651R53', closing 2019-02 to 2026-02 and including a 2026-02-18 Closed Won. The G300 Mayer Brown hierarchy also carries the 651 product series (e.g. '1613393-Mayer Brown-2024 651ONL'). This is the same firm's live subscription sitting on a redundant Firm record, which is a strong merge candidate."
78,predecessor_or_legacy,1,alias_exact,1,001Px00000Vvm5wIAB,McDermott Will & Schulte LLP,www.mwe.com,2021-01-20T20:19:52.000+0000,39,2473,1395,001Px00000heZNtIAM,McDermott Will & Emery,,2026-07-25T18:10:37.000+0000,Kieran Hansen,N,1,1,0,predecessor_or_legacy,high,"This is the firm's former name. From general knowledge: McDermott Will & Emery combined with Schulte Roth & Zabel in 2025 and became McDermott Will & Schulte. The record is a blank-website Kieran Hansen batch record (2026-07-25) with one Office, and that Office's only contact has an unrelated hbzlawyers.com email.",Y,predecessor_or_legacy,"I checked this live. 001Px00000heZNtIAM is a Firm record with a blank Website and no Industry, created 2026-07-25 18:10 by Kieran Hansen. It has one Office (001Px00000heU1GIAU) with no city, and that Office's only contact is Jaime Herren at @hbzlawyers.com. Another Jaime Herren (hklaw.com) sits under Holland & Knight, so this contact is not an MWE person. From general knowledge, McDermott Will & Emery is the same legal entity as the G300 record: it was renamed McDermott Will & Schulte when it combined with SRZ in 2025. The rubric treats a former name as predecessor_or_legacy. Note for the humans: the G300 hierarchy already holds Offices named 'McDermott Will & Emery' (001Px00000heU1FIAU), 'Mcdermott Will Emery LLP' and 'McDermott Will & Emery UK LLP'. So the org already files MWE-named locations under the G300, and this stray Firm record is a strong merge candidate."
79,predecessor_or_legacy,1,alias_exact,1,001Px00000Vvm5wIAB,McDermott Will & Schulte LLP,www.mwe.com,2021-01-20T20:19:52.000+0000,39,2473,1395,001Px00000j5Mt6IAE,Schulte Roth Zabel,,2026-08-20T18:20:17.000+0000,Kieran Hansen,N,1,1,3,predecessor_or_legacy,high,"From general knowledge, Schulte Roth & Zabel merged into McDermott in 2025 to form McDermott Will & Schulte. This is a blank-website 2026-08-20 batch record with one New York Office; its contact is Paul N. Roth, an SRZ name partner. It is one of six identical SRZ Firm records created in the same second.",Y,predecessor_or_legacy,"Confirmed live. This is a blank-website Firm record created 2026-08-20 18:20:17 by Kieran Hansen. It is one of six identical 'Schulte Roth Zabel' Firm records (Mt6 through MtB) created in the same second. Its one New York Office (001Px00000j5G3QIAU) holds contact Paul N. Roth with no email, plus 3 Opportunities named 'SCHULTE ROTH ZABEL 723R06' dated 2019. A separate Paul N. Roth contact (@mcdermottlaw.com) already sits under a G300 McDermott Will & Schulte Office. From general knowledge, SRZ combined into McDermott Will & Schulte in 2025, so this is a legacy firm, not a spelling variant. No other SRZ or srz.com Firm exists in the org."
80,predecessor_or_legacy,1,alias_exact,1,001Px00000Vvm5wIAB,McDermott Will & Schulte LLP,www.mwe.com,2021-01-20T20:19:52.000+0000,39,2473,1395,001Px00000j5Mt7IAE,Schulte Roth Zabel,,2026-08-20T18:20:17.000+0000,Kieran Hansen,N,1,1,3,predecessor_or_legacy,high,"From general knowledge, SRZ is a legacy firm that merged into McDermott Will & Schulte in 2025. This is a blank-website 2026-08-20 batch record with one New York Office, and its contact David Nissenbaum is an SRZ partner. It is one of six identical SRZ Firm records.",Y,predecessor_or_legacy,"Confirmed live. This is one of the six identical blank-website 'Schulte Roth Zabel' Firm records (Kieran Hansen, 2026-08-20 18:20:17). Its New York Office 001Px00000j5G3RIAU holds contact David Nissenbaum with no email, plus 3 'SCHULTE ROTH ZABEL 723ONL' Opportunities dated 2019. David Nissenbaum also exists under the G300 McDermott Will & Schulte hierarchy (@mcdermottlaw.com). From general knowledge, SRZ merged into McDermott Will & Schulte in 2025, so this is a legacy or predecessor firm record."
81,predecessor_or_legacy,1,alias_exact,1,001Px00000Vvm5wIAB,McDermott Will & Schulte LLP,www.mwe.com,2021-01-20T20:19:52.000+0000,39,2473,1395,001Px00000j5Mt8IAE,Schulte Roth Zabel,,2026-08-20T18:20:17.000+0000,Kieran Hansen,N,1,1,3,predecessor_or_legacy,high,"From general knowledge, SRZ merged into McDermott Will & Schulte in 2025, so this is a legacy firm record. This blank-website 2026-08-20 batch record has one New York Office, and its contact Steve J. Fredman is an SRZ partner. It is one of six identical SRZ Firm records.",Y,predecessor_or_legacy,"Confirmed live. This is one of the six identical blank-website 'Schulte Roth Zabel' Firm records (Kieran Hansen, 2026-08-20 18:20:17). Its New York Office 001Px00000j5G3SIAU holds contact Steve J. Fredman with no email, plus 3 'SCHULTE ROTH ZABEL 723ONL' Opportunities dated 2019. From general knowledge, SRZ (and Fredman as an SRZ partner) merged into McDermott Will & Schulte in 2025, so this is a legacy firm record, not a plain duplicate."
82,predecessor_or_legacy,1,alias_exact,1,001Px00000Vvm5wIAB,McDermott Will & Schulte LLP,www.mwe.com,2021-01-20T20:19:52.000+0000,39,2473,1395,001Px00000j5Mt9IAE,Schulte Roth Zabel,,2026-08-20T18:20:17.000+0000,Kieran Hansen,N,1,1,3,predecessor_or_legacy,high,"From general knowledge, SRZ merged into McDermott Will & Schulte in 2025, so this is a legacy firm record. This blank-website 2026-08-20 batch record has one New York Office, and its contact Marc E. Elovitz is an SRZ partner. It is one of six identical SRZ Firm records.",Y,predecessor_or_legacy,"Confirmed live. This is one of the six identical blank-website 'Schulte Roth Zabel' Firm records (Kieran Hansen, 2026-08-20 18:20:17). Its New York Office 001Px00000j5G3TIAU holds contact Marc E. Elovitz with no email, plus 3 'SCHULTE ROTH ZABEL 723EBR06' Opportunities dated 2019. A Marc Elovitz contact (@mcdermottlaw.com) already sits under a G300 McDermott Will & Schulte Office. From general knowledge, SRZ merged into McDermott Will & Schulte in 2025, so this is a legacy firm record."
83,predecessor_or_legacy,1,alias_exact,1,001Px00000Vvm5wIAB,McDermott Will & Schulte LLP,www.mwe.com,2021-01-20T20:19:52.000+0000,39,2473,1395,001Px00000j5MtAIAU,Schulte Roth Zabel,,2026-08-20T18:20:17.000+0000,Kieran Hansen,N,1,1,3,predecessor_or_legacy,high,"From general knowledge, SRZ merged into McDermott Will & Schulte in 2025, so this is a legacy firm record. This blank-website 2026-08-20 batch record has one New York Office, and its contact David J. Efron is an SRZ partner. It is one of six identical SRZ Firm records.",Y,predecessor_or_legacy,"Confirmed live. This is one of the six identical blank-website 'Schulte Roth Zabel' Firm records (Kieran Hansen, 2026-08-20 18:20:17). Its New York Office 001Px00000j5G3UIAU holds contact David J. Efron with no email, plus 3 'SCHULTE ROTH ZABEL 723R06' Opportunities dated 2019. David Efron (@mcdermottlaw.com) also exists under the G300 hierarchy. From general knowledge, SRZ merged into McDermott Will & Schulte in 2025, so this is a legacy firm record."
84,predecessor_or_legacy,1,alias_exact,1,001Px00000Vvm5wIAB,McDermott Will & Schulte LLP,www.mwe.com,2021-01-20T20:19:52.000+0000,39,2473,1395,001Px00000j5MtBIAU,Schulte Roth Zabel,,2026-08-20T18:20:17.000+0000,Kieran Hansen,N,1,1,3,predecessor_or_legacy,high,"From general knowledge, SRZ merged into McDermott Will & Schulte in 2025, so this is a legacy firm record. This blank-website 2026-08-20 batch record has one New York Office, and its contact Stephanie R. Breslow is an SRZ partner. It is one of six identical SRZ Firm records.",Y,predecessor_or_legacy,"Confirmed live. This is one of the six identical blank-website 'Schulte Roth Zabel' Firm records (Kieran Hansen, 2026-08-20 18:20:17). Its New York Office 001Px00000j5G3VIAU holds contact Stephanie R. Breslow with no email, plus 3 'SCHULTE ROTH ZABEL 723R06' Opportunities dated 2019. From general knowledge, Breslow was an SRZ partner and SRZ merged into McDermott Will & Schulte in 2025, so this is a legacy firm record."
85,duplicate,1,name_exact,1,001Px00000VvMHBIA3,McGuireWoods LLP,www.mcguirewoods.com,2021-01-20T20:19:58.000+0000,35,1536,683,001Px00000hloSjIAI,McGuire Woods,,2026-06-18T14:28:34.000+0000,Ron Dinkins,N,1,1,3,duplicate,high,"Spacing variant of McGuireWoods, created 2026-06-18 by Ron Dinkins with a blank website. Its Richmond Office (the firm's HQ city) has a contact with an @mcguirewoods.com email. It carries its own ALM_Account_ID__c (001Uz00001HBuxSIAT), which differs from the G300 record's; this is worth noting at merge.",Y,duplicate,"Confirmed live. 001Px00000hloSjIAI 'McGuire Woods' is a blank-website Firm record created 2026-06-18 by Ron Dinkins. Its one Office is in Richmond, VA, which is McGuireWoods' headquarters city. That Office's contact is Caden Cunningham, Compensation Manager, at @mcguirewoods.com, and its Opportunities are IPMA 2026 deals for McGuireWoods. It is a spacing variant of the same firm. It carries ALM_Account_ID__c 001Uz00001HBuxSIAT, which differs from the G300's 0011Q00002Ed0rIQAR; reconcile this at merge."
86,duplicate,1,name_exact,1,001Px00000VvMHBIA3,McGuireWoods LLP,www.mcguirewoods.com,2021-01-20T20:19:58.000+0000,35,1536,683,001Px00000hebUBIAY,McGuireWoods,,2026-07-25T18:12:16.000+0000,Kieran Hansen,N,1,2,8,duplicate,high,"Same firm name without the suffix, a blank-website Kieran Hansen record from 2026-07-25 with one Washington Office. Nothing suggests a separate entity; its contact Caitlin Parker has an mwaccel.com email.",Y,duplicate,"Confirmed live. This is a blank-website Kieran Hansen Firm record from 2026-07-25 with one Washington DC Office. Its contacts are Caitlin Parker (@mwaccel.com) and a 'Multipub Contact'. The mwaccel.com domain is McGuireWoods': the G300 hierarchy has Carter Arey (@mwaccel.com) under a McGuireWoods LLP Office, and Caitlin Parker also appears there as @mcguirewoods.com. The Office's 8 Opportunities are named 'MCGUIRE WOODS 587…' and 'Legalweek…McGuireWoods'. This is the same firm and a redundant Firm record."
87,duplicate,1,name_exact,1,001Px00000VvMHBIA3,McGuireWoods LLP,www.mcguirewoods.com,2021-01-20T20:19:58.000+0000,35,1536,683,001Px00000hebVcIAI,McGuireWoods LLP,,2026-07-25T18:12:23.000+0000,Kieran Hansen,N,1,1,0,duplicate,high,"Exact same name as the G300 record, a blank-website Kieran Hansen record from 2026-07-25 with one Atlanta Office and a single contact on a personal email domain. It is a redundant Firm record.",Y,duplicate,"Confirmed live. 001Px00000hebVcIAI has exactly the G300's name, 'McGuireWoods LLP', with a blank Website. It was created by Kieran Hansen on 2026-07-25 and has one Atlanta Office, a city where McGuireWoods has an office. Its only contact is Val Neighbors (@neighbors5.com, a personal domain). Nothing suggests a separate entity, so this is a redundant Firm record for the same firm."
88,duplicate,1,name_exact,1,001Px00000VvMHBIA3,McGuireWoods LLP,www.mcguirewoods.com,2021-01-20T20:19:58.000+0000,35,1536,683,001Px00000heYNZIA2,"McGuireWoods, LLP",,2026-07-25T18:12:02.000+0000,Kieran Hansen,N,1,1,0,duplicate,high,"Punctuation variant of McGuireWoods LLP, a blank-website Kieran Hansen record from 2026-07-25 with one Washington Office. Its contact is a Partner whose email is @mcguirewoods.om (a typo of .com).",Y,duplicate,"Confirmed live. 'McGuireWoods, LLP' is a punctuation variant with a blank Website, a Kieran Hansen record from 2026-07-25. Its one Washington DC Office holds Partner Julia Coleman at @mcguirewoods.om, a clear typo of mcguirewoods.com. This is the same firm and a redundant Firm record."
89,duplicate,1,name_exact,1,0016g00001AOKKlAAP,Michael Best & Friedrich LLP,www.michaelbest.com,2021-01-20T20:21:32.000+0000,14,238,115,001Px00000ihUHZIA2,Michael Best & Friedrich LLP,,2026-03-04T16:10:42.000+0000,Kieran Hansen,N,1,1,0,duplicate,high,"Exact same name as the G300 firm, created 2026-03-04 by Kieran Hansen with a blank website and one Washington Office, whose contact has a @michaelbest.com email. It has its own ALM_Account_ID__c (001Uz000016YGWDIA4), which differs from the G300 record's.",Y,duplicate,"Confirmed live. 001Px00000ihUHZIA2 has the exact G300 name, 'Michael Best & Friedrich LLP', with a blank Website. It was created 2026-03-04 by Kieran Hansen and has one Washington DC Office, whose contact Stacey Bowers uses @michaelbest.com, the G300's domain. From general knowledge, Michael Best has a DC office. This is the same firm and a redundant record. Its own ALM_Account_ID__c (001Uz000016YGWDIA4) differs from the G300's (0013600000IJWZSAA5), so reconcile this at merge."
90,duplicate,1,name_exact,1,0016g00001AOKWxAAP,Milbank LLP,www.milbank.com,2021-01-20T20:22:00.000+0000,15,903,875,001Px00000hebQBIAY,Milbank,,2026-07-25T18:12:09.000+0000,Kieran Hansen,N,1,1,1,duplicate,high,"This is the brand short form of Milbank LLP, created in the 2026-07-25 Kieran Hansen batch with a blank Website. Its one Office (Del Ray Beach) holds an End User Support contact (@milbankllp.com) whose opportunity is a Legalweek 2023 delegate sale, which fits law-firm staff and points to no separate entity.",Y,duplicate,"Checked live. 001Px00000hebQBIAY 'Milbank' is a Firm record with a blank Website, created 2026-07-25 18:12 by Kieran Hansen. It has one Office, 'Milbank' in Del Ray Beach, US. That Office holds one contact, Roman Ivan (End User Support, @milbankllp.com), and one Closed Won opp, 'SWOOGO Online Delegate Sales - Legalweek New York 2023 - Milbank - Roman Ivan'. A Legalweek delegate from 'Milbank' is law-firm IT staff, and nothing points to a separate entity, so the call holds. The evidence is thinner than 'high' suggests, though. Milbank has no Florida office, and milbankllp.com is not the firm's usual milbank.com domain; it is the only contact in the org on that domain. Treat it as a probable remote employee or a self-entered email."
91,duplicate,1,name_exact,1,0016g00001AOLbIAAX,"Morgan, Lewis & Bockius LLP",www.morganlewis.com,2021-01-20T20:24:02.000+0000,40,3786,1961,001Px00000j5OatIAE,Morgan Lewis & Bockius,,2026-08-20T18:17:12.000+0000,Kieran Hansen,N,1,1,2,duplicate,high,"The same firm name without the comma and 'LLP', created in the 2026-08-20 Kieran Hansen batch with a blank Website. Its Los Angeles Office contact has a morganlew(is) email, a typo of the firm's domain.",Y,duplicate,"Checked live. The Firm record, created 2026-08-20 18:17 by Kieran Hansen, has a blank Website. Its one Office is 'Morgan Lewis & Bockius' in Los Angeles, and Morgan Lewis does have an LA office. The contact is Henry Frederick, @morganlew.com, a truncated version of morganlewis.com (the name and email don't match, which is a separate data-quality issue). The two opps, 'Morgan Lewis & Bockius VSCA' and 'VSCOM', are 2019 subscription sales to the firm. This is the same firm with punctuation and suffix dropped, so it is a redundant record."
92,duplicate,1,name_exact,1,0016g00001AOLbIAAX,"Morgan, Lewis & Bockius LLP",www.morganlewis.com,2021-01-20T20:24:02.000+0000,40,3786,1961,001Px00000j4Y2rIAE,"Morgan, Lewis & Bockius LLP",,2026-08-20T14:54:08.000+0000,Sneha Mekala,N,1,1,1,duplicate,high,"The name is identical to the G300 record (created 2026-08-20 by Sneha Mekala, blank Website). Its New York Office has website www.morganlewis.com and a Director of Information Governance contact @morganlewis.com.",Y,duplicate,"Checked live. The name matches the G300 record exactly: Firm record 001Px00000j4Y2rIAE, created 2026-08-20 by Sneha Mekala, blank Website, Industry Legal Services. Its New York Office has Website www.morganlewis.com. The contact is Rudy Moliere (Director of Information Governance, @morganlewis.com), and the opp is a Legalweek 2023 delegate sale for 'Morgan, Lewis & Bockius LLP'. This is plainly a redundant record."
93,duplicate,1,name_exact,1,0016g00001AOM5kAAH,"Munger, Tolles & Olson LLP",www.mto.com,2021-01-20T20:25:02.000+0000,5,132,147,001Px00000i0i30IAA,"Munger, Tolles & Olson LLP",,2026-07-31T13:32:11.000+0000,Sindushree Chinnagundanahalli Seetharam,N,1,1,1,duplicate,high,"The name is identical to the G300 record (created 2026-07-31 by Sindushree Chinnagundanahalli Seetharam, blank Website). Its Los Angeles Office has website www.mto.com and a Senior Research Librarian contact @mto.com.",Y,duplicate,"Checked live. The name matches the G300 record exactly: Firm record 001Px00000i0i30IAA, Industry Legal Services, blank Website, created 2026-07-31 by Sindushree Chinnagundanahalli Seetharam. Its Los Angeles Office (Munger Tolles' headquarters) has Website www.mto.com, and that Office was created 2026-07-28 by Linda Stojek. The contact is Cindy Weller (Senior Research Librarian, @mto.com), and the opp is 'AALL 2026 Cleveland'. This is plainly a redundant record."
94,duplicate,1,name_exact,1,0016g00001ANtRdAAL,Nelson Mullins Riley & Scarborough LLP,www.nelsonmullins.com,2021-01-20T19:28:50.000+0000,38,1230,495,001Px00000hebVdIAI,Nelson Mullins Riley & Scarborough,,2026-07-25T18:12:23.000+0000,Kieran Hansen,N,1,1,0,duplicate,high,"This is the G300 name without 'LLP', created in the 2026-07-25 Kieran Hansen batch with a blank Website. Its Office is in Columbia SC, the firm's headquarters, and holds a Partner contact at nelsonmullns.com, a typo of nelsonmullins.com.",Y,duplicate,"Checked live. The Firm record, created 2026-07-25 18:12 by Kieran Hansen, has a blank Website. Its one Office is in Columbia, South Carolina, which is Nelson Mullins' headquarters. The one contact is Sally Caver, Partner, @nelsonmullns.com, a typo of nelsonmullins.com; it is the only address in the org on that misspelled domain. The name is the G300 name minus 'LLP'. This is a redundant record of the same firm."
95,predecessor_or_legacy,1,alias_exact,1,001Px00000VvZUUIA3,Norton Rose Fulbright,www.nortonrosefulbright.com,2021-01-20T20:28:44.000+0000,75,6285,3197,001Px00000Vy8iQIAR,Fulbright & Jaworski,,2025-11-13T16:01:26.000+0000,Kieran Hansen,N,2,42,14,predecessor_or_legacy,high,"From general knowledge, Fulbright & Jaworski combined with Norton Rose in 2013 to form Norton Rose Fulbright. The record's Dallas and Houston Offices hold 42 contacts mixing legacy @fulbright.com and current @nortonrosefulbright.com emails, so this is the predecessor firm name.",Y,predecessor_or_legacy,"Checked live. The Firm record, created 2025-11-13 by Kieran Hansen, has a blank Website and two Offices, Dallas and Houston. All 42 contacts sit on the Dallas Office; the reviewer said they were spread across Dallas and Houston, but Houston has none. The contacts mix legacy @fulbright.com and current @nortonrosefulbright.com addresses, plus some misfiled client in-house counsel at prudential.com and weatherford.com. One of the opps is named 'Norton Rose Fulbright-1505727-2019 VSTX'. From general knowledge, Fulbright & Jaworski combined with Norton Rose in 2013 and its US entity became Norton Rose Fulbright US LLP, which appears as the US Offices under this G300. This is the former name of the G300 firm, which fits the predecessor_or_legacy definition."
96,predecessor_or_legacy,1,alias_exact,1,001Px00000VvZUUIA3,Norton Rose Fulbright,www.nortonrosefulbright.com,2021-01-20T20:28:44.000+0000,75,6285,3197,001Px00000j5PGvIAM,Fulbright Jaworski,,2026-08-20T18:19:21.000+0000,Kieran Hansen,N,1,1,35,predecessor_or_legacy,high,"The name is a variant of Fulbright & Jaworski, which from general knowledge merged with Norton Rose in 2013 to form Norton Rose Fulbright. It was created 2026-08-20 by Kieran Hansen with a blank Website and has an Austin Office. Three identical 'Fulbright Jaworski' Firm records were created in the same second.",Y,predecessor_or_legacy,"Checked live. 001Px00000j5PGvIAM is one of three 'Fulbright Jaworski' Firm records created at 2026-08-20 18:19:21 by Kieran Hansen, all with blank Websites. It has one Office in Austin TX; Norton Rose Fulbright US has an Austin office under the G300. The contact is Sheila Sokolowski, with no email. The opps are 'FULBRIGHT JAWORSKI 686…' subscription renewals from 2019 to 2024, billed under the legacy name. From general knowledge, Fulbright & Jaworski is the pre-2013 name of the US arm of Norton Rose Fulbright, so this is a legacy-name record. It also duplicates the other two same-second records (rows 97 and 98)."
97,predecessor_or_legacy,1,alias_exact,1,001Px00000VvZUUIA3,Norton Rose Fulbright,www.nortonrosefulbright.com,2021-01-20T20:28:44.000+0000,75,6285,3197,001Px00000j5PGwIAM,Fulbright Jaworski,,2026-08-20T18:19:21.000+0000,Kieran Hansen,N,1,1,30,predecessor_or_legacy,high,This is the predecessor name of Norton Rose Fulbright (from general knowledge: the 2013 Fulbright & Jaworski / Norton Rose combination). It was created 2026-08-20 by Kieran Hansen with a blank Website and has an Austin Office. It is one of three identical same-second 'Fulbright Jaworski' records.,Y,predecessor_or_legacy,"Checked live. 001Px00000j5PGwIAM is the second of the three same-second 'Fulbright Jaworski' records created 2026-08-20 by Kieran Hansen, with a blank Website. It has one Office in Austin TX and one contact, Chris Jacobs, with no email. The opps are 'FULBRIGHT JAWORSKI 686…' renewals from 2019 to 2024 (R25, EBR27, R30, ONL, EBR33, R36). From general knowledge, this is the legacy name of Norton Rose Fulbright's US arm since the 2013 combination. Per the category definition, that makes it predecessor_or_legacy rather than duplicate."
98,predecessor_or_legacy,1,alias_exact,1,001Px00000VvZUUIA3,Norton Rose Fulbright,www.nortonrosefulbright.com,2021-01-20T20:28:44.000+0000,75,6285,3197,001Px00000j5PGxIAM,Fulbright Jaworski,,2026-08-20T18:19:21.000+0000,Kieran Hansen,N,1,1,35,predecessor_or_legacy,high,This is the predecessor name of Norton Rose Fulbright (from general knowledge: the 2013 Fulbright & Jaworski / Norton Rose combination). It was created 2026-08-20 by Kieran Hansen with a blank Website and has a New York Office. It is one of three identical same-second 'Fulbright Jaworski' records.,Y,predecessor_or_legacy,"Checked live. 001Px00000j5PGxIAM is the third same-second 'Fulbright Jaworski' record, created 2026-08-20 by Kieran Hansen with a blank Website. It has one Office in New York and one contact, Kathryn Keneallyn, with no email. The opps are 'FULBRIGHT JAWORSKI 610…' renewals from 2019 to 2025, billed under the legacy name. From general knowledge, Fulbright & Jaworski merged with Norton Rose in 2013 to form Norton Rose Fulbright, so this is a legacy-name record for humans to merge or keep as history."
99,duplicate,1,name_exact,1,001Px00000VvZUUIA3,Norton Rose Fulbright,www.nortonrosefulbright.com,2021-01-20T20:28:44.000+0000,75,6285,3197,001Px00000heXDiIAM,Norton Rose Fulbright,,2026-07-25T18:12:42.000+0000,Kieran Hansen,N,1,2,0,duplicate,high,"The name is identical to the G300 record, created in the 2026-07-25 Kieran Hansen batch with a blank Website. Its Washington DC Office has Associate contacts @nortonrosefulbright.com, and nothing in the record points to a separate country entity.",Y,duplicate,"Checked live. The name matches the G300 record exactly: Firm record 001Px00000heXDiIAM, created 2026-07-25 18:12 by Kieran Hansen, blank Website. Its one Office is in Washington DC; the G300 already has 'Norton Rose Fulbright US LLP' Washington DC Offices. The contacts are Ian Slingsby (Associate, @nortonrosefulbright.com) and Antonina Peshkova (Associate, @nortonrosefulbright.co, a truncated domain). The name is not a country entity such as '... Canada LLP' or '... Australia', and it has no distinct website. This is a redundant record of the same firm."
100,duplicate,1,name_exact,1,001Px00000VviUAIAZ,"Offit Kurman, P.A.",www.offitkurman.com,2021-01-20T20:29:55.000+0000,23,354,75,001Px00000igwkCIAQ,Offit Kurman,,2026-03-26T17:39:37.000+0000,Scott Lewis,N,1,2,4,duplicate,high,"This is the same firm name without the 'P.A.' suffix. Its only child Office is 'Offit Kurman, P.A' (Philadelphia, website www.offitkurman.com), and its contact uses an @offitkurman.com email. Nothing points to a separate entity, so it is a redundant Firm record.",Y,duplicate,"Checked live. The Firm record 'Offit Kurman' (created 2026-03-26 by Scott Lewis) has a blank Website and no parent. Its one Office is 'Offit Kurman, P.A' in Philadelphia, website www.offitkurman.com. Contact Danielle Friedman (@offitkurman.com) also exists under the G300 Offit Kurman hierarchy with the same email. The 4 opportunities are 'OFFIT KURMAN PAST20/21' imports. Same firm, redundant record."
101,duplicate,1,name_exact,1,001Px00000VvxRZIAZ,Paul Hastings LLP,www.paulhastings.com,2021-01-20T20:09:18.000+0000,29,1960,1006,001Px00000heahMIAQ,Paul Hastings LLP,,2026-07-25T18:10:33.000+0000,Kieran Hansen,N,1,2,0,duplicate,high,"The name matches the G300 firm exactly. It was created in the 2026-07-25 batch with a blank Website. Its child Office is in New York, and one contact has an @paulhastings.com email. It is a redundant Firm record.",Y,duplicate,"Checked live. The name is exactly 'Paul Hastings LLP' (2026-07-25 batch, blank Website). Its Office is in New York. Contact Yasmine Mohamed has @paulhastings.com. A second contact, Greg Nitzkowski (Consultant, @goodtablefoundation.org), looks misattached, but that does not change the firm identity. Redundant Firm record."
102,duplicate,1,name_exact,1,001Px00000VvxRZIAZ,Paul Hastings LLP,www.paulhastings.com,2021-01-20T20:09:18.000+0000,29,1960,1006,001Px00000hebd3IAA,Paul Hastings LLP,,2026-07-25T18:12:56.000+0000,Kieran Hansen,N,1,1,0,duplicate,high,"The name matches exactly. It was created in the 2026-07-25 batch with a blank Website. Its child Office is in New York, and the one contact is 'Of Counsel' with an email at paulhaastings.com, a typo of the firm's domain. It is a redundant Firm record, and a second duplicate alongside row 101.",Y,duplicate,"Checked live. The name is exactly 'Paul Hastings LLP' (2026-07-25 batch, blank Website), with its Office in New York. Contact Rob Wilson (Of Counsel) has @paulhaastings.com, and the same person exists under the G300 Paul Hastings hierarchy as @paulhastings.com, which confirms the typo and the identity. Redundant record, a second duplicate alongside row 101."
103,duplicate,1,name_exact,1,001Px00000VvpWQIAZ,Perkins Coie LLP,www.perkinscoie.com,2021-01-20T20:33:56.000+0000,34,1914,927,001Px00000hebeEIAQ,Perkins Coie LLP,,2026-07-25T18:12:56.000+0000,Kieran Hansen,N,1,1,0,duplicate,high,"The name matches exactly. It was created in the 2026-07-25 batch with a blank Website. Its child Office is in Washington, DC, and the contact's email is at perksincoie.com, a typo of the firm's domain. It is a redundant Firm record.",Y,duplicate,"Checked live. The name is exactly 'Perkins Coie LLP' (2026-07-25 batch, blank Website), with its Office in Washington DC. Contact Ann Marie Painter has @perksincoie.com, a typo of the firm's domain, and the same person also exists under the G300 Perkins Coie hierarchy. The pending Ashurst/Perkins Coie combination (general knowledge) does not matter here, because the names are identical. Redundant record."
104,duplicate,1,name_exact,1,001Px00000VvpWQIAZ,Perkins Coie LLP,www.perkinscoie.com,2021-01-20T20:33:56.000+0000,34,1914,927,001Px00000j5KN9IAM,Perkins Coie LLP,,2026-08-20T18:20:06.000+0000,Kieran Hansen,N,1,1,55,duplicate,high,"The name matches exactly. It was created in the 2026-08-20 batch with a blank Website. Its child Office is in Seattle, the firm's headquarters, with a 'Library - Pao' contact. It is a redundant Firm record, and its 55 opportunities would need re-parenting in any merge.",Y,duplicate,"Checked live. The name is exactly 'Perkins Coie LLP' (2026-08-20 batch, blank Website), with its Office in Seattle, the firm's headquarters. The contact is 'Library - Pao'. The 55 opportunities are imported historical 'PERKINS COIE LLP ...' opportunities from 2019-2020, all on the Seattle office, and would need re-parenting. Same firm, redundant record."
105,duplicate,1,name_exact,1,001Px00000VvMGjIAN,Phelps Dunbar LLP,www.phelps.com,2021-01-20T20:34:27.000+0000,18,212,117,001Px00000j5KNOIA2,Phelps Dunbar,,2026-08-20T18:20:06.000+0000,Kieran Hansen,N,1,1,2,duplicate,high,"This is the same firm name without 'LLP'. It was created in the 2026-08-20 batch with a blank Website, and its child Office is in New Orleans, the firm's headquarters. Nothing points to a separate entity, so it is a redundant Firm record.",Y,duplicate,"Checked live. The record is 'Phelps Dunbar' (2026-08-20 batch, blank Website), with its Office in New Orleans, the firm's headquarters. Contact Gigi Roth has no email. The 2 opportunities are 'PHELPS DUNBAR TXINS20' imports. Nothing points to a separate entity, so it is a redundant record for Phelps Dunbar LLP."
106,duplicate,1,name_exact,1,001Px00000VvMGjIAN,Phelps Dunbar LLP,www.phelps.com,2021-01-20T20:34:27.000+0000,18,212,117,001Px00000j5KNPIA2,Phelps Dunbar LLP,,2026-08-20T18:20:06.000+0000,Kieran Hansen,N,1,1,2,duplicate,high,"The name matches the G300 firm exactly. It was created in the 2026-08-20 batch with a blank Website, and its child Office is in New Orleans with a 'Library' contact. It is a redundant Firm record, and a second duplicate alongside row 105.",Y,duplicate,"Checked live. The name is exactly 'Phelps Dunbar LLP' (2026-08-20 batch, blank Website), with its Office in New Orleans and a 'Library' contact. The 2 opportunities are 'Phelps Dunbar LLP VSTX' imports. Redundant record, a second duplicate alongside row 105."
107,duplicate,1,name_exact,1,0016g00001AOQn7AAH,Pillsbury Winthrop Shaw Pittman LLP,www.pillsburylaw.com,2021-01-20T20:34:51.000+0000,20,965,1135,001Px00000heQV1IAM,Pillsbury Winthrop Shaw Pittman LLP,,2026-07-25T18:12:59.000+0000,Kieran Hansen,N,1,1,0,duplicate,high,"The name matches exactly. It was created in the 2026-07-25 batch with a blank Website. Its child Office is in San Francisco, and the one contact is Counsel with an email at pillsurylaw.com, a typo of pillsburylaw.com. It is a redundant Firm record.",Y,duplicate,"Checked live. The name is exactly 'Pillsbury Winthrop Shaw Pittman LLP' (2026-07-25 batch, blank Website), with its Office in San Francisco. Contact Alekzandir Morton has @pillsurylaw.com, and the same person exists under the G300 Pillsbury hierarchy with @pillsburylaw.com, which confirms the typo and the identity. Redundant record."
108,duplicate,1,name_exact,1,0016g00001AOQqBAAX,Pinsent Masons LLP,www.pinsentmasons.com,2021-01-20T20:34:57.000+0000,28,2535,1176,001Px00000cAVQZIA4,Pinsent Masons,,2026-01-12T12:54:00.000+0000,Kieran Hansen,N,1,4,3,duplicate,high,"This is the same firm name without 'LLP'. It was created 2026-01-12 by Kieran Hansen with a blank Website. Its child Office is in London, and all four contacts have @pinsentmasons.com emails. It is a redundant Firm record.",Y,duplicate,"Checked live. The record is 'Pinsent Masons' (created 2026-01-12 by Kieran Hansen, blank Website), with its Office in London, the firm's headquarters. All 4 contacts (Cowan, Bucknall, Levers, Gornikowska) have @pinsentmasons.com. The 3 opportunities are British Legal Awards / LIL event deals for Pinsent Masons. Same firm, redundant record."
109,duplicate,1,name_exact,1,001Px00000VvRLQIA3,Proskauer Rose LLP,www.proskauer.com,2021-01-20T20:36:59.000+0000,28,913,1278,001Px00000j5PSOIA2,Proskauer Rose,,2026-08-20T18:20:12.000+0000,Kieran Hansen,N,1,1,40,duplicate,high,"Proskauer Rose LLP without the suffix. Kieran Hansen created it on 2026-08-20 with a blank Website. Its only child Office is Proskauer Rose in New York, and that Office's contact Steven Kayman is a known Proskauer partner (general knowledge). Nothing points to a separate entity, so this is a redundant Firm record.",Y,duplicate,"Checked live. 001Px00000j5PSOIA2 is a Firm record, not G300, with a blank Website, created by Kieran Hansen on 2026-08-20. It has one child Office, 001Px00000j5NMHIA2 'Proskauer Rose' at 11 Times Sq Fl 17, New York. That is Proskauer's HQ building, and the G300 firm already has Offices at 11 Times Square. The Office's one contact is Steven Kayman, a Proskauer partner (general knowledge), and it has 40 opps closing 2019-2026. Nothing points to a separate entity, so this is a redundant Firm record for the same firm."
110,duplicate,1,name_exact,1,001Px00000VvRLQIA3,Proskauer Rose LLP,www.proskauer.com,2021-01-20T20:36:59.000+0000,28,913,1278,001Px00000j5PSPIA2,Proskauer Rose,,2026-08-20T18:20:12.000+0000,Kieran Hansen,N,1,1,40,duplicate,high,"Same name without the suffix, from the same 2026-08-20 Kieran Hansen batch with a blank Website. Its one New York Office holds contact Jeffrey D. Neuburger, a known Proskauer partner (general knowledge). This is a redundant Firm record.",Y,duplicate,"Checked live. 001Px00000j5PSPIA2 is a Firm record with a blank Website from the same 2026-08-20 Kieran Hansen batch. Its one Office, 001Px00000j5NMIIA2, is at 11 Times Sq Ste 2654, New York, which is Proskauer's HQ building. The Office's contact is Jeffrey D. Neuburger, a Proskauer partner (general knowledge), and it has 40 opps from 2019-2026. This is a redundant Firm record for the G300 firm."
111,duplicate,1,name_exact,1,001Px00000VvRLQIA3,Proskauer Rose LLP,www.proskauer.com,2021-01-20T20:36:59.000+0000,28,913,1278,001Px00000j5PSQIA2,Proskauer Rose,,2026-08-20T18:20:12.000+0000,Kieran Hansen,N,1,1,129,duplicate,high,"Same name without the suffix, from the same 2026-08-20 Kieran Hansen batch with a blank Website. Its one New York Office holds contact Jonathan Mollod, a known Proskauer attorney (general knowledge). This is a redundant Firm record.",Y,duplicate,"Checked live. 001Px00000j5PSQIA2 is a Firm record with a blank Website from the 2026-08-20 Kieran Hansen batch. Its one Office, 001Px00000j5NMJIA2, is at 11 Times Square, New York. The Office's contact is Jonathan Mollod, a Proskauer attorney (general knowledge), and it has 129 opps from 2019-2026. Same firm, redundant Firm record."
112,duplicate,1,name_exact,1,001Px00000VvRLQIA3,Proskauer Rose LLP,www.proskauer.com,2021-01-20T20:36:59.000+0000,28,913,1278,001Px00000j5PSSIA2,Proskauer Rose LLP,,2026-08-20T18:20:12.000+0000,Kieran Hansen,N,1,0,0,duplicate,high,"The name is exactly the same as the G300 record's. It came from the 2026-08-20 Kieran Hansen batch with a blank Website, and its single child Office is Proskauer Rose LLP in Boston, a real Proskauer office. This is a redundant Firm record.",Y,duplicate,"Checked live. 001Px00000j5PSSIA2 has exactly the G300 name, 'Proskauer Rose LLP', and a blank Website, and came from the 2026-08-20 batch. Its only Office, 001Px00000j5NMLIA2, is at 'Library, 1 International Place, 22nd Floor', Boston. The G300 firm already has Boston Offices at One International Place, Fl 22. It has no contacts or opps. This is an empty redundant Firm record."
113,duplicate,1,name_exact,1,001Px00000VvRLQIA3,Proskauer Rose LLP,www.proskauer.com,2021-01-20T20:36:59.000+0000,28,913,1278,001Px00000jAIvAIAW,Proskauer Rose LLP,,2026-08-22T10:39:50.000+0000,Kieran Hansen,N,1,2,42,duplicate,high,"The name is exactly the same as the G300 record's. It came from the 2026-08-22 Kieran Hansen batch with a blank Website. Its Boston child Office holds contact Devin Cohen, Partner, @proskauer.com, which is the G300 firm's domain. This is a redundant Firm record.",Y,duplicate,"Checked live. 001Px00000jAIvAIAW has exactly the G300 name and a blank Website, and came from the 2026-08-22 Kieran Hansen batch. Its Office, 001Px00000jAGtNIAW, is the same Boston address, 1 International Place 22nd Floor. The Office holds two contacts: a 'Library' contact and Devin Cohen, Partner, @proskauer.com, which is the G300 domain. It also has 42 opps from 2019-2021. It duplicates both the G300 firm and the row 112 record."
114,duplicate,1,name_exact,1,001Px00000VvRLQIA3,Proskauer Rose LLP,www.proskauer.com,2021-01-20T20:36:59.000+0000,28,913,1278,001Px00000j5PSTIA2,"Proskauer Rose, LLP",,2026-08-20T18:20:12.000+0000,Kieran Hansen,N,1,1,2,duplicate,high,"The only difference from the G300 name is a comma. It came from the 2026-08-20 Kieran Hansen batch with a blank Website. Its single child Office is in Newark, NJ, a real Proskauer office (general knowledge), and holds a 'Library' contact. This is a redundant Firm record.",Y,duplicate,"Checked live. 001Px00000j5PSTIA2, 'Proskauer Rose, LLP', differs from the G300 name only by a comma. It has a blank Website and came from the 2026-08-20 batch. Its Office, 001Px00000j5NMMIA2, is at One Newark Center, 17th Fl, Newark NJ, and the G300 firm already has a Newark Office at One Newark Center. The Office has a 'Library' contact and 2 opps closing 2019-12-09. This is a punctuation-variant duplicate."
115,duplicate,1,name_exact,1,001Px00000VvjteIAB,Reed Smith LLP,www.reedsmith.com,2021-01-20T20:39:29.000+0000,42,3352,1674,001Px00000heahoIAA,Reed Smith,,2026-07-25T18:10:33.000+0000,Kieran Hansen,N,3,5,4,duplicate,high,"The name matches the G300 firm apart from the LLP suffix. The record has a blank Website, was created 2026-07-25 by Kieran Hansen, and has Offices in Chicago, Pittsburgh and New York. Its opportunities are Legalweek delegate sales labelled 'Reed Smith'/'Reed Smith LLP'. Its contacts use gravitystack.com emails; from general knowledge, Gravity Stack is Reed Smith's legal-tech subsidiary. So the record is a redundant Reed Smith firm; the contacts may belong on a Gravity Stack account.",Y,duplicate,"Checked live. The record is a blank-website Firm named 'Reed Smith', created 2026-07-25 by Kieran Hansen. Its three child Offices sit at Reed Smith's own addresses: 10 S Wacker Dr Suite 4000 in Chicago, Reed Smith Centre at 225 Fifth Ave in Pittsburgh, and 599 Lexington Ave in New York. Its 4 opportunities are Legalweek SWOOGO delegate sales labelled 'Reed Smith'/'Reed Smith LLP'. The 5 contacts use @gravitystack.com emails, and one has the title 'Director, Reed Smith Legal Solutions'. From general knowledge, Gravity Stack is Reed Smith's legal-tech subsidiary. So this is a redundant Reed Smith Firm record, not a separate firm; the contacts could be moved to a Gravity Stack account."
116,duplicate,1,name_exact,1,001Px00000VvjteIAB,Reed Smith LLP,www.reedsmith.com,2021-01-20T20:39:29.000+0000,42,3352,1674,001Px00000hebq5IAA,Reed Smith,,2026-07-25T18:13:18.000+0000,Kieran Hansen,N,1,1,0,duplicate,high,"Same firm name without LLP. It is a blank-website batch record from 2026-07-25 with one Chicago Office. Its contact is Jennifer Yule DePriest, 'Chicago Office Managing Partner', whose email is on the misspelled domain reedmith.com. It is a redundant Reed Smith firm record.",Y,duplicate,"Checked live. The record is a blank-website Firm named 'Reed Smith' from the 2026-07-25 batch. Its single Office is at 10 South Wacker, 40th Floor, Chicago, which is Reed Smith's Chicago office. Its contact is Jennifer Yule DePriest, 'Chicago Office Managing Partner', whose email is on the typo domain reedmith.com. The G300 firm already holds her as Jennifer DePriest (@reedsmith.com, Partner, Chicago Office). This is the same firm, so the record is redundant."
117,duplicate,1,name_exact,1,001Px00000VvjteIAB,Reed Smith LLP,www.reedsmith.com,2021-01-20T20:39:29.000+0000,42,3352,1674,001Px00000j5PSrIAM,Reed Smith LLP,,2026-08-20T18:20:12.000+0000,Kieran Hansen,N,1,1,1,duplicate,high,"The name is identical to the G300 record. It is a blank-website batch record from 2026-08-20 by Kieran Hansen, with one Washington DC Office. That Office has one opportunity, 'REED SMITH LLP JEMPL23'. It is a redundant firm record.",Y,duplicate,"Checked live. The name is identical ('Reed Smith LLP'). It is a blank-website batch record created 2026-08-20. Its one Office is at 1301 K Street NW, 10th Floor East Tower, Washington DC, which is Reed Smith's DC address. Its contact, Amy Denniston, already exists under the G300 firm (@reedsmith.com, Librarian, Washington). Its one opportunity is 'REED SMITH LLP JEMPL23'. This is a redundant firm record."
118,duplicate,1,name_exact,1,0016g00001AOUBfAAP,Ropes & Gray LLP,www.ropesgray.com,2021-01-20T20:41:49.000+0000,19,2442,1119,001Px00000j5MsTIAU,Ropes & Gray,,2026-08-20T18:20:17.000+0000,Kieran Hansen,N,1,1,426,duplicate,high,"Same firm name without LLP. It is a blank-website batch record from 2026-08-20 by Kieran Hansen, with one Boston Office (the firm's headquarters city). That Office holds 426 opportunities, confirming the sweep count, so a merge would move a large number of records. It is a redundant firm record.",Y,duplicate,"Checked live. 'Ropes & Gray' is a blank-website batch record created 2026-08-20. Its single Office is at 800 Boylston St, Prudential Tower, Boston, which is Ropes & Gray's headquarters. That Office holds 426 opportunities, named from 'ROPES & GRAY 557ONL' to '664ONL' and dated 2019-2026. Its only contact is a placeholder named 'Ropes Gray'. This is a redundant firm record, and merging it would move a large number of opportunities."
119,duplicate,1,name_exact,1,0016g00001AOUBfAAP,Ropes & Gray LLP,www.ropesgray.com,2021-01-20T20:41:49.000+0000,19,2442,1119,001Px00000j5MsUIAU,Ropes Gray,,2026-08-20T18:20:17.000+0000,Kieran Hansen,N,1,1,40,duplicate,high,"This is Ropes & Gray with the ampersand dropped. It is a batch record from 2026-08-20 with one New York Office, which holds 40 opportunities. Its contact is Stephen Warnke; from general knowledge, he is a Ropes & Gray litigation partner in New York. It is a redundant firm record.",Y,duplicate,"Checked live. 'Ropes Gray' is the firm name with the ampersand dropped. It is a batch record created 2026-08-20. Its Office is at 1211 Avenue of the Americas, New York, which is Ropes & Gray's New York address. That Office holds 40 opportunities named 'ROPES GRAY 610...'. Its contact, Stephen Warnke, already exists under the G300 firm as Stephen A. Warnke (@ropesgray.com, Partner, New York). This is a redundant firm record."
120,duplicate,1,name_exact,1,0016g00001AOVKNAA5,Saul Ewing LLP,www.saul.com,2021-01-20T20:44:04.000+0000,24,335,269,001Px00000j5MszIAE,Saul Ewing,,2026-08-20T18:20:17.000+0000,Kieran Hansen,N,1,1,2,duplicate,high,"Same firm name without LLP. It is a blank-website batch record from 2026-08-20 with one Office in Wallington, NJ. That Office has opportunities named 'SAUL EWING JEMPL21B'. It is a redundant firm record.",Y,duplicate,"Checked live. 'Saul Ewing' is a blank-website batch record created 2026-08-20. Its opportunities are named 'SAUL EWING JEMPL21B' (2021). One oddity: its Office is at 188 Alden Street, Wallington NJ, which is not one of Saul Ewing's listed offices; the G300 firm's NJ Offices are Princeton and Newark. The contact, Anna Maria Tejada, is not found under the G300 firm. The address is probably a subscription delivery address (for example a remote worker's). The firm named is still Saul Ewing, so this is a redundant firm record. Check the Office address before or after the merge."
121,duplicate,1,name_exact,1,001Px00000Vvm5RIAR,Seyfarth Shaw LLP,www.seyfarth.com,2021-01-20T20:45:53.000+0000,31,1559,772,001Px00000j5MtTIAU,Seyfarth Shaw,,2026-08-20T18:20:17.000+0000,Kieran Hansen,N,1,1,40,duplicate,high,"Same firm name without LLP. It is a blank-website batch record from 2026-08-20 with one Los Angeles Office, which holds 40 opportunities. Its contact is Andrew M. Paley; from general knowledge, he is a Seyfarth partner in Los Angeles. It is a redundant firm record.",Y,duplicate,"Checked live. 'Seyfarth Shaw' is a blank-website batch record created 2026-08-20. Its Office is at 2029 Century Park E, Suite 3500, Los Angeles, which is Seyfarth's Los Angeles office. That Office holds 40 opportunities named 'SEYFARTH SHAW 715...'. Its contact, Andrew M. Paley, already exists under the G300 firm (@seyfarth.com, Partner, Los Angeles). This is a redundant firm record."
122,duplicate,1,name_exact,1,001Px00000Vvm5RIAR,Seyfarth Shaw LLP,www.seyfarth.com,2021-01-20T20:45:53.000+0000,31,1559,772,001Px00000j5MtUIAU,Seyfarth Shaw,,2026-08-20T18:20:17.000+0000,Kieran Hansen,N,1,1,40,duplicate,high,"Same firm name without LLP. It is a batch record from 2026-08-20 with one Chicago Office (the firm's headquarters city), which holds 40 opportunities. Its contact is Noah Finkel; from general knowledge, he is a Seyfarth partner in Chicago. It is a redundant firm record.",Y,duplicate,"Checked live. 'Seyfarth Shaw' is a blank-website batch record created 2026-08-20. Its Office is at 233 S Wacker Drive, Suite 8000, Chicago, which is Seyfarth's headquarters. That Office holds 40 opportunities named 'SEYFARTH SHAW 715...'. Its contact, Noah Finkel, already exists under the G300 firm as Noah A. Finkel (@seyfarth.com, Partner, Chicago). This is a redundant firm record."
123,duplicate,1,name_exact,1,001Px00000Vvm5RIAR,Seyfarth Shaw LLP,www.seyfarth.com,2021-01-20T20:45:53.000+0000,31,1559,772,001Px00000j5MtVIAU,Seyfarth Shaw,,2026-08-20T18:20:17.000+0000,Kieran Hansen,N,1,1,40,duplicate,high,"Same firm name without LLP. It is a batch record from 2026-08-20 with one Atlanta Office, which holds 40 opportunities. Its contact is Brett Bartlett; from general knowledge, he is a Seyfarth partner in Atlanta. It is a redundant firm record.",Y,duplicate,"Checked live. 'Seyfarth Shaw' is a blank-website batch record created 2026-08-20. Its Office is at 1075 Peachtree St NE, Suite 2500, Atlanta, which is Seyfarth's Atlanta office. That Office holds 40 opportunities named 'SEYFARTH SHAW 715...'. Its contact, Brett Bartlett, already exists under the G300 firm as Brett C. Bartlett (@seyfarth.com, Partner, Atlanta). This is a redundant firm record."
124,duplicate,1,name_exact,1,001Px00000VwYq6IAF,"Shook, Hardy & Bacon L.L.P",www.shb.com,2021-01-20T20:46:43.000+0000,20,411,314,001Px00000j5MteIAE,Shook Hardy & Bacon,,2026-08-20T18:20:17.000+0000,Kieran Hansen,N,1,1,7,duplicate,high,"This is the same firm name without the punctuation or LLP suffix. It was created in the 2026-08-20 Kieran Hansen batch with a blank Website, and its one child Office is in Kansas City, MO (Shook's headquarters) with a 'Law Library' contact. Nothing suggests a separate entity.",Y,duplicate,"I checked the live record. 'Shook Hardy & Bacon' is a Firm created by Kieran Hansen on 2026-08-20 with a blank Website, and its only Office is at 2555 Grand Blvd, Kansas City, MO. That is the same street address as the G300 Kansas City Office (0016g00001EYVJdAAP, '2555 Grand Boulevard'). Its opportunities are named 'SHOOK HARDY & BACON TCRT..'. This is a redundant Firm record for the same firm."
125,duplicate,1,name_exact,1,001Px00000VwYq6IAF,"Shook, Hardy & Bacon L.L.P",www.shb.com,2021-01-20T20:46:43.000+0000,20,411,314,001Px00000j5MtfIAE,Shook Hardy Bacon,,2026-08-20T18:20:17.000+0000,Kieran Hansen,N,1,1,5,duplicate,high,"This is the same firm name with the punctuation and '&' removed. It was created in the 2026-08-20 Kieran Hansen batch with a blank Website, and its one child Office is in Houston, TX (a Shook office) with a 'Law Library' contact.",Y,duplicate,"I checked the live record. 'Shook Hardy Bacon' is from the same 2026-08-20 batch with a blank Website, and its only Office is at 600 Travis St, Houston. That matches the G300 Houston Office (0016g00001EYVJiAAP, 'JPMorgan Chase Tower, 600 Travis Street, Suite 3400'). Its contact is 'Law Library' and its opportunities are named 'SHOOK HARDY BACON 674R31'. Same firm with the punctuation stripped."
126,duplicate,1,name_exact,1,0016g00001AOWnaAAH,"Shumaker, Loop & Kendrick, LLP",www.shumaker.com,2021-01-20T20:46:43.000+0000,9,162,142,001Px00000ihO83IAE,"Shumaker, Loop & Kendrick, LLP",,2026-06-30T14:19:56.000+0000,Kieran Hansen,N,1,1,0,duplicate,high,"The name matches the G300 record exactly. It was created 2026-06-30 by Kieran Hansen with a blank Website. Its child Office is in Toledo, OH (Shumaker's founding office), and its contact Allison Gilbert has an @shumaker.com email. The record carries its own ALM_Account_ID__c (001Uz00001IPwIrIAL), which should be reviewed during a merge.",Y,duplicate,"The name matches exactly. The record was created 2026-06-30 by Kieran Hansen with a blank Website. Its Office is at 1000 Jackson Street, Toledo, and its contact Allison Gilbert has @shumaker.com, the G300 firm's domain. The ALM_Account_ID__c 001Uz00001IPwIrIAL is populated on this candidate and should be carried over or reconciled during the merge."
127,duplicate,1,name_exact,1,0016g00001AOWqsAAH,Sidley Austin LLP,www.sidley.com,2021-01-20T20:46:48.000+0000,34,3540,1956,001Px00000j5MtkIAE,Sidley Austin,,2026-08-20T18:20:17.000+0000,Kieran Hansen,N,1,1,1,duplicate,high,"This is the same firm name without the LLP suffix, created in the 2026-08-20 Kieran Hansen batch with a blank Website. Its one child Office is in Chicago (Sidley's headquarters), with contact Jeffrey Bosh.",Y,duplicate,"The Office is at 1 S Dearborn St, Chicago, which is Sidley's headquarters address. Its contact Jeffrey Bosh also appears on the G300 Sidley record as 'Director of Library & Research Services' (@sidley.com). The opportunity is 'SIDLEY AUSTIN LCENT'. Redundant Firm from the 2026-08-20 batch."
128,duplicate,1,name_exact,1,0016g00001AOWqsAAH,Sidley Austin LLP,www.sidley.com,2021-01-20T20:46:48.000+0000,34,3540,1956,001Px00000j5MtlIAE,Sidley Austin,,2026-08-20T18:20:17.000+0000,Kieran Hansen,N,1,2,40,duplicate,high,"The name matches without the suffix, from the 2026-08-20 Kieran Hansen batch. Its child Office is in New York, and its contacts include Taylor Randleman, a Managing Associate with an @sidley.com email.",Y,duplicate,"The Office is at 787 7th Ave, New York, which is Sidley's NY address. The contacts are Taylor Randleman (Managing Associate, @sidley.com) and Jinfei Zhang, who also appears on the G300 NY Office as a Partner (@sidley.com). Redundant Firm from the 2026-08-20 batch."
129,duplicate,1,name_exact,1,0016g00001AOWqsAAH,Sidley Austin LLP,www.sidley.com,2021-01-20T20:46:48.000+0000,34,3540,1956,001Px00000j5MtmIAE,Sidley Austin,,2026-08-20T18:20:17.000+0000,Kieran Hansen,N,1,1,10,duplicate,high,"The name matches without the suffix, from the 2026-08-20 Kieran Hansen batch. Its child Office is in New York, with contact Kai Liekefett; from general knowledge, he is a Sidley partner.",Y,duplicate,"The Office is at 787 7th Ave, New York. Its contact Kai Liekefett is confirmed in live data as a Partner on the G300 Sidley NY Office (@sidley.com), so I did not need general knowledge here. Redundant Firm from the 2026-08-20 batch."
130,duplicate,1,name_exact,1,0016g00001AOWqsAAH,Sidley Austin LLP,www.sidley.com,2021-01-20T20:46:48.000+0000,34,3540,1956,001Px00000j5MtnIAE,Sidley Austin,,2026-08-20T18:20:17.000+0000,Kieran Hansen,N,1,4,35,duplicate,high,"The name matches without the suffix, from the 2026-08-20 Kieran Hansen batch. Its child Office is in Washington DC, and its contacts include Ashlande Gelin, Sarah Scheinman and Melissa Gerdts, all with @sidley.com emails.",Y,duplicate,"The Office is at 1501 K St NW, Washington DC, which is Sidley's DC address. Three contacts have @sidley.com emails (Gelin, Scheinman, Gerdts). A fourth, Kristin Graham Koehler, is a Partner on the G300 DC Office. Redundant Firm from the 2026-08-20 batch."
131,duplicate,1,name_exact,1,0016g00001AOWqsAAH,Sidley Austin LLP,www.sidley.com,2021-01-20T20:46:48.000+0000,34,3540,1956,001Px00000j5MtoIAE,Sidley Austin,,2026-08-20T18:20:17.000+0000,Kieran Hansen,N,1,4,35,duplicate,high,"The name matches without the suffix, from the 2026-08-20 Kieran Hansen batch. Its child Office is in Washington DC, and its contacts include Nicole Booth, Danielle Cossey and Eden Mead, all with @sidley.com emails, plus Karen Popp.",Y,duplicate,"The Office is at 1501 K St NW, DC. Three contacts have @sidley.com emails (Booth, Cossey, Mead). Karen Popp also appears on the G300 DC Office as 'Karen A. Popp', Partner (@sidley.com). Redundant Firm from the 2026-08-20 batch."
132,duplicate,1,name_exact,1,0016g00001AOWqsAAH,Sidley Austin LLP,www.sidley.com,2021-01-20T20:46:48.000+0000,34,3540,1956,001Px00000j5MtpIAE,Sidley Austin,,2026-08-20T18:20:17.000+0000,Kieran Hansen,N,1,1,25,duplicate,high,"The name matches without the suffix, from the 2026-08-20 Kieran Hansen batch. Its child Office is in Washington DC, with contact Paul Kalb; from general knowledge, he is a Sidley partner.",Y,duplicate,"The Office is at 1501 K Street NW, DC. Its contact Paul Kalb is confirmed in live data as a Partner on the G300 Sidley DC Office (@sidley.com). Redundant Firm from the 2026-08-20 batch."
133,duplicate,1,name_exact,1,0016g00001AOWqsAAH,Sidley Austin LLP,www.sidley.com,2021-01-20T20:46:48.000+0000,34,3540,1956,001Px00000j5MtqIAE,Sidley Austin,,2026-08-20T18:20:17.000+0000,Kieran Hansen,N,1,1,5,duplicate,high,"The name matches without the suffix, from the 2026-08-20 Kieran Hansen batch. Its child Office is in Dallas (a Sidley office) with a 'Law Library' contact.",Y,duplicate,"The Office is at 717 N Harwood St, Dallas, with a 'Law Library' contact. The G300 Sidley Dallas Office also has a 'Law Library' contact. The opportunities are named 'SIDLEY AUSTIN 627EBR47'. Redundant Firm from the 2026-08-20 batch."
134,duplicate,1,name_exact,1,001Px00000VvFZ9IAN,Simmons & Simmons LLP,www.simmons-simmons.com,2021-01-20T20:47:07.000+0000,27,2080,1038,001Px00000hec2xIAA,Simmons & Simmons LLP,,2026-07-25T18:13:54.000+0000,Kieran Hansen,N,1,3,1,duplicate,high,"The name is identical to the G300 record. It was created 2026-07-25 by Kieran Hansen with no website and has one London Office. Its 3 contacts use @simmons-simmons.com emails (plus one typo, simmons.simmons.com), so it is a redundant Firm record for the same firm.",Y,duplicate,"Checked live. Candidate 001Px00000hec2xIAA is a Firm record named exactly 'Simmons & Simmons LLP'. It was created 2026-07-25 by Kieran Hansen, has no website and no parent. Its only child is Office 001Px00000heWvmIAE (London, website simmons-simmons.com). That Office holds 3 contacts: Naomi Crawford and Rushil Puri (@simmons-simmons.com) and Joanna Horsley (@simmons.simmons.com, a typo of the same domain). It also holds 1 Closed Won BLA 2023 delegate opp. The G300 firm already has London Offices (0016g00001AQ06eAAD, 001Px00000Vvvc8IAB). Nothing suggests a separate entity. This is a redundant Firm record for the same firm."
135,duplicate,1,name_exact,1,0016g00001AOXJmAAP,"Skadden, Arps, Slate, Meagher & Flom LLP",www.skadden.com,2021-01-20T20:47:38.000+0000,27,2933,3393,001Px00000j5MtwIAE,Skadden Arps Slate Meagher Flom,,2026-08-20T18:20:17.000+0000,Kieran Hansen,N,1,1,40,duplicate,high,"This is the full Skadden name with punctuation, '&' and 'LLP' removed. It was created in the 2026-08-20 Kieran Hansen batch with a blank website and has one Palo Alto Office. Its contact Kenton J. King is, from general knowledge, a Skadden Palo Alto partner, so this is a redundant Firm record.",Y,duplicate,"Checked live. Candidate 001Px00000j5MtwIAE 'Skadden Arps Slate Meagher Flom' is a Firm record created 2026-08-20 by Kieran Hansen with no website. Its one child Office, 001Px00000j5UNLIA2, is in Palo Alto, CA. That Office holds contact Kenton J. King (no email) and about 40 opps named 'SKADDEN ARPS SLATE MEAGHER FLOM 592...' (imported 2026-08-28, $0). The same person already exists as Kenton J. King, @skadden.com, under the G300 Skadden Palo Alto Office 0016g00001EYVUUAA5. The name is the full Skadden name with punctuation stripped. This is a redundant Firm record for the same firm, not an affiliate."
136,predecessor_or_legacy,1,alias_exact,1,001Px00000VvZULIA3,Squire Patton Boggs,www.squirepattonboggs.com,2021-01-20T20:49:33.000+0000,63,2424,1161,0016g00001AOPtnAAH,Patton Boggs,www.pattonboggs.com,2021-01-20T20:33:04.000+0000,Kamyar Jannati,Y,1,6,1,predecessor_or_legacy,high,"This is the legacy Patton Boggs LLP record (website www.pattonboggs.com, created 2021-01-20). Its child office's 6 contacts all use @pattonboggs.com emails. From general knowledge, Patton Boggs merged with Squire Sanders in 2014 to form Squire Patton Boggs, so this is a predecessor firm.",Y,predecessor_or_legacy,"Checked live. 0016g00001AOPtnAAH is a Firm record named 'Patton Boggs' with website www.pattonboggs.com, created 2021-01-20 by Kamyar Jannati. It has one child Office (0016g00001EYcmlAAD). Its 6 contacts all use @pattonboggs.com emails (Nonna, Hirth, Yennock, Oberdorfer, Bachman, Berger), and its only opp dates from 2018. General knowledge: Patton Boggs combined with Squire Sanders in 2014 to form Squire Patton Boggs, so this is a firm that merged into the G300 firm, not a spelling variant. Several of these same people (Nonna, Hirth) also appear under Squire Sanders with @squirepb.com emails."
137,predecessor_or_legacy,1,alias_exact,1,001Px00000VvZULIA3,Squire Patton Boggs,www.squirepattonboggs.com,2021-01-20T20:49:33.000+0000,63,2424,1161,001Px00000VvojTIAR,Patton Boggs,,2025-11-13T10:08:50.000+0000,Kieran Hansen,N,1,20,0,predecessor_or_legacy,high,"This Firm record was created in the 2025-11-13 batch with a blank website and a Dallas child office. Its contacts are mostly @pattonboggs.com, with a few @squirepb.com. From general knowledge, Patton Boggs merged into Squire Patton Boggs in 2014, so this is a predecessor name. It also duplicates the older Patton Boggs record 0016g00001AOPtnAAH.",Y,predecessor_or_legacy,"Checked live. 001Px00000VvojTIAR is a Firm named 'Patton Boggs' with a blank website, created 2025-11-13 by Kieran Hansen. It has one Dallas Office (001Px00000VwBzQIAV) and no opps. Of its 20 contacts, 17 use @pattonboggs.com and 3 use @squirepb.com (Mitchell Berger, Gregg Buksbaum, John Wyand). The name is the pre-2014 Patton Boggs firm, which merged into Squire Patton Boggs (general knowledge), so this is a predecessor firm. It also duplicates the older Patton Boggs Firm 0016g00001AOPtnAAH (row 136)."
138,duplicate,1,name_exact,1,001Px00000VvZULIA3,Squire Patton Boggs,www.squirepattonboggs.com,2021-01-20T20:49:33.000+0000,63,2424,1161,001Px00000heTgoIAE,Squire Patton Boggs,,2026-07-25T18:13:58.000+0000,Kieran Hansen,N,1,1,1,duplicate,high,"The name is exactly the G300 firm's name. It is a Firm record from the 2026-07-25 Kieran Hansen batch with a blank website and one Phoenix child office, and nothing suggests a separate entity.",Y,duplicate,"Checked live. 001Px00000heTgoIAE is a Firm with the exact name 'Squire Patton Boggs' and a blank website, created 2026-07-25 by Kieran Hansen. It has one Phoenix Office (001Px00000hedfRIAQ). The G300 firm already has a Phoenix Office (0016g00001EYVscAAH). Its only contact is Robert Singleton (@ssd.com, Director of eDiscovery, an SSD domain), and its only opp is 'SWOOGO ... Legalweek 2025 - Squire Patton Boggs - Robert Singleton'. Nothing points to a separate entity, so this is a redundant Firm record."
139,duplicate,1,name_exact,1,001Px00000VvZULIA3,Squire Patton Boggs,www.squirepattonboggs.com,2021-01-20T20:49:33.000+0000,63,2424,1161,001Px00000j5CJoIAM,Squire Patton Boggs,,2026-08-20T18:20:22.000+0000,Kieran Hansen,N,1,1,4,duplicate,high,The name is exactly the G300 firm's name. It is a Firm record from the 2026-08-20 Kieran Hansen batch with a blank website and one Atlanta child office. It is a redundant Firm record.,Y,duplicate,"Checked live. 001Px00000j5CJoIAM is a Firm with the exact name 'Squire Patton Boggs' and a blank website, created 2026-08-20 by Kieran Hansen. It has one Atlanta Office (001Px00000j5UNeIAM). The G300 firm already has an Atlanta Office (0016g00001EYVseAAH). It has one contact (Dara Mann, no email), and its 4 opps are named 'SQUIRE PATTON BOGGS JCONS20/21'. This is a redundant Firm record for the same firm."
140,duplicate,1,name_exact,1,001Px00000VvZULIA3,Squire Patton Boggs,www.squirepattonboggs.com,2021-01-20T20:49:33.000+0000,63,2424,1161,001Px00000j5CJpIAM,Squire Patton Boggs,,2026-08-20T18:20:22.000+0000,Kieran Hansen,N,1,1,16,duplicate,high,The name is exactly the G300 firm's name. It is a Firm record from the 2026-08-20 Kieran Hansen batch with a blank website and one Cleveland child office. It is a redundant Firm record.,Y,duplicate,"Checked live. 001Px00000j5CJpIAM is a Firm with the exact name 'Squire Patton Boggs' and a blank website, created 2026-08-20 by Kieran Hansen. It has one Cleveland Office (001Px00000j5UNfIAM). The G300 firm already has Cleveland Offices (0016g00001EYVsnAAH and 001Px00000Vvu6CIAR). It has one contact (Stephen Chelberg), and all 16 opps are named 'SQUIRE PATTON BOGGS 617EBR5x/617R5x'. This is a redundant Firm record."
141,duplicate,1,name_exact,1,001Px00000VvZULIA3,Squire Patton Boggs,www.squirepattonboggs.com,2021-01-20T20:49:33.000+0000,63,2424,1161,001Px00000j5CJqIAM,Squire Patton Boggs,,2026-08-20T18:20:22.000+0000,Kieran Hansen,N,1,1,29,duplicate,high,The name is exactly the G300 firm's name. It is a Firm record from the 2026-08-20 Kieran Hansen batch with a blank website and one San Francisco child office. It is a redundant Firm record.,Y,duplicate,"Checked live. 001Px00000j5CJqIAM is a Firm with the exact name 'Squire Patton Boggs' and a blank website, created 2026-08-20 by Kieran Hansen. It has one San Francisco Office (001Px00000j5UNgIAM). The G300 firm already has a San Francisco Office (0016g00001EYVssAAH). Its one contact is 'Library', and all 29 opps are named 'SQUIRE PATTON BOGGS 585R../601R../713R..'. This is a redundant Firm record."
142,duplicate,1,name_exact,1,001Px00000VvZULIA3,Squire Patton Boggs,www.squirepattonboggs.com,2021-01-20T20:49:33.000+0000,63,2424,1161,001Px00000j5CJrIAM,Squire Patton Boggs,,2026-08-20T18:20:22.000+0000,Kieran Hansen,N,1,1,20,duplicate,high,The name is exactly the G300 firm's name. It is a Firm record from the 2026-08-20 Kieran Hansen batch with a blank website and one Cleveland child office. It is a redundant Firm record.,Y,duplicate,"Checked live. 001Px00000j5CJrIAM is a Firm with the exact name 'Squire Patton Boggs' and a blank website, created 2026-08-20 by Kieran Hansen. It has one Cleveland Office (001Px00000j5UNhIAM), and the G300 firm already has Cleveland Offices. Its one contact is 'Library', and its 20 opps are named 'SQUIRE PATTON BOGGS 642R50' and similar. This is a redundant Firm record."
143,duplicate,1,name_exact,1,001Px00000VvZULIA3,Squire Patton Boggs,www.squirepattonboggs.com,2021-01-20T20:49:33.000+0000,63,2424,1161,001Px00000j5CJsIAM,Squire Patton Boggs,,2026-08-20T18:20:22.000+0000,Kieran Hansen,N,1,1,111,duplicate,high,"The name is exactly the G300 firm's name. It is a Firm record from the 2026-08-20 Kieran Hansen batch with a blank website and one Cleveland child office. It is a redundant Firm record, and it carries 111 opps under the wrong Firm.",Y,duplicate,"Checked live. 001Px00000j5CJsIAM is a Firm with the exact name 'Squire Patton Boggs' and a blank website, created 2026-08-20 by Kieran Hansen. It has one Cleveland Office (001Px00000j5UNiIAM). Its one contact is 'Library'. All 111 opps were created 2026-08-28, and every one sampled is named 'SQUIRE PATTON BOGGS 550EBR../551R../617R..'. This is a redundant Firm record holding opps that belong under the G300 firm."
144,duplicate,1,name_exact,1,001Px00000VvZULIA3,Squire Patton Boggs,www.squirepattonboggs.com,2021-01-20T20:49:33.000+0000,63,2424,1161,001Px00000j5NY6IAM,Squire Patton Boggs,,2026-08-20T18:18:04.000+0000,Kieran Hansen,N,1,0,0,duplicate,high,The name is exactly the G300 firm's name. It is a Firm record from the 2026-08-20 Kieran Hansen batch with a blank website and one Houston child office. It is a redundant Firm record with no contacts or opps.,Y,duplicate,"Checked live. 001Px00000j5NY6IAM is a Firm with the exact name 'Squire Patton Boggs' and a blank website, created 2026-08-20 18:18 by Kieran Hansen. It has one Houston Office (001Px00000j5QnXIAU), and the G300 firm already has a Houston Office (0016g00001EYVspAAH). It has no contacts and no opps. This is an empty redundant Firm record."
145,duplicate,1,name_exact,1,001Px00000VvZULIA3,Squire Patton Boggs,www.squirepattonboggs.com,2021-01-20T20:49:33.000+0000,63,2424,1161,001Px00000jAGHeIAO,Squire Patton Boggs,,2026-08-22T10:39:45.000+0000,Kieran Hansen,N,1,2,5,duplicate,high,The name is exactly the G300 firm's name. It is a Firm record from the 2026-08-22 Kieran Hansen batch with a blank website and one Houston child office. It is a redundant Firm record.,Y,duplicate,"Checked live. 001Px00000jAGHeIAO is a Firm with the exact name 'Squire Patton Boggs' and a blank website, created 2026-08-22 by Kieran Hansen. It has one Houston Office (001Px00000jAGRFIA4). Its 2 contacts use @squiresanders.com and @squirepb.com (Lelia Pappas, BD Coordinator). Its 5 opps include 'SWOOGO ODS - GIR Awards 2026 - Squire Patton Boggs - Lelia Pappas' and 'SQUIRE PATTON BOGGS 550EBR15'. This is a redundant Firm record."
146,predecessor_or_legacy,1,alias_exact,1,001Px00000VvZULIA3,Squire Patton Boggs,www.squirepattonboggs.com,2021-01-20T20:49:33.000+0000,63,2424,1161,001Px00000VvoO5IAJ,Squire Sanders,,2025-11-13T10:07:34.000+0000,Kieran Hansen,N,2,47,4,predecessor_or_legacy,high,"From general knowledge, Squire Sanders (the 2011-2014 name of Squire, Sanders & Dempsey) merged with Patton Boggs in 2014 to form Squire Patton Boggs, so this is a former name. The record is from the 2025-11-13 batch, with Miami and Twickenham offices. Its contacts use a mix of @squiresanders.com, @ssd.com and current @squirepb.com emails, which confirms it is the same firm lineage.",Y,predecessor_or_legacy,"Checked live. 001Px00000VvoO5IAJ is a Firm named 'Squire Sanders' with a blank website, created 2025-11-13 by Kieran Hansen. It has Miami and Twickenham Offices. Its 47 contacts are mostly @squiresanders.com, @ssd.com and @squirepb.com, with a few stray outsiders (brooksmiller.com, rrd.com, arnstein.com, gordonrees.com, zuckleyking.com). Its opps are named 'SQUIRE SANDERS ALLTN24' and similar. General knowledge: 'Squire Sanders' was the firm's name from 2011 to 2014, before the Patton Boggs combination, so this is a former name of the G300 firm. The stray contacts need re-homing before any merge."
147,duplicate,1,name_exact,1,0016g00001AOZ3vAAH,"Stevens & Lee, P.C.",www.stevenslee.com,2021-01-20T20:50:31.000+0000,11,143,244,001Px00000hec81IAA,Stevens & Lee,,2026-07-25T18:14:05.000+0000,Kieran Hansen,N,1,1,0,duplicate,high,"This is the G300 name without the 'P.C.' suffix. It was created in the 2026-07-25 Kieran Hansen batch with a blank Website. Its one Office is in Reading, PA, where Stevens & Lee has its headquarters, and its one contact (an Events Manager) has an email at a misspelled Stevens & Lee domain (stevenlee.com). It is a redundant Firm record.",Y,duplicate,"I checked this against the live records and it holds. 'Stevens & Lee' (created 2026-07-25 by Kieran Hansen, blank Website) has one Office in Reading, PA. Its only contact, Amy Matthias (Events Manager, @stevenlee.com, a typo of the firm's domain), already exists on the G300's Reading office as Amy J. Matthias (@stevenslee.com). This is the same firm without the 'P.C.' suffix, so it is a redundant Firm record."
148,duplicate,1,name_exact,1,0016g00001AOZ3vAAH,"Stevens & Lee, P.C.",www.stevenslee.com,2021-01-20T20:50:31.000+0000,11,143,244,001Px00000j53PyIAI,"Stevens & Lee, P.C.",,2026-08-20T15:55:30.000+0000,Sneha Mekala,N,1,1,0,duplicate,high,"The name exactly matches the G300 record. It was created 2026-08-20 by Sneha Mekala with a blank Website and has one Office in Reading, PA, where the firm has its headquarters. Its contact's email is at a mistyped stevenslee.com domain ('stevenslee.comu'). It is a redundant Firm record for the same firm.",Y,duplicate,"I checked this against the live records and it holds. The name 'Stevens & Lee, P.C.' is identical to the G300 record. It was created 2026-08-20 by Sneha Mekala with a blank Website and has one Office in Reading, PA. Its only contact, Robert Graham (@stevenslee.comu, a mistyped domain), is the same person as Robert Graham (@stevenslee.com) on the G300's Reading office. This is a redundant Firm record for the same firm."
149,unrelated,1,name_exact,1,0016g00001AOZ77AAH,Stinson LLP,www.stinson.com,2021-01-20T20:50:36.000+0000,17,335,294,001Px00000cAQgiIAG,STINSON LEGAL,,2020-02-06T14:52:29.000+0000,Scott Lewis,Y,1,1,0,unrelated,high,"This is a different small firm. Its Office is in Glenwood Springs, CO, and its only contact, Kristine Stinson, uses the separate domain stinson-legal.com. Based on general knowledge, Stinson LLP does not operate under this name, so the two share only the surname.",Y,unrelated,"I checked this against the live records and it holds. 'STINSON LEGAL' has no Website and one Office in Glenwood Springs, CO. Its only contact, Kristine Stinson, uses the separate domain stinson-legal.com. Stinson LLP's 17 offices include Denver and Greenwood Village but not Glenwood Springs, and the firm has never practised as 'Stinson Legal' (general knowledge). This is a separate small firm that shares only the surname."
150,duplicate,1,name_exact,1,0016g00001AOZgjAAH,Sullivan & Cromwell LLP,www.sullcrom.com,2021-01-20T20:51:37.000+0000,19,1256,2145,001Px00000hec8sIAA,Sullivan & Cromwell,,2026-07-25T18:14:05.000+0000,Kieran Hansen,N,1,1,0,duplicate,high,"This is the same name without 'LLP'. The record came from the 2026-07-25 Kieran Hansen batch and has a blank website. Its only office is in Washington DC, and its one contact is Jeff Wall, a Partner at sullcrom (email misspelled .coom). He is a known S&C partner (general knowledge).",Y,duplicate,"Checked live. It is a Firm record created 2026-07-25 by Kieran Hansen, with a blank website and no ALM ID. Its only office is at 1700 New York Ave NW, Suite 700, Washington DC, the same address as the G300 S&C DC office records. Its only contact is Jeff Wall, Partner, @sullcrom.coom (a typo of sullcrom.com). From general knowledge, Jeffrey Wall is an S&C DC partner. No sign of a separate entity: this is a redundant S&C Firm record."
151,duplicate,1,name_exact,1,0016g00001AOZgjAAH,Sullivan & Cromwell LLP,www.sullcrom.com,2021-01-20T20:51:37.000+0000,19,1256,2145,001Px00000j5CKYIA2,Sullivan Cromwell,,2026-08-20T18:20:22.000+0000,Kieran Hansen,N,1,1,35,duplicate,high,"This is a punctuation variant of Sullivan & Cromwell from the 2026-08-20 Kieran Hansen batch, with a blank website. Its office is in Washington DC and its contact is Eric Kadel, an S&C partner in DC (general knowledge). Two other identical records were created in the same second (rows 152 and 153).",Y,duplicate,"Checked live. It is a Firm record created 2026-08-20 18:20:22 by Kieran Hansen, with a blank website and no ALM ID. It is one of three identical 'Sullivan Cromwell' Firm records created in the same second (the others are rows 152 and 153). Its office is at 1700 New York Ave NW, Ste 700, Washington DC, which matches the G300 DC office. Its contact is Eric Kadel, an S&C DC partner (general knowledge). It holds 35 legacy 'SULLIVAN CROMWELL 651...' opportunities created 2026-08-28 that should move to the G300 hierarchy."
152,duplicate,1,name_exact,1,0016g00001AOZgjAAH,Sullivan & Cromwell LLP,www.sullcrom.com,2021-01-20T20:51:37.000+0000,19,1256,2145,001Px00000j5CKZIA2,Sullivan Cromwell,,2026-08-20T18:20:22.000+0000,Kieran Hansen,N,1,1,24,duplicate,high,"This is a punctuation variant from the 2026-08-20 Kieran Hansen batch, with a blank website. Its office is in New York and its contact is Matthew Hurd, an S&C partner (general knowledge). It is also a duplicate of the sibling records in rows 151 and 153.",Y,duplicate,"Checked live. It is a batch record created 2026-08-20 by Kieran Hansen, with a blank website. Its office is at 125 Broad St, New York, which is the G300 S&C NY office address. Its contact is Matthew Hurd, an S&C NY partner (general knowledge). It holds 24 legacy 'SULLIVAN CROMWELL 617...' opportunities. It is a redundant S&C Firm record, and also a duplicate of its batch siblings in rows 151 and 153."
153,duplicate,1,name_exact,1,0016g00001AOZgjAAH,Sullivan & Cromwell LLP,www.sullcrom.com,2021-01-20T20:51:37.000+0000,19,1256,2145,001Px00000j5CKaIAM,Sullivan Cromwell,,2026-08-20T18:20:22.000+0000,Kieran Hansen,N,1,1,15,duplicate,high,"This is a punctuation variant from the 2026-08-20 Kieran Hansen batch, with a blank website. Its office is in New York and its contact is George Sampas, an S&C partner (general knowledge). It is also a duplicate of the sibling records in rows 151 and 152.",Y,duplicate,"Checked live. It is a batch record created 2026-08-20 by Kieran Hansen, with a blank website. Its office is at 125 Broad Street, 28th Floor, New York, the S&C headquarters address, which matches the G300 NY office. Its contact is George Sampas, an S&C NY partner (general knowledge). It holds 15 legacy 'SULLIVAN CROMWELL 651...' opportunities. It is a redundant S&C Firm record."
154,duplicate,1,name_exact,1,001Px00000VyBosIAF,Susman Godfrey LLP,www.susmangodfrey.com,2021-01-20T20:52:07.000+0000,11,154,368,001Px00000heQhyIAE,Susman Godfrey,,2026-07-25T18:08:08.000+0000,Kieran Hansen,N,1,1,0,duplicate,high,"This is the same firm name without 'LLP', from the 2026-07-25 Kieran Hansen batch, with a blank website. Its office is in New York ('Ny'), where Susman Godfrey has an office. Its one contact (Catherine Carmody) has a non-firm email (41winks.com), but nothing points to a separate entity.",Y,duplicate,"Checked live. It is a Firm record created 2026-07-25 by Kieran Hansen, with a blank website. Its office street is 'One Manhattan West', city 'Ny', which exactly matches the G300 Susman Godfrey NY office (One Manhattan West). The only contact, Catherine Carmody ('Attorney and Screenwriter', @41winks.com), may be stale or wrongly attached, but the address ties the record to Susman Godfrey and nothing suggests a separate firm."
155,duplicate,1,name_exact,1,001Px00000VyBosIAF,Susman Godfrey LLP,www.susmangodfrey.com,2021-01-20T20:52:07.000+0000,11,154,368,001Px00000hec99IAA,Susman Godfrey LLP,,2026-07-25T18:14:08.000+0000,Kieran Hansen,N,1,1,0,duplicate,high,"The name exactly matches the G300 firm. It is from the 2026-07-25 Kieran Hansen batch and has a blank website. Its contact is Dinis Cheian, an Associate, with an email at susmangodgrey.com (a typo of susmangodfrey.com).",Y,duplicate,"Checked live. The name exactly matches the G300 firm. It was created 2026-07-25 by Kieran Hansen, with a blank website, and its office has no address. Its only contact, Dinis Cheian (Associate, @susmangodgrey.com, a typo), already exists under the G300 Susman Godfrey NY office with the correct email, @susmangodfrey.com. It is a redundant Firm record, and its contact is a duplicate too."
156,duplicate,1,name_exact,1,001Px00000VyBosIAF,Susman Godfrey LLP,www.susmangodfrey.com,2021-01-20T20:52:07.000+0000,11,154,368,001Px00000hlfLwIAI,Susman Godfrey LLP,,2026-07-14T14:34:33.000+0000,Ron Dinkins,N,1,1,1,duplicate,high,"The name exactly matches the G300 firm. Ron Dinkins created it on 2026-07-14 with a blank website, and it has a separate ALM_Account_ID. Its office is in Manvel TX, and its contact Tonia Rivera (HR Director) has a susmangodfrey.com email, so it is the same firm.",Y,duplicate,"Checked live. The name exactly matches the G300 firm. Ron Dinkins created it on 2026-07-14, with a blank website and its own ALM_Account_ID (001Uz00001JvgNIIAZ). Its office is at 51 Rodeo Palms Blvd, Manvel TX, a Houston-suburb address that is most likely the contact's home. Its contact is Tonia Rivera, HR Director, @susmangodfrey.com, and she already exists under the G300 Susman Godfrey Houston office with the same email. Its one opportunity (the 2026 IPMA deal, $899) belongs to the G300 firm. It is a redundant record."
157,affiliate_or_office,1,name_exact,1,001Px00000VvtXhIAJ,Taylor Wessing Verein,www.taylorwessing.com,2025-11-13T10:24:16.000+0000,18,832,346,001Px00000hSnBjIAK,Taylor Wessing Partnerschaftsgesellschaft mbB,,2026-05-26T12:47:57.000+0000,Kieran Hansen,N,1,1,0,affiliate_or_office,high,"This is Taylor Wessing's German partnership (a country entity within the Taylor Wessing Verein), recorded here as a Firm. It has a Düsseldorf office, and its contact has a taylorwessing.com email. The G300 Verein already holds Office records with this exact name in Düsseldorf, Berlin, Hamburg, Frankfurt and Munich, so this Firm is redundant with those offices. It carries its own ALM_Account_ID (001Uz00001Ea6eFIAR).",Y,affiliate_or_office,"Checked live. It is a Firm record created 2026-05-26 by Kieran Hansen, with a blank website and its own ALM ID (001Uz00001Ea6eFIAR). Its office is at Benrather Str 15, Düsseldorf, and its contact is Dennis Sagner (Head of Performance Marketing, @taylorwessing.com). The G300 Taylor Wessing Verein already has Office records with this exact name in Düsseldorf (the same address), Berlin, Hamburg, Frankfurt and Munich (two in Munich), plus the Beijing and Shanghai rep offices. This is the German member partnership of the Swiss Verein recorded as a Firm, so it is a country entity (general knowledge of the Verein structure). Its office should be re-parented or merged into the existing Düsseldorf office."
158,duplicate,1,name_exact,1,0016g00001AOcTZAA1,Thompson Hine LLP,www.thompsonhine.com,2021-01-20T20:56:50.000+0000,14,400,151,001Px00000j5NldIAE,Thompson Hine,,2026-08-20T18:20:43.000+0000,Kieran Hansen,N,1,1,6,duplicate,high,"This is the same name without 'LLP', from the 2026-08-20 Kieran Hansen batch, with a blank website. Its office is in Miamisburg OH, where Thompson Hine's Dayton office sits (Austin Landing, general knowledge). Its only contact is a generic 'Library' contact.",Y,duplicate,"Checked live. It is a batch record created 2026-08-20 by Kieran Hansen, with a blank website. Its office is at 10050 Innovation Dr, Ste 400, Miamisburg OH, which is the same street address as the G300 Thompson Hine 'Dayton' office (Discovery Place, 10050 Innovation Drive, Suite 400). Its only contact is a generic 'Library' contact, and it holds 6 legacy 'THOMPSON HINE 550...' opportunities. It is a redundant Thompson Hine Firm record."
159,duplicate,1,name_exact,1,0016g00001AOcTZAA1,Thompson Hine LLP,www.thompsonhine.com,2021-01-20T20:56:50.000+0000,14,400,151,001Px00000hlfBuIAI,Thompson Hine LLP,,2025-10-29T16:43:58.000+0000,Jamaal Lewis,N,1,0,0,duplicate,high,"The name exactly matches the G300 firm. Jamaal Lewis created it on 2025-10-29 with a blank website and a separate ALM_Account_ID. Its one office is in Cincinnati OH, a Thompson Hine location.",Y,duplicate,"Checked live. The name exactly matches the G300 firm. Jamaal Lewis created it on 2025-10-29, with a blank website and its own ALM ID (001Uz00000uxBs5IAE). Its one office is at 312 Walnut Street, Ste 2000, Cincinnati OH, the same building as the G300 Thompson Hine Cincinnati office (312 Walnut Street; only the suite differs). It has no contacts or opportunities. It is a redundant Firm record, and the ALM ID should be reconciled before merging."
160,predecessor_or_legacy,1,alias_exact,1,0016g00001AOdUoAAL,Troutman Pepper Locke LLP,www.troutman.com,2021-01-20T20:15:54.000+0000,68,2945,932,001Px00000j5GFoIAM,Locke Lord,,2026-08-20T18:17:02.000+0000,Kieran Hansen,N,1,1,4,predecessor_or_legacy,high,"Locke Lord merged with Troutman Pepper on 2025-01-01 to form Troutman Pepper Locke (general knowledge). This is a blank-website Firm created 2026-08-20 by Kieran Hansen with one Houston office and a library contact at locklord.com, so it is a legacy-name record of the G300 firm.",Y,predecessor_or_legacy,"Checked live. This is a blank-website Firm created 2026-08-20 by Kieran Hansen, with one Houston Office (001Px00000j5LhEIAU). Its 'Library' contact uses @locklord.com, a misspelling of lockelord.com. Its 4 opps are 'LOCKE LORD TMALP20B/TMALP21', closing 2019-2020, plus open copies. Locke Lord combined with Troutman Pepper on 2025-01-01 to form Troutman Pepper Locke (general knowledge). The G300 hierarchy already holds a locklord.com contact (Vince Hess) under a Troutman Pepper Locke office, which confirms the lineage. This is a record under a predecessor firm's name, not a spelling variant of the current name."
161,predecessor_or_legacy,1,alias_exact,1,0016g00001AOdUoAAL,Troutman Pepper Locke LLP,www.troutman.com,2021-01-20T20:15:54.000+0000,68,2945,932,001Px00000j5GFzIAM,Locke Lord LLP,,2026-08-20T18:17:02.000+0000,Kieran Hansen,N,1,0,0,predecessor_or_legacy,high,"Locke Lord LLP is the firm that merged into Troutman Pepper Locke in 2025 (general knowledge). This is a blank-website 2026-08-20 batch Firm with a single Chicago office and no contacts or opps, so it is a legacy predecessor record. It also duplicates the other Locke Lord candidates.",Y,predecessor_or_legacy,Checked live. This is a blank-website 2026-08-20 batch Firm created in the same second as row 160's 'Locke Lord'. It has one Chicago Office (001Px00000j5LhPIAU) with no contacts and no opps. 'Locke Lord LLP' is the full name of the predecessor that merged into Troutman Pepper Locke in 2025 (general knowledge). It is also redundant with the other Locke Lord candidates (rows 160 and 162).
162,predecessor_or_legacy,1,alias_exact,1,0016g00001AOdUoAAL,Troutman Pepper Locke LLP,www.troutman.com,2021-01-20T20:15:54.000+0000,68,2945,932,001Px00000jAGGVIA4,Locke Lord LLP,,2026-08-22T10:39:45.000+0000,Kieran Hansen,N,1,1,24,predecessor_or_legacy,high,"This is the same predecessor firm, Locke Lord LLP, which merged into Troutman Pepper Locke in 2025 (general knowledge). The record is from the 2026-08-22 batch and has a Chicago office whose contact uses lordbissell.com, the domain of Lord Bissell & Brook, itself a Locke Lord predecessor. It carries 24 opps.",Y,predecessor_or_legacy,"Checked live. This is a 2026-08-22 batch Firm with a blank website and one Chicago Office (001Px00000jAGQ6IAO). Its contact J. Matulio uses @lordbissell.com. Lord Bissell & Brook was a Locke Lord predecessor through the 2007 Locke Liddell merger (general knowledge). All 24 opps are 'LOCKE LORD LLP ...' subscriptions closing 2019-01 to 2020-11, so this is pre-merger history of the predecessor Locke Lord."
163,predecessor_or_legacy,1,alias_exact,1,0016g00001AOdUoAAL,Troutman Pepper Locke LLP,www.troutman.com,2021-01-20T20:15:54.000+0000,68,2945,932,001Px00000j5KN7IAM,Pepper Hamilton,,2026-08-20T18:20:06.000+0000,Kieran Hansen,N,1,1,4,predecessor_or_legacy,high,"Pepper Hamilton merged with Troutman Sanders in 2020 to form Troutman Pepper, now Troutman Pepper Locke (general knowledge). This is a blank-website 2026-08-20 batch Firm with one office (city 'Prica') and one contact.",Y,predecessor_or_legacy,"Checked live. This is a blank-website 2026-08-20 batch Firm with one Office in city 'Prica', PA (probably a typo). Its contact John Poole has no email. Its 4 opps are 'PEPPER HAMILTON 602V6R03/R04', closing 2019-12 and 2020-12. Pepper Hamilton combined with Troutman Sanders on 2020-07-01 to form Troutman Pepper, now Troutman Pepper Locke (general knowledge). That makes this a predecessor-firm record, and it duplicates row 164."
164,predecessor_or_legacy,1,alias_exact,1,0016g00001AOdUoAAL,Troutman Pepper Locke LLP,www.troutman.com,2021-01-20T20:15:54.000+0000,68,2945,932,001Px00000j5LBxIAM,Pepper Hamilton,,2026-08-20T18:17:44.000+0000,Kieran Hansen,N,1,1,8,predecessor_or_legacy,high,"Pepper Hamilton is a predecessor of the G300 firm through the 2020 merger with Troutman Sanders (general knowledge). This is a blank-website 2026-08-20 batch Firm with a Dallas office whose library contact uses pepperlaw.com, Pepper Hamilton's domain.",Y,predecessor_or_legacy,"Checked live. This is a blank-website 2026-08-20 batch Firm with one Office in Dallas (001Px00000j5DIXIA2). Its 'Library' contact uses @pepperlaw.com, Pepper Hamilton's domain. Its 8 opps are 'PEPPER HAMILTON 620EBR52-55', closing 2019-2020. Pepper Hamilton was a predecessor of the G300 firm through the 2020 merger (general knowledge). The Dallas city looks like an address error, but the domain confirms the firm."
165,duplicate,1,name_exact,1,001Px00000VvZXMIA3,"Wachtell, Lipton, Rosen & Katz",www.wlrk.com,2021-01-20T21:03:30.000+0000,2,251,763,001Px00000j5PcaIAE,Wachtell Lipton Rosen Katz,,2026-08-20T18:20:48.000+0000,Kieran Hansen,N,1,1,25,duplicate,high,"This is the full name of Wachtell, Lipton, Rosen & Katz with the punctuation and '&' dropped. It is a blank-website 2026-08-20 batch Firm with one New York office and an 'Esq.' contact, and there is no sign of a separate entity.",Y,duplicate,"Checked live. The name is 'Wachtell Lipton Rosen Katz', the full firm name without punctuation. It is a blank-website 2026-08-20 batch Firm with one New York Office. Its contact is 'Michael Sabbah Esq.' and its opps are 'WACHTELL LIPTON ROSEN KATZ 685...' subscriptions from 2019-2023. Wachtell has never changed its name and has no affiliates (general knowledge), so this is a redundant record of the G300 firm."
166,duplicate,1,name_exact,1,001Px00000VvZXMIA3,"Wachtell, Lipton, Rosen & Katz",www.wlrk.com,2021-01-20T21:03:30.000+0000,2,251,763,001Px00000j5PcbIAE,Wachtell Lipton Rosen Katz,,2026-08-20T18:20:48.000+0000,Kieran Hansen,N,1,1,25,duplicate,high,"The name is identical to row 165's candidate, a punctuation-stripped Wachtell, Lipton, Rosen & Katz. It was created in the same second of the 2026-08-20 batch and has its own New York office and an attorney contact.",Y,duplicate,"Checked live. The name is identical to row 165 and the record was created in the same second. It has its own New York Office (001Px00000j5RqDIAU). Its contact is 'S Christopher Szczerban Esq.', a Wachtell partner (general knowledge). Its opps come from the same '685' subscription series as row 165, closing 2019-2023. It is a duplicate of the G300 firm and of row 165."
167,duplicate,1,name_exact,1,001Px00000Vvm4ZIAR,"Weil, Gotshal & Manges LLP",www.weil.com,2021-01-20T21:04:23.000+0000,23,2069,1265,001Px00000j5PcvIAE,Weil Gotshal & Manges LLP,,2026-08-20T18:20:48.000+0000,Kieran Hansen,N,1,1,6,duplicate,high,"The name differs from the G300 record only by a missing comma. It is a 2026-08-20 Kieran Hansen batch record with a blank Website, and its only Office is in Hong Kong, a location the G300 Weil record already has as an Office. It is a redundant Firm record.",Y,duplicate,"Checked live. 001Px00000j5PcvIAE 'Weil Gotshal & Manges LLP' is a Firm record created 2026-08-20 by Kieran Hansen with a blank Website. Its only Office, 001Px00000j5SOPIA2, is in Hong Kong. The G300 Weil record already has a Hong Kong Office (0016g00001AP5KKAA1). Its 6 opps are named 'WEIL GOTSHAL & MANGES LLP ...', and its one contact is Bonnie Chan. The name differs from the G300 only by a comma, and nothing points to a separate entity. It is a redundant Firm record."
168,duplicate,1,name_exact,1,001Px00000Vvm4ZIAR,"Weil, Gotshal & Manges LLP",www.weil.com,2021-01-20T21:04:23.000+0000,23,2069,1265,001Px00000j5PcwIAE,Weil Gotshal Manges,,2026-08-20T18:20:48.000+0000,Kieran Hansen,N,1,1,3,duplicate,high,"This is the Weil name with the punctuation, '&' and suffix removed. It is a 2026-08-20 batch record with a blank Website, and its single Office is in New York, Weil's HQ. Its contact is James W. Quinn, who from general knowledge is a well-known Weil litigator. It is a redundant Firm record.",Y,duplicate,"Checked live. 001Px00000j5PcwIAE 'Weil Gotshal Manges' is a 2026-08-20 Kieran Hansen Firm record with a blank Website. Its only Office, 001Px00000j5SOQIA2, is in New York; the G300 has New York Offices, including 0016g00001EYZHuAAP. Its 3 opps are billing-style names ('WEIL GOTSHAL MANGES 728EREV'). Its contact James W. Quinn has no email. From general knowledge he was a long-time Weil litigator, though he later moved firms. The record name alone identifies Weil. It is a redundant Firm record."
169,duplicate,1,name_exact,1,001Px00000VvL2BIAV,"Weinberg, Wheeler, Hudgins, Gunn & Dial, LLC",www.wwhgd.com,2021-01-20T21:04:23.000+0000,5,100,193,001Px00000heaQbIAI,Weinberg Wheeler Hudgins Gunn & Dial,,2026-07-25T18:09:18.000+0000,Kieran Hansen,N,1,1,0,duplicate,high,"This is the G300 name without its commas and 'LLC'. It is a 2026-07-25 Kieran Hansen batch record with a blank Website, and its single Office is in Atlanta, the firm's HQ. It is a redundant Firm record. Its one contact is a non-firm 'Spouse' and looks misfiled.",Y,duplicate,"Checked live. 001Px00000heaQbIAI 'Weinberg Wheeler Hudgins Gunn & Dial' is a 2026-07-25 Kieran Hansen Firm record with a blank Website. Its only Office, 001Px00000heeTxIAI, is in Atlanta, and the G300 has an Atlanta Office (0016g00001EYZHyAAP). The name is the G300 name minus its commas and 'LLC'. Its only contact is Beth O'Neill (cgminc.com, title 'Spouse'), which looks misfiled but does not change what the Firm record is. It is a redundant Firm record."
170,duplicate,1,name_exact,1,001Px00000VvL2BIAV,"Weinberg, Wheeler, Hudgins, Gunn & Dial, LLC",www.wwhgd.com,2021-01-20T21:04:23.000+0000,5,100,193,001Px00000hecV3IAI,Weinberg Wheeler Hudgins Gunn & Dial,,2026-07-25T18:15:04.000+0000,Kieran Hansen,N,1,1,0,duplicate,high,"The name is the same as row 169's candidate. It is another 2026-07-25 batch record with a blank Website, and its Office is in Miami, where the G300 WWHGD record also has an Office. Its contact is an attorney with a wwhd.com email address, so it is a redundant Firm record.",Y,duplicate,"Checked live. 001Px00000hecV3IAI has the same name as row 169's candidate and is another 2026-07-25 batch Firm record with a blank Website. Its only Office, 001Px00000heeTyIAI, is in Miami, and the G300 has a Miami Office (0016g00001EYZI3AAP). Its contact, Jose Herrera-Paez, is an Attorney whose email is at wwhd.com, a misspelling of wwhgd.com. It is a redundant Firm record and should merge into the G300 together with row 169's candidate."
171,duplicate,1,name_exact,1,001Px00000VvmTxIAJ,White & Case LLP,www.whitecase.com,2021-01-20T21:04:56.000+0000,57,4964,4217,001Px00000heTgiIAE,White & Case,,2026-07-25T18:13:58.000+0000,Kieran Hansen,N,1,1,1,duplicate,high,"This is the G300 name without 'LLP'. It is a 2026-07-25 batch record with a blank Website, and its single Office is White & Case's Dubai location. It is a redundant Firm record, not a separate entity. Its one contact has an srco.com.sa email address and looks misfiled.",Y,duplicate,"Checked live. 001Px00000heTgiIAE 'White & Case' is a 2026-07-25 Kieran Hansen Firm record with a blank Website. Its only Office, 001Px00000hegTHIAY, is in Dubai, and the G300 has a Dubai Office (0016g00001AQ0BzAAL). Its only activity is a Middle East Legal Awards 2024 delegate opp for Abdulaziz Basharahil, whose email is at srco.com.sa. That contact looks misplaced, but the Firm record is simply White & Case without 'LLP' and is not a separate entity. It is a redundant Firm record."
172,duplicate,1,name_exact,1,001Px00000VvmTxIAJ,White & Case LLP,www.whitecase.com,2021-01-20T21:04:56.000+0000,57,4964,4217,001Px00000j5PdBIAU,White & Case LLP,,2026-08-20T18:20:48.000+0000,Kieran Hansen,N,1,1,2,duplicate,high,"The name is exactly the same as the G300 record. It is a 2026-08-20 Kieran Hansen batch record with a blank Website, and its single Office is in New York, the firm's HQ.",Y,duplicate,"Checked live. 001Px00000j5PdBIAU 'White & Case LLP' has exactly the G300 name. It is a 2026-08-20 Kieran Hansen Firm record with a blank Website. Its only Office, 001Px00000j5SOfIAM, is in New York, where the G300 has several Offices. Its 2 opps are named 'WHITE & CASE LLP NDISP20B', and its contact is Wayne Page. It is a redundant Firm record."
173,duplicate,1,name_exact,1,0016g00001AOgkyAAD,Wiley Rein LLP,www.wiley.law,2021-01-20T21:05:17.000+0000,7,253,205,001Px00000j5F6JIAU,Wiley Rein LLP,,2026-08-20T18:18:57.000+0000,Kieran Hansen,N,1,1,1,duplicate,high,"The name is exactly the same as the G300 record. It is a 2026-08-20 batch record with a blank Website, and its single Office is in Washington DC, the firm's HQ. Its contact's email is at a misspelled wiley.law domain.",Y,duplicate,"Checked live. 001Px00000j5F6JIAU 'Wiley Rein LLP' has exactly the G300 name. It is a 2026-08-20 Kieran Hansen Firm record with a blank Website. Its only Office, 001Px00000j5TrEIAU, is in Washington DC, where the G300 has several Offices. Its opp is 'WILEY REIN LLP DCMAL24E'. Its contact's email, @wilely.law, is at a misspelling of wiley.law. It is a redundant Firm record."
174,duplicate,1,name_exact,1,001Px00000VxW0NIAV,Williams & Connolly LLP,www.wc.com,2021-01-20T21:05:22.000+0000,3,209,293,001Px00000heZg2IAE,Williams & Connolly LLP,,2026-07-25T18:08:12.000+0000,Kieran Hansen,N,1,2,0,duplicate,high,"The name is exactly the same as the G300 record. It is a 2026-07-25 batch record with a blank Website, and its single Office is in Washington DC. Its contacts include a wc.com associate, so it is a redundant Firm record.",Y,duplicate,"Checked live. 001Px00000heZg2IAE 'Williams & Connolly LLP' has exactly the G300 name. It is a 2026-07-25 Kieran Hansen Firm record with a blank Website. Its only Office, 001Px00000hegTjIAI, is in Washington DC, where the G300 has 3 Offices. Its contacts are Ariel Goldfine (Associate, @wc.com) and Laurie Chamberlin (adeccogroup.com, likely misplaced). It is a redundant Firm record."
175,duplicate,1,name_exact,1,001Px00000VxW0NIAV,Williams & Connolly LLP,www.wc.com,2021-01-20T21:05:22.000+0000,3,209,293,001Px00000hecQTIAY,Williams & Connolly LLP,,2026-07-25T18:14:51.000+0000,Kieran Hansen,N,1,2,0,duplicate,high,"The name is exactly the same as the G300 record. It is a 2026-07-25 batch record with a blank Website, and its single Office is in Washington DC. Its contacts include a wc.com partner, so it is a redundant Firm record.",Y,duplicate,"Checked live. 001Px00000hecQTIAY 'Williams & Connolly LLP' has exactly the G300 name. It is a 2026-07-25 batch Firm record with a blank Website. Its only Office, 001Px00000hegTkIAI, is in Washington DC. Its contacts are Paul Gaffney (Partner, @wc.com) and Lisa Blatt (Partner, @w.com, a typo). From general knowledge, both are well-known W&C partners. It is a redundant Firm record, one of four same-name duplicates in rows 174 to 177."
176,duplicate,1,name_exact,1,001Px00000VxW0NIAV,Williams & Connolly LLP,www.wc.com,2021-01-20T21:05:22.000+0000,3,209,293,001Px00000j5HMiIAM,Williams & Connolly LLP,,2026-08-20T18:20:53.000+0000,Kieran Hansen,N,1,0,0,duplicate,high,"The name is exactly the same as the G300 record. It is a 2026-08-20 batch record with a blank Website, and its single Office is in Washington DC. It has no contacts or opps.",Y,duplicate,"Checked live. 001Px00000j5HMiIAM 'Williams & Connolly LLP' has exactly the G300 name. It is a 2026-08-20 Kieran Hansen Firm record with a blank Website. Its only Office, 001Px00000j5SP1IAM, is in Washington DC. It has no contacts and no opps. It is a redundant Firm record."
177,duplicate,1,name_exact,1,001Px00000VxW0NIAV,Williams & Connolly LLP,www.wc.com,2021-01-20T21:05:22.000+0000,3,209,293,001Px00000jAIvLIAW,Williams & Connolly LLP,,2026-08-22T10:39:50.000+0000,Kieran Hansen,N,1,1,28,duplicate,high,"The name is exactly the same as the G300 record. It is a 2026-08-22 batch record with a blank Website, and its single Office is in Washington DC with a 'Library' contact. It carries 28 opps that would need re-parenting.",Y,duplicate,"Checked live. 001Px00000jAIvLIAW 'Williams & Connolly LLP' has exactly the G300 name. It is a 2026-08-22 Kieran Hansen Firm record with a blank Website. Its only Office, 001Px00000jAGtYIAW, is in Washington DC, and its one contact is 'Library'. That Office carries 28 billing-style opps ('WILLIAMS & CONNOLLY LLP 636ONL/656R38/676EBR31/...', closing in 2019). They should be re-parented to a G300 W&C DC Office on merge. It is a redundant Firm record."
178,duplicate,1,name_exact,1,0016g00001AOgqqAAD,Willkie Farr & Gallagher LLP,www.willkie.com,2021-01-20T21:05:22.000+0000,20,1589,1118,001Px00000j5F6RIAU,Willkie Farr & Gallagher,,2026-08-20T18:18:57.000+0000,Kieran Hansen,N,1,1,4,duplicate,high,"This is the G300 name without 'LLP'. It is a 2026-08-20 batch record with a blank Website, and its single Office is in New York, the firm's HQ. Its contact's email is at a misspelled willkie.com domain.",Y,duplicate,"Checked live. 001Px00000j5F6RIAU 'Willkie Farr & Gallagher' is the G300 name without 'LLP'. It is a 2026-08-20 Kieran Hansen Firm record with a blank Website. Its only Office, 001Px00000j5TrMIAU, is in New York, where the G300 has New York Offices (0016g00001EYZa3AAH, 001Px00000lNO6eIAG). Its 4 opps are named 'WILLKIE FARR & GALLAGHER NBUSL20(B)'. Its contact's email, @willlkie.com, is at a misspelling of willkie.com. It is a redundant Firm record."
179,predecessor_or_legacy,1,alias_exact,1,0016g00001AOgrVAAT,Wilmer Cutler Pickering Hale and Dorr LLP,www.wilmerhale.com,2021-01-20T21:05:17.000+0000,17,1740,1545,001Px00000j5PI0IAM,Hale Dorr,,2026-08-20T18:19:21.000+0000,Kieran Hansen,N,1,1,35,predecessor_or_legacy,high,"General knowledge: Hale and Dorr merged with Wilmer Cutler Pickering in 2004 to form WilmerHale, so this is a legacy firm name. It is a 2026-08-20 Kieran Hansen batch record with a Boston office, contact Mark G. Borden (a WilmerHale Boston partner) and 35 opps, so reassigning it is important.",Y,predecessor_or_legacy,"Verified: Firm 001Px00000j5PI0IAM 'Hale Dorr' was created 2026-08-20 by Kieran Hansen, has a blank website and one Boston office (001Px00000j5U8UIAU). That office's only contact is Mark G. Borden, and a 'Mark Borden' (@wilmerhale.com) already sits on the G300 WilmerHale Boston office. Its 35 opps are 'HALE DORR 592R56'-style subscription records that close from 2019 to 2025. General knowledge: Hale and Dorr merged with Wilmer Cutler Pickering in 2004 to form WilmerHale, so this is the legacy name for a live WilmerHale account. The live opps make reassigning or merging into WilmerHale the practical outcome."
180,duplicate,1,name_exact,1,0016g00001AOgsMAAT,Wilson Elser Moskowitz Edelman & Dicker LLP,www.wilsonelser.com,2021-01-20T21:05:28.000+0000,33,440,417,001Px00000j5HMpIAM,Wilson Elser Moskowitz Edelman Dicker,,2026-08-20T18:20:53.000+0000,Kieran Hansen,N,1,1,2,duplicate,high,"Same name as the G300 firm, missing only the '&' and 'LLP'. It is a 2026-08-20 Kieran Hansen batch record with a blank website and one Dallas office, which is a Wilson Elser location.",Y,duplicate,"Verified: 001Px00000j5HMpIAM was created 2026-08-20 by Kieran Hansen with a blank website. Its only child is a Dallas office (contact Linda Stimmel, 2 'WILSON ELSER MOSKOWITZ EDELMAN DICKER TXTPE20B' opps). The G300 Wilson Elser already has a Dallas office (001Px00000WOClMIAX). The name is the full firm name without '&' and 'LLP', so this is a redundant Firm record."
181,duplicate,1,name_exact,1,0016g00001AOgt0AAD,Wilson Sonsini Goodrich & Rosati Professional Corporation,www.wsgr.com,2021-01-20T21:05:28.000+0000,40,677,626,001Px00000j5HMqIAM,Wilson Sonsini Goodrich & Rosati,,2026-08-20T18:20:53.000+0000,Kieran Hansen,N,1,1,47,duplicate,high,"Exact firm name without 'Professional Corporation'. It is a 2026-08-20 batch record with a blank website, one San Francisco office and 47 opps, so it is a redundant Firm record for WSGR.",Y,duplicate,"Verified: 001Px00000j5HMqIAM is a 2026-08-20 Kieran Hansen batch Firm record with a blank website. Its one San Francisco office holds 47 'WILSON SONSINI GOODRICH & ROSATI 592R56/592ONL' opps closing 2019-2026. The G300 WSGR already has several San Francisco offices, and the name is identical apart from dropping 'Professional Corporation'. This is a redundant record for the same firm."
182,duplicate,1,name_exact,1,0016g00001AOgx4AAD,Winstead PC,www.winstead.com,2021-01-20T21:05:34.000+0000,12,159,104,001Px00000j5HMuIAM,Winstead Pc,,2026-08-20T18:20:53.000+0000,Kieran Hansen,N,1,1,12,duplicate,high,"The name differs from the G300 'Winstead PC' only in case. It is a 2026-08-20 batch record with a blank website, one Dallas office (Winstead's HQ city) and a 'Law Library' contact.",Y,duplicate,"Verified: 'Winstead Pc' (001Px00000j5HMuIAM) is a 2026-08-20 batch record with a blank website and one Dallas office (contact 'Law Library', 12 'WINSTEAD PC 550...' opps). The G300 Winstead PC already has multiple Dallas offices, including ones named 'Winstead Pc'. The names differ only in case, so this is a duplicate."
183,duplicate,1,name_exact,1,001Px00000VvVePIAV,Winston Taylor LLP,www.winstontaylor.com,2021-01-20T19:46:27.000+0000,46,2950,1433,001Px00000hTHmOIAW,Winston Taylor LLP,,2026-06-30T17:13:57.000+0000,David Winn,N,1,2,0,duplicate,high,"The name is identical to the G300 firm. Its Chicago office contacts (Meghan Coates, Mark Roy) have @winstontaylor.com emails, matching the G300 website, so it is a redundant Firm record created 2026-06-30 by David Winn.",Y,duplicate,"Verified: 001Px00000hTHmOIAW is named 'Winston Taylor LLP', the same as the G300, and was created 2026-06-30 by David Winn. Its Chicago office contacts use @winstontaylor.com emails. Meghan Coates also exists (as @winstontaylor.com) on the G300 Winston Taylor Chicago office. This is the same firm, a redundant Firm record."
184,duplicate,1,alias_exact,1,001Px00000VvNUXIA3,Withersworldwide LLP,www.withersworldwide.com,2021-01-20T20:09:30.000+0000,23,681,546,001Px00000hecUDIAY,Withers,,2026-07-25T18:15:04.000+0000,Kieran Hansen,N,1,1,0,duplicate,medium,"'Withers' is the firm's brand name. This 2026-07-25 batch record has a Milan office (Withers has a Milan office) and a partner contact with a witherskhattarwong.com email, which is a Withers group domain. The Singapore-entity email domain adds slight doubt, but the record name is the plain brand, not a separate entity.",Y,duplicate,"Verified, and the evidence is stronger than the reviewer stated: 'Withers' (001Px00000hecUDIAY) was created 2026-07-25 by Kieran Hansen with a blank website and one Milan office. Its contact, Fernando Gandioli, appears three more times inside the G300 Withersworldwide hierarchy with @withersworldwide.com. The G300 already has a Milan office ('Studio Legale Withers') and uses 'Withers' as the office name in Hong Kong and Zurich. The witherskhattarwong.com email does not point to a separate firm, since many G300 contacts use that domain. The record name is the plain brand, not a country entity, so this is a redundant Firm record."
185,predecessor_or_legacy,1,alias_exact,1,001Px00000VwYp5IAF,Womble Bond Dickinson,www.womblebonddickinson.com,2021-01-20T19:34:19.000+0000,58,1649,614,001Px00000VvNVXIA3,Bond Dickinson LLP,,2025-11-13T10:11:39.000+0000,Kieran Hansen,N,1,6,0,predecessor_or_legacy,high,"General knowledge: Bond Dickinson (UK) combined with Womble Carlyle in 2017 to form Womble Bond Dickinson. This 2025-11-13 batch record has a Bristol office, and its contacts' emails are at both bonddickinson.com and wbd-uk.com.",Y,predecessor_or_legacy,"Verified: 'Bond Dickinson LLP' (001Px00000VvNVXIA3) was created 2025-11-13 by Kieran Hansen. It has one Bristol office whose contacts use both bonddickinson.com and wbd-uk.com emails. Jonathan Blair, listed as Managing Partner, also sits on the G300's 'Womble Bond Dickinson (UK) LLP' London office as @wbd-uk.com. General knowledge: Bond Dickinson combined with Womble Carlyle in 2017 and the UK LLP was renamed Womble Bond Dickinson (UK) LLP, so this is the former name. The G300 already has a WBD (UK) Bristol office."
186,disputed,1,name_exact,1,0016g00001AOhuOAAT,Zhong Yin Law Firm,www.zhongyinlawyer.com,2021-01-20T20:56:15.000+0000,5,27,17,0016g00001AOhuNAAT,Zhong Yin,www.zhongyinlawyer.com.tw,2021-01-20T21:07:34.000+0000,Kamyar Jannati,N,1,2,1,unrelated,medium,"The candidate's only office is in Taipei, Taiwan, with its own domain (zhongyinlawyer.com.tw), Taiwanese-style 'Attorney at Law' contacts, and a Taiwan-specific TLR opp. The G300 record's offices are in Beijing, Shenzhen and Chengdu, and its contacts use zhongyinlawyer.com. From general knowledge, the Beijing Zhongyin firm has no Taiwan branch, so this looks like a separate Taiwanese firm with a similar name. Confirming the Taiwan firm's Chinese name would settle it.",N,affiliate_or_office,"The records confirm what the reviewer described. The candidate's only office is in Taipei, and its site and contacts (Charlotte Wu, Roick Feng) use zhongyinlawyer.com.tw. The G300 offices are in Beijing, Shenzhen and Chengdu on zhongyinlawyer.com. But a web search contradicts the 'unrelated' call and settles the question the reviewer left open. The Taiwan firm is 中銀律師事務所 ZHONG YIN LAW FIRM, the same Chinese name as Beijing Zhongyin. Its site says it 'shares the brand and level of expertise with Zhong Yin Lawyer in China, but operates independently in Taiwan in terms of management, human resources, and finances.' Its domain also mirrors the G300 domain exactly. So it is a separately run member of the same brand, not a coincidental name match and not a duplicate."
187,affiliate_or_office,2,name_extends,1,0016g00001ANnDBAA1,Akin Gump Strauss Hauer & Feld LLP,www.akingump.com,2021-01-20T19:16:50.000+0000,26,1761,991,001Px00000hloUDIAY,"AKIN GUMP STRAUSS HAUER & FELD LLP , DUBAI",,2026-02-04T17:44:15.000+0000,Nirlipta Nihar Parida,N,1,0,0,affiliate_or_office,high,"The name carries a ', DUBAI' suffix and the single child office is in Dubai, UAE. This is Akin Gump's Dubai office (general knowledge: Akin has a Dubai office) recorded as a separate Firm when it should be an Office under the G300 firm.",Y,affiliate_or_office,"Confirmed. The Firm record is named 'AKIN GUMP STRAUSS HAUER & FELD LLP , DUBAI' and has one child office in Dubai, UAE, with no contacts or opps. The G300 hierarchy already has several Dubai office records, including one with this exact name (001Px00000cAmqKIAS), plus Abu Dhabi. So this is Akin's Dubai office recorded as a Firm, which is the ', DUBAI' pattern in the category guide."
188,duplicate,2,alias_extends,1,001Px00000VvfTpIAJ,Allen Overy Shearman Sterling LLP,www.aoshearman.com,2021-01-20T19:17:41.000+0000,57,6867,3528,001Px00000hloUuIAI,A&O SHEARMAN GROUP,,2026-04-20T00:27:26.000+0000,Khris Fenton,N,1,1,0,duplicate,high,"This is the firm's current brand name 'A&O Shearman' with a 'GROUP' suffix. Its only contact has an @aoshearman.com email, the same domain as the G300 record, and nothing points to a separate entity. The Orlando office address is odd but most likely the contact's own location.",Y,duplicate,"The live record 001Px00000hloUuIAI 'A&O SHEARMAN GROUP' was created 2026-04-20 by Khris Fenton with a blank website, and its one office is in Orlando (Scorpius St). Its only contact is Michael Michaelides (@aoshearman.com). The same person with the same email already exists under the G300 firm's London office (0016g00001AQ0XVAA1). The name is the current A&O Shearman brand, and nothing points to a separate legal entity. This is a redundant Firm record, and the Orlando address is probably the contact's own location."
189,unrelated,2,name_short_form,1,0016g00001ANr4aAAD,Barnes & Thornburg LLP,www.btlaw.com,2021-01-20T19:24:18.000+0000,26,633,296,001Px00000heWA0IAM,BARNES,,2026-07-25T18:08:30.000+0000,Kieran Hansen,N,1,1,0,unrelated,high,"The only contact is a 'Global Capital Markets - Investment Sales' person at barnes-international.com, which is a real-estate business, not Barnes & Thornburg (btlaw.com). The record only shares the word 'Barnes'.",Y,unrelated,"Confirmed. The child office has no address, and its only contact is Stephanie Botchway, 'Global Capital Markets - Investment Sales', at barnes-international.com (a real-estate agency, not a law firm). Nothing points to btlaw.com or Barnes & Thornburg; the records only share the word 'Barnes'."
190,unrelated,2,name_short_form,1,001Px00000VvNVPIA3,Bird & Bird LLP,www.twobirds.com,2021-01-20T19:26:35.000+0000,39,2807,2106,001Tm00000K5SGIIA3,Bird,www.bird.com,2025-06-25T08:31:23.000+0000,Kieran Hansen,N,1,2,1,unrelated,high,"Website bird.com, Industry 'Software & SaaS', an Amsterdam office, in-house legal contacts (General Counsel, Junior Legal Counsel) and a Lexology Pro In-House opp. This is the Dutch software company Bird (formerly MessageBird, from general knowledge), not Bird & Bird (twobirds.com).",Y,unrelated,"Confirmed. Website www.bird.com, Industry 'Software & SaaS', an Amsterdam office, and contacts Edel Hartog (General Counsel) and Valeria Grant (Junior Legal Counsel) on bird.com. The opp is 'Lexology Pro - In House | ... | Bird'. From general knowledge, this is the Dutch software company Bird (formerly MessageBird), not Bird & Bird (twobirds.com)."
191,person_or_misfiled,2,name_short_form,1,0016g00001ANsQTAA1,"Blake, Cassels & Graydon LLP",www.blakes.com,2021-01-20T19:26:52.000+0000,10,1460,938,001Px00000cAYzAIAW,Blake,,2021-06-23T14:15:39.000+0000,Kieran Hansen,N,1,1,0,person_or_misfiled,medium,"The only child office is in West Bloomfield, Michigan, and the only contact is 'Blake Soulet' (title 'sales', gmail address). The Firm record appears to be named after that person's first name. Nothing links it to the Canadian firm Blake, Cassels & Graydon (blakes.com).",Y,person_or_misfiled,"Confirmed. The only office is in West Bloomfield, Michigan, and the only contact is Blake Soulet (title 'sales', @gmail.com). The Firm record is named after the person's first name. It has no website, no opps, and nothing linking it to Blake, Cassels & Graydon (blakes.com)."
192,predecessor_or_legacy,2,name_extends,1,0016g00001ANt2nAAD,Bracewell LLP,www.bracewell.com,2021-01-20T19:28:04.000+0000,20,550,394,001Px00000VxXFnIAN,Bracewell & Patterson,,2025-11-13T14:26:11.000+0000,Kieran Hansen,N,1,1,0,predecessor_or_legacy,high,"From general knowledge, Bracewell & Patterson is Bracewell LLP's former name (it became Bracewell & Giuliani in 2005 and Bracewell in 2016). The record's only contact is a Bracewell cybersecurity partner with a bgllp.com (Bracewell & Giuliani) email.",Y,predecessor_or_legacy,"Confirmed. The only contact is Shamoil T. Shipchandler, 'Partner (CyberSecurity)', at @bgllp.com, the Bracewell & Giuliani domain. From general knowledge, Bracewell & Patterson became Bracewell & Giuliani (2005) and then Bracewell LLP. The record is from the 2025-11-13 Kieran Hansen batch, with a blank website and a US office."
193,duplicate,2,name_short_form,1,0016g00001ANt3wAAD,Bradley Arant Boult Cummings LLP,www.bradley.com,2021-01-20T19:28:04.000+0000,18,602,305,0016g00001ANt3mAAD,Bradley,www.bradleycorp.com,2021-01-20T19:28:04.000+0000,Kamyar Jannati,N,1,3,2,duplicate,high,"The website (bradleycorp.com) and office location (Sidney, AR) look like bad enrichment. However, all 3 contacts use @bradley.com emails, including Bruce Ely (Of Counsel, whom general knowledge places as a Bradley Arant tax lawyer) and a Marketing/BD contact, and the opps name 'Bradley', which is Bradley Arant Boult Cummings' short brand.",Y,duplicate,"Confirmed. The website bradleycorp.com and the Sidney, AR office are bad enrichment. All 3 contacts use @bradley.com: Lauren Wallace, Bruce Ely (Of Counsel/Director) and Sarah McVey (Marketing / BD). Bruce Ely (@bradley.com) also exists as a contact under the G300 office 'Bradley Arant Boult Cummings LLP'. Both opps name 'Bradley' with these contacts (Lexology Pro Workflow ... Bradley | Laur..., and Lexology Webinar – Sarah McVey - Bradley). So this is a redundant record for Bradley Arant."
194,duplicate,2,name_short_form,1,0016g00001ANtZ9AAL,"Brownstein Hyatt Farber Schreck, LLP",www.bhfs.com,2021-01-20T19:29:01.000+0000,13,219,337,001Px00000j5KWfIAM,Brownstein Hyatt Farber,,2026-08-20T18:15:26.000+0000,Kieran Hansen,N,1,0,0,duplicate,high,"The name is a truncated form of Brownstein Hyatt Farber Schreck and the child office is in Denver, CO, the firm's headquarters. It was created in the 2026-08-20 Kieran Hansen batch with a blank website, and there is no evidence of a separate entity.",Y,duplicate,"Confirmed. 'Brownstein Hyatt Farber' is a truncated form of the G300 name. It was created 2026-08-20 by Kieran Hansen with a blank website and one Denver, CO child office, and has no contacts or opps. The G300 already has Denver offices (0016g00001EYExkAAH and 001Px00000WOWsNIAX), and nothing suggests a separate entity."
195,duplicate,2,name_short_form,1,0016g00001ANtZ9AAL,"Brownstein Hyatt Farber Schreck, LLP",www.bhfs.com,2021-01-20T19:29:01.000+0000,13,219,337,001Px00000jAKoYIAW,Brownstein Hyatt Farber,,2026-08-22T10:39:40.000+0000,Kieran Hansen,N,1,1,20,duplicate,high,"Same truncated name with a Denver, CO office, created in the 2026-08-22 batch. Its contact's email is at bhfs.com.com (a typo of the G300 domain bhfs.com), and its 20 opps are 'BROWNSTEIN HYATT FARBER' subscription orders. This is a redundant record for the G300 firm, and it also duplicates row 194's candidate.",Y,duplicate,"Confirmed. Same truncated name, created 2026-08-22 by Kieran Hansen with a Denver, CO office. Its contact Matthew R. Elisha uses @bhfs.com.com, a typo of bhfs.com. It has 20 'BROWNSTEIN HYATT FARBER 593...' subscription opps. It is a redundant record for the G300 firm and also duplicates row 194's candidate."
196,predecessor_or_legacy,2,alias_extends,1,0016g00001ANtcKAAT,Bryan Cave Leighton Paisner LLP,www.bclplaw.com,2021-01-20T19:29:08.000+0000,46,2542,921,001Px00000VwPIPIA3,Berwin Leighton Paisner LLP- Uk,,2025-11-13T11:46:46.000+0000,Kieran Hansen,N,1,0,0,predecessor_or_legacy,high,Berwin Leighton Paisner is the UK firm that merged into BCLP in 2018 (general knowledge). '- Uk' is only a location tag on the legacy name. This is a second 2025-11-13 BLP record with one London office and no contacts.,Y,predecessor_or_legacy,"The live record 001Px00000VwPIPIA3 'Berwin Leighton Paisner LLP- Uk' is from the 2025-11-13 batch with a blank website. It has one London office at Adelaide House (BLP's former HQ) and no contacts or opps. '- Uk' is a location tag on the pre-2018 BLP name. BLP merged into BCLP in 2018 (general knowledge), so this is a legacy/predecessor record. It is also a second BLP record alongside row 9's 001Px00000VwXFjIAN."
197,unrelated,2,name_short_form,1,001Px00000Vvaq6IAB,Buchanan Ingersoll & Rooney PC,www.bipc.com,2021-01-20T19:29:14.000+0000,25,392,442,0016g00001ANth6AAD,Buchanan,www.buchanan.uk.com,2021-01-20T19:29:14.000+0000,Kamyar Jannati,N,1,1,0,unrelated,high,"Website buchanan.uk.com, and the child office is 'Buchanan Communications' in London (a UK financial PR firm, from general knowledge). It is unrelated to Buchanan Ingersoll & Rooney (bipc.com) and only shares the word 'Buchanan'.",Y,unrelated,"Confirmed. Website www.buchanan.uk.com, and the child office is 'Buchanan Communications' in London. The only contact is an Associate at buchanan.uk.com. From general knowledge, this is a UK financial PR firm, unrelated to Buchanan Ingersoll & Rooney (bipc.com)."
198,unrelated,2,name_short_form,1,001Px00000Vvaq6IAB,Buchanan Ingersoll & Rooney PC,www.bipc.com,2021-01-20T19:29:14.000+0000,25,392,442,0016g00001ANth8AAD,Buchanan,www.bchn.com.au,2021-01-20T19:29:14.000+0000,Kamyar Jannati,N,1,2,2,unrelated,high,"Website bchn.com.au, with the office in Brighton, Victoria, Australia, partner Scott Buchanan and a senior lawyer on bchn.com.au emails, and 'Buchanan - Australia' opps. This is a separate Australian law practice, not Buchanan Ingersoll & Rooney.",Y,unrelated,"Confirmed. Website www.bchn.com.au, with the office in Brighton, Victoria, Australia. Contacts are Scott Buchanan (Partner) and Aimee Pomogacs (Senior Lawyer) on bchn.com.au. The opps are 'Lexology Inform - Buchanan - Australia' and a WTR 1000 biography opp. This is a separate Australian practice, not Buchanan Ingersoll & Rooney."
199,unrelated,2,name_extends,1,0016g00001ANx1bAAD,CMS Legal,www.cms.law,2021-01-20T19:31:35.000+0000,106,6828,3358,001Tm00000N5Wa4IAF,CMS Cepcor,www.cmscepcor.com,2025-09-09T06:49:26.000+0000,Karnati Nihanth,N,1,1,0,unrelated,high,"The website is cmscepcor.com, the industry is Metals & Mining, and the Office is 'CMS Cepcor Ltd' in Leicestershire, UK. Its contact is a Drawing Office Manager. This is an engineering company that only shares the 'CMS' letters.",Y,unrelated,"Confirmed. The website is cmscepcor.com and the industry is Metals & Mining. Its Office is 'CMS Cepcor Ltd' on Vulcan Way, Hermitage Industrial Estate, Coalville, Leicestershire. The only contact is a Drawing Office Manager at cmscepcor.com. This is an engineering and manufacturing company that only shares the 'CMS' letters."
200,unrelated,2,name_extends,1,0016g00001ANx1bAAD,CMS Legal,www.cms.law,2021-01-20T19:31:35.000+0000,106,6828,3358,0016g00001ANx1UAAT,CMS Compliance Group Inc,www.cmscompliancegroup.com,2021-01-20T19:35:36.000+0000,Kamyar Jannati,N,1,1,0,unrelated,high,"The website is cmscompliancegroup.com and the Office is in Melville, US. Its contact is a Marketing Officer with a cmscg.net email. This is a separate compliance company that only shares the acronym.",Y,unrelated,"Confirmed. The website is cmscompliancegroup.com and the Office is at 68 South Service Road, Melville, NY. The contact is a Marketing Officer with a cmscg.net email. The G300 CMS Legal record has no Office in Melville; its only US entries are 'CMS US Representative Office, Inc.' and a stray 'Cms' in Decatur. This is a separate compliance company that only shares the acronym."
201,unrelated,2,name_extends,1,0016g00001ANx1bAAD,CMS Legal,www.cms.law,2021-01-20T19:31:35.000+0000,106,6828,3358,001Px00000bh8r1IAA,CMS Computers,www.cms.co.in,2026-03-17T11:53:57.000+0000,Kieran Hansen,N,1,1,0,unrelated,high,"The website is cms.co.in, the industry is Business Support Services, and the Office is in Mumbai, India. Its contact is the Head Legal & Company Secretary at cms.co.in. This is an Indian IT company, not the law firm.",Y,unrelated,"Confirmed. The website is cms.co.in, the industry is Business Support Services, and the Office is in the Industries Compound, Bhandup West, Mumbai. The contact is the Head Legal & Company Secretary at cms.co.in. From general knowledge, this is CMS Computers, an Indian IT services company. CMS's Indian member firm is already recorded separately as 'CMS INDUSLAW' Offices (induslaw.com), including one in Mumbai, so this record is not the law firm."
202,unrelated,2,name_extends,1,0016g00001ANx1bAAD,CMS Legal,www.cms.law,2021-01-20T19:31:35.000+0000,106,6828,3358,0016g00001ANx1VAAT,CMS Corp,www.cms-corporation.com,2021-01-20T19:35:36.000+0000,Kamyar Jannati,N,1,1,0,unrelated,high,"The website is cms-corporation.com and the Office is in Bloomington, US. Its contact is the President/CEO at cms-corporation.com. This is a different company that only shares the acronym.",Y,unrelated,"Confirmed. The website is cms-corporation.com and the Office is at 421 West 6th Street, Bloomington, Indiana. The only contact is the President/CEO at cms-corporation.com. This is a different US company that only shares the acronym."
203,unrelated,2,name_extends,1,0016g00001ANx1bAAD,CMS Legal,www.cms.law,2021-01-20T19:31:35.000+0000,106,6828,3358,0016g00001ANx1XAAT,CMS Energy Corporation,www.cmsenergy.com,2021-01-20T19:35:36.000+0000,Kamyar Jannati,N,2,15,0,unrelated,high,"The industry is Utilities and the website is cmsenergy.com. Its Offices are in Jackson, Michigan, including one named Consumers Energy Company. The contacts are in-house counsel and compliance staff at cmsenergy.com. This is the Michigan utility holding company, not the law firm.",Y,unrelated,"Confirmed. The industry is Utilities and the website is cmsenergy.com. Its Offices are at 1 Energy Plaza, Jackson, Michigan, including 'Consumers Energy Company' (consumersenergy.com). All contacts are in-house legal, compliance and regulatory staff at cmsenergy.com. This is the Michigan utility holding company, not the law firm."
204,unrelated,2,name_extends,1,0016g00001ANx1bAAD,CMS Legal,www.cms.law,2021-01-20T19:31:35.000+0000,106,6828,3358,001Px00000cATacIAG,CMS Global Group,cmsglobalgroup.com/,2015-02-24T23:08:10.000+0000,Kieran Hansen,Y,1,1,0,unrelated,high,"The website is cmsglobalgroup.com and the Office is in New York. Its only contact is 'Scurley Consulting Contact', President, at cmsglobalgroup.com. This is a consulting company, not the law firm. Separately, it looks like a duplicate of 'CMS Global Group Inc' (0016g00001ANx1ZAAT), but that pair is outside this review.",Y,unrelated,"Confirmed. The website is cmsglobalgroup.com and the Office is at 405 Lexington Ave, 26th Floor, New York. The only contact is 'Scurley Consulting Contact', President, at cmsglobalgroup.com. The G300 CMS Legal record has no New York Office. This is a consulting company, not the law firm. As the reviewer noted, it has the same address and domain as 'CMS Global Group Inc' (0016g00001ANx1ZAAT), so those two are probably duplicates of each other, but that pair is outside this review."
205,unrelated,2,name_extends,1,0016g00001ANx1bAAD,CMS Legal,www.cms.law,2021-01-20T19:31:35.000+0000,106,6828,3358,0016g00001ANx1ZAAT,CMS Global Group Inc,www.cmsglobalgroup.com,2021-01-20T19:35:36.000+0000,Kamyar Jannati,N,1,1,0,unrelated,high,The website is cmsglobalgroup.com and the Office is in New York. Its contact is a Project Manager with a cms-strategies.com email. This is a consulting and strategy company that only shares the 'CMS' acronym with the law firm.,Y,unrelated,"Confirmed. The website is cmsglobalgroup.com and the Office is at 405 Lexington Avenue, 26th Floor, New York. The only contact is a Project Manager with a cms-strategies.com email. This is a consulting and strategy company that only shares the 'CMS' acronym with the law firm."
206,unrelated,2,name_extends,1,0016g00001ANx1bAAD,CMS Legal,www.cms.law,2021-01-20T19:31:35.000+0000,106,6828,3358,001Px00000irTTGIA2,CMS Group,www.cms.com.tr,2026-08-17T17:45:17.000+0000,Roland Nukpe,N,1,0,0,unrelated,high,"The website is cms.com.tr, the industry is Electrical Components & Equipment, and the Office is in Izmir, Turkey. It has no contacts. From general knowledge, CMS Group of Izmir is a Turkish maker of aluminium wheels, not the law firm.",Y,unrelated,"Confirmed. The website is cms.com.tr, the industry is Electrical Components & Equipment, and the Office is at 12 Atatürk OSB (an organised industrial zone), Çiğli, Izmir. It has no contacts. From general knowledge, this is CMS Group, the Izmir maker of aluminium wheels. CMS's Turkish law practice is already recorded as an Istanbul Office, 'CMS Danışmanlık Hizmetleri Avukatlık Ortaklığı' (cms.law), so this is a different company."
207,affiliate_or_office,2,name_extends,1,0016g00001ANx1bAAD,CMS Legal,www.cms.law,2021-01-20T19:31:35.000+0000,106,6828,3358,001Px00000cAWjmIAG,CMS Hong Kong LLP,,2019-03-16T22:39:54.000+0000,Kieran Hansen,Y,1,1,0,affiliate_or_office,high,"This is a Hong Kong entity recorded as a Firm: its Office is in Hong Kong and its contact has a cms-hs.com (CMS Hasche Sigle) email. The G300 CMS Legal record already has Offices named 'CMS Hong Kong LLP' and 'CMS Hasche Sigle, Hong Kong LLP'. From general knowledge, CMS Hasche Sigle, Hong Kong LLP is the Hong Kong vehicle of CMS Germany.",Y,affiliate_or_office,"Confirmed. 001Px00000cAWjmIAG is a Firm named 'CMS Hong Kong LLP' with no website, industry Legal Services. Its Office is at 27/F, 8 Queen's Road Central, Hong Kong, and its contact has a cms-hs.com (CMS Hasche Sigle) email. The G300 record already has Offices named 'CMS Hong Kong LLP' (0016g00001AP4cfAAD, Central) and 'CMS Hasche Sigle, Hong Kong LLP' (0014L00000XPoD5QAL). This is a country entity or office recorded as a Firm, not a second firm. The fix is to move it under CMS Legal as an Office. From general knowledge, it is CMS Germany's Hong Kong vehicle."
208,unrelated,2,name_extends,1,0016g00001ANx1bAAD,CMS Legal,www.cms.law,2021-01-20T19:31:35.000+0000,106,6828,3358,001Tm00000KVYLNIA5,CMS Info Systems Limited,www.cms.com,2025-07-08T06:07:46.000+0000,Manisha Amireddy,N,1,2,0,unrelated,high,"The website is cms.com, the industry is Business Support Services, and the Office is in Mumbai. Its contacts are Legal and Company Secretary staff at cms.com. This is an Indian cash-management company, not the law firm.",Y,unrelated,"Confirmed. The website is cms.com, the industry is Business Support Services, and the Office is at Eco Star, Goregaon (East), Mumbai. Its contacts are an Associate Director, Legal, and the Head Company Secretary & Compliance Officer at cms.com. From general knowledge, this is CMS Info Systems, the Indian cash-management company, not the law firm or its Indian member, CMS INDUSLAW."
209,affiliate_or_office,2,name_extends,1,0016g00001ANx1bAAD,CMS Legal,www.cms.law,2021-01-20T19:31:35.000+0000,106,6828,3358,001Px00000heZGbIAM,CMS Netherlands,,2026-07-25T18:09:21.000+0000,Kieran Hansen,N,1,1,0,affiliate_or_office,high,"This is a country entity recorded as a Firm, created in the 2026-07-25 Kieran Hansen batch. Its contact has a cms-dsb.com email, which is CMS Derks Star Busmann, the Dutch CMS member firm. The G300 record already has CMS Derks Star Busmann N.V. Offices in Amsterdam and Utrecht.",Y,affiliate_or_office,"Confirmed. 001Px00000heZGbIAM is a Firm named 'CMS Netherlands' with no website, created by Kieran Hansen on 2026-07-25. It has one Office with no address. Its contact, Bert Vries, has a cms-dsb.com email, which is CMS Derks Star Busmann, the Dutch CMS member firm. The G300 record already has 'CMS Derks Star Busmann N.V.' Offices in Amsterdam and Utrecht, plus two 'Cms' Amsterdam Offices. This is a country entity recorded as a Firm, so it should become part of CMS Legal's Office tree."
210,unrelated,2,name_extends,1,0016g00001ANx1bAAD,CMS Legal,www.cms.law,2021-01-20T19:31:35.000+0000,106,6828,3358,0016g00001ANx1cAAD,CMS Payments Intelligence Inc,www.cmspi.com,2021-01-20T19:35:36.000+0000,Kamyar Jannati,N,1,2,0,unrelated,high,"The website is cmspi.com and the Office is in Manchester, UK. Its contacts are a Financial Analyst and a Consultant at cmspi.com / cms-pi.com. This is a payments consultancy, not the law firm.",Y,unrelated,"Confirmed. The website is cmspi.com and the Office is at Oxford Place, 61 Oxford Street, Manchester, UK. The contacts are a Financial Analyst (cms-pi.com) and a Consultant (cmspi.com). CMS Legal's own Manchester Office is a separate record, 'CMS Cameron McKenna Nabarro Olswang LLP' (cms.law). From general knowledge, this record is CMSPI, a payments consultancy, not the law firm."
211,unrelated,2,name_extends,1,0016g00001ANx1bAAD,CMS Legal,www.cms.law,2021-01-20T19:31:35.000+0000,106,6828,3358,0016g00001ANx1dAAD,CMS Services,www.cmsservices.link,2021-01-20T19:35:36.000+0000,Kamyar Jannati,N,1,1,1,unrelated,high,"The website is www.cmsservices.link, not cms.law. The only office is in Chicago, IL, and the only contact (Irwin Bernstein, Partner) uses @cmsservices.link. From general knowledge, CMS Legal is a European law-firm network, so this Chicago business only shares the 'CMS' acronym.",Y,unrelated,"Checked live. The firm and its office are both 'CMS Services', www.cmsservices.link, in Chicago, IL. The only contact is Irwin Bernstein (Partner, @cmsservices.link), and SOSL finds no other use of that domain. From general knowledge, CMS Legal is a European-led network with no Chicago office, so the account is a different organisation. One caveat: its only opp, 'GIR Americas - Specialist - CMS - Gabriel' (Rebekah Hunter, Closed Lost 2022-12-14), was almost certainly attached here by mistake. Rebekah Hunter also has 'GIR INSIGHT/ Americas - CMS- Gabriel' (closed 2022-12-12) on CMS Cameron McKenna Nabarro Olswang (Bucharest), which sits under CMS Legal, and that office has contact Gabriel Sidere. That opp should move to the CMS Legal hierarchy, but the account itself is not a duplicate."
212,unrelated,2,name_extends,1,0016g00001ANx1bAAD,CMS Legal,www.cms.law,2021-01-20T19:31:35.000+0000,106,6828,3358,0016g00001ANx1eAAD,CMS Technologies,www.cmstech.com,2021-01-20T19:35:36.000+0000,Kamyar Jannati,N,1,1,0,unrelated,high,"The website is www.cmstech.com and the office is in Farmington Hills, Michigan. The contact is its CEO/President (@cmstech.com), so this is a technology company that only shares the 'CMS' acronym with CMS Legal.",Y,unrelated,"Checked live. The Firm and its office are CMS Technologies, www.cmstech.com, in Farmington Hills, MI. The only contact is John Austermann, CEO and President (@cmstech.com), and there are no opps. This is a tech company that only shares the 'CMS' acronym with CMS Legal."
213,unrelated,2,name_extends,1,0016g00001ANx1bAAD,CMS Legal,www.cms.law,2021-01-20T19:31:35.000+0000,106,6828,3358,001Px00000VxeY5IAJ,Cms Advertising,,2025-11-13T16:06:24.000+0000,Kieran Hansen,N,1,3,0,unrelated,high,"All 3 contacts use @cmsadvertising.co.uk emails, so this is a UK advertising business. Nothing links it to CMS Legal beyond the acronym.",Y,unrelated,"Checked live. This is a blank-website Firm from the 2025-11-13 batch whose ALM_Account_ID is 001360000117YyyAAE. All 3 contacts (Pat Gallagher, Jake Stevens, Helen Taylor) use @cmsadvertising.co.uk, and there are no opps. It is a UK advertising business with no link to the CMS legal network."
214,unrelated,2,name_extends,1,0016g00001ANx1bAAD,CMS Legal,www.cms.law,2021-01-20T19:31:35.000+0000,106,6828,3358,001Px00000VyFbkIAF,Cms Cos,,2025-11-13T16:12:34.000+0000,Kieran Hansen,N,1,1,0,unrelated,high,"The office is in Wynnewood, Pennsylvania and the contact uses @cmsco.com. This is a separate US company that only shares the 'CMS' acronym with CMS Legal.",Y,unrelated,"Checked live. The office is in Wynnewood, PA and the only contact is Senta Fean (@cmsco.com). There are no opps and no legal-industry signals. This is a separate US company (cmsco.com) that only shares the acronym."
215,unrelated,2,name_extends,1,0016g00001ANx1bAAD,CMS Legal,www.cms.law,2021-01-20T19:31:35.000+0000,106,6828,3358,0014L00000k4q5IQAQ,Cms Motors Limited,www.cms-carsales-ltd.co.uk,2023-05-23T17:09:29.000+0000,Kieran Hansen,N,1,0,0,unrelated,high,"Industry is 'Automobiles, Auto Parts and Retailers', the website is www.cms-carsales-ltd.co.uk and the office is in Kidderminster, UK. This is a car dealer, not the CMS law-firm network.",Y,unrelated,"Checked live. Industry is 'Automobiles, Auto Parts and Retailers', the website is www.cms-carsales-ltd.co.uk and the office is in Kidderminster, UK. There are no contacts or opps. This is a car dealer, not CMS Legal."
216,unrelated,2,name_short_form,1,001Px00000Vvo8DIAR,Clark Hill PLC,www.clarkhill.com,2021-01-20T19:35:08.000+0000,34,925,215,001Px00000VvuDKIAZ,Clark,,2025-11-13T10:19:21.000+0000,Kieran Hansen,N,3,5,0,unrelated,medium,"This is a catch-all 'Clark' record from the 2025-11-13 batch. Its offices are in Monroeville PA, North Charleston SC and Worcester MA, and its contacts are a graduate student, a clarku.edu address (Clark University), a clark-associates.com partner and gmail users. None are Clark Hill; the record is junk, not a Clark Hill duplicate.",Y,unrelated,"I confirmed this. The candidate 'Clark' (2025-11-13 batch) has a blank Website and no Industry. Its 3 Offices are in Monroeville PA, North Charleston SC and Worcester MA. Its 5 contacts are unrelated to Clark Hill: a graduate student (gmail), @clarku.edu (Clark University in Worcester), @clark-associates.com (PARTNER), @rocketmail.com, and an 'Associate' on gmail. It has no opportunities. Nothing ties it to Clark Hill; it is a junk catch-all record that should be cleaned up separately, not merged into Clark Hill."
217,unrelated,2,name_short_form,1,001Px00000Vvo8DIAR,Clark Hill PLC,www.clarkhill.com,2021-01-20T19:35:08.000+0000,34,925,215,001Px00000hKSPpIAO,Clark,www.clark.io,2026-07-20T14:13:11.000+0000,Kieran Hansen,N,1,0,0,unrelated,high,"Its website is www.clark.io, its Industry is 'Insurance Life & Health' and its only Office is in Bristol, UK, with no contacts. It is a different company that only shares the word 'Clark'.",Y,unrelated,"I confirmed this. The Website is www.clark.io and the Industry is 'Insurance Life & Health'. Its single Office is in Bristol, United Kingdom, and it has no contacts or opportunities. It is a non-law insurance company that only shares the word 'Clark' (general knowledge: Clark is a digital insurance broker). It is not Clark Hill."
218,unrelated,2,name_short_form,1,001Px00000Vvo8DIAR,Clark Hill PLC,www.clarkhill.com,2021-01-20T19:35:08.000+0000,34,925,215,001Px00000j5O4FIAU,Clark,,2026-08-20T18:15:37.000+0000,Kieran Hansen,N,1,1,2,unrelated,medium,"Its only Office is in Tyler, TX. The single contact is Charles H. Clark (@charlesclarklaw.com), and the opportunities are 'CLARK TXINS20B'. This points to a separate Texas practice (Charles Clark Law), not Clark Hill.",Y,unrelated,"I confirmed this. The candidate 'Clark' (2026-08-20 batch) has one Office in Tyler, TX. Its single contact is Charles H. Clark, @charlesclarklaw.com. Its 2 opportunities are named 'CLARK TXINS20B' in the same '<customer name> <product code>' pattern as other imported renewals, so the customer was Charles Clark's own practice. Clark Hill has no Tyler presence in this data. It is a different Texas practice."
219,predecessor_or_legacy,2,name_extends,1,001Px00000Vvo8DIAR,Clark Hill PLC,www.clarkhill.com,2021-01-20T19:35:08.000+0000,34,925,215,001Px00000j5KXYIA2,Clark Hill Strasburger,,2026-08-20T18:15:42.000+0000,Kieran Hansen,N,2,2,3,predecessor_or_legacy,high,From general knowledge: Clark Hill combined with Strasburger & Price in 2018 and traded as 'Clark Hill Strasburger' until it went back to Clark Hill. The record's Houston and Dallas offices and its @clarkhillstrasburger.com contacts match that former name.,Y,predecessor_or_legacy,"I confirmed this. The candidate 'Clark Hill Strasburger' (2026-08-20 batch) has Houston and Dallas offices, contacts kathy.hamshare@ and @clarkhillstrasburger.com, and opportunities from 2019 ('CLARK HILL STRASBURGER TXDIS19B/VSCOM'). The same Kathy Hamshare also exists under the G300 Clark Hill Houston office as @clarkhill.com, and Donna Bostic also appears under a 'Strasburger & Price' record. From general knowledge: Clark Hill combined with Strasburger & Price in 2018 and traded as Clark Hill Strasburger before dropping the name. This record is a former name of the G300 firm. Note that another 'Clark Hill Strasburger' record (001Px00000VvnwpIAB, Dallas) also exists."
220,unrelated,2,name_short_form,1,0016g00001ANwoPAAT,Clayton Utz,www.claytonutz.com,2021-01-20T19:35:13.000+0000,9,1195,671,0016g00001ANwo3AAD,Clayton,,2021-01-20T19:35:13.000+0000,Kamyar Jannati,N,1,1,0,unrelated,high,"The child office is in Denver, CO, and the only contact is a 'Vice President of Regulatory Compliance' at clayton.com (Clayton Homes, a US company, from general knowledge). Clayton Utz is an Australian firm on claytonutz.com, so this record only shares the word 'Clayton'.",Y,unrelated,"Confirmed. There is no website, the office is in Denver, CO, and the only contact is Scott McNulla, 'Vice President of Regulatory Compliance', at clayton.com (Clayton Homes, from general knowledge). Clayton Utz is an Australian firm on claytonutz.com; the records only share the word 'Clayton'."
221,unrelated,2,name_short_form,1,0016g00001ANwoPAAT,Clayton Utz,www.claytonutz.com,2021-01-20T19:35:13.000+0000,9,1195,671,001Px00000VvsZ8IAJ,Clayton,,2025-11-13T10:21:33.000+0000,Kieran Hansen,N,2,3,0,unrelated,high,"The child offices are in Shelton, CT and Ft Lauderdale, FL, and the contacts include in-house corporate counsel at clayton.com and an environmental contact at claytongrp.com. These are US corporate entities, not the Australian law firm Clayton Utz (claytonutz.com).",Y,unrelated,"Confirmed. The offices are in Shelton, CT and Ft Lauderdale, FL. Contacts are Robert Harris, in-house corporate counsel at clayton.com; Jack Cochran, 'Environmental', with an @claytongrp.com address; and Richard Aspray, with no email. These are US corporate entities with no link to the Australian firm Clayton Utz (claytonutz.com)."
222,affiliate_or_office,2,name_extends,1,0016g00001ANrupAAD,Clyde & Co LLP,www.clydeco.com,2021-01-20T19:25:53.000+0000,77,3458,1393,001Px00000j5Ic6IAE,Clyde & Co Canada LLP,,2026-08-20T18:19:11.000+0000,Kieran Hansen,N,1,1,15,affiliate_or_office,high,"This is Clyde & Co's Canadian LLP entity, with a Montreal office, recorded as a separate Firm from the 2026-08-20 batch. It is a country entity of the same brand, not a plain duplicate.",Y,affiliate_or_office,"I confirmed this. The candidate 'Clyde & Co Canada LLP' (2026-08-20 batch) has a blank Website and one Office in Montreal, QC. It has one contact (Frederic Page, no email) and 15 opportunities named 'CLYDE & CO CANADA LLP 659R37/40/42' (2019-2022). This is the Canadian LLP entity of the Clyde & Co brand, a separately constituted country firm. It is the exact example given for affiliate_or_office, not a plain duplicate."
223,unrelated,2,name_extends,1,001Px00000Vvg80IAB,Cooley LLP,www.cooley.com,2021-01-20T19:37:27.000+0000,29,2432,874,001Px00000jWeK7IAK,Cooley & Handy,,2026-08-28T14:26:48.000+0000,Kieran Hansen,N,1,1,3,unrelated,high,"One office in Doylestown, Pennsylvania, with a single placeholder contact ('Multipub Contact'). Cooley LLP has no Pennsylvania office in the CRM, and from general knowledge of the firm's history it never traded as 'Cooley & Handy'. This is a separate two-name local firm.",Y,unrelated,"Confirmed: one Doylestown, PA office with only a 'Multipub Contact' placeholder. Its 3 opps are 'COOLEY & HANDY PBUCK19B/20/21', small Bucks County publication renewals (Doylestown is the county seat). Cooley LLP has no Pennsylvania office in the CRM, and from general knowledge its predecessors were Cooley Godward (Kronish), never 'Cooley & Handy'. This is a different local firm."
224,unrelated,2,name_extends,1,001Px00000Vvg80IAB,Cooley LLP,www.cooley.com,2021-01-20T19:37:27.000+0000,29,2432,874,0016g00001AOgWlAAL,Cooley Law School,www.cooley.edu,2021-01-20T21:04:43.000+0000,Kamyar Jannati,N,4,7,149,unrelated,high,"Website www.cooley.edu, Industry = Education, campuses in Lansing, Rochester (MI), Tampa and Lakeland (FL). This is the WMU-Cooley law school, a different organisation from Cooley LLP that only shares the name.",Y,unrelated,"Confirmed: Industry = Education, website www.cooley.edu, and offices in Lansing, Rochester (MI), Tampa and Lakeland. All contacts are @cooley.edu professors or the 'Thomas M. Cooley Law Library'. This is the WMU-Cooley law school, a different organisation (it is the task's own example of 'unrelated')."
225,unrelated,2,name_extends,1,001Px00000Vvg80IAB,Cooley LLP,www.cooley.com,2021-01-20T19:37:27.000+0000,29,2432,874,0016g00001ANxwcAAD,Cooley Manion Jones LLP,www.cooleymanionjones.com,2021-01-20T19:37:27.000+0000,Kamyar Jannati,N,1,4,0,unrelated,high,"Its own website (cooleymanionjones.com), a Boston office, and contacts with @cmjlaw.com emails. This is a separate Boston firm that only shares the 'Cooley' name fragment.",Y,unrelated,"Confirmed: it has its own website (cooleymanionjones.com), a single Boston office and four @cmjlaw.com contacts. It is a separate Boston firm that only shares the 'Cooley' fragment."
226,unrelated,2,name_extends,1,001Px00000Vvg80IAB,Cooley LLP,www.cooley.com,2021-01-20T19:37:27.000+0000,29,2432,874,0016g00001ANxwfAAD,Cooley Shrair PC,www.cooleyshrair.com,2021-01-20T19:37:27.000+0000,Kamyar Jannati,N,1,4,0,unrelated,high,"Its own website (cooleyshrair.com), a Springfield, MA office, and partner/associate contacts with @cooleyshrair.com emails. This is a separate Massachusetts firm that only shares the 'Cooley' name fragment.",Y,unrelated,"Confirmed: it has its own website (cooleyshrair.com), a single Springfield, MA office and four @cooleyshrair.com contacts (partner, associate, tax attorney). It is a separate Massachusetts firm."
227,person_or_misfiled,2,name_extends,1,001Px00000Vvg80IAB,Cooley LLP,www.cooley.com,2021-01-20T19:37:27.000+0000,29,2432,874,001Px00000VxLwtIAF,"Cooley, Nancy",,2025-11-13T14:17:48.000+0000,Kieran Hansen,N,1,1,0,person_or_misfiled,high,"The name is in 'Surname, Forename' form. It is an individual (its only contact is Nancy Cooley, no title or email) with an Atlanta office, created in the 2025-11-13 Kieran Hansen batch. It is a person stored as a Firm with no link to Cooley LLP beyond the surname.",Y,person_or_misfiled,"Confirmed: the name is 'Cooley, Nancy' in Surname, Forename form, created 2025-11-13 by Kieran Hansen. It has one Atlanta office and one contact, Nancy Cooley, with no email or title. Other records from that batch follow the same pattern (e.g. 'Handy , Ross'). It is an individual stored as a Firm, not a Cooley LLP record."
228,affiliate_or_office,2,name_extends,1,001Px00000VvVJ5IAN,DLA Piper,www.dlapiper.com,2021-01-20T19:42:32.000+0000,135,9185,3428,001Px00000heU4HIAU,DLA Piper Afric,,2026-07-25T18:13:27.000+0000,Kieran Hansen,N,1,7,0,affiliate_or_office,high,"The name is a truncated 'DLA Piper Africa'. Its office is in Maputo, Mozambique, and its contacts (Managing Partner, Partner, etc.) use @salc.dlapiperafrica.com emails. That is SAL & Caldeira Advogados, the Mozambique member firm of the DLA Piper Africa network (general knowledge), a legally separate affiliate. The G300 record has no Mozambique office.",Y,affiliate_or_office,"Confirmed: office in Maputo, Mozambique. All 7 contacts use @salc.dlapiperafrica.com, including the Managing Partner and a Partner. The CRM also holds separate SAL & Caldeira Firm records ('SAL & Caldeira Advogados Lda', 'Sal & Caldeira'). From general knowledge, SAL & Caldeira is DLA Piper Africa's Mozambique member firm, a legally separate affiliate. The G300 has no Mozambique office."
229,affiliate_or_office,2,name_extends,1,001Px00000VvVJ5IAN,DLA Piper,www.dlapiper.com,2021-01-20T19:42:32.000+0000,135,9185,3428,001Px00000heavNIAQ,"DLA Piper Africa, Kenya (IKM Advocates)",,2026-07-25T18:10:55.000+0000,Kieran Hansen,N,2,5,0,affiliate_or_office,high,"This is the Kenyan DLA Piper Africa member firm (IKM Advocates). Its Nairobi office's contacts use @ikm.dlapiperafrica.com, including the Chair of DLA Piper Africa. The G300 record already carries IKM as an office ('Iseme, Kamau & Maema Advocates', Nairobi). The candidate also has a mislabelled 'DLA Piper' Johannesburg child office.",Y,affiliate_or_office,"Confirmed: its Nairobi office's contacts are @ikm.dlapiperafrica.com, including James Kamau, 'Chair, DLA Piper Africa'. IKM (Iseme, Kamau & Maema) also exists as separate Firm records with website ikm.co.ke, plus 'Iseme, Kamau & Maema Advocates' offices under the G300. It is a legally separate DLA Piper Africa member firm, and the name matches the task's own affiliate example. Its Johannesburg child office 'DLA Piper' is mislabelled: its contact Liza Odendaal has an IKM email."
230,duplicate,2,name_extends,1,001Px00000VvVJ5IAN,DLA Piper,www.dlapiper.com,2021-01-20T19:42:32.000+0000,135,9185,3428,001Px00000j5O4bIAE,Dla Piper Us LLP,,2026-08-20T18:15:37.000+0000,Kieran Hansen,N,1,0,0,duplicate,high,"Created in the 2026-08-20 batch with a blank website, one Baltimore office and no contacts. The G300 DLA Piper record's own Baltimore (and Atlanta) offices are named 'DLA Piper LLP (US)', so the CRM already treats the US LLP as the G300 firm. This is a redundant Firm record, and it also duplicates 001Px00000jAKosIAG.",Y,duplicate,"Confirmed: 'Dla Piper Us LLP', 2026-08-20 batch, blank website, one Baltimore office, no contacts. The G300's Baltimore office 0016g00001EYIHNAA5 and most of its US offices are named 'DLA Piper LLP (US)', so the CRM models the US LLP as part of the G300 firm, not as a separate affiliate. It is a redundant Firm record and also duplicates 001Px00000jAKosIAG."
231,duplicate,2,name_extends,1,001Px00000VvVJ5IAN,DLA Piper,www.dlapiper.com,2021-01-20T19:42:32.000+0000,135,9185,3428,001Px00000jAKosIAG,Dla Piper Us LLP,,2026-08-22T10:39:40.000+0000,Kieran Hansen,N,1,1,18,duplicate,high,"Created in the 2026-08-22 batch with a blank website and one Baltimore office. Its contact is 'Library DLA Piper', and it holds 18 opps. The G300 record's own Baltimore office is 'DLA Piper LLP (US)', so this is the same firm and a redundant Firm record. It is a second copy of 001Px00000j5O4bIAE.",Y,duplicate,"Confirmed: 'Dla Piper Us LLP', 2026-08-22 batch, blank website, one Baltimore office. Its contact 'Library DLA Piper' uses @chromefile.com (a library-serials vendor), and its 18 opps are 'DLA PIPER US LLP ...' 2019-2021 renewals, i.e. DLA Piper US library business. The G300 Baltimore office is 'DLA Piper LLP (US)'. It is a redundant Firm record and a second copy of 001Px00000j5O4bIAE. Merge it and move the opps to the G300 Baltimore office."
232,affiliate_or_office,2,name_extends,1,0016g00001AOSsqAAH,DWF LLP,www.dwfgroup.com,2021-01-20T19:43:56.000+0000,45,1652,385,0016g00001AOKe3AAH,DWF Group plc,mindcrest.com,2021-01-20T20:22:13.000+0000,Kamyar Jannati,N,4,13,2,affiliate_or_office,medium,"The record's website is mindcrest.com, and 3 of its 4 child Offices are 'Mindcrest Inc' (Pune, Chicago, Riverton UT), with mindcrest.com contacts and 'DWF Mindcrest' opps. General knowledge: DWF Group plc is DWF's group holding company, and it bought Mindcrest in 2019 as a separately branded subsidiary, so this is a group or subsidiary entity rather than a redundant copy of DWF LLP. Its 'Dwf Group Plc' London child Office (dwf.law) is really DWF itself and may belong under the G300 record.",Y,affiliate_or_office,"Confirmed in the live data. The Firm's website is mindcrest.com. Its 4 child Offices are Mindcrest Inc in Pune, Chicago and Riverton UT, plus 'Dwf Group Plc' in London (www.dwf.law). All 13 contacts are Mindcrest staff, mostly with mindcrest.com emails, and both opps are Mindcrest (Lexology 2021 'DWF Mindcrest', Lexology 2023). This is mixed content, not a clean copy of DWF LLP. The G300 DWF LLP already holds its own 'DWF Mindcrest' (Chicago, dwfclaims.com) and 'DWF India Group' (Pune) Offices, and a separate 'Mindcrest, Inc' Firm exists (001Px00000VvVuLIAV, from the 2025-11-13 batch). A human needs to decide where the Mindcrest Offices belong. The London 'Dwf Group Plc' Office should go under DWF LLP. General knowledge: DWF Group plc was the holding company and bought Mindcrest in 2019. Keep it as affiliate/subsidiary for human review rather than an automatic merge."
233,affiliate_or_office,2,name_extends,1,0016g00001AOSsqAAH,DWF LLP,www.dwfgroup.com,2021-01-20T19:43:56.000+0000,45,1652,385,001Px00000heWGvIAM,DWF ME,,2026-07-25T18:09:48.000+0000,Kieran Hansen,N,1,1,0,affiliate_or_office,high,"Created in the Kieran Hansen batch of 2026-07-25 with a blank website. Its only child Office is in Dubai, UAE, and its one contact is a Partner with a dwf.com email. This is DWF's Middle East regional entity or office recorded as a Firm.",Y,affiliate_or_office,"Confirmed. It is a blank-website Firm created by Kieran Hansen on 2026-07-25. Its one child Office, also named 'DWF ME', is in Dubai, UAE. Its one contact is Safeya Khonji, Partner, @dwf.com. The G300 DWF LLP hierarchy already has a 'DWF (Middle East) LLP' Dubai Office (0016g00001APziOAAT) with about 25 dwf.law partners and staff. So this is DWF's Middle East regional entity recorded as a Firm. Its Office and contact should be folded into that existing G300 Office."
234,unrelated,2,name_short_form,1,001Px00000VvpglIAB,Davis Wright Tremaine LLP,www.dwt.com,2021-01-20T19:40:30.000+0000,12,465,523,001Px00000VvgXnIAJ,Davis & Wright,,2025-11-13T09:54:20.000+0000,Kieran Hansen,N,2,2,0,unrelated,medium,"Both child Offices are in Austin, TX, and the only contacts are Raechel/Rachel Carder with no email. The same Rachel Carder exists elsewhere with @dwlaw.com under 'Leonard Woods' (Austin). General knowledge: dwlaw.com is the Austin firm Davis & Wilkerson, and Davis Wright Tremaine has no Austin office, so this is probably a garbled Davis & Wilkerson rather than DWT. Confirming what firm the Carder contact works for would settle it.",Y,unrelated,"Confirmed. Both child Offices are 'Davis & Wright' in Austin, TX, created 2025-11-13 and 2025-11-21. The only contacts are Raechel and Rachel Carder, with no email. Elsewhere Rachel Carder has @dwlaw.com under the Austin 'Leonard Woods' Office, next to @dwlaw.com, a law-firm administrator. Nothing links the record to dwt.com. General knowledge: Davis Wright Tremaine has no Austin or Texas office. One caveat: the CRM also puts dwlaw.com on several Dickinson Wright contacts, so the reviewer's guess of Davis & Wilkerson is not certain. Either way this is an Austin firm that is not DWT."
235,duplicate,2,name_extends,1,001Px00000VvbwmIAB,Eversheds Sutherland,www.eversheds-sutherland.com,2021-01-20T19:47:46.000+0000,84,5128,1539,001Px00000heaTrIAI,Eversheds Sutherland (International) LLP,,2026-07-25T18:09:28.000+0000,Kieran Hansen,N,1,1,1,duplicate,medium,"This is the main UK/international LLP of Eversheds Sutherland, not a separate member firm (general knowledge). The G300 hierarchy already holds several offices named 'Eversheds Sutherland (International) LLP' (UK, UAE, China, Singapore). The candidate, from the 2026-07-25 batch with one London office, is therefore redundant with the G300 firm. A reviewer could still treat it as an entity-level record.",Y,duplicate,"Checked live. 001Px00000heaTrIAI (2026-07-25 batch) has one London office at One Wood Street, phone +44 20 7919 4500. That is the same address and phone as the G300's existing London offices named 'Eversheds Sutherland (International) LLP' (0016g00001AQ4eXAAT and 001Px00000Vvx9XIAR). Its only contact is an invoice-capture mailbox (@concursolutions.com), and its only opp is a Legal Innovation Awards 2023 sale. The name is the firm's own non-US legal entity, a suffix variant, not a separate network member firm; general knowledge says it is the principal LLP of the brand. It is a borderline case against affiliate_or_office (an office recorded as a Firm), but duplicate is defensible."
236,affiliate_or_office,2,name_extends,1,001Px00000VvbwmIAB,Eversheds Sutherland,www.eversheds-sutherland.com,2021-01-20T19:47:46.000+0000,84,5128,1539,001Px00000heWR9IAM,Eversheds Sutherland (Italy),,2026-07-25T18:09:59.000+0000,Kieran Hansen,N,1,2,0,affiliate_or_office,high,"This is the Italian country practice (Milan office, partners with @eversheds.it emails) recorded as a separate Firm. The G300 already holds 2 Italy offices, so this is a country entity or office rather than a separate firm. It is also an exact copy of 001Px00000heWRAIA2 from the same batch.",Y,affiliate_or_office,"Checked live. 001Px00000heWR9IAM 'Eversheds Sutherland (Italy)' (2026-07-25 batch) has one Milan office and 2 partners with @eversheds.it emails (Vischi, Floris). The name carries a country qualifier, so this is the Italian country practice or office recorded as a Firm. The G300 already has Rome and Milan offices. It is also a same-second twin of 001Px00000heWRAIA2 (row 237), so the two should be cleaned up together."
237,affiliate_or_office,2,name_extends,1,001Px00000VvbwmIAB,Eversheds Sutherland,www.eversheds-sutherland.com,2021-01-20T19:47:46.000+0000,84,5128,1539,001Px00000heWRAIA2,Eversheds Sutherland (Italy),,2026-07-25T18:09:59.000+0000,Kieran Hansen,N,1,1,0,affiliate_or_office,high,"This is the Italian country practice (Milan office, a marketing manager contact) recorded as a Firm in the 2026-07-25 batch. It is a country entity of the G300 firm, which already has Italy offices. It is also an exact copy of 001Px00000heWR9IAM.",Y,affiliate_or_office,"Checked live. 001Px00000heWRAIA2 is an identical 'Eversheds Sutherland (Italy)' Firm created in the same second (2026-07-25 18:09:59) as 001Px00000heWR9IAM. It has one Milan office and one contact, marketing manager Ilaria Piazzi. Her email domain has a typo (@eversheds-sutehrland.com), not @eversheds.it as in row 236. It is a country entity or office recorded as a Firm, and it duplicates the row 236 record rather than the G300 firm itself."
238,predecessor_or_legacy,2,alias_short_form,1,001Px00000VvbwmIAB,Eversheds Sutherland,www.eversheds-sutherland.com,2021-01-20T19:47:46.000+0000,84,5128,1539,0016g00001AOZwfAAH,Sutherland,www.sutherland.com,2021-01-20T20:52:07.000+0000,Kamyar Jannati,N,1,4,0,predecessor_or_legacy,high,"It carries www.sutherland.com, has a Houston office and 4 @sutherland.com contacts. That domain and brand were used by Sutherland Asbill & Brennan ('Sutherland'), which merged into Eversheds Sutherland in 2017 (general knowledge). This makes it the legacy predecessor under its short brand name.",Y,predecessor_or_legacy,"Checked live. 0016g00001AOZwfAAH 'Sutherland' has website www.sutherland.com and was created 2021-01-20 by Kamyar Jannati. Its Houston office is at 2 Houston Center, 909 Fannin, Suite 2200, phone +1 713 470 6100. That is the same phone as the G300's Eversheds Sutherland (US) LLP Houston office. Its 4 contacts all use @sutherland.com (Clingman, Roberts, Donaldson, Prewitt). From general knowledge, 'Sutherland' and sutherland.com were the short brand and domain of Sutherland Asbill & Brennan before the 2017 combination. So this is the legacy predecessor name."
239,predecessor_or_legacy,2,alias_short_form,1,001Px00000VvbwmIAB,Eversheds Sutherland,www.eversheds-sutherland.com,2021-01-20T19:47:46.000+0000,84,5128,1539,001Px00000VvWyBIAV,Sutherland,theconstructionlawyers.com,2025-11-13T10:07:34.000+0000,Kieran Hansen,N,1,12,8,predecessor_or_legacy,medium,"All 8 opps are named 'EVERSHEDS SUTHERLAND (US) LLP ...' and most contacts use @sutherland.com or @eversheds-sutherland.com, so the record is the legacy Sutherland/US-side firm. However, its website (theconstructionlawyers.com), its Hollywood, FL office and 3 contacts belong to an unrelated Florida construction-law firm, and one contact is @sidley.com, so the record is contaminated and needs cleanup before any merge.",Y,predecessor_or_legacy,"Checked live, and the record is contaminated. 001Px00000VvWyBIAV 'Sutherland' (2025-11-13 batch) has website theconstructionlawyers.com. Its office mixes a Hollywood, FL address (1720 Harrison St) with state 'District of Columbia' and phone 202-383-0309, which is the Sutherland DC exchange. Contacts: 6 @sutherland.com and 3 @eversheds-sutherland.com (one, 'Scott Bailey', carries claire.powell's mailbox). The other 3 belong to the Florida construction firm (Gilbert, Thomas, Steinmetz), and 1 is @sidley.com. All 8 opps are 'EVERSHEDS SUTHERLAND (US) LLP ...' (2019-2020). The dominant identity is the legacy 'Sutherland' brand, as in row 238. Before any merge, move the construction-firm contacts, the Sidley contact and the website to a separate account."
240,predecessor_or_legacy,2,alias_short_form,1,0016g00001AO6I7AAL,FBT Gibbons LLP,www.fbtgibbons.com,2021-01-20T19:51:40.000+0000,31,540,367,001Px00000hloSIIAY,frost brown,,2017-03-28T20:41:22.000+0000,Kieran Hansen,Y,1,0,0,predecessor_or_legacy,medium,"This lowercase short form of Frost Brown Todd, a predecessor of FBT Gibbons (general knowledge), has a blank website, one US office and no contacts. It is a legacy-name stub, created by Kieran Hansen with an unusual CreatedDate of 2017-03-28.",Y,predecessor_or_legacy,"Checked live. 001Px00000hloSIIAY 'frost brown' has a blank website, a CreatedDate of 2017-03-28 but was created by Kieran Hansen (likely a migration that kept original timestamps), and no contacts or opps. Its single office is at 7310 Turfway Rd Ste 210, Kentucky, which from general knowledge is Frost Brown Todd's Florence (Northern Kentucky) office; the G300 has a Florence, KY office. It is an empty stub under a short form of the predecessor name. Merging or deleting it is low risk."
241,duplicate,2,name_short_form,1,001Px00000VvUjPIAV,Faegre Drinker Biddle & Reath LLP,www.faegredrinker.com,2021-01-20T19:48:17.000+0000,46,1691,832,001Px00000j5H7PIAU,Faegre Drinker Biddle,,2026-08-20T18:15:57.000+0000,Kieran Hansen,N,1,1,2,duplicate,high,"A blank-website record from the Kieran Hansen batch of 2026-08-20, named with a short form of Faegre Drinker Biddle & Reath. Its Denver child Office holds a Compensation Specialist whose email is at fagredrinker.com, a typo of faegredrinker.com. This is a redundant Firm record for the G300 firm.",Y,duplicate,"Confirmed. It is a blank-website Firm from Kieran Hansen's 2026-08-20 batch, named with a short form of Faegre Drinker Biddle & Reath. Its Denver child Office holds Ed Schneider, Compensation Specialist, @fagredrinker.com, a typo of faegredrinker.com. It has 2 legacy-import opps named 'FAEGRE DRINKER BIDDLE ALLMS20'. It is a redundant Firm record for the G300 firm."
242,duplicate,2,name_short_form,1,001Px00000VvUjPIAV,Faegre Drinker Biddle & Reath LLP,www.faegredrinker.com,2021-01-20T19:48:17.000+0000,46,1691,832,001Px00000j5O97IAE,Faegre Drinker Biddle,,2026-08-20T18:15:47.000+0000,Kieran Hansen,N,1,1,223,duplicate,high,"A second 2026-08-20 batch record with the identical short-form name. Its Washington DC child Office holds a contact with a dbr.com (Drinker Biddle & Reath) email and 223 opps. This is the same firm and a merge candidate, and those opps should be preserved.",Y,duplicate,"Confirmed. It has the same short-form name and is also from the 2026-08-20 batch. Its Washington DC child Office holds Kim Mobley at @dbr.com. dbr.com is Drinker Biddle's domain, and many contacts under the G300 Faegre Drinker record also use it (e.g. @dbr.com). The name is the current merged firm, not the predecessor Drinker Biddle, so this is a duplicate. Its 223 legacy-import opps ('FAEGRE DRINKER BIDDLE 726EBR11' etc.) must be carried over in any merge."
243,duplicate,2,name_short_form,1,001Px00000VvXqMIAV,"Fennemore Craig, P.C.",www.fennemorelaw.com,2021-01-20T19:49:00.000+0000,7,104,38,001Px00000heakTIAQ,Fennemore,,2026-07-25T18:10:21.000+0000,Kieran Hansen,N,1,1,1,duplicate,high,"A blank-website record from the 2026-07-25 batch. Its contact David Mccarville (Director) has an fclaw.com email, which was Fennemore Craig's domain, and the opp is a Legalweek sale to 'Fennemore'. General knowledge: Fennemore Craig now brands itself simply as 'Fennemore'. The child Office city 'East Sandwich' looks like bad data.",Y,duplicate,"Confirmed. It is a blank-website Firm from the 2026-07-25 batch. Its contact David Mccarville, Director, uses @fclaw.com, and many contacts under the G300 Fennemore Craig record share that domain (aabdo@, @fclaw.com, etc.). Its opp is 'SWOOGO ... Legalweek New York 2023 - Fennemore'. General knowledge: the firm now brands itself as Fennemore. The UK firm 'Fennemores' (fennemores.co.uk) is a different firm, but the fclaw.com contact rules it out here. The child Office city 'East Sandwich' is bad data."
244,unrelated,2,alias_short_form,1,0016g00001AO496AAD,Fieldfisher LLP,www.fieldfisher.com,2021-01-20T19:49:24.000+0000,28,1454,876,0016g00001AO48rAAD,Field LLP,www.fieldlaw.com,2021-01-20T19:49:24.000+0000,Kamyar Jannati,N,3,61,11,unrelated,high,"Field LLP (Field Law, www.fieldlaw.com) is a Canadian firm with offices in Calgary, Edmonton and Yellowknife and dozens of @fieldlaw.com lawyers. It only shares the 'Field' name fragment with Fieldfisher.",Y,unrelated,"Checked live. 0016g00001AO48rAAD 'Field LLP' has website www.fieldlaw.com and offices in Calgary, Edmonton and Yellowknife, Canada. Every contact sampled uses @fieldlaw.com. It is the Canadian firm Field Law and only shares the 'Field' name fragment with Fieldfisher. There is no website, office or contact overlap."
245,unrelated,2,name_short_form,1,001Px00000VyIdIIAV,"Freeman Mathis & Gary, LLP",www.fmglaw.com,2021-01-20T19:51:21.000+0000,4,95,113,0016g00001AO5AGAA1,Freeman,www.freemanco.com,2021-01-20T19:51:21.000+0000,Kamyar Jannati,N,2,13,1,unrelated,high,"The website is www.freemanco.com and the child Offices are in Dallas. The 13 contacts are HR, compensation and in-house counsel staff at freemanco.com, with a CEO at freeman.com. General knowledge: this is Freeman, the Dallas event-services company, not Freeman Mathis & Gary (fmglaw.com). It is a non-law corporate misfiled as a Firm, but it does not relate to the G300 firm.",Y,unrelated,"Confirmed. The Firm's website is www.freemanco.com, and both child Offices are in Dallas. All 13 contacts are HR, compensation and in-house counsel at freemanco.com, and the CEO is Robert Priesthеck at @freeman.com. General knowledge: this is Freeman, the Dallas event-services company. The only opp is 'Lexology Inform - Freeman Law - Global', which points to a different firm, Freeman Law, not Freeman Mathis & Gary (fmglaw.com). The org stores other corporates as Firm records too, such as Holman, so this is an unrelated organisation that shares the 'Freeman' name, not a misfile of the G300 firm."
246,duplicate,2,name_short_form,1,001Px00000VvhX4IAJ,"Fried, Frank, Harris, Shriver & Jacobson LLP",www.friedfrank.com,2021-01-20T19:51:34.000+0000,9,1181,523,001Px00000j5OFuIAM,Fried Frank Harris Et Al,,2026-08-20T18:15:57.000+0000,Kieran Hansen,N,1,1,6,duplicate,high,"A blank-website record from the 2026-08-20 batch, named with an abbreviated form of Fried, Frank, Harris, Shriver & Jacobson. Its Washington DC child Office contact is the firm library at @ffhsj.com, which is Fried Frank's domain.",Y,duplicate,"Confirmed. It is a blank-website Firm from the 2026-08-20 batch, named 'Fried Frank Harris Et Al', an abbreviation of Fried, Frank, Harris, Shriver & Jacobson. Its Washington DC child Office holds the 'Library' contact @ffhsj.com; general knowledge says ffhsj.com is Fried Frank's email domain. Its 6 opps are legacy-import 'FRIED FRANK HARRIS ET AL 726…' records. It is a redundant Firm record."
247,duplicate,2,name_short_form,1,001Px00000j5PGuIAM,Frost Brown Todd,,2026-08-20T18:19:21.000+0000,1,1,40,001Px00000hloSIIAY,frost brown,,2017-03-28T20:41:22.000+0000,Kieran Hansen,Y,1,0,0,duplicate,high,"'frost brown' is a lowercase short form of Frost Brown Todd, and its child Office is in Kentucky, where the firm is based (general knowledge). It has no contacts or opps, so it is an empty redundant Firm record. The G300 record itself is a blank-website 2026-08-20 Kieran Hansen batch record, which is worth checking separately.",Y,duplicate,"'frost brown' is the same firm as the record it was matched to, 'Frost Brown Todd'. Its only child Office is in Kentucky, and it has no contacts or opps. The bigger problem is the G300 side. 'Frost Brown Todd' (001Px00000j5PGuIAM) is itself a blank-website Kieran Hansen record from 2026-08-20 that has the G300 flag. The real G300 firm is 'FBT Gibbons LLP' (0016g00001AO6I7AAL, fbtgibbons.com, G300=true), which has about 35 Offices including Louisville, Lexington and Cincinnati, plus an fbtlaw.com Office. General knowledge: Frost Brown Todd merged with Gibbons to form FBT Gibbons. Both Frost Brown Todd records are legacy-name records of FBT Gibbons, so they should be merged into 0016g00001AO6I7AAL, not into the batch record. The G300 flag on 001Px00000j5PGuIAM should be reviewed."
248,affiliate_or_office,2,name_extends,1,0016g00001AO5nxAAD,Gateley PLC,www.gateleyplc.com,2021-01-20T19:14:59.000+0000,35,361,127,001Px00000hlfCmIAI,Gateley Middle East,,2026-03-16T10:23:11.000+0000,Khris Fenton,N,1,3,0,affiliate_or_office,high,"This is Gateley's Dubai regional entity recorded as a Firm. Its child office is in Dubai, UAE, and its contacts use gateleyae.com addresses (e.g. 'Partner - Middle East Head of Tax'). The G300 hierarchy already holds 'Gateley Middle East' and Dubai Office records.",Y,affiliate_or_office,"Confirmed. This is the Gateley Firm record for the UAE operation, created 2026-03-16 by Khris Fenton. Its child Office is in Dubai, UAE, and its contacts are Renan Ozturk ('Partner - Middle East Head of Tax'), Zineb Barbouchi and Nadine Wilson, with gateleyae.com emails. The G300 Gateley PLC hierarchy already has two 'Gateley Middle East' Offices and a Dubai 'Gateley UK LLP' Office. It is a regional entity recorded as a Firm, and it belongs under the G300 hierarchy as an Office."
249,affiliate_or_office,2,name_extends,1,0016g00001AO5nxAAD,Gateley PLC,www.gateleyplc.com,2021-01-20T19:14:59.000+0000,35,361,127,001Px00000heY0nIAE,Gateley Transform,,2026-07-25T18:14:27.000+0000,Kieran Hansen,N,1,1,0,affiliate_or_office,medium,"Its only contact is Jill Jenkinson, CEO, at t-three.co.uk. From general knowledge, Gateley acquired the T-Three people-development consultancy in 2021, and 'Gateley Transform' appears to be that group company under the Gateley brand. That makes it a separate non-legal subsidiary, not the law firm; a separate 't-three' account also exists. If policy treats non-law group companies as misfiled, person_or_misfiled would be the alternative.",Y,affiliate_or_office,"Agreed. Its only contact is Jill Jenkinson, CEO (@t-three.co.uk), and a separate 't-three' Firm created at the same moment holds her duplicate contact. From general knowledge, Gateley plc acquired the T-Three people-development consultancy, and 'Gateley Transform' is that non-legal group business under the Gateley brand. The G300 Gateley PLC hierarchy already models similar non-law group companies (Gateley Hamer, Gateley Smithers Purslow, Gateley Vinden) as Offices. So this is best treated as a group affiliate, not a duplicate of the law firm and not an unrelated organisation."
250,unrelated,2,name_short_form,1,0016g00001AO6J6AAL,"Gibson, Dunn & Crutcher LLP",www.gibsondunn.com,2021-01-20T19:53:36.000+0000,26,2512,2707,0016g00001AO6IkAAL,Gibson,www.gibsonins.com,2021-01-20T19:53:36.000+0000,Kamyar Jannati,N,1,1,0,unrelated,high,"The website is www.gibsonins.com, the office is in Plymouth, and the contact is Bob Sturtevant, Partner, @gibsonins.com. This is Gibson insurance agency (general knowledge: Indiana insurance broker), not Gibson Dunn. It matches only on the name fragment.",Y,unrelated,"Confirmed. This 'Gibson' Firm (2021) has website www.gibsonins.com and one Office in Plymouth, Indiana. Its contact is Bob Sturtevant, Partner, @gibsonins.com. From general knowledge, this is Gibson, the Indiana insurance and risk-management agency. It shares only the 'Gibson' name fragment with Gibson Dunn, and nothing ties it to the law firm."
251,unrelated,2,name_short_form,1,0016g00001AO6J6AAL,"Gibson, Dunn & Crutcher LLP",www.gibsondunn.com,2021-01-20T19:53:36.000+0000,26,2512,2707,001Px00000jNV8SIAW,Gibson,www.gibson.com,2026-08-26T15:41:54.000+0000,Kieran Hansen,N,1,0,0,unrelated,high,"The website is www.gibson.com, the office is in Nashville, and the industry is 'Personal Products & Services'. From general knowledge, this is Gibson Brands, the guitar maker, not the law firm. It matches only on the name fragment.",Y,unrelated,"Confirmed. This 'Gibson' Firm (created 2026-08-26, not in the 08-20 batch) has website www.gibson.com, industry 'Personal Products & Services', and an Office in Nashville, TN. It has no contacts or opps. From general knowledge, this is Gibson Brands, the guitar maker. It shares only the name fragment with Gibson Dunn."
252,duplicate,2,name_short_form,1,0016g00001AO6J6AAL,"Gibson, Dunn & Crutcher LLP",www.gibsondunn.com,2021-01-20T19:53:36.000+0000,26,2512,2707,001Px00000j5OJlIAM,Gibson Dunn,,2026-08-20T18:16:25.000+0000,Kieran Hansen,N,1,1,15,duplicate,high,"'Gibson Dunn' is the firm's standard short name. The record comes from the 2026-08-20 batch with a blank website, and its child office is in Washington. Its contact, Jason Mendro, is a Gibson Dunn DC partner (general knowledge), with a typo email @gibsondumm.com. It carries 15 opps.",Y,duplicate,"Confirmed. 'Gibson Dunn' is the firm's standard short name. This is a 2026-08-20 batch Firm with no website, and its Office is in Washington, DC, where the G300 hierarchy also has a DC office. Its contact Jason Mendro (@gibsondumm.com, a typo domain) is, from general knowledge, a Gibson Dunn partner in DC. It holds 15 'GIBSON DUNN 631R10/631EBR12/631R14' opps that will need reparenting."
253,unrelated,2,name_short_form,1,0016g00001AO6nnAAD,Goldberg Segalla LLP,www.goldbergsegalla.com,2021-01-20T19:54:41.000+0000,31,223,167,001Px00000XsUu3IAF,GOLDBERG,www.lawyers.com/goldberg&cohn,2025-12-22T11:03:11.000+0000,Kieran Hansen,N,1,1,1,unrelated,high,"The website is www.lawyers.com/goldberg&cohn, the office is in Brooklyn, and the contact uses a hotmail address. This is Goldberg & Cohn, a different small firm that shares only the surname 'Goldberg'.",Y,unrelated,"Confirmed. This 'GOLDBERG' Firm has website www.lawyers.com/goldberg&cohn and an Office in Brooklyn, NY. Its contact Marcus Propper (@hotmail.com) also has his own person-named account, and its opp is a small NYLM deal. It is Goldberg & Cohn, a different small firm that shares only the surname with Goldberg Segalla."
254,unrelated,2,name_short_form,1,0016g00001AO6nnAAD,Goldberg Segalla LLP,www.goldbergsegalla.com,2021-01-20T19:54:41.000+0000,31,223,167,001Px00000XsUu2IAF,Goldberg,www.florida-justice.com,2025-12-22T11:03:11.000+0000,Kieran Hansen,N,1,1,0,unrelated,high,"The website is www.florida-justice.com, the office is in Miami, and the contact uses a gmail address. This is a separate Florida firm that shares only the surname 'Goldberg', with no link to Goldberg Segalla.",Y,unrelated,"Confirmed, with extra evidence. This 'Goldberg' Firm has website www.florida-justice.com and an Office in Miami, FL. Its contact Michael Flanagan (gmail) also appears as @goldbergandrosen.com under a separate 'Goldberg & Rosen' Firm. That strongly suggests this record is the Miami firm Goldberg & Rosen, and a possible duplicate of that non-G300 account, not of Goldberg Segalla. It has no link to goldbergsegalla.com."
255,unrelated,2,name_short_form,1,001Px00000VvidnIAB,Hanson Bridgett LLP,www.hansonbridgett.com,2021-01-20T19:57:19.000+0000,6,133,98,001Px00000cAVOJIA4,Hanson,,2012-10-11T14:54:22.000+0000,Kieran Hansen,Y,1,1,0,unrelated,medium,"The only contact is Robert Mcafee with a @hanson.com email, not hansonbridgett.com. The child Office has no location. General knowledge: hanson.com is the Hanson building-materials company, so this is a different organisation that shares the 'Hanson' name fragment.",Y,unrelated,"Confirmed. It is a legacy Firm from 2012. Its child Office has no location, and its only contact is Robert Mcafee at @hanson.com. In this CRM the hanson.com domain belongs to the building-materials company: 'Hanson Uk' and 'Hanson Ltd' (Maidenhead, hanson.biz) have @hanson.com, Head of Legal, and other hanson.com contacts. Nothing links the record to hansonbridgett.com, and the general-knowledge picture of Hanson as a building-materials company is consistent. It is a different organisation that shares the 'Hanson' fragment."
256,unrelated,2,alias_short_form,1,001Px00000VvsMqIAJ,Herbert Smith Freehills Kramer LLP,www.hsfkramer.com,2021-01-20T19:47:57.000+0000,50,4620,3024,001Px00000awhG6IAI,Kramer LLP,,2026-02-26T12:57:14.000+0000,Roland Nukpe,N,1,1,2,unrelated,high,"The only contact is Robert Kramer, Founder, @kramerllp.com, not an hsfkramer.com or kramerlevin.com address. OpportunityFieldHistory shows its Closed Won opp was moved from 'Kramer Alberti Lim & Tonkovich LLP' on 2026-02-26. So this is Robert Kramer's successor firm to Kramer Alberti Lim & Tonkovich, not the Kramer Levin half of HSF Kramer.",Y,unrelated,"Confirmed. Its only contact is Robert Kramer, Founder, @kramerllp.com, and there are no hsfkramer.com or kramerlevin.com links. OpportunityFieldHistory shows Anya Marsh moved the Closed Won 'Performance Data | Repeat Business' opp on 2026-02-26 from 'Kramer Alberti Lim & Tonkovich LLP' (0014L00000MxdHNQAZ) to this record. That account is now renamed 'Alberti Lim & Tonkovich LLP' (albertilim.com, Foster City CA). So Kramer LLP is Robert Kramer's spin-out from that Bay Area IP firm. It is not Kramer Levin, which already has separate Kramer Levin Naftalis & Frankel records tied to hsfkramer.com. The New York Office location is probably just data entry."
257,unrelated,2,name_short_form,1,001Px00000Vvd3AIAR,Holman Fenwick Willan LLP,www.hfw.com,2021-01-20T19:59:41.000+0000,22,1025,699,001Px00000iuYzNIAU,Holman,www.holman.com,2026-08-18T14:31:19.000+0000,Roland Nukpe,N,1,0,0,unrelated,high,"The website is www.holman.com, the Industry field is 'Diversified Retailers', and the child Office is in Mount Laurel, NJ. General knowledge: this is Holman, the automotive and fleet company, not Holman Fenwick Willan (hfw.com).",Y,unrelated,"Confirmed. The Firm's website is www.holman.com, its Industry is 'Diversified Retailers', it was created by Roland Nukpe on 2026-08-18, and its child Office is in Mount Laurel, NJ. It has no contacts or opps. General knowledge: Holman is the automotive and fleet company based in Mount Laurel, NJ. It has nothing to do with Holman Fenwick Willan (hfw.com)."
258,unrelated,2,name_short_form,1,0016g00001AO9rrAAD,Hughes Hubbard & Reed LLP,www.hugheshubbard.com,2021-01-20T20:00:42.000+0000,8,470,812,0016g00001AO9rVAAT,Hughes,,2021-01-20T20:00:42.000+0000,Kamyar Jannati,N,1,1,0,unrelated,medium,"The only child Office is 'hughes' in Gaithersburg, MD, and its one contact is a 'Manager' with a gmail address. There is no hugheshubbard.com link, and Hughes Hubbard has no Maryland office. General knowledge: this is probably Hughes Network Systems, which is based in Germantown, MD next to Gaithersburg. The contact's real employer would settle it.",Y,unrelated,"The evidence is thin but points away from Hughes Hubbard. The only child Office is 'hughes' in 'Gaithersburgh MD', and its one contact is Ali Taha, 'Manager', with a gmail address. Nothing links the record to hugheshubbard.com, and by general knowledge HHR has no Maryland office. The CRM already has a 'Hughes Network Systems LLC' Firm (0016g00001AO9s3AAD, hughes.com) with an Office in Germantown, MD, next to Gaithersburg. That supports reading this as the satellite company, or some other non-HHR 'Hughes'. Confirming Ali Taha's employer would settle it; confidence is medium."
259,predecessor_or_legacy,2,alias_extends,1,0016g00001AODvqAAH,Kelley Drye & Warren LLP,www.kelleydrye.com,2021-01-20T20:08:59.000+0000,10,419,335,001Px00000j5ORBIA2,Kelley Drye White Oconner,,2026-08-20T18:16:45.000+0000,Kieran Hansen,N,1,0,0,predecessor_or_legacy,medium,"From general knowledge: 'Kelley Drye White O'Connor' was the LA office branding after the LA firm White O'Connor combined into Kelley Drye. The only child Office is in Los Angeles, which matches the G300's existing LA office. It is a legacy name of the same firm, and it duplicates record 001Px00000jAKppIAG (row 260).",Y,predecessor_or_legacy,"Checked live. 001Px00000j5ORBIA2 is a Firm record with a blank Website, created 2026-08-20. Its only Office (001Px00000j5P0jIAE) is in Los Angeles and has no contacts or opps. From general knowledge, the Kelley Drye LA office was branded 'Kelley Drye White O'Connor' in the late 2010s after the LA firm White O'Connor combined into Kelley Drye. The name is therefore a legacy/merged-in name of the G300 firm, not a different firm. The G300 already has an LA Office (0016g00001EYNnQAAX). This record is also an exact duplicate of 001Px00000jAKppIAG (row 260)."
260,predecessor_or_legacy,2,alias_extends,1,0016g00001AODvqAAH,Kelley Drye & Warren LLP,www.kelleydrye.com,2021-01-20T20:08:59.000+0000,10,419,335,001Px00000jAKppIAG,Kelley Drye White Oconner,,2026-08-22T10:39:40.000+0000,Kieran Hansen,N,1,1,10,predecessor_or_legacy,medium,This record repeats row 259 and was created in the 2026-08-22 batch. Its LA Office has a contact at kelletdrye.com (a typo of kelleydrye.com) and 10 opps named 'KELLEY DRYE WHITE OCONNER' closing 2019-2020. From general knowledge this was the legacy LA branding of Kelley Drye after the White O'Connor combination.,Y,predecessor_or_legacy,"Checked live. 001Px00000jAKppIAG is a Firm record with a blank Website, created 2026-08-22 and repeating row 259. Its LA Office (001Px00000jAIXuIAO) has contact 'L. Masangkay' at @kelletdrye.com, a typo. Lilibeth Masangkay is a Kelley Drye Reference Assistant already under the G300 (New York and Chicago Offices, @kelleydrye.com), which confirms this is Kelley Drye. Its 10 opps are named 'KELLEY DRYE WHITE OCONNER 694R22/694EBR24' and close 2019-2020, the period of the LA branding. From general knowledge, this is the legacy Kelley Drye White O'Connor brand, so predecessor_or_legacy rather than a plain spelling duplicate."
261,duplicate,2,name_short_form,1,0016g00001AOEFRAA5,Kilpatrick Townsend & Stockton LLP,www.ktslaw.com,2021-01-20T20:09:37.000+0000,30,885,575,001Px00000cAd5zIAC,Kilpatrick,,2012-07-11T19:35:13.000+0000,Kieran Hansen,Y,1,1,0,duplicate,high,"'Kilpatrick' is a short form of the firm name, and its only contact has a @kiltown.com email. General knowledge: kiltown.com is Kilpatrick Townsend's domain, so this is the current firm rather than the predecessor Kilpatrick Stockton. It is a redundant Firm record with a legacy ALM ID.",Y,duplicate,"Confirmed. 'Kilpatrick' is a legacy Firm from 2012-07-11 whose only contact is Karen Martinez at @kiltown.com. kiltown.com also appears on a contact inside the G300 Kilpatrick Townsend & Stockton hierarchy (@kiltown.com), so the domain is the current firm's. General knowledge: Kilpatrick Stockton and Townsend and Townsend and Crew merged in January 2011, so a record created in 2012 with a kiltown.com email is the merged firm, not the predecessor. It is a redundant short-form Firm record."
262,unrelated,2,name_extends,1,0016g00001AOEFgAAP,Kim & Chang,www.kimchang.com,2021-01-20T20:09:37.000+0000,9,814,895,0016g00001AOEFmAAP,Kim Chang Lee,www.kimchanglee.co.kr,2021-01-20T20:09:44.000+0000,Kamyar Jannati,N,1,12,3,unrelated,high,"The candidate has its own website (kimchanglee.co.kr), a Seoul office, and most contacts use @kimchanglee.co.kr emails. It is the Korean IP firm Kim, Chang & Lee, not Kim & Chang (general knowledge). Two contacts with @kimchang.com emails (Taehyun Yoon, Minji Kim) look misfiled and belong under the G300 record.",Y,unrelated,"Verified. The candidate Firm has website kimchanglee.co.kr and a single Seoul Office. 10 of its 12 contacts use kimchanglee.co.kr, .com or .net domains, including Senior Partner Soo Chang Kim, and its opps are titled 'KIM CHANG LEE'. From general knowledge, Kim, Chang & Lee is a separate Korean IP and law firm, not Kim & Chang (kimchang.com). Two contacts, Taehyun Yoon and Minji Kim, have @kimchang.com emails and should be moved to the G300 hierarchy. That is a contact cleanup, not a firm merge."
263,affiliate_or_office,2,name_extends,1,0016g00001AOEIFAA5,King & Wood,www.kingandwood.com,2021-01-20T20:09:44.000+0000,27,1115,767,001Px00000j5IJbIAM,King And Wood Mallesons,,2026-08-20T18:15:21.000+0000,Kieran Hansen,N,1,1,2,affiliate_or_office,medium,"The candidate (2026-08-20 Kieran Hansen batch) has a single Sydney office and one @au.kwm.com contact. The G300 King & Wood hierarchy holds the China/Europe/US KWM offices but no Australian ones. The org already models the Australian KWM partnership, a legally separate partnership (general knowledge), as the non-G300 Firm 'Mallesons' (001Px00000Vvc5MIAR, Sydney/Melbourne offices), so this record more likely duplicates that Firm than the G300 record.",Y,affiliate_or_office,"Verified. The candidate (2026-08-20 Kieran Hansen batch, blank website) has one Sydney Office and one contact, Andrew Cork @au.kwm.com. In the org, 123 of about 135 @au.kwm.com contacts sit under the non-G300 Firm 'Mallesons' (001Px00000Vvc5MIAR, Sydney/Melbourne/Perth/Brisbane/Canberra offices). The G300 'King & Wood' holds only China, HK, Japan, US and European/MENA KWM offices, with no Australian office. From general knowledge, KWM Australia is a legally separate partnership. Relative to the G300 this is an affiliate. It should be merged into Mallesons, not into King & Wood."
264,duplicate,2,name_short_form,1,001Px00000VvjRBIAZ,Kirkland & Ellis LLP,www.kirkland.com,2021-01-20T20:09:57.000+0000,29,4397,2347,001Px00000hebAyIAI,Kirkland,,2026-07-25T18:11:30.000+0000,Kieran Hansen,N,1,2,3,duplicate,high,"This is a short form of Kirkland & Ellis, created in the 2026-07-25 batch. Its child Office is in Hong Kong with website kirkland.hk. Its contacts (a BD Manager Asia and a Registered Foreign Lawyer) use @kirkland.hk, which is K&E's Hong Kong domain, so it is the same firm.",Y,duplicate,"Checked live. 'Kirkland' is a Firm record with a blank Website, created 2026-07-25. Its Hong Kong Office has website kirkland.hk and two contacts at @kirkland.hk: Grace Zhang (BD & Marketing Communications Manager, Asia) and Wengkeong Kok (Registered Foreign Lawyer). The G300's own Hong Kong Office (0016g00001AP4uFAAT, 'Kirkland & Ellis') holds other @kirkland.hk contacts (Joey Chau, Partner, and Su Yi Yeoh), which confirms kirkland.hk is K&E's Hong Kong domain. The opps are Asia Legal Awards delegate sales for 'Kirkland'. The same firm."
265,duplicate,2,name_short_form,1,001Tm000008XV0QIAW,Knights Professional Services Limited,www.knightsplc.com,2021-01-20T19:21:06.000+0000,12,207,49,001Px00000VvlLFIAZ,Knights LLP,,2025-11-13T10:11:30.000+0000,Kieran Hansen,N,1,5,0,duplicate,high,"This is a redundant 2025-11-13 batch record whose Newcastle-under-Lyme office (Knights' HQ town) holds the firm's current CEO (David Beech), CFO and GC, all with @knightsplc.com emails, the G300 website domain. Knights LLP was an earlier entity name of Knights plc (general knowledge), but the record is being used for the current firm.",Y,duplicate,"Verified. The candidate is a 2025-11-13 batch Firm with a blank website. Its only Office is in Newcastle-under-Lyme, which from general knowledge is Knights' HQ town and is absent from the G300 office list (Stoke, Crawley, Chester, etc.). It holds CEO David Beech, CFO Kate Lewis and GC Lisa Bridgwood, all @knightsplc.com, plus two contacts on the legacy knightsllp.co.uk and knights1759.co.uk domains. 'Knights LLP / Knights 1759 LLP' is an old entity name (general knowledge), but the record describes the current firm and is a redundant Firm record, so it should be merged."
266,unrelated,2,name_short_form,1,0016g00001AOGplAAH,Lewis Brisbois Bisgaard & Smith LLP,www.lewisbrisbois.com,2021-01-20T20:14:40.000+0000,41,457,194,0016g00001AOGpJAAX,Lewis,,2021-01-20T20:14:40.000+0000,Kamyar Jannati,N,1,1,2,unrelated,high,"The only office is in Edinburgh, and the only contact is in-house counsel at @teamlewis.com, which is the LEWIS marketing/PR agency (general knowledge). The record has no Lewis Brisbois website or contacts and matches only on the name fragment 'Lewis'.",Y,unrelated,"Verified. The Firm has a blank website and one Edinburgh Office. Its only contact is Sonia Hadj Ayed, in-house counsel at @teamlewis.com, and its two 2020-21 opps are Lexology Pro subscriptions for 'Lewis | Sonia'. From general knowledge, teamlewis.com is the LEWIS PR/marketing agency. There is no Lewis Brisbois website, contact or US office. The match rests only on the word 'Lewis'."
267,duplicate,2,name_short_form,1,0016g00001AOGplAAH,Lewis Brisbois Bisgaard & Smith LLP,www.lewisbrisbois.com,2021-01-20T20:14:40.000+0000,41,457,194,001Px00000hebGcIAI,Lewis Brisbois,,2026-07-25T18:11:50.000+0000,Kieran Hansen,N,1,1,0,duplicate,high,"This is a short-form name of the G300 firm, created in the 2026-07-25 Kieran Hansen batch with a blank website. Its Los Angeles office (the firm's HQ city) holds one attorney contact with a @lewis-brisbois.com email. There is no sign of a separate entity.",Y,duplicate,Verified. 'Lewis Brisbois' is the standard short name of the G300 firm. The Firm was created in the 2026-07-25 Kieran Hansen batch with a blank website and has one Los Angeles Office (the firm's HQ city). Its single contact is Attorney Daniel Eng @lewis-brisbois.com. Nothing suggests a separate entity. This is a redundant Firm record and a merge candidate.
268,affiliate_or_office,2,name_extends,1,001Px00000VwWTPIA3,Long An Law Firm,www.longanlaw.com,2021-01-20T20:16:13.000+0000,5,32,17,001Px00000cAQhKIAW,Long An & Lam LLP,,2026-03-04T18:52:27.000+0000,Kevin Fox,N,1,1,2,affiliate_or_office,high,"This is the Hong Kong associated firm of Long An Law Firm (contact at @longanlam.com, Hong Kong office). The G300 hierarchy already contains an Office record 'Long An & Lam LLP' (001Tm00000GthKrIAJ, Central, Hong Kong, www.longanlam.com), so this is that affiliate/office stored as a separate Firm.",Y,affiliate_or_office,"Verified. The candidate Firm (Kevin Fox, 2026-03-04) has one Office in Hong Kong. Its contact is Timothy Lam @longanlam.com and its opps are for LIL Hong Kong 2026 events. The G300 Long An Law Firm hierarchy already has an Office 'Long An & Lam LLP' (001Tm00000GthKrIAJ, Central, Hong Kong, www.longanlam.com) alongside its PRC offices. From general knowledge, this is the Hong Kong firm associated with Long An, a legally separate entity. It is an affiliate/office stored as a Firm."
269,affiliate_or_office,2,name_extends,1,001Px00000VwWTPIA3,Long An Law Firm,www.longanlaw.com,2021-01-20T20:16:13.000+0000,5,32,17,001Px00000heSIQIA2,Long An Lam,,2026-07-25T18:11:53.000+0000,Kieran Hansen,N,1,2,0,affiliate_or_office,high,"This 2026-07-25 batch record has two contacts with @longanlam.com emails, i.e. the Hong Kong affiliate Long An & Lam LLP. That affiliate already exists as an Office under the G300 Long An Law Firm and as candidate Firm 001Px00000cAQhKIAW. It is an affiliate/office recorded as a Firm, not the main PRC firm.",Y,affiliate_or_office,"Verified. This Firm is from the 2026-07-25 Kieran Hansen batch and has a blank website. Its Office has no city, and its two contacts (Alvin Chan, Aska Lai) are both @longanlam.com. That is the Hong Kong affiliate Long An & Lam LLP, which already exists as Office 001Tm00000GthKrIAJ under the G300 and as Firm 001Px00000cAQhKIAW (row 268). It is not the main PRC firm (longanlaw.com)."
270,unrelated,2,name_short_form,1,001Px00000VvaqoIAB,"Marshall Dennehey Warner Coleman & Goggin, P.C.",www.marshalldennehey.com,2021-01-20T20:18:48.000+0000,19,118,227,001Px00000iuYykIAE,Marshall,www.marshall.co.uk,2026-08-18T14:31:19.000+0000,Roland Nukpe,N,1,0,0,unrelated,high,"The website is www.marshall.co.uk, the office is in Cambridge, UK and the industry is 'Diversified Retailers'. This is Marshall of Cambridge (general knowledge), a different organisation that only shares the word 'Marshall'.",Y,unrelated,"Verified. The website is www.marshall.co.uk and the industry is Diversified Retailers. The one Office is in Cambridge, UK, created by Roland Nukpe 2026-08-18, with no contacts or opps. From general knowledge this is Marshall of Cambridge. The only link to Marshall Dennehey is the word 'Marshall'."
271,predecessor_or_legacy,2,name_extends,1,001Px00000VwMiWIAV,Mayer Brown LLP,www.mayerbrown.com,2021-01-20T20:19:33.000+0000,42,3165,3427,001Px00000j5JwKIAU,Mayer Brown Platt,,2026-08-20T18:20:01.000+0000,Kieran Hansen,N,1,1,2,predecessor_or_legacy,high,"From general knowledge of law-firm history, 'Mayer, Brown & Platt' was Mayer Brown's name before its 2002 combination with Rowe & Maw, so this is a legacy name. However, the record was created 2026-08-20 and its New York Office holds two 2026 Closed Won opps ('MAYER BROWN PLATT 647EBR41/42'). That current activity makes it effectively a stale-name duplicate of the current firm, which reviewers should weigh when deciding whether to merge.",Y,predecessor_or_legacy,"The classification is right, but the reviewer's evidence contains a factual error. The two Closed Won opps on the New York Office, 'MAYER BROWN PLATT 647EBR41' and '647EBR42', closed 2019-04-17 and 2020-04-20, not in 2026. Only the records were created in 2026. From general knowledge, 'Mayer, Brown & Platt' is Mayer Brown's pre-2002 name (then Mayer, Brown, Rowe & Maw, then Mayer Brown). That fits the former-name rule, like the 'Bracewell & Patterson' example. The G300 already holds the same 647 subscription line under another legacy name ('MAYER BROWN ROWE & MAW LLP 647R41', closed 2019-04-17, and '647EBR43', closed 2020-04-20). So this record is the current firm's billing history under a stale name, not a separate historical entity, and should be merged rather than kept as history."
272,unrelated,2,name_short_form,1,001Px00000VwMiWIAV,Mayer Brown LLP,www.mayerbrown.com,2021-01-20T20:19:33.000+0000,42,3165,3427,001Tm00000MIHiVIAX,Mayer LLP,www.mayerllp.com,2025-08-20T15:20:47.000+0000,Kieran Hansen,N,5,56,214,unrelated,high,"Mayer LLP is a separate Texas firm: its website is www.mayerllp.com and its Offices are in Dallas and Houston. Its contacts have @mayerllp.com emails, including Kevin Riley, 'Managing Partner and Founding Partner-Houston Office'. The match to Mayer Brown is only a shared surname fragment.",Y,unrelated,"Confirmed: 001Tm00000MIHiVIAX 'Mayer LLP' has website www.mayerllp.com and five Offices, all in Dallas or Houston, TX. Its contacts use @mayerllp.com emails, including Kevin Riley, whose title on the Dallas Office contact is 'Managing Partner and Founding Partner-Houston Office'. Its own opp lines ('MAYER LLP VSPRTOC/VSPRINJ/VSPRRUSH', TXLIQ24) are unlike Mayer Brown's. It is a separate Texas firm that only shares the 'Mayer' fragment."
273,unrelated,2,name_short_form,1,001Px00000VvrcxIAB,McCarthy Tétrault LLP,www.mccarthy.ca,2021-01-20T20:19:52.000+0000,8,1695,823,001Px00000j5K3eIAE,Mccarthy,,2026-08-20T18:17:07.000+0000,Kieran Hansen,N,1,1,1,unrelated,high,"The only office is in New Milford, Connecticut, and the only contact is Scott McCarthy at @mccarthyandtaylor.com. That is a different US practice, not the Canadian firm McCarthy Tétrault (mccarthy.ca), and the match is only on the surname.",Y,unrelated,"Verified. This is a 2026-08-20 batch Firm with a blank website and one Office in New Milford, Connecticut. Its only contact is Scott McCarthy @mccarthyandtaylor.com, and its opp is 'MCCARTHY VSCOM'. There is no mccarthy.ca contact or Canadian office. This is a different US practice that shares only the surname with McCarthy Tétrault."
274,unrelated,2,"alias_short_form, name_short_form",2,001Px00000Vvm5wIAB,McDermott Will & Schulte LLP,www.mwe.com,2021-01-20T20:19:52.000+0000,39,2473,1395,0016g00001AOJW9AAP,McDermott,www.mcdermott.com,2021-01-20T20:05:52.000+0000,Kamyar Jannati,Y,9,36,3,unrelated,high,"This is McDermott International, an engineering and construction company, not the law firm. Evidence: website www.mcdermott.com, Industry 'Construction & Engineering', child Offices named 'McDermott International Inc', 'J Ray McDermott Asia Pacific' and 'CB&I', and in-house contacts on @mcdermott.com (contracts managers, HR, in-house counsel).",Y,unrelated,"Confirmed live. 0016g00001AOJW9AAP 'McDermott' has website www.mcdermott.com and Industry 'Construction & Engineering'. Its 9 child Offices are McDermott International Inc (Perth, Kuala Lumpur, Singapore, Dubai, London), McDermott International (Houston), McDermott (Rio), J Ray McDermott Asia Pacific Pte Ltd and CB&I (cbi.com). All contacts are @mcdermott.com in-house staff: contracts managers, HR, in-house counsel and engineers. This is the engineering company McDermott International, not the McDermott Will & Schulte law firm. The only link is the shared 'McDermott' name fragment."
275,unrelated,2,name_extends,1,0016g00001AOKWxAAP,Milbank LLP,www.milbank.com,2021-01-20T20:22:00.000+0000,15,903,875,001Tm0000079RbIIAU,Milbank Group,themilbankgroup.co.uk,2024-05-22T13:32:58.000+0000,Kamyar Jannati,N,1,2,0,unrelated,high,"Website themilbankgroup.co.uk, Industry 'Financial Services Investment Services & Management', Office in Colchester UK, and a Group HR Manager contact @milbank.co.uk. This is a UK company that only shares the Milbank name and is not the law firm.",Y,unrelated,"Checked live. The Firm record, created 2024-05-22 by Kamyar Jannati, has Website themilbankgroup.co.uk and Industry 'Financial Services Investment Services & Management'. Its one Office is in Colchester, UK, with contacts Mark Pym (Group Human Resources Manager, @milbank.co.uk) and an unrelated academic at law.ac.uk. It has no opps. From general knowledge, this is the Essex-based Milbank Group of businesses, not Milbank LLP the law firm. It only shares the name."
276,unrelated,2,name_short_form,1,0016g00001AOKajAAH,Miller Thomson LLP,www.millerthomson.com,2021-01-20T20:22:07.000+0000,23,558,267,001Px00000XsiZIIAZ,Miller,www.millertitlelaw.com,2025-12-22T11:03:19.000+0000,Kieran Hansen,N,1,1,0,unrelated,high,"The website is www.millertitlelaw.com, the office is in Atlanta, GA and the industry is Real Estate. The contact is Richard Miller at @millertitlelaw.com. This is a Georgia title/closing firm, unrelated to the Canadian firm Miller Thomson.",Y,unrelated,"Verified. The website is www.millertitlelaw.com and the industry is Real Estate. The Office is in Atlanta, GA, and the only contact is Richard Miller at @millertitlelaw.com. This is a Georgia title/closing practice, unrelated to Miller Thomson (millerthomson.com, Canada)."
277,unrelated,2,name_short_form,1,0016g00001AOLWRAA5,Moore & Van Allen PLLC,www.mvalaw.com,2021-01-20T20:23:49.000+0000,4,186,294,0016g00001AOLWGAA5,Moore,www.moorelegal.co.uk,2021-01-20T20:23:49.000+0000,Kamyar Jannati,N,1,1,0,unrelated,high,"The website is www.moorelegal.co.uk, the office is in Cockermouth, UK, and the contact is principal Jonathan Moore at @moorelegal.co.uk. This is a small UK practice, unrelated to Moore & Van Allen (mvalaw.com, Charlotte).",Y,unrelated,"Verified. The website is www.moorelegal.co.uk and the Office is in Cockermouth, UK. The only contact is Principal Jonathan Moore @moorelegal.co.uk. This is a small UK practice with no connection to Moore & Van Allen (mvalaw.com, Charlotte). The match is on the surname only."
278,unrelated,2,name_short_form,1,0016g00001AOLbIAAX,"Morgan, Lewis & Bockius LLP",www.morganlewis.com,2021-01-20T20:24:02.000+0000,40,3786,1961,0016g00001AOLZuAAP,Morgan,,2021-01-20T20:23:55.000+0000,Kamyar Jannati,Y,1,1,0,unrelated,high,"The only Office is in Levallois Perret, France, and its contact is a Legal Manager @morgan.fr. This is a French company called Morgan, not Morgan Lewis, and the match rests only on the shared word 'Morgan'.",Y,unrelated,"Checked live. 'Morgan' is a Firm record created 2021-01-20 by Kamyar Jannati, with no Website or Industry. Its one Office is in Levallois Perret, France. The only contact is Catherine Willaime, Legal Manager, @morgan.fr, and there are no opps. An in-house 'Legal Manager' on the morgan.fr domain in Levallois points to the French company Morgan, likely the fashion brand (general knowledge), and not Morgan Lewis, whose domain is morganlewis.com. The match rests only on the word 'Morgan'."
279,unrelated,2,name_short_form,1,0016g00001ANtRdAAL,Nelson Mullins Riley & Scarborough LLP,www.nelsonmullins.com,2021-01-20T19:28:50.000+0000,38,1230,495,0016g00001AOMrmAAH,Nelson,www.nelsonhr.com,2021-01-20T20:26:38.000+0000,Kamyar Jannati,N,2,5,0,unrelated,high,"Website www.nelsonhr.com, with Offices 'Nelson Staffing' (San Francisco) and 'Nelson Sonoma' and contacts @nelsonhr.com / @nelsonstaffing.com. This is a staffing/HR company that only shares the word 'Nelson'.",Y,unrelated,"Checked live. 'Nelson' is a Firm record created 2021-01-20 with Website www.nelsonhr.com. Its Offices are 'Nelson Sonoma' in Sonoma CA and 'Nelson Staffing' in San Francisco. Contacts are at @nelsonhr.com and @nelsonstaffing.com, including CEO Craig Nelson, plus one misfiled paralegal at nelsenlegal.com. There are no opps. This is Nelson, the staffing/HR company, and not Nelson Mullins. The name overlap is coincidental."
280,duplicate,2,name_short_form,1,0016g00001AOONoAAP,"Ogletree, Deakins, Nash, Smoak & Stewart, P.C.",www.ogletree.com,2021-01-20T20:29:55.000+0000,72,1267,435,001Px00000j5KBAIA2,Ogletree,,2026-08-20T18:17:38.000+0000,Kieran Hansen,N,1,0,0,duplicate,high,"This is a short form of Ogletree Deakins. The record was created 2026-08-20 by Kieran Hansen with a blank Website, and its one child Office is 'Ogletree' in Philadelphia, PA. Nothing suggests a separate entity.",Y,duplicate,"Confirmed live. 001Px00000j5KBAIA2 'Ogletree' is a Firm created 2026-08-20 by Kieran Hansen with a blank Website and no ALM ID. Its only Office, 001Px00000j5S2wIAE, is at 1735 Market St Ste 3000, Philadelphia, which is the exact address of the G300 Philadelphia Office 0016g00001EYS0KAAX. It has no contacts or opps. It is a redundant record for the same firm. It also duplicates 001Px00000jAGGvIAO (row 281), another 'Ogletree' record at the same address."
281,duplicate,2,name_short_form,1,0016g00001AOONoAAP,"Ogletree, Deakins, Nash, Smoak & Stewart, P.C.",www.ogletree.com,2021-01-20T20:29:55.000+0000,72,1267,435,001Px00000jAGGvIAO,Ogletree,,2026-08-22T10:39:45.000+0000,Kieran Hansen,N,1,1,12,duplicate,high,"This is a short-form Firm record created in the 2026-08-22 batch. Its Philadelphia Office has an 'Accounts Payable' contact at @odnss.com, which is Ogletree Deakins' email domain, so it is the same firm.",Y,duplicate,"Confirmed live. 001Px00000jAGGvIAO 'Ogletree' was created 2026-08-22 with a blank Website. Its Office 001Px00000jAGQWIA4 is at 1735 Market St Ste 3000, Philadelphia, the same address as the G300 Philadelphia Office. That Office has contact 'Accounts Payable' (@odnss.com) and 12 'OGLETREE PHIL19-26' opps. From general knowledge, odnss.com is Ogletree's legacy email domain. This is the same firm."
282,duplicate,2,name_short_form,1,0016g00001AOONoAAP,"Ogletree, Deakins, Nash, Smoak & Stewart, P.C.",www.ogletree.com,2021-01-20T20:29:55.000+0000,72,1267,435,001Px00000heOl4IAE,Ogletree Deakins,,2026-07-25T18:12:46.000+0000,Kieran Hansen,N,1,1,0,duplicate,high,"This is a short form of the G300 name, created in the 2026-07-25 batch. Its New Orleans Office contact, Monique Gougisha Doucette, is a Shareholder/Partner with an @odnss.com email, which is Ogletree's domain.",Y,duplicate,"Confirmed live. 001Px00000heOl4IAE 'Ogletree Deakins' is from the 2026-07-25 batch. Its Office is at 701 Poydras Street, Suite 3500, New Orleans, identical to the G300 New Orleans Office 0016g00001EYS0eAAH. Its contact, Monique Gougisha Doucette (@odnss.com, Shareholder/Partner), also exists in the G300 hierarchy as Monique Doucette, @ogletree.com, Partner, New Orleans. This is the same firm."
283,duplicate,2,name_short_form,1,0016g00001AOONoAAP,"Ogletree, Deakins, Nash, Smoak & Stewart, P.C.",www.ogletree.com,2021-01-20T20:29:55.000+0000,72,1267,435,001Px00000j5KMYIA2,Ogletree Deakins,,2026-08-20T18:20:06.000+0000,Kieran Hansen,N,1,1,37,duplicate,high,"This is a short-form name created in the 2026-08-20 batch with a blank Website. Its one Office is 'Ogletree Deakins' in Lafayette, LA (contact Greg Guidry). Nothing suggests a separate entity.",Y,duplicate,"Confirmed live. 001Px00000j5KMYIA2 'Ogletree Deakins' is from the 2026-08-20 batch with a blank Website. Its Office is in Lafayette, LA, with contact Greg Guidry and 37 'OGLETREE DEAKINS 715...' subscription opps. Greg Guidry exists under the G300 hierarchy as @ogletree.com, Partner. This is the same firm, not a separate entity."
284,duplicate,2,name_short_form,1,0016g00001AOONoAAP,"Ogletree, Deakins, Nash, Smoak & Stewart, P.C.",www.ogletree.com,2021-01-20T20:29:55.000+0000,72,1267,435,001Px00000j5KMZIA2,Ogletree Deakins Nash,,2026-08-20T18:20:06.000+0000,Kieran Hansen,N,1,1,18,duplicate,high,"This is a truncated form of 'Ogletree, Deakins, Nash, Smoak & Stewart', created in the 2026-08-20 batch. Its Greenville, SC Office has a 'Library' contact, and Greenville is Ogletree's headquarters city (general knowledge).",Y,duplicate,"Confirmed live. 001Px00000j5KMZIA2 'Ogletree Deakins Nash' is from the 2026-08-20 batch. Its Office is at Patewood IV, 50 International Dr, Greenville, SC, with 18 'OGLETREE DEAKINS NASH ...' opps. The G300 hierarchy already has a Greenville Office at 50 International Drive (001Px00000WNubXIAT), and from general knowledge Greenville is Ogletree's HQ. The name is a truncation of the G300 name. It is a redundant Firm record."
285,unrelated,2,name_short_form,1,001Px00000VvaH3IAJ,Osborne Clarke,www.osborneclarke.com,2021-01-20T20:29:30.000+0000,27,1078,595,001Px00000VvtvXIAR,Osborne,,2025-11-13T10:18:59.000+0000,Kieran Hansen,N,2,3,0,unrelated,medium,"This record's contacts are people surnamed Osborne (Jade A Osborne, Jamie Osborne) and Lario Adela at @osborne.es. General knowledge: osborne.es is Grupo Osborne, a Spanish drinks company. Its Offices (Kailua/Spain and Greensboro, NC) and ALM ID (0013600001JlLnuAAF) do not match Osborne Clarke (0013600001lfydvAAA), and no contact uses osborneclarke.com.",Y,unrelated,"Confirmed live. 'Osborne' (ALM ID 0013600001JlLnuAAF) does not share Osborne Clarke's ALM ID (0013600001lfydvAAA). Its Offices are at 269 Kaha St, Kailua (a Hawaii address with an (808) phone, although the country field says Spain) and a malformed Greensboro, NC address. Its contacts are individuals named Osborne plus Lario Adela at osborne.es. From general knowledge, osborne.es is Grupo Osborne, a Spanish drinks company. Nothing points to osborneclarke.com. This is not Osborne Clarke. person_or_misfiled would also be defensible, since it is partly individuals, but it is clearly not a duplicate."
286,unrelated,2,name_short_form,1,001Px00000VvpWQIAZ,Perkins Coie LLP,www.perkinscoie.com,2021-01-20T20:33:56.000+0000,34,1914,927,0016g00001AOQKKAA5,Perkins,www.perkins.org,2021-01-20T20:33:56.000+0000,Kamyar Jannati,N,1,1,0,unrelated,high,"The website is www.perkins.org, not perkinscoie.com. Its child Office is in Doylestown, PA (website www.perkins.com), and the one contact is an attorney with an @perkins.org email. The only link to Perkins Coie is the name fragment 'Perkins', so this is a different organisation.",Y,unrelated,"Checked live. 'Perkins' is a legacy 2021-01-20 record with website www.perkins.org. Its Office is in Doylestown, PA, with website www.perkins.com. Its one contact, Kevin Plante (Attorney), has @perkins.org. Nothing links it to perkinscoie.com or Perkins Coie offices. It is a different organisation that only shares the 'Perkins' name fragment."
287,duplicate,2,name_short_form,1,001Px00000VvRLQIA3,Proskauer Rose LLP,www.proskauer.com,2021-01-20T20:36:59.000+0000,28,913,1278,001Px00000j5PSNIA2,Proskauer,,2026-08-20T18:20:12.000+0000,Kieran Hansen,N,1,1,25,duplicate,high,"'Proskauer' is the firm's current short brand name (general knowledge). It came from the 2026-08-20 Kieran Hansen batch with a blank Website. Its New York child Office holds contact Andrea Rattner, a known Proskauer partner. This is a redundant Firm record, not a separate entity.",Y,duplicate,"Checked live. 001Px00000j5PSNIA2, 'Proskauer', has a blank Website and came from the 2026-08-20 batch. Its Office, 001Px00000j5NMGIA2, is at 11 Times Square Suite 1810, New York. The Office's contact is Andrea Rattner, a Proskauer partner (general knowledge), and it has 25 'PROSKAUER ...' opps from 2023-2026. 'Proskauer' is the firm's current brand, and the G300 firm itself already has Offices named 'Proskauer' in London and Washington DC. This is a short-form duplicate, not a separate entity."
288,predecessor_or_legacy,2,name_extends,1,001Px00000VvRLQIA3,Proskauer Rose LLP,www.proskauer.com,2021-01-20T20:36:59.000+0000,28,913,1278,001Px00000j5PSRIA2,Proskauer Rose Goetz,,2026-08-20T18:20:12.000+0000,Kieran Hansen,N,1,0,0,predecessor_or_legacy,high,"This is a truncated form of 'Proskauer Rose Goetz & Mendelsohn', the firm's earlier full name, which it later shortened to Proskauer Rose LLP (general knowledge). Its child Office is in Boca Raton, FL, a Proskauer office. The record has no contacts or opps and came from the 2026-08-20 Kieran Hansen batch, so it is the legacy name of the same firm.",Y,predecessor_or_legacy,"Checked live. 001Px00000j5PSRIA2, 'Proskauer Rose Goetz', has a blank Website and came from the 2026-08-20 batch. Its Office, 001Px00000j5NMKIA2, is at 2255 Glades Rd Ste 421A, Boca Raton FL, the same suite as the G300 firm's own Boca Raton Office (001Px00000WOXCQIA5). It has no contacts or opps. The name is a truncation of Proskauer Rose Goetz & Mendelsohn, the firm's name before it was renamed Proskauer Rose LLP (general knowledge). That fits the former-name category. In practice the record stands for the current firm's Boca office under a stale name, so merging is the likely outcome."
289,predecessor_or_legacy,2,name_extends,1,001Px00000VvRLQIA3,Proskauer Rose LLP,www.proskauer.com,2021-01-20T20:36:59.000+0000,28,913,1278,001Px00000jAIv9IAG,Proskauer Rose Goetz,,2026-08-22T10:39:50.000+0000,Kieran Hansen,N,1,1,15,predecessor_or_legacy,high,"Also the firm's former name, 'Proskauer Rose Goetz & Mendelsohn' (general knowledge). It came from the 2026-08-22 Kieran Hansen batch with a blank Website. Its Boca Raton, FL child Office has a 'Library' contact. It is the legacy name of Proskauer, not a separate firm.",Y,predecessor_or_legacy,"Checked live. 001Px00000jAIv9IAG, 'Proskauer Rose Goetz', has a blank Website and came from the 2026-08-22 batch. Its Office, 001Px00000jAGtMIAW, is at 2255 Glades Rd Ste 421A, Boca Raton, the same suite as the G300 Boca Office. It has a 'Library' contact and 15 'PROSKAUER ROSE GOETZ ...' opps closing 2019-2021. The name is the firm's former name, Proskauer Rose Goetz & Mendelsohn (general knowledge), so it is legacy/former-name as the category defines it. Those opps are from well after the rename, so this is the current Proskauer Boca office under an outdated billing name, not a separate firm. It also duplicates row 288, and a merge into the G300 firm is the expected outcome."
290,person_or_misfiled,2,name_short_form,1,0016g00001AOS0RAAX,Pryor Cashman LLP,www.pryorcashman.com,2021-01-20T20:37:12.000+0000,5,297,165,001Px00000VyLOcIAN,Pryor,,2025-11-13T16:30:46.000+0000,Kieran Hansen,N,1,1,0,person_or_misfiled,medium,"The only contact is an individual, Will Pryor (@aol.com, created 2018), and the Office has no location. The ALM ID (0013600001Z8kutAAB) differs from Pryor Cashman's (0013600000ImaJxAAJ). This looks like a person stored as a Firm record, with nothing linking it to Pryor Cashman.",Y,person_or_misfiled,"Confirmed live. 'Pryor' is Inactive, with ALM ID 0013600001Z8kutAAB versus Pryor Cashman's 0013600000ImaJxAAJ. Its one Office has no address. Its only contact is Will Pryor (@aol.com, a personal email, flagged as a leaver). It looks like an individual stored as a Firm, and nothing links it to Pryor Cashman."
291,duplicate,2,name_short_form,1,0016g00001AOSRiAAP,"Quinn Emanuel Urquhart & Sullivan, LLP",www.quinnemanuel.com,2021-01-20T20:37:44.000+0000,37,1438,1227,001Px00000j5PSaIAM,Quinn Emanuel,,2026-08-20T18:20:12.000+0000,Kieran Hansen,N,1,1,6,duplicate,high,"This is the firm's common short name, created in the 2026-08-20 batch with a blank Website. Its one Office is 'Quinn Emanuel' in San Francisco, a Quinn Emanuel office city. Nothing suggests a separate entity.",Y,duplicate,"Confirmed live. 'Quinn Emanuel' is from the 2026-08-20 batch with a blank Website. Its Office is at 50 California St 22nd Fl, San Francisco, the exact address of the G300 SF Office 0016g00001EYTdMAAX. It has a 'Library' contact and 6 'QUINN EMANUEL 620...' opps. This is the same firm."
292,duplicate,2,name_short_form,1,0016g00001AOSRiAAP,"Quinn Emanuel Urquhart & Sullivan, LLP",www.quinnemanuel.com,2021-01-20T20:37:44.000+0000,37,1438,1227,001Px00000j5PSbIAM,Quinn Emanuel Urquhart,,2026-08-20T18:20:12.000+0000,Kieran Hansen,N,1,1,6,duplicate,high,"This is a truncated form of 'Quinn Emanuel Urquhart & Sullivan', created in the 2026-08-20 batch. Its one Office is in Chicago, a Quinn Emanuel office city (contact Crosby Enright). Nothing suggests a separate entity.",Y,duplicate,"Confirmed live. 'Quinn Emanuel Urquhart' is from the 2026-08-20 batch with a blank Website. Its Office is at 500 W Madison St Ste 2450, Chicago, with 6 'Quinn Emanuel Urquhart 620...' opps that mirror the row 291 opps. From general knowledge, 500 W Madison Ste 2450 was Quinn Emanuel's earlier Chicago address; the G300 Office is now at 191 N Wacker. The name is a truncation of the G300 name. This is the same firm."
293,affiliate_or_office,2,name_extends,1,0016g00001AOSRiAAP,"Quinn Emanuel Urquhart & Sullivan, LLP",www.quinnemanuel.com,2021-01-20T20:37:44.000+0000,37,1438,1227,001Px00000hebnBIAQ,"Quinn Emanuel Urquhart & Sullivan, LLP Hong Kong Office",,2026-07-25T18:13:12.000+0000,Kieran Hansen,N,1,1,0,affiliate_or_office,high,"The name says this is the Hong Kong office, but it is recorded as a Firm (2026-07-25 batch). Its child Office is in Admiralty, Hong Kong, and the contact is John Rhie, Asia Managing Partner. It should be an Office under the G300 firm.",Y,affiliate_or_office,"Confirmed live. The Firm record is named '...Hong Kong Office' and comes from the 2026-07-25 batch. Its child Office is at Room 4501-03, Tower One, Lippo Centre, 89 Queensway, Admiralty, the same address as the existing G300 Hong Kong Office 0016g00001AP57EAAT. John Rhie (@quinnemanuel.om, a typo) is also already a contact there as @quinnemanuel.com. It is an office recorded as a Firm, so it fits affiliate_or_office by definition. In practice it should fold into the existing G300 HK Office."
294,unrelated,2,name_short_form,1,001Px00000VvjteIAB,Reed Smith LLP,www.reedsmith.com,2021-01-20T20:39:29.000+0000,42,3352,1674,0016g00001AOT60AAH,Reed,www.reedglobal.com,2021-01-20T20:39:29.000+0000,Kamyar Jannati,N,3,5,0,unrelated,high,"The website is www.reedglobal.com and the Offices are in London, Manchester and St Albans, UK. Contacts are a recruiter and HR staff at reedglobal.com. This is the UK recruitment company Reed, not Reed Smith; it matched only on the shared word 'Reed'. It looks like a duplicate of the other 'Reed' record, 001Px00000f2rHFIAY.",Y,unrelated,"Checked live. The website is www.reedglobal.com. Its three Offices are in the UK: 50 Farringdon Rd London, 37 King St Manchester, and St Albans. All 5 contacts use @reedglobal.com emails (a recruiter, HR staff, in-house counsel, and Knowhow). This is the UK recruitment group Reed, not Reed Smith; the sweep matched it only on the short-form word 'Reed'. It appears to duplicate the other Reed record, 001Px00000f2rHFIAY, but that has nothing to do with Reed Smith."
295,unrelated,2,name_short_form,1,001Px00000VvjteIAB,Reed Smith LLP,www.reedsmith.com,2021-01-20T20:39:29.000+0000,42,3352,1674,001Px00000f2rHFIAY,Reed,www.reed.com,2021-01-20T20:39:29.000+0000,Kamyar Jannati,N,2,19,5,unrelated,high,"The website is www.reed.com and the Industry is Employment Services. Its Offices are 'Reed' and 'Reed Specialist Recruitment' in the UK, with in-house counsel and HR contacts at reed.co.uk and reedglobal.com. This is the recruitment company Reed, unrelated to Reed Smith apart from the shared word.",Y,unrelated,"Checked live. The website is www.reed.com and the Industry is Employment Services. Its Offices are 'Reed' at Academy Court, 94 Chancery Lane, London and 'Reed Specialist Recruitment' in Manchester. The 19 contacts are on reed.co.uk, reed.com and reedglobal.com and include in-house solicitors, HR, an 'Area Manager - Reed Financial Services AND Legal' and a CISO. The opportunities are Lexology Pro In-House and webinar subscriptions in GBP. This is the recruitment company Reed, not Reed Smith."
296,affiliate_or_office,2,name_extends,1,001Px00000VvjteIAB,Reed Smith LLP,www.reedsmith.com,2021-01-20T20:39:29.000+0000,42,3352,1674,001Px00000hebq6IAA,Reed Smith LLP - Princeton,,2026-07-25T18:13:18.000+0000,Kieran Hansen,N,1,1,0,affiliate_or_office,high,"This is Reed Smith's Princeton, NJ office stored as a Firm record, from the 2026-07-25 batch. Its child Office is in Princeton, and its contact is Diane A Bettino, 'Esquire', whose email is on the misspelled domain reedsmiht.com. It is the same firm and should be re-homed as an Office under the G300 firm.",Y,affiliate_or_office,"Checked live. 'Reed Smith LLP - Princeton' is a batch Firm record from 2026-07-25. Its one child Office is at 506 Carnegie Center Drive, Suite 300, Princeton NJ. Its contact is Diane A Bettino, whose email is on the typo domain reedsmiht.com. The G300 firm already has Diane Bettino (@reedsmith.com, Partner) under its Princeton Office. This is Reed Smith's Princeton office recorded as a Firm, which the rules place under affiliate_or_office (a location-suffixed office stored as a Firm). In practice it should be folded into or re-homed under the G300 firm, like the plain duplicates."
297,unrelated,2,name_short_form,1,0016g00001AOTxNAAX,Robinson & Cole LLP,www.rc.com,2021-01-20T20:41:18.000+0000,8,242,177,0016g00001AOTxoAAH,Robinson LLP,www.robinsonllp.com,2021-01-20T20:41:18.000+0000,Kamyar Jannati,N,1,1,0,unrelated,high,"Robinson LLP has its own website (www.robinsonllp.com), and its Office is in Edmonton, Alberta, Canada, with an associate at @robinsonllp.com. It is a different Canadian firm that only shares the 'Robinson' name fragment with Robinson & Cole (rc.com).",Y,unrelated,"Confirmed live. Robinson LLP (created 2021, own website www.robinsonllp.com, no ALM ID) has one Office at 10410 81 Ave NW, Edmonton, Alberta, and an associate at @robinsonllp.com. The G300 Robinson & Cole hierarchy has only US offices on rc.com. From general knowledge, Robinson LLP is a separate Edmonton firm. The two share only the 'Robinson' fragment."
298,predecessor_or_legacy,2,name_extends,1,0016g00001AOVKNAA5,Saul Ewing LLP,www.saul.com,2021-01-20T20:44:04.000+0000,24,335,269,001Px00000j5Mt0IAE,Saul Ewing Arnstein & Lehr,,2026-08-20T18:20:17.000+0000,Kieran Hansen,N,1,1,2,predecessor_or_legacy,high,"From general knowledge, 'Saul Ewing Arnstein & Lehr LLP' was the firm's name after its 2017 merger with Arnstein & Lehr, until it went back to 'Saul Ewing LLP' in 2022. This batch record from 2026-08-20 has one Princeton, NJ Office. Its opportunities, 'SAUL EWING ARNSTEIN & LEHR JESTL22', date from 2021, when that name was in use.",Y,predecessor_or_legacy,"Checked live. This batch record from 2026-08-20 has one Office at 650 College Road East, Suite 4000, Princeton NJ. That is exactly the address of the G300 Saul Ewing Princeton Office, which confirms it is the same firm. Its opportunities, 'SAUL EWING ARNSTEIN & LEHR JESTL22', are dated 2021-10-27. From general knowledge, the firm used the name 'Saul Ewing Arnstein & Lehr LLP' after its 2017 merger with Arnstein & Lehr and went back to 'Saul Ewing LLP' in 2022. So this is a former-name record; a merge is very likely appropriate."
299,duplicate,2,name_short_form,1,0016g00001AOWckAAH,"Sheppard, Mullin, Richter & Hampton LLP",www.sheppardmullin.com,2021-01-20T20:46:25.000+0000,23,719,514,001Px00000heQ1PIAU,Sheppard,,2026-07-25T18:13:47.000+0000,Kieran Hansen,N,4,4,1,duplicate,high,"The record (2026-07-25 batch) has four child Offices, named 'Sheppard', 'Sheppard Mullin' and 'Sheppard, Mullin, Richter & Hampton LLP'. Their contacts use @sheppard.com emails, and Kara Eyer, Laura Macavoy and Adam Streisand also exist under the G300 Sheppard Mullin hierarchy.",Y,duplicate,"Confirmed live. 'Sheppard' is from the 2026-07-25 batch with a blank Website. It has four Offices: 'Sheppard' in Chicago and New York, 'Sheppard Mullin' in Dallas, and one named 'Sheppard, Mullin, Richter & Hampton LLP'. The contacts are Kara Eyer, Laura Macavoy, Robert Green and Adam Streisand, all @sheppard.com. All four also exist under the G300 Sheppard Mullin hierarchy (keyer@, rgreen@ and @sheppardmullin.com; @sheppard.com). This is the same firm."
300,duplicate,2,name_short_form,1,0016g00001AOWnaAAH,"Shumaker, Loop & Kendrick, LLP",www.shumaker.com,2021-01-20T20:46:43.000+0000,9,162,142,001Px00000j5NXLIA2,Shumaker Loop,,2026-08-20T18:18:04.000+0000,Kieran Hansen,N,1,1,5,duplicate,high,"This is a short form of Shumaker, Loop & Kendrick, created in the 2026-08-20 Kieran Hansen batch. Its child Office is in Tampa, FL (a Shumaker office), and its contact Jennifer Malin has a @slk-law.com email; slk-law.com is Shumaker's former domain (general knowledge).",Y,duplicate,"'Shumaker Loop' was created 2026-08-20 and has one Office at 101 East Kennedy Blvd, Suite 2800, Tampa. Its contact Jennifer Malin (@slk-law.com) also exists under the G300 Tampa Office as 'Jennifer R Malin', Director of Marketing, @shumaker.com. Many G300 Shumaker contacts use the old slk-law.com domain, and there is already a G300 Office named 'Shumaker Loop' (001Px00000VxVf9IAF). This is a short form of the same firm."
301,duplicate,2,name_short_form,1,0016g00001AOWqsAAH,Sidley Austin LLP,www.sidley.com,2021-01-20T20:46:48.000+0000,34,3540,1956,001Px00000heb2IIAQ,Sidley,,2026-07-25T18:11:08.000+0000,Kieran Hansen,N,1,1,0,duplicate,medium,"'Sidley' is the firm's common short brand, and the record was created in the 2026-07-25 Kieran Hansen batch with a blank Website and one Washington DC child Office. Its only contact, Jim Popp, is titled 'Guest' with a personal jimpopp.com email, so this is weaker evidence than for the other rows. No other firm by this name is plausible.",Y,duplicate,"'Sidley' was created 2026-07-25 with a blank Website. Its one Office is at 1501 K Street, N.W., Washington, which is exactly Sidley's DC address and not just 'a DC office'. Its only contact, Jim Popp (Guest, @jimpopp.com), is weak evidence and is probably an event guest; Karen A. Popp is a Sidley DC partner, but any link between them is my guess. The address match is enough to call this the same firm."
302,predecessor_or_legacy,2,name_extends,1,0016g00001AOWqsAAH,Sidley Austin LLP,www.sidley.com,2021-01-20T20:46:48.000+0000,34,3540,1956,001Px00000j5MtrIAE,Sidley Austin Brown,,2026-08-20T18:20:17.000+0000,Kieran Hansen,N,1,1,40,predecessor_or_legacy,high,"From general knowledge: the firm traded as 'Sidley Austin Brown & Wood' after Sidley & Austin merged with Brown & Wood in 2001, and became Sidley Austin LLP in 2006, so this is the firm's former name. The record is from the 2026-08-20 batch, and its child Office is in Washington DC, with contact Mark D. Hopson (a Sidley partner, from general knowledge).",Y,predecessor_or_legacy,"From general knowledge, the firm was 'Sidley Austin Brown & Wood' from 2001 to 2006. The Office is at 1501 K St NW, DC, and its contact Mark D. Hopson is confirmed as a Partner on the G300 Sidley DC Office (@sidley.com). Under the rubric, a former name belongs in predecessor_or_legacy. However, its opportunities ('SIDLEY AUSTIN BROWN 636EBR56/636R58') have close dates in 2025-2026. So this is current Sidley business under the old name, and a merge is almost certainly the right human decision."
303,predecessor_or_legacy,2,name_extends,1,0016g00001AOWqsAAH,Sidley Austin LLP,www.sidley.com,2021-01-20T20:46:48.000+0000,34,3540,1956,001Px00000j5MtsIAE,Sidley Austin Brown,,2026-08-20T18:20:17.000+0000,Kieran Hansen,N,1,1,2,predecessor_or_legacy,high,"From general knowledge, this is the former 2001-2006 name 'Sidley Austin Brown & Wood' of what is now Sidley Austin LLP. The record is from the 2026-08-20 Kieran Hansen batch with a blank Website, and its child Office is in Chicago (contact Chris Cooley).",Y,predecessor_or_legacy,"This uses the former Sidley Austin Brown & Wood name (general knowledge). The Office is at 1 South Dearborn St, Chicago, which is Sidley's headquarters address. The contact is Chris Cooley, who is not found on the G300 record. The opportunities are 'SIDLEY AUSTIN BROWN 602V6R03' (2019). This is the legacy name of the same firm, so merging is a reasonable outcome."
304,duplicate,2,name_short_form,1,0016g00001AOXJmAAP,"Skadden, Arps, Slate, Meagher & Flom LLP",www.skadden.com,2021-01-20T20:47:38.000+0000,27,2933,3393,001Px00000j5MtvIAE,Skadden Arps Slate,,2026-08-20T18:20:17.000+0000,Kieran Hansen,N,1,1,3,duplicate,high,"This is a shortened form of Skadden, Arps, Slate, Meagher & Flom. It was created in the same 2026-08-20 Kieran Hansen batch with a blank website and has one Washington DC Office. Its contact Michele A. Roberts is, from general knowledge, a Skadden DC partner; nothing points to a separate entity.",Y,duplicate,"Checked live. Candidate 001Px00000j5MtvIAE 'Skadden Arps Slate' is a Firm record created 2026-08-20 by Kieran Hansen with no website. Its one child Office, 001Px00000j5UNKIA2, is in Washington, DC. That Office holds contact Michele A. Roberts (no email) and 3 opps named 'SKADDEN ARPS SLATE 728ONL'. Michele A Roberts already exists as @skadden.com under the G300 Skadden Washington Office 0016g00001EYVULAA5. The name is a truncated form of Skadden's name, not a separate entity or a predecessor (general knowledge: Skadden has never had a separate 'Skadden Arps Slate' firm). This is a redundant Firm record, part of the same import batch as row 135."
305,predecessor_or_legacy,2,alias_extends,1,001Px00000VvZULIA3,Squire Patton Boggs,www.squirepattonboggs.com,2021-01-20T20:49:33.000+0000,63,2424,1161,001Px00000VvVuVIAV,Squire Sanders & Dempsey,,2025-11-13T10:05:24.000+0000,Kieran Hansen,N,2,14,2,predecessor_or_legacy,high,"From general knowledge, Squire, Sanders & Dempsey was the firm's name until 2011 (then Squire Sanders, then Squire Patton Boggs from 2014). The record is from the 2025-11-13 batch, with Columbus and Cleveland offices. Its contacts use @ssd.com, @squiresanders.com and @squirepb.com emails.",Y,predecessor_or_legacy,"Checked live. 001Px00000VvVuVIAV is a Firm named 'Squire Sanders & Dempsey' with a blank website, created 2025-11-13 by Kieran Hansen. It has Columbus and Cleveland Offices; the G300 firm has its own Columbus and Cleveland Offices. Its 14 contacts use @ssd.com, @squiresanders.com and @squirepb.com, plus one stray @fsd.com. Its opps are 'SQUIRE SANDERS DEMPSEY LLP ALLTN23' and a 2023 LTN opp. General knowledge: Squire, Sanders & Dempsey was the firm's name until 2011, so this is a former name of Squire Patton Boggs."
306,predecessor_or_legacy,2,alias_extends,1,001Px00000VvZULIA3,Squire Patton Boggs,www.squirepattonboggs.com,2021-01-20T20:49:33.000+0000,63,2424,1161,001Px00000VvXP5IAN,Squire Sanders & Dempsey L Lp,,2025-11-13T10:06:08.000+0000,Kieran Hansen,N,1,16,0,predecessor_or_legacy,medium,"The name is a garbled form of 'Squire, Sanders & Dempsey L.L.P.', a former name of the G300 firm (general knowledge). The record is from the 2025-11-13 batch with one Los Angeles office. That office's 16 contacts are mostly not SSD people (City National Bank @cnb.com, pmcos.com, Jones Day, Wilson Elser), so its contacts look misassigned and need review before any merge.",Y,predecessor_or_legacy,"Checked live. 001Px00000VvXP5IAN is a Firm named 'Squire Sanders & Dempsey L Lp' (a garbled 'L.L.P.') with a blank website, created 2025-11-13 by Kieran Hansen. It has one Los Angeles Office (001Px00000VvsTbIAJ) and no opps. The Firm name is clearly the pre-2011 SSD name (general knowledge), so the record as named is a former name of the G300 firm. However, none of the office's 16 contacts has an SSD email: 8 are City National Bank (@cnb.com / citynational.com), 2 pmcos.com, 1 jonesday.com, 1 wilsonelser.com, and the rest have no email. The contacts were attached to the wrong account, so re-home them before any merge; medium confidence is appropriate."
307,unrelated,2,name_extends,1,0016g00001AOYz6AAH,Steptoe LLP,www.steptoe.com,2021-01-20T20:50:24.000+0000,19,774,909,0016g00001AOYz7AAH,Steptoe & Johnson PLLC,www.steptoe-johnson.com,2021-01-20T20:50:24.000+0000,Kamyar Jannati,N,19,79,55,unrelated,high,"Its website is steptoe-johnson.com (not steptoe.com). Its 19 offices are in WV, PA, OH, KY, TX, CO and OK (Clarksburg, Bridgeport, Morgantown and others), while the G300 Steptoe LLP offices are in DC, NY, CA, London, Brussels and Asia. From general knowledge, Steptoe & Johnson PLLC is the independent West Virginia firm. The G300 firm is the DC-based former Steptoe & Johnson LLP, renamed Steptoe LLP in 2023. They share a historical name, but they are separate firms.",Y,unrelated,"I checked this against the live data. The candidate's website is steptoe-johnson.com and the name carries a PLLC suffix. All 19 child offices are in WV, PA, OH, KY, TX, CO and OK (Morgantown, Bridgeport, Clarksburg, Charleston, Wheeling, Canonsburg, Dallas, Denver, Oklahoma City and others). The G300 Steptoe LLP's offices are in DC, NY, CA, IL, TX, AZ, London, Brussels, Beijing and Hong Kong, and none of them are in West Virginia. From general knowledge, the two firms share a 1913 Clarksburg origin but have been separate firms since the mid-1940s. The DC firm was Steptoe & Johnson LLP (never PLLC) before becoming Steptoe LLP, so this record is neither a predecessor nor an affiliate."
308,unrelated,2,name_extends,1,0016g00001AOYz6AAH,Steptoe LLP,www.steptoe.com,2021-01-20T20:50:24.000+0000,19,774,909,001Px00000j5CKFIA2,Steptoe & Johnson PLLC,,2026-08-20T18:20:22.000+0000,Kieran Hansen,N,1,1,8,unrelated,high,"This record is from the 2026-08-20 Kieran Hansen batch and has a blank website. Its only child office is in Bridgeport, WV, so it is the West Virginia Steptoe & Johnson PLLC, not the DC-based G300 Steptoe LLP (general knowledge). It is unrelated to the G300 firm, but it looks like a duplicate of non-G300 Firm 0016g00001AOYz7AAH, which already has a Bridgeport, WV office.",Y,unrelated,"I checked this against the live data. This is a blank-website Kieran Hansen Firm created 2026-08-20. Its only office (001Px00000j5UO5IAM) is in Bridgeport, WV, and its opportunities are named 'STEPTOE & JOHNSON PLLC ...'. Its contact, Richard Mackessy, also exists as @steptoe-johnson.com under the Bridgeport office 0016g00001EYW4wAAH of non-G300 Firm 0016g00001AOYz7AAH. It is the West Virginia firm, so it is unrelated to the G300 Steptoe LLP. It is, however, a redundant duplicate of 0016g00001AOYz7AAH and should be merged there, not into the G300."
309,person_or_misfiled,2,"name_extends, website_domain_match",2,0016g00001AOZ77AAH,Stinson LLP,www.stinson.com,2021-01-20T20:50:36.000+0000,17,335,294,001Px00000VvRpVIAV,"Stinson , Tobin",www.stinson.com,2025-11-13T09:51:00.000+0000,Kieran Hansen,N,1,2,0,person_or_misfiled,high,"The name is a person in 'Last, First' form (Tobin Stinson), and the record carries www.stinson.com. The matching contact is a Litigation Support Supervisor with a chevron.com email, based in Houston. Under the same Office there is also a stinson.com attorney (Dave Barnard). This is a misfiled person record, not a separate firm.",Y,person_or_misfiled,"I checked this against the live records and it holds. The name 'Stinson , Tobin' is a person in Last, First form. Its Office is in Houston, where Stinson LLP has no office record. Its main contact, Tobin Stinson, is a Litigation Support Supervisor with a chevron.com email, which makes this a client-side person, not a firm. It carries www.stinson.com, and the second contact, Dave Barnard (@stinson.com), is a copy of David Barnard on the G300's Kansas City office. That contact should be re-parented or removed, but the record is a misfiled person record, not a second Stinson LLP."
310,unrelated,2,name_extends,1,0016g00001AOZ77AAH,Stinson LLP,www.stinson.com,2021-01-20T20:50:36.000+0000,17,335,294,001Px00000VxQ8lIAF,Stinson Electric Inc.,,2025-11-13T14:39:36.000+0000,Kieran Hansen,N,1,1,0,unrelated,high,"This is an electrical contractor in St Anthony, MN, whose contact uses stinsonelectricinc.com. It shares only the 'Stinson' name with Stinson LLP and has no Stinson LLP website or contacts. It is a non-law company wrongly stored as a Firm.",Y,unrelated,"I checked this against the live records and it holds. 'Stinson Electric Inc.' has no Website and one Office in St Anthony, MN. Its only contact, Paul Archambault, uses stinsonelectricinc.com. It is an electrical contractor, not a law firm, and nothing ties it to Stinson LLP beyond the word 'Stinson'. Like the Cooley Law School example, that makes it unrelated rather than person_or_misfiled."
311,unrelated,2,name_extends,1,0016g00001AOZ77AAH,Stinson LLP,www.stinson.com,2021-01-20T20:50:36.000+0000,17,335,294,001Px00000VwjRZIAZ,Stinson Forensic Insurance Consulting,,2025-11-13T12:00:34.000+0000,Kieran Hansen,N,1,1,0,unrelated,high,"This is an insurance forensic consultancy in West Palm Beach, FL, whose contact Steven Stinson uses stinsonforensic.com. It is a different, non-law organisation that shares only the name fragment.",Y,unrelated,"I checked this against the live records and it holds. 'Stinson Forensic Insurance Consulting' has no Website and one Office in West Palm Beach, FL. Its only contact, Steven Stinson, uses stinsonforensic.com. It is a separate insurance forensics business that shares only the name fragment, with no stinson.com contacts and no link to Stinson LLP."
312,predecessor_or_legacy,2,name_extends,1,0016g00001AOZ77AAH,Stinson LLP,www.stinson.com,2021-01-20T20:50:36.000+0000,17,335,294,001Px00000j5FwEIAU,Stinson Leonard & Street,,2026-08-20T18:18:09.000+0000,Kieran Hansen,N,1,1,1,predecessor_or_legacy,high,"From general knowledge, Stinson Leonard Street was the firm's name from the 2015 merger with Leonard, Street and Deinard until it renamed itself Stinson LLP in 2018. This record has a Minneapolis Office and a contact at stinsonleonard.com, the former domain. It was created in the 2026-08-20 batch.",Y,predecessor_or_legacy,"I checked this against the live records and it holds. From general knowledge, Stinson Leonard Street was Stinson LLP's own name from 2015 until the 2018 rename, which fits the 'former name' category. The record has a Minneapolis Office, one imported Closed Won opportunity from 2019 ('STINSON LEONARD & STREET AL20019'), and one contact. That contact is named Heather Gall but has the email @stinsonleonard.com, and Heather Gall already appears three times on the G300 hierarchy. The G300 also already has child Offices named 'Stinson Leonard Street LLP', so the humans reviewing it will very likely choose to merge. Under the rubric's former-name rule, though, it stays predecessor_or_legacy."
313,predecessor_or_legacy,2,name_extends,1,0016g00001AOZ77AAH,Stinson LLP,www.stinson.com,2021-01-20T20:50:36.000+0000,17,335,294,001Px00000j5CKIIA2,Stinson Morrison Hecker,,2026-08-20T18:20:22.000+0000,Kieran Hansen,N,1,1,32,predecessor_or_legacy,high,"From general knowledge, Stinson Morrison Hecker was the Kansas City/St. Louis predecessor that merged with Leonard, Street and Deinard in 2015 to form Stinson Leonard Street, now Stinson LLP. This record has a St. Louis Office and 32 imported opportunities (Closed Won through 2024) under the old name. People need to decide whether to merge it or keep it as history.",Y,predecessor_or_legacy,"I checked this against the live records and it holds. From general knowledge, Stinson Morrison Hecker (Kansas City/St. Louis) merged with Leonard, Street and Deinard in 2015 to form Stinson Leonard Street, now Stinson LLP. The record was created 2026-08-20 by Kieran Hansen and has a St. Louis Office. Its contact, Howard Kaplan, has no email but matches Howard Kaplan, Partner, @stinson.com, on the G300's St. Louis office. It carries 32 opportunities imported on 2026-08-28, pairs of Closed Won and Identify with close dates from 2019 to July 2024, all under the old name. That fits a predecessor or legacy name that someone needs to decide whether to merge or keep."
314,unrelated,2,name_extends,1,0016g00001AOZ77AAH,Stinson LLP,www.stinson.com,2021-01-20T20:50:36.000+0000,17,335,294,001Px00000Vw0IbIAJ,Stinson Wade Law Firm,,2025-08-19T11:22:21.000+0000,Kieran Hansen,N,1,2,2,unrelated,high,"This is a separate small law firm with its Office in Secaucus, NJ. Its contacts use the stinsonwade.com domain (Marie Stenson Wade, Laura Sharon), with no link to Stinson LLP beyond the surname.",Y,unrelated,"I checked this against the live records and it holds. 'Stinson Wade Law Firm' has no Website and one Office in Secaucus, NJ (spelled 'Secacus' in the record), where Stinson LLP has no office. Its contacts, Marie Stenson Wade and Laura Sharon, use stinsonwade.com, and its 2 opportunities are New Jersey Law Journal / LAWM subscriptions. This is a separate small NJ firm that shares only the surname."
315,person_or_misfiled,2,name_extends,1,0016g00001AOZ77AAH,Stinson LLP,www.stinson.com,2021-01-20T20:50:36.000+0000,17,335,294,001Px00000Vy5J2IAJ,"Stinson, Cynthia",,2025-11-13T15:56:59.000+0000,Kieran Hansen,N,1,1,0,person_or_misfiled,high,"This is an individual in 'Last, First' form stored as a Firm. The only contact, Cynthia Stinson, has a lamar.edu (university) email. Nothing links her to Stinson LLP, so this is a misfiled person record, not a duplicate firm.",Y,person_or_misfiled,"I checked this against the live records and it holds. 'Stinson, Cynthia' is a person in Last, First form stored as a Firm, with no Website. Its one Office has no address, and the only contact, Cynthia Stinson, uses a lamar.edu (Lamar University) email. Nothing links it to Stinson LLP. It is a misfiled person record, not a firm duplicate."
316,person_or_misfiled,2,name_extends,1,0016g00001AOZ77AAH,Stinson LLP,www.stinson.com,2021-01-20T20:50:36.000+0000,17,335,294,001Px00000Vx6SIIAZ,"Stinson, Robert",,2025-11-13T14:12:25.000+0000,Kieran Hansen,N,1,1,0,person_or_misfiled,high,"This is an individual in 'Last, First' form stored as a Firm. It has an Office in Concord, NH, and one contact, Robert G Stinson, with no email. Nothing links it to Stinson LLP, which has no New Hampshire office as far as general knowledge goes. It is a misfiled person record.",Y,person_or_misfiled,"I checked this against the live records and it holds. 'Stinson, Robert' is a person in Last, First form stored as a Firm, with no Website. Its Office is in Concord, NH, and its only contact is Robert G Stinson, with no email. Stinson LLP has no New Hampshire office among its 17 office records, and there are no stinson.com links. It is a misfiled person record."
317,unrelated,2,name_short_form,1,001Px00000VvtXhIAJ,Taylor Wessing Verein,www.taylorwessing.com,2025-11-13T10:24:16.000+0000,18,832,346,001Px00000Xsbs6IAB,Taylor,www.taylorandviers.com,2025-12-22T11:03:39.000+0000,Kieran Hansen,N,1,1,2,unrelated,high,"The website is www.taylorandviers.com, the office is in Atlanta GA, and the contact is Ann Viers (Attorney, @taylorandviers.com). This is the Atlanta firm Taylor & Viers. It matched only on the short name fragment 'Taylor'.",Y,unrelated,"Checked live. The record's website is www.taylorandviers.com and its office is at 2620 Buford Hwy NE, Atlanta GA. The contact is Ann Viers (Attorney, @taylorandviers.com), and the opportunity is 'Ann Viers - Taylor - DROM'. The name 'Taylor' is a truncation of what appears to be 'Taylor & Viers', a small Atlanta firm. It has nothing to do with Taylor Wessing and matched only on the short name fragment."
318,unrelated,2,name_short_form,1,001Px00000VvtXhIAJ,Taylor Wessing Verein,www.taylorwessing.com,2025-11-13T10:24:16.000+0000,18,832,346,001Px00000j5Fx9IAE,Taylor,,2026-08-20T18:18:09.000+0000,Kieran Hansen,N,1,1,8,unrelated,high,"The office is in Effingham, Illinois, and the contact Gayle Leuschke has a taylorlaw.net email. This is a local Illinois firm (Taylor Law Offices), not Taylor Wessing. It matched only on the name fragment 'Taylor'.",Y,unrelated,"Checked live. The office is at 122 E Washington Ave, Effingham IL, and the contact is Gayle Leuschke (@taylorlaw.net). The legacy opportunities are named 'TAYLOR 602...'. This is the Effingham, Illinois firm Taylor Law Offices (general knowledge). It is not Taylor Wessing and matched only on the name fragment 'Taylor'."
319,unrelated,2,alias_short_form,1,0016g00001AOdUoAAL,Troutman Pepper Locke LLP,www.troutman.com,2021-01-20T20:15:54.000+0000,68,2945,932,001Px00000VvwGEIAZ,Pepper,www.pepper.me/,2025-11-13T10:23:06.000+0000,Kieran Hansen,N,1,4,0,unrelated,high,"The website is www.pepper.me and the office is in Overland Park, KS. Its contacts are a CEO, a VP Marketing, a Head of Product/Co-Founder and a VP Product Management, all at pepper.me, which fits a tech/software company, not a law firm. It only shares the word 'Pepper' with Troutman Pepper Locke.",Y,unrelated,"Checked live. This is a 2025-11-13 batch Firm with website www.pepper.me/ and one Office in Overland Park, KS. Its 4 contacts are all @pepper.me: a CEO, a VP Marketing, a Head of Product/Co-Founder and a VP Product Management. It has no opps. This is a tech/product company that only shares the word 'Pepper' with Troutman Pepper Locke. It is not a law firm and not linked to the G300 by website or contacts."
320,predecessor_or_legacy,2,name_short_form,1,0016g00001AOdUoAAL,Troutman Pepper Locke LLP,www.troutman.com,2021-01-20T20:15:54.000+0000,68,2945,932,001Px00000j5NlvIAE,Troutman Pepper,,2026-08-20T18:20:43.000+0000,Kieran Hansen,N,1,1,35,predecessor_or_legacy,high,"'Troutman Pepper' (Troutman Pepper Hamilton Sanders LLP) was the G300 firm's name from 2020 until the 2025 Locke Lord combination (general knowledge). That makes this a former-name record, like the Bracewell & Patterson example. It is a blank-website 2026-08-20 batch Firm with a Philadelphia office and 35 opps.",Y,predecessor_or_legacy,"Checked live. This is a blank-website 2026-08-20 batch Firm with one Philadelphia Office (001Px00000j5Ka8IAE) and contact Anthony Vale, who has no email. It carries 35 opps from subscription account '674', closing 2019-11 to 2025-11-14. 'Troutman Pepper' (Troutman Pepper Hamilton Sanders LLP) was the G300 firm's name until the 2025-01-01 rename to Troutman Pepper Locke (general knowledge). That makes it a former name under the rubric, like the Bracewell & Patterson example. Caveat: renewals kept closing under this name in Nov 2025, after the rename, so this is the current firm's live relationship and humans should very likely merge it."
321,predecessor_or_legacy,2,name_short_form,1,0016g00001AOdUoAAL,Troutman Pepper Locke LLP,www.troutman.com,2021-01-20T20:15:54.000+0000,68,2945,932,001Px00000j5NlwIAE,Troutman Pepper.,,2026-08-20T18:20:43.000+0000,Kieran Hansen,N,1,1,35,predecessor_or_legacy,high,"This is the former firm name 'Troutman Pepper' with a trailing period, from before the 2025 rename to Troutman Pepper Locke (general knowledge). It was created in the same second of the 2026-08-20 batch as row 320 and has an identical Philadelphia office and 35 opps, so it also duplicates that candidate.",Y,predecessor_or_legacy,"Checked live. This is 'Troutman Pepper.' with a trailing period, created in the same second (18:20:43 on 2026-08-20) as row 320. It has its own Philadelphia Office (001Px00000j5Ka9IAE) and contact Andrew Kanta. Its 35 opps come from the same '674' subscription series, closing 2019-11 to 2025-11. Like row 320, it carries the G300 firm's pre-2025 name (general knowledge), and it is also a direct duplicate of row 320's record. The Nov 2025 renewals point to a merge."
322,affiliate_or_office,2,alias_extends,1,0016g00001AOdUoAAL,Troutman Pepper Locke LLP,www.troutman.com,2021-01-20T20:15:54.000+0000,68,2945,932,001Px00000hecIPIAY,Troutman Sanders eMerge,,2026-07-25T18:14:24.000+0000,Kieran Hansen,N,1,1,1,affiliate_or_office,medium,"eMerge was the e-discovery and document-review affiliate of predecessor Troutman Sanders (general knowledge). The record has an Atlanta office and a 'Consultant' contact at troutmanemerge.com, a domain separate from the firm's. That makes it a separate affiliated entity of the brand rather than the firm itself. It could arguably be treated as a non-law-firm misfile instead.",Y,affiliate_or_office,"Checked live. This is a blank-website 2026-07-25 batch Firm with one Atlanta Office. Its contact Adam Smith, a 'Consultant', uses @troutmanemerge.com, a domain separate from troutman.com. Its single opp is a Legalweek New York 2023 delegate ticket. eMerge was the e-discovery and data-management unit or subsidiary of Troutman Sanders, later Troutman Pepper, and based in Atlanta (general knowledge). It is a brand-affiliated entity, not the law firm itself and not a redundant Firm record. Treating it as a non-law-firm misfile is a defensible alternative. Medium confidence."
323,unrelated,2,name_extends,1,0016g00001AOfBkAAL,Venable LLP,www.venable.com,2021-01-20T19:50:07.000+0000,18,1367,629,0016g00001AOfBjAAL,Venable Campillo Logan and Meaney PC,www.vclmlaw.com,2021-01-20T21:01:58.000+0000,Kamyar Jannati,N,1,2,0,unrelated,high,"This is a separate patent boutique with its own domain, vclmlaw.com. Its office is in Phoenix, and its contacts are patent attorneys with @vclmlaw.com emails. It only shares the name fragment 'Venable' with Venable LLP.",Y,unrelated,"I checked this against the live data. The website is vclmlaw.com and the only office is in Phoenix, AZ. Both contacts, Carey B Anthony and David Logan, are Patent Attorneys with @vclmlaw.com emails. This is a separate Phoenix patent firm that only shares the word 'Venable' with Venable LLP."
324,duplicate,2,name_short_form,1,001Px00000VvZXMIA3,"Wachtell, Lipton, Rosen & Katz",www.wlrk.com,2021-01-20T21:03:30.000+0000,2,251,763,001Px00000j5PcYIAU,Wachtell Lipton,,2026-08-20T18:20:48.000+0000,Kieran Hansen,N,1,1,30,duplicate,high,"'Wachtell Lipton' is the common short form of Wachtell, Lipton, Rosen & Katz, a single-office New York firm that has never changed its name (general knowledge). This is a blank-website 2026-08-20 batch Firm with a New York office and 30 opps.",Y,duplicate,"Checked live. 'Wachtell Lipton' is the standard short form of Wachtell, Lipton, Rosen & Katz, a single-office New York firm that has never been renamed (general knowledge). This is a blank-website 2026-08-20 batch Firm with a New York Office and contact Richard Kim, a Wachtell partner by name. Its 30 opps come from the '616' subscription series, with Closed Won renewals through 2026-06-18, so it is an active relationship recorded on a redundant Firm."
325,duplicate,2,name_short_form,1,001Px00000VvZXMIA3,"Wachtell, Lipton, Rosen & Katz",www.wlrk.com,2021-01-20T21:03:30.000+0000,2,251,763,001Px00000j5PcZIAU,Wachtell Lipton Rosen,,2026-08-20T18:20:48.000+0000,Kieran Hansen,N,1,1,32,duplicate,high,"This is a truncated form of Wachtell, Lipton, Rosen & Katz, and no separate entity by this name exists (general knowledge). It is a blank-website 2026-08-20 batch Firm with a New York office, one contact and 32 opps.",Y,duplicate,"Checked live. 'Wachtell Lipton Rosen' is a truncated form of the G300 name, and no separate entity by that name exists (general knowledge). This is a blank-website 2026-08-20 batch Firm with a New York Office and contact Sherri Reiss. Its 32 opps come from the '551' subscription series, with Closed Won renewals through 2026-06-18. It is a redundant record of the G300 firm."
326,unrelated,2,name_short_form,1,0016g00001AOgCnAAL,Watson Farley & Williams LLP,www.wfw.com,2021-01-20T21:04:02.000+0000,22,1038,433,0016g00001AOgCgAAL,Watson,www.birminghambusinesslaw.com,2021-01-20T21:04:02.000+0000,Kamyar Jannati,N,1,1,0,unrelated,high,"Its website is birminghambusinesslaw.com and its office is in Birmingham, Alabama. The contact is Tripp Watson, Founder, @watson-firm.com, so this is a local Alabama firm (The Watson Firm). It matched Watson Farley & Williams only on the first word of the name.",Y,unrelated,"I checked this against the live data. The website is birminghambusinesslaw.com and the office is in Birmingham, AL. The only contact is Tripp Watson, Founder, @watson-firm.com. This is a local Alabama firm that shares only the word 'Watson' with Watson Farley & Williams."
327,unrelated,2,name_short_form,1,0016g00001AOgCnAAL,Watson Farley & Williams LLP,www.wfw.com,2021-01-20T21:04:02.000+0000,22,1038,433,001Px00000f36DCIAY,Watson,www.watsonfuels.co.uk,2026-06-10T16:27:48.000+0000,Kieran Hansen,N,1,0,0,unrelated,high,"Its website is watsonfuels.co.uk, its Industry is Diversified Retailers and its office is in Chippenham, UK. This is a fuel distributor, not a law firm, so it is also misfiled as a Firm. Its only link to Watson Farley & Williams is the word 'Watson'.",Y,unrelated,"I checked this against the live data. The website is watsonfuels.co.uk, the Industry is Diversified Retailers and the office is in Chippenham, UK. This is a fuel distributor, not a law firm, and it does not carry the wfw.com website. Its only link to Watson Farley & Williams is the word 'Watson'. The Firm record type is the org's only non-Office account type, so storing it as a Firm is not itself a misfiling. Unrelated fits better than person_or_misfiled."
328,unrelated,2,name_short_form,1,0016g00001AOgCnAAL,Watson Farley & Williams LLP,www.wfw.com,2021-01-20T21:04:02.000+0000,22,1038,433,0016g00001AOgD3AAL,Watson LLP,www.watsonllp.com,2021-01-20T21:04:02.000+0000,Kamyar Jannati,N,1,1,1,unrelated,high,"This is a separate firm with its own domain, watsonllp.com, and an office in Orlando, FL. The contact is Coleman Watson, Partner, @watsonllp.com. It only shares the surname 'Watson' with Watson Farley & Williams.",Y,unrelated,"I checked this against the live data. The website is watsonllp.com and the office is in Orlando, FL. The contact is Coleman Watson, Partner, @watsonllp.com, and there is one 2020 Lexology opportunity. This is a separate Florida firm that only shares the surname 'Watson' with Watson Farley & Williams."
329,affiliate_or_office,2,name_extends,1,001Px00000Vvm4ZIAR,"Weil, Gotshal & Manges LLP",www.weil.com,2021-01-20T21:04:23.000+0000,23,2069,1265,001Px00000heTUPIA2,"Weil, Gotshal & Manges (London) LLP",,2026-07-25T18:12:50.000+0000,Kieran Hansen,N,1,6,1,affiliate_or_office,high,"This is Weil's UK LLP, a country entity stored as a Firm. Its only Office is in London and its contacts are weil.com trainees and lawyers. The G300 Weil record already has Office records named 'Weil, Gotshal & Manges (London) LLP' in London, so this belongs under the G300 firm as an office, not as a separate Firm.",Y,affiliate_or_office,"Checked live. 001Px00000heTUPIA2 'Weil, Gotshal & Manges (London) LLP' is a 2026-07-25 batch Firm record with a blank Website and one London Office (001Px00000heeTuIAI). That Office has 5 weil.com contacts (trainees, a lawyer, a paralegal), one PR-agency contact (orticacommunications.com) and a British Legal Awards 2024 opp. The G300 Weil record already has three Offices named 'Weil, Gotshal & Manges (London) LLP': two in London (0016g00001AQEV9AAP, 001Px00000VwEVSIA3) and one in Brussels. It is Weil's UK LLP recorded as a Firm, so its data belongs under the G300 hierarchy as a London Office, not as a separate Firm."
330,duplicate,2,name_short_form,1,001Px00000VvL2BIAV,"Weinberg, Wheeler, Hudgins, Gunn & Dial, LLC",www.wwhgd.com,2021-01-20T21:04:23.000+0000,5,100,193,001Px00000cAfiVIAS,Weinberg Wheeler Hudgins,,2016-04-28T17:52:01.000+0000,Kieran Hansen,Y,1,0,0,duplicate,high,"This is a short form of Weinberg, Wheeler, Hudgins, Gunn & Dial. It is a legacy ALM-migrated record (ALM_Account_ID__c set, CreatedDate 2016) with a blank Website. Its single Office is in Miami, where the G300 record also has an Office. There is no evidence of a separate entity, and it has no contacts or opps.",Y,duplicate,"Checked live. 001Px00000cAfiVIAS 'Weinberg Wheeler Hudgins' is a Firm record with ALM_Account_ID__c 0013600000kfiR0AAI, a CreatedDate of 2016-04-28 (a migration timestamp) and a blank Website. Its only Office, 001Px00000cAuMVIA0, is in Miami, where the G300 also has an Office. It has no contacts and no opps. The name is a truncated form of the G300 name. From general knowledge, the firm has used the full five-name form since it was founded in 1998, so this is an abbreviation, not a predecessor firm. It is a redundant Firm record."
331,predecessor_or_legacy,2,name_short_form,1,0016g00001AOgrVAAT,Wilmer Cutler Pickering Hale and Dorr LLP,www.wilmerhale.com,2021-01-20T21:05:17.000+0000,17,1740,1545,001Px00000j5HMoIAM,Wilmer Cutler Pickering,,2026-08-20T18:20:53.000+0000,Kieran Hansen,N,1,1,3,predecessor_or_legacy,high,"General knowledge: Wilmer, Cutler & Pickering was the pre-2004 name of one of the two firms that merged to form WilmerHale. It is a 2026-08-20 batch record with a blank website, a Boston office and contact William F. Lee (WilmerHale leadership).",Y,predecessor_or_legacy,"Verified: 'Wilmer Cutler Pickering' (001Px00000j5HMoIAM) was created 2026-08-20 by Kieran Hansen with a blank website. It has one Boston office whose contact is William F. Lee, and a 'William Lee' at wilmerhale.com is on the G300 WilmerHale Boston office. Its 3 opps are 'WILMER CUTLER PICKERING 728EREV' (closing 2026-06-18, one Closed Won). General knowledge: Wilmer, Cutler & Pickering was one of the two firms that merged into WilmerHale in 2004. This is a legacy name carrying current WilmerHale business."
332,duplicate,2,name_short_form,1,0016g00001AOgt0AAD,Wilson Sonsini Goodrich & Rosati Professional Corporation,www.wsgr.com,2021-01-20T21:05:28.000+0000,40,677,626,001Px00000j5HMrIAM,Wilson Sonsini Goodrich Et Al,,2026-08-20T18:20:53.000+0000,Kieran Hansen,N,1,1,4,duplicate,high,"This is a shortened version of the Wilson Sonsini Goodrich & Rosati name. It is a 2026-08-20 batch record with a New York office whose only contact is 'Wsgr Library', which is clearly WSGR.",Y,duplicate,"Verified: 001Px00000j5HMrIAM is a 2026-08-20 Kieran Hansen batch record with a blank website and one New York office. That office's only contact is 'Wsgr Library', and its opps are 'WILSON SONSINI GOODRICH ET AL JEMPL20B/21B'. 'Et Al' is a billing-system truncation of the WSGR name, and the G300 already has New York offices. This is the same firm, a redundant Firm record."
333,unrelated,2,alias_extends,1,001Px00000VvNUXIA3,Withersworldwide LLP,www.withersworldwide.com,2021-01-20T20:09:30.000+0000,23,681,546,0016g00001AOh17AAD,Withers & Rogers LLP,www.withersrogers.com,2021-01-20T21:05:48.000+0000,Kamyar Jannati,N,5,102,102,unrelated,high,"It has its own website (withersrogers.com) and offices in Bristol, Sheffield, London, Warwick and Munich. General knowledge: Withers & Rogers is an independent UK/European patent and trade mark attorney firm with no connection to Withers LLP.",Y,unrelated,"Verified: 0016g00001AOh17AAD 'Withers & Rogers LLP' has its own website (www.withersrogers.com) and 5 offices of its own (Bristol, Sheffield, London, Warwick, Munich) under that website. General knowledge: Withers & Rogers is an independent UK/European patent and trade mark attorney firm with no link to Withers LLP. The only overlap is the name fragment."
334,person_or_misfiled,2,alias_extends,1,001Px00000VvNUXIA3,Withersworldwide LLP,www.withersworldwide.com,2021-01-20T20:09:30.000+0000,23,681,546,001Tm00000MEVJIIA5,"Withers , Preston",,2025-08-19T11:23:59.000+0000,Kieran Hansen,N,1,1,1,person_or_misfiled,high,"This is an individual's name (Preston Withers) stored as a Firm, with Industry 'Business Support Services'. Its Copeland, Kansas office's contact has an @witherstimber.com email (a timber/auction business), not a law firm and not Withersworldwide.",Y,person_or_misfiled,"Verified: 'Withers , Preston' (001Tm00000MEVJIIA5) is in Last, First format and has Industry 'Business Support Services'. It has one Copeland, Kansas office, whose contact Preston Withers uses @witherstimber.com, and one 2022 opp named after the individual. This is an individual or small non-law business stored as a Firm and has no connection to Withersworldwide. 'unrelated' would also fit, but person_or_misfiled is the more precise description."
335,unrelated,2,alias_extends,1,001Px00000VvNUXIA3,Withersworldwide LLP,www.withersworldwide.com,2021-01-20T20:09:30.000+0000,23,681,546,0016g00001AOh18AAD,Withers Brindley Associates,www.mayfieldsinsolvency.co.uk,2021-01-20T21:05:48.000+0000,Kamyar Jannati,N,1,1,0,unrelated,high,"The website is www.mayfieldsinsolvency.co.uk, it has a Halesowen (UK) office and its contact is an Administrator at mayfieldsinsolvency.co.uk. This is an insolvency practice that only shares the 'Withers' name fragment.",Y,unrelated,"Verified: 0016g00001AOh18AAD 'Withers Brindley Associates' has the website www.mayfieldsinsolvency.co.uk and one Halesowen (UK) office. Its contact, Dee Woodward (Administrator), uses a mayfieldsinsolvency.co.uk email. This is an insolvency practice that only shares the 'Withers' name fragment."
336,unrelated,2,alias_extends,1,001Px00000VvNUXIA3,Withersworldwide LLP,www.withersworldwide.com,2021-01-20T20:09:30.000+0000,23,681,546,001Px00000cAG0NIAW,Withers Consulting Group,www.withersconsulting.com/,2015-10-26T17:56:12.000+0000,Kieran Hansen,Y,1,1,0,unrelated,high,"It has its own website (withersconsulting.com) and its contact is a Marketing and Business Development Manager at withersconsulting.com. General knowledge: this is a legal-industry consultancy, not the Withers law firm.",Y,unrelated,"Verified: 001Px00000cAG0NIAW 'Withers Consulting Group' has its own website (withersconsulting.com), and its only contact is a Marketing and Business Development Manager at withersconsulting.com. General knowledge: it is a legal-industry marketing and business-development consultancy, a separate organisation from the Withers law firm."
337,predecessor_or_legacy,2,alias_short_form,1,001Px00000VwYp5IAF,Womble Bond Dickinson,www.womblebonddickinson.com,2021-01-20T19:34:19.000+0000,58,1649,614,001Px00000j5HN0IAM,Womble Carlyle,,2026-08-20T18:20:53.000+0000,Kieran Hansen,N,1,1,10,predecessor_or_legacy,high,"General knowledge: Womble Carlyle Sandridge & Rice (US) combined with Bond Dickinson in 2017 to form Womble Bond Dickinson. This is a 2026-08-20 batch record with a blank website, a Baltimore office and 10 opps.",Y,predecessor_or_legacy,"Verified: 'Womble Carlyle' (001Px00000j5HN0IAM) is a 2026-08-20 batch record with a blank website and one Baltimore office holding 10 'WOMBLE CARLYLE 631...' opps from 2019-2020. Its contact, Dede Fowler, also sits on the G300's 'Womble Bond Dickinson (US) LLP' Charlotte office, and the G300 has its own Baltimore office. General knowledge: Womble Carlyle Sandridge & Rice combined with Bond Dickinson in 2017 to form Womble Bond Dickinson, so this is the pre-merger US name."
338,person_or_misfiled,3,website_domain_match,1,001Px00000Vve0tIAB,ArentFox Schiff LLP,www.afslaw.com,2021-01-20T19:20:30.000+0000,15,1230,582,001Px00000VvUVbIAN,Mary Dowd,afslaw.com,2025-11-13T10:00:01.000+0000,Kieran Hansen,N,1,1,0,person_or_misfiled,high,"An individual's name stored as a Firm record with website afslaw.com (2025-11-13 batch). Its only contact is Mary Dowd herself, with a personal @live.com email and a Brooklyn office, so this is a person, not a duplicate firm.",Y,person_or_misfiled,"The live record 001Px00000VvUVbIAN 'Mary Dowd' is a Firm with website afslaw.com, created 2025-11-13. Its child office is 'Mary Dowd' at 260 16th Street, Brooklyn, and its only contact is Mary Dowd (@live.com). A separate contact Mary Dowd (@afslaw.com) already sits under the G300 ArentFox Schiff DC office. So this is an individual stored as a Firm record, a data-quality problem rather than a duplicate firm."
339,person_or_misfiled,3,website_domain_match,1,0016g00001ANqcEAAT,"Baker, Donelson, Bearman, Caldwell & Berkowitz, PC",www.bakerdonelson.com,2021-01-20T19:23:28.000+0000,25,480,283,001Px00000VvZ3GIAV,"Baker, John D, Md, Facp",www.bakerdonelson.com/,2025-11-13T10:01:24.000+0000,Kieran Hansen,N,1,1,0,person_or_misfiled,high,"This is an individual physician stored as a Firm, from the 2025-11-13 Kieran Hansen batch. The contact is 'John D Baker MD', Title Expert Witness, @gmail.com, and the office is in Irvine, CA. It carries the Baker Donelson website only because the surname matches, so it is not a duplicate firm.",Y,person_or_misfiled,"I checked this against the live data. The Firm is named 'Baker, John D, Md, Facp' and was created on 2025-11-13 by Kieran Hansen. Its only contact is 'John D Baker MD', Title Expert Witness, @gmail.com, and the office is in Irvine, CA. There are no opportunities. This is an individual physician who picked up the bakerdonelson.com website only because of the surname match. It is not a duplicate firm."
340,unrelated,3,website_domain_match,1,0016g00001ANrikAAD,"Benesch, Friedlander, Coplan & Aronoff, LLP",www.beneschlaw.com,2021-01-20T19:25:35.000+0000,16,305,186,0016g00001AObkQAAT,The Law Office of Brian C De Pew,www.beneschlaw.com,2021-01-20T20:55:33.000+0000,Kamyar Jannati,N,1,1,0,unrelated,medium,"This is a separate solo practice in Columbus, OH. Its contact is Brian Depew, Partner, @depewlawllc.com (DePew Law LLC). It is not Benesch and there is no sign it merged into Benesch. The beneschlaw.com website on the record looks wrong or stale (possibly his former firm) and should be fixed.",Y,unrelated,"I checked this against the live data. The office is in Columbus, OH, and the only contact is Brian Depew, Partner, @depewlawllc.com (DePew Law LLC). A second 'Brian Depew' contact (ATTY) sits under Adena Health System. I found no DePew contact under Benesch and nothing showing that his practice combined with Benesch. This is a separate small firm, and the beneschlaw.com website on the record is wrong or stale. Confidence is medium, because it is possible he was once at Benesch."
341,person_or_misfiled,3,website_domain_match,1,0016g00001ANsmuAAD,"Bond, Schoeneck & King PLLC",www.bsk.com,2021-01-20T19:27:36.000+0000,14,113,86,001Px00000VvdaRIAR,Charles J Groppe,bsk.com,2025-08-19T11:12:24.000+0000,Kieran Hansen,N,1,1,3,person_or_misfiled,high,"This is an individual stored as a Firm. The only contact is Charles J Groppe, @aol.com, and the office is in Andover, MA. It carries the bsk.com website (the office has 'ww.bsk.com'), but it is a person, not a duplicate of Bond, Schoeneck & King.",Y,person_or_misfiled,"I checked this against the live data. The Firm is named 'Charles J Groppe' (Kieran Hansen, 2025-08-19). Its only contact is Charles J Groppe, @aol.com, and the office is in Andover, MA, with the website 'ww.bsk.com'. The three opportunities are individual New York Law Journal subscriptions (about $480-$528). Nothing links him to Bond, Schoeneck & King beyond the website value. This is an individual stored as a Firm, not a duplicate."
342,person_or_misfiled,3,website_domain_match,1,0016g00001ANt3wAAD,Bradley Arant Boult Cummings LLP,www.bradley.com,2021-01-20T19:28:04.000+0000,18,602,305,001Px00000VvwCdIAJ,"Bradley & Company Private Wealth Management, LLC",bradley.com,2025-11-13T10:25:49.000+0000,Kieran Hansen,N,1,0,4,person_or_misfiled,high,"This is a wealth-management company (Fort Lauderdale office, with MC-synced event sponsorship opps) stored as a law Firm. It carries the G300 firm's website (bradley.com) and Industry 'Legal Services' in error, so it is a non-law organisation misfiled as a Firm, not Bradley Arant.",Y,person_or_misfiled,"Confirmed. 'Bradley & Company Private Wealth Management, LLC' is a wealth-management firm with a Fort Lauderdale, FL office and no contacts. Its 4 opps are event sponsorship opps (Miami 24, PCFA), 2 of them 'Synced from MC'. It carries the G300 website bradley.com and Industry 'Legal Services' in error. It is a non-law organisation misfiled as a Firm, not Bradley Arant."
343,person_or_misfiled,3,website_domain_match,1,001Px00000VvXxxIAF,"Cadwalader, Wickersham & Taft LLP",www.cadwalader.com,2021-01-20T19:30:27.000+0000,6,817,540,001Px00000VvTAUIA3,Mark Singer,cadwalader.com,2025-11-13T09:58:58.000+0000,Kieran Hansen,N,1,2,0,person_or_misfiled,high,"This Firm record is named after an individual. Its office is in Dillon Beach, CA and both contacts are 'Mark I. Singer MD, FACS' (@yahoo.com). It is a person stored as a Firm that happens to carry cadwalader.com, not a duplicate firm.",Y,person_or_misfiled,"Checked live. The Firm is named 'Mark Singer' (website cadwalader.com, Industry Legal Services, created in the 2025-11-13 ALM batch). Its office is in Dillon Beach, CA and it holds two contacts that are the same person, 'Mark I. Singer MD, FACS', @yahoo.com. That is a physician's personal record stored as a Firm and wrongly stamped with Cadwalader's website, not a second Cadwalader Firm record."
344,person_or_misfiled,3,website_domain_match,1,0016g00001ANuIZAA1,Cahill Gordon & Reindel LLP,www.cahill.com,2021-01-20T19:30:27.000+0000,5,234,201,001Tm00000LgTuMIAV,Suzanne Abdallah - Person Account,www.cahill.com,2025-08-06T08:20:13.000+0000,Sindushree Chinnagundanahalli Seetharam,N,1,1,0,person_or_misfiled,high,"The name says 'Person Account' and Industry is 'Person Account'. The office is in Dubai and the only contact is Suzanne Abdallah, Professor (@hotmail.com). This is an individual misfiled as a Firm with Cahill's website.",Y,person_or_misfiled,"Checked live. The name is 'Suzanne Abdallah - Person Account' and Industry is 'Person Account'. The office is in Dubai, UAE, and the only contact is Suzanne Abdallah, Professor, @hotmail.com. This is an individual misfiled as a Firm that happens to carry www.cahill.com."
345,person_or_misfiled,3,website_domain_match,1,0016g00001ANuvPAAT,"Carlton Fields, P.A",www.carltonfields.com,2021-01-20T19:31:41.000+0000,16,382,243,001Px00000Vw0HPIAZ,Brian Hart,carltonfields.com,2025-11-13T11:43:20.000+0000,Kieran Hansen,N,1,1,0,person_or_misfiled,high,"This is an individual, a dentist, stored as a Firm in the 2025-11-13 batch. The contact is 'Brian T. Hart DDS', @gmail.com, the office is in Lake Forest Park, WA, and the Industry is Professional Information Services. It carries the carltonfields.com website, but it is not a law firm.",Y,person_or_misfiled,"I checked this against the live data. The Firm is named 'Brian Hart' (2025-11-13 batch) and its Industry is Professional Information Services. The only contact is 'Brian T. Hart DDS', @gmail.com, and the office is in Lake Forest Park, WA. This is an individual dentist, not a law firm. The carltonfields.com website is an erroneous enrichment."
346,predecessor_or_legacy,3,website_domain_match,1,0016g00001ANuvPAAT,"Carlton Fields, P.A",www.carltonfields.com,2021-01-20T19:31:41.000+0000,16,382,243,0016g00001AOD8MAAX,Jorden Burt LLP,www.carltonfields.com,2021-01-20T20:07:27.000+0000,Kamyar Jannati,N,1,2,0,predecessor_or_legacy,high,"Its website is carltonfields.com, its office is in Washington DC, and its contacts use @jordenusa.com emails. From general knowledge, Jorden Burt combined with Carlton Fields in 2014 as Carlton Fields Jorden Burt, which was later renamed Carlton Fields. It is a legacy predecessor record.",Y,predecessor_or_legacy,"I checked this against the live data. The website is carltonfields.com, the office is in Washington, DC, and both contacts (Karen Benson, Richard Choi) have @jordenusa.com emails from the 2021 import. From general knowledge, Jorden Burt combined with Carlton Fields in 2014 as Carlton Fields Jorden Burt, which was later renamed Carlton Fields. This is a legacy predecessor record, not a live separate firm."
347,person_or_misfiled,3,website_domain_match,1,001Px00000VwSDBIA3,Chiesa Shahinian & Giantomasi PC,www.csglaw.com,2021-01-20T19:33:54.000+0000,4,124,274,001Px00000WjkDyIAJ,ALM Placeholder Account for Migration,csglaw.com,2025-11-28T12:01:20.000+0000,Kieran Hansen,N,1,14,28197,person_or_misfiled,high,"This is a system placeholder for the ALM migration (ALM_Account_ID__c 'ALMPlaceholderAcco', Industry 'Business Support Services', office in Abilene, TX). It holds about 28k opps and unrelated contacts from hmhn.org, athenstech.edu, belmont.edu and mswlawgroup.com. It is not CSG, and it only carries csglaw.com as its website.",Y,person_or_misfiled,"Checked live. The name is 'ALM Placeholder Account for Migration', ALM_Account_ID__c is 'ALMPlaceholderAcco', Industry is Business Support Services and the office is in Abilene, TX. Its website is csglaw.com, but the 14 contacts are from hmhn.org, athenstech.edu, belmont.edu and mswlawgroup.com, and it holds about 28k opps. This is a system catch-all for the migration, not CSG, and must never be merged into CSG. It only carries CSG's website by error."
348,person_or_misfiled,3,website_domain_match,1,001Px00000Vvo8DIAR,Clark Hill PLC,www.clarkhill.com,2021-01-20T19:35:08.000+0000,34,925,215,001Tm00000MtMu1IAF,Andrew Carroll,clarkhill.com,2025-09-04T09:58:10.000+0000,Kieran Hansen,N,2,2,1,person_or_misfiled,high,"This is a person's name stored as a Firm with website clarkhill.com. Both child Offices are also named 'Andrew Carroll', the only contact is Andrew Carroll (@gmail.com), and the opportunity is an individual subscription ('ANDREW CARROLL-2024 TIO').",Y,person_or_misfiled,"I confirmed this. 'Andrew Carroll' is an individual stored as a Firm (Website clarkhill.com). Both child Offices are named 'Andrew Carroll', and each holds a contact for the same person (@gmail.com), so there are 2 contact records rather than one. The only opportunity is an individual renewal, '1850690167-ANDREW CARROLL-2024 TIO'. The G300 Clark Hill Philadelphia office already has Andrew Carroll (@clarkhill.com, Senior Associate), so this is a Clark Hill attorney's personal subscription stored as a Firm. It is not a duplicate firm."
349,person_or_misfiled,3,website_domain_match,1,001Px00000Vvo8DIAR,Clark Hill PLC,www.clarkhill.com,2021-01-20T19:35:08.000+0000,34,925,215,001Px00000VvpEIIAZ,Douglas Gilbert,clarkhill.com,2025-11-13T10:24:21.000+0000,Kieran Hansen,N,1,0,1,person_or_misfiled,high,"This is an individual's name stored as a Firm with website clarkhill.com. Its child Office is also 'Douglas Gilbert', and its only opportunity is an individual subscription ('DOUGLAS GILBERT-2025 TAL').",Y,person_or_misfiled,"I confirmed this. 'Douglas Gilbert' is an individual stored as a Firm (Website clarkhill.com, 2025-11-13 batch). It has one child Office with the same name and no contacts. Its only opportunity is an individual renewal, '1850696452-DOUGLAS GILBERT-2025 TAL' (Closed Lost). The G300 Clark Hill Pittsburgh office already has Douglas Gilbert (@clarkhill.com, Of Counsel/Director). This is a person record, not a duplicate firm."
350,disputed,3,website_domain_match,1,001Px00000Vvo8DIAR,Clark Hill PLC,www.clarkhill.com,2021-01-20T19:35:08.000+0000,34,925,215,0016g00001AOPhUAAX,Partenheimer Mick Immigration Law LLC,www.clarkhill.com,2021-01-20T20:32:38.000+0000,Kamyar Jannati,N,1,1,1,uncertain,low,"This is a separately named Chicago immigration boutique with a 2024 Lexology Index opportunity under its own name. Its website is clarkhill.com, and its only contact, Pamela Partenheimer Mick, has a @clarkhill.com email, so the attorney links to Clark Hill but the direction is unclear. It would be predecessor_or_legacy if the boutique joined Clark Hill, or unrelated (with a stale website) if she left Clark Hill to set it up; checking her current affiliation would settle it.",N,unrelated,"The live record is a separate firm, created in the original 2021-01-20 load as 'Partenheimer Mick Immigration Law LLC (Chicago)'. It carries www.clarkhill.com as its Website, and its one contact (created 2023-12) and a 2026 Lexology Index research lead both still use @clarkhill.com. A web search (outside Salesforce) settles the direction. A Clark Hill press release confirms Pamela P. Mick once joined Clark Hill Chicago. Her current Who's Who Legal / Lexology profile and LinkedIn list her as Managing Principal of Partenheimer Mick Immigration Law LLC, now operating independently in Chicago. That profile also mentions earlier small-firm, large-firm and Zulkie Partners roles. So this is her own boutique, still operating separately after she left Clark Hill. The clarkhill.com website and email are stale. It did not merge into Clark Hill and is not a former Clark Hill name, so it is not a duplicate or predecessor. It should be unlinked from Clark Hill and its Website corrected."
351,person_or_misfiled,3,website_domain_match,1,0016g00001ANy9vAAD,Corrs Chambers Westgarth,www.corrs.com.au,2021-01-20T19:37:52.000+0000,12,712,415,001Px00000VvpdAIAR,Gavin Maclaren,corrs.com.au,2025-11-13T10:22:54.000+0000,Kieran Hansen,N,1,1,3,person_or_misfiled,high,"This is an individual stored as a Firm in the 2025-11-13 batch. The only contact is Gavin Maclaren, @gmail.com, and the office is in Melbourne. It carries the corrs.com.au website, but it is a person, not a duplicate of Corrs Chambers Westgarth.",Y,person_or_misfiled,"I checked this against the live data. The Firm is named 'Gavin Maclaren' (2025-11-13 batch) and its only contact is Gavin Maclaren, @gmail.com, in Melbourne. The three opportunities are individual 'LWK' subscriptions of about $500-$600. One detail the reviewer missed: the same person already exists under the G300 Corrs Office records as Gavin Maclaren, 'Senior Partner & Chief Executive Officer', @corrs.com.au. There is also a Corrs contact with the same gmail address. So this is Corrs's CEO stored as a standalone Firm. It is a person-level data-quality problem, not a duplicate firm, and the contact and opportunities probably belong under Corrs."
352,person_or_misfiled,3,website_domain_match,1,0016g00001ANzSKAA1,Davis Polk & Wardwell LLP,www.davispolk.com,2021-01-20T19:40:24.000+0000,15,1312,1331,001Px00000Vvsf8IAB,Craig Bergman,davispolk.com,2025-11-13T10:23:00.000+0000,Kieran Hansen,N,1,0,3,person_or_misfiled,high,"This is an individual's name stored as a Firm with website davispolk.com. Its single Office is in Rye Brook, NY. Its only opportunities are small individual subscriptions ('Craig Bergman-2024 TAL', '2025 TAL', about $360-480), so it is a person, not a duplicate of Davis Polk.",Y,person_or_misfiled,"I checked this live. Firm 001Px00000Vvsf8IAB 'Craig Bergman' has website davispolk.com and was created 2025-11-13 by Kieran Hansen. Its only Office, 001Px00000VwKmgIAF, is at 11 Jennifer Ln, Rye Brook NY, a residential address. It has no contacts. Its 3 opportunities are individual subscriptions ('Craig Bergman-2024 TAL', '2023 LDA', '2025 TAL', $359.88-$479.88). This is an individual stored as a Firm with Davis Polk's domain, not a duplicate firm record."
353,person_or_misfiled,3,website_domain_match,1,001Px00000VvbOnIAJ,Dorsey & Whitney LLP,www.dorsey.com,2021-01-20T19:42:55.000+0000,22,543,489,001Tm00000MtCFVIA3,Phillip Maier,dorsey.com,2025-09-04T10:04:34.000+0000,Kieran Hansen,N,1,1,0,person_or_misfiled,high,"This is an individual's name stored as a Firm with website dorsey.com. Its single Office is in Brooklyn, and its only contact is Phillip Maier himself with a personal aol.com email. It is a person, not a Dorsey & Whitney firm record.",Y,person_or_misfiled,"I checked this live. Firm 001Tm00000MtCFVIA3 'Phillip Maier' has website dorsey.com and was created 2025-09-04 by Kieran Hansen. Its only Office, 001Tm00000MtgNdIAJ, is at 349 12th St Apt 2L, Brooklyn, a residential apartment. Its only contact is Phillip Maier himself (@aol.com), and it has no opportunities. This is an individual person stored as a Firm with Dorsey's domain, not a Dorsey & Whitney firm record."
354,predecessor_or_legacy,3,website_domain_match,1,001Px00000VvbOZIAZ,Dykema Gossett PLLC,www.dykema.com,2021-01-20T19:43:56.000+0000,22,312,115,0016g00001AOVeEAAX,Schwartz Cooper Chartered,www.dykema.com,2021-01-20T20:44:39.000+0000,Kamyar Jannati,N,2,2,1,predecessor_or_legacy,high,"Its website is dykema.com and its contacts use @dykema.com emails. From general knowledge, Chicago firm Schwartz Cooper Chartered merged into Dykema Gossett around 2011. Note also that a 2026-08-21 Kieran Hansen Office named 'Dykema Gossett' (Oakland Township, MI; 001Px00000j8WYkIAM) is wrongly parented under this legacy Firm.",Y,predecessor_or_legacy,"I checked this against the live data. The website is dykema.com. One child office, oddly located in Los Angeles, has contact Michael Wippler, Member, @dykema.com. The G300 Dykema also has Los Angeles and Chicago offices. From general knowledge, Chicago's Schwartz Cooper Chartered combined into Dykema Gossett around 2010-2011, so this is a legacy predecessor. I confirmed the reviewer's side note: the Kieran Hansen Office 'Dykema Gossett' (001Px00000j8WYkIAM, Oakland Township, MI, created 2026-08-21) is parented under this legacy Firm. It has contact Connor Walby @dykema.com and a 'DYKEMA GOSSETT VSCOM' opportunity, and should be re-parented to the G300 Dykema."
355,person_or_misfiled,3,website_domain_match,1,001Px00000Vva9jIAB,"Gordon Rees Scully Mansukhani, LLP",www.grsm.com,2021-01-20T19:54:58.000+0000,50,327,260,001Tm00000MtCG7IAN,Pj Moran,grsm.com,2025-09-04T10:04:34.000+0000,Kieran Hansen,N,1,1,1,person_or_misfiled,high,"The name is an individual's. The only contact is 'Pj Moran' with a personal aol.com email, and the only opp is '1850690909-PJ Moran-2024 TXO'. This is a person stored as a Firm with grsm.com in Website, not a second GRSM firm record.",Y,person_or_misfiled,"Confirmed. The record and its office are both named 'Pj Moran' and have website grsm.com. The only contact is Pj Moran with a personal aol.com address (@aol.com). The only opp is '1850690909-PJ Moran-2024 TXO', an individual-customer order pattern. This is an individual stored as a Firm, not a second GRSM firm."
356,disputed,3,website_domain_match,1,0016g00001AO8xPAAT,"Herrick, Feinstein LLP",www.herrick.com,2021-01-20T19:58:45.000+0000,5,96,122,0016g00001AOK7tAAH,Mertzel Law PLLC,www.herrick.com,2021-01-20T20:21:08.000+0000,Kamyar Jannati,N,1,29,1,person_or_misfiled,medium,"The name belongs to a different small firm (Nancy Mertzel's practice), which already has its own 'Mertzel Law' Firm record (001Px00000WkZD9IAN). Yet this record carries www.herrick.com, and 28 of the 29 contacts on its New York office have herrick.com emails (Herrick partners such as Kishner, Elisofon and Selbst); only Nancy Mertzel uses mertzel-law.com. It is a mislabeled or misfiled record whose Herrick contacts need re-homing, not a clean duplicate Herrick firm.",N,duplicate,"I disagree with the category, though the reviewer's facts check out. 'person_or_misfiled' is defined for an individual or a non-law-firm organisation, and Mertzel Law PLLC is neither. Everything on this record except its Name is Herrick: website www.herrick.com, a single New York office, and 28 of 29 contacts with herrick.com emails (partners Kishner, Elisofon, Selbst, Kaye, Karaahmet, plus the library manager and marketing staff). Some contacts are exact copies of contacts already on the G300 record, e.g. @herrick.com is on both. Its only opp is for Herrick partner Barbaros Karaahmet. The real Mertzel Law already has its own Firm record, 001Px00000WkZD9IAN, whose office already holds Nancy Mertzel (@mertzel-law.com). So this 2021 initial-load record is a redundant, mislabeled Herrick firm record and should be merged into Herrick. Before merging, the one Nancy J Mertzel contact should move to 001Px00000WkZD9IAN (or be deduped there). Confidence: medium."
357,predecessor_or_legacy,3,website_domain_match,1,0016g00001AOD7SAAX,Jones Walker LLP,www.joneswalker.com,2021-01-20T20:07:27.000+0000,13,209,177,0016g00001AOgCEAA1,Watkins Ludlam Winter and Stennis PA,www.joneswalker.com,2021-01-20T21:04:02.000+0000,Kamyar Jannati,N,1,1,0,predecessor_or_legacy,medium,"Its website is joneswalker.com, its office is in Jackson, MS, and its contact uses a @watkinsludlam.com email. From general knowledge, this Mississippi firm combined with Jones Walker around 2009-2010. That is recalled rather than checked in the data; the joneswalker.com website on the record supports it.",Y,predecessor_or_legacy,"I checked this against the live data. The website is joneswalker.com, the office is in Jackson, MS, and the contact Christopher Pace, Associate, uses @watkinsludlam.com. The G300 Jones Walker has its own Jackson, MS office (0016g00001EYNTRAA5). From general knowledge, Watkins Ludlam Winter & Stennis combined into Jones Walker around 2010-2011. I recall that rather than having checked it in the data, so confidence is medium. The joneswalker.com website and the matching Jackson office support a legacy predecessor."
358,person_or_misfiled,3,website_domain_match,1,001Px00000Vvs5iIAB,Linklaters LLP,www.linklaters.com,2021-01-20T20:15:29.000+0000,41,4656,2305,001Px00000VvwXmIAJ,Arthur Peng,linklaters.com,2025-11-13T10:23:30.000+0000,Kieran Hansen,N,1,0,2,person_or_misfiled,high,"The Firm record is named after an individual and carries website linklaters.com. Contact records show Arthur Peng as a Linklaters Managing Associate (@linklaters.com) and a partner at Linklaters Zhao Sheng. The child Office's opps are named '1850705173-ARTHUR PENG-2024/2025 LWK', i.e. individual subscriptions. This is a person stored as a Firm, not a duplicate firm.",Y,person_or_misfiled,"Confirmed: 001Px00000VvwXmIAJ 'Arthur Peng' is a Firm record with website linklaters.com, created 2025-11-13. Its Office child (001Px00000Vw0ZqIAJ) holds two individual-subscription opps, '1850705173-ARTHUR PENG-2024 LWK' and '...-2025 LWK', both Closed Lost. Contact records show Arthur Peng as a Managing Associate under the G300 Linklaters hierarchy (@linklaters.com) and as a Partner at Linklaters Zhao Sheng / Zhao Sheng Law Firm (@linklaterszs.com). This is an individual stored as a Firm, not a duplicate firm."
359,disputed,3,website_domain_match,1,0016g00001AOHKvAAP,Littler Mendelson P.C.,www.littler.com,2021-01-20T19:59:49.000+0000,73,1793,461,0014L00000WEvKoQAL,Enevold Advokatfirma,www.littler.com,2022-09-21T15:56:14.000+0000,Kieran Hansen,N,1,1,0,predecessor_or_legacy,medium,"Danish firm (child office in Copenhagen) with website www.littler.com; its only contact, Partner Bo Enevold Uhrenfeldt, has a @littler.com email, and Littler's G300 hierarchy has no Copenhagen office. From general knowledge, Enevold combined with Littler and became its Denmark office, so this is the pre-combination firm name. It could also be treated as a Littler country office recorded as a Firm.",N,affiliate_or_office,"The record data matches the reviewer's summary: a Firm created 2022-09-21 by Kieran Hansen with website www.littler.com, one Copenhagen office, and one contact (Partner Bo Enevold Uhrenfeldt, @littler.com). Littler's G300 hierarchy has no Denmark office. But 'predecessor' is wrong. Web sources (Littler's press release 'Littler Expands to Denmark, Adds Partner Bo Enevold Uhrenfeldt', Sept 2022; littler.dk; Legal 500 'Littler | enevold (trading name of Enevold Advokatfirma)') say Enevold Advokatfirma is the current local legal entity of Littler's Danish practice. Bo Enevold set it up in 2022 as 'an independent part of Littler Global' (CVR 43406604), coming from Skau Reipurth. It is not an older firm that merged in. So it is a separate country member entity of the Littler brand recorded as a Firm. For comparison, this org already records similar Littler country entities (Majer, Ratti & Associati in Milan, DCM & Associados in Portugal, Littler Advokatfirma AS in Oslo) as Offices under the Littler G300 Firm."
360,disputed,3,website_domain_match,1,0016g00001AOHKvAAP,Littler Mendelson P.C.,www.littler.com,2021-01-20T19:59:49.000+0000,73,1793,461,0014L00000WF2vvQAD,Juan Carlos Varela & Asociados,www.littler.com,2022-09-22T13:00:45.000+0000,Kieran Hansen,N,1,9,2,predecessor_or_legacy,medium,"Caracas firm with website www.littler.com; all 9 contacts have @littler.com emails, and Littler's G300 hierarchy has no Venezuela office. From general knowledge, this Venezuelan firm combined with Littler to form Littler Venezuela, so this is a predecessor name. It is arguably also a country entity.",N,affiliate_or_office,"The record data matches the reviewer's summary: a Firm with website www.littler.com and a Caracas office; all 9 contacts have @littler.com emails, and Littler's hierarchy has no Venezuela office. Juan Carlos Varela himself sits in Littler's Miami office as a Partner (@littler.com). However, web sources, including Littler's legal notice as summarised in search results, describe Juan Carlos Varela & Asociados as a partnership organised under Venezuelan law and an independent member of Littler Global. Varela is the office managing shareholder of Littler's Venezuela offices. So this is the current, legally separate Venezuelan member entity, not a former name or a firm absorbed into Littler Mendelson P.C. Like row 359, it is a Littler country entity recorded as a Firm, and could be re-parented as an Office, following how this org already treats the Milan and Portugal member firms."
361,predecessor_or_legacy,3,website_domain_match,1,0016g00001AOHKvAAP,Littler Mendelson P.C.,www.littler.com,2021-01-20T19:59:49.000+0000,73,1793,461,0016g00001AOVdZAAX,Schuster Aguiló LLC,www.littler.com,2021-01-20T20:44:39.000+0000,Kamyar Jannati,N,1,25,1,predecessor_or_legacy,medium,"San Juan, Puerto Rico firm with website www.littler.com. Its contacts include the same people under both old @salawpr.com and newer @littler.com emails (Carl Schuster, Rafael Aguiló, Jose Santiago), which shows the firm moving into Littler, and Littler's hierarchy has no San Juan office. From general knowledge, Schuster Aguiló combined with Littler, so this is a firm that merged into the G300 firm.",Y,predecessor_or_legacy,"Confirmed: this is a Firm with website www.littler.com and one San Juan, PR office with 25 contacts. Old @salawpr.com contacts (Carl Schuster, Rafael Aguiló-Vélez, Jose Santiago, Miriam Barreto) sit alongside newer @littler.com records for the same people, and Littler's hierarchy has no San Juan office. Web sources (Littler press release 'Littler Expands to Puerto Rico'; Law360 'Littler Absorbs Puerto Rican Law Firm Schuster Aguilo') say Schuster Aguiló combined into Littler on 1 Jan 2014. Unlike the Venezuela and Denmark entities, it was absorbed, and Puerto Rico is US territory served by Littler Mendelson P.C. So this is a firm that merged into the G300 firm. The contacts and office now effectively belong under Littler, so it is a strong merge/re-parent candidate."
362,person_or_misfiled,3,website_domain_match,1,0016g00001AOHiJAAX,Lowenstein Sandler LLP,www.lowenstein.com,2021-01-20T20:16:25.000+0000,7,277,318,001Px00000VvoRTIAZ,Lowenstein Consulting,lowenstein.com,2025-11-13T10:24:11.000+0000,Kieran Hansen,N,1,1,0,person_or_misfiled,high,"A consultancy created in the 2025-11-13 Kieran Hansen batch that carries lowenstein.com. Its only contact is 'Michael Lowenstein DO' with a personal gmail address (Jersey City), so it is a non-law-firm business stored as a Firm and not Lowenstein Sandler.",Y,person_or_misfiled,"Confirmed: a Firm created 2025-11-13 by Kieran Hansen with website lowenstein.com and one Jersey City office. Its only contact is 'Michael Lowenstein DO' (DO is an osteopathic physician's credential) with @gmail.com, and there are no opportunities. This is not Lowenstein Sandler. It is a non-law business that picked up the G300 website because of the shared surname."
363,person_or_misfiled,3,website_domain_match,1,0016g00001AOHiJAAX,Lowenstein Sandler LLP,www.lowenstein.com,2021-01-20T20:16:25.000+0000,7,277,318,001Px00000VwUFsIAN,Lowenstein Holding,www.lowenstein.com,2025-11-13T11:45:37.000+0000,Kieran Hansen,N,1,1,0,person_or_misfiled,high,"A holding company created in the 2025-11-13 batch that carries www.lowenstein.com. Its only contact is Evan Lowenstein with a personal mail.com address (Los Angeles), so it is a non-law-firm organisation misfiled as a Firm with the G300 website.",Y,person_or_misfiled,"Confirmed: a Firm created 2025-11-13 by Kieran Hansen with website www.lowenstein.com and one Los Angeles office (Lowenstein Sandler has no LA office in its G300 hierarchy). Its only contact is Evan Lowenstein with a personal mail.com address, and there are no opportunities. It is a non-law-firm holding company misfiled with the G300 website because of the surname."
364,person_or_misfiled,3,website_domain_match,1,001Px00000VvaqoIAB,"Marshall Dennehey Warner Coleman & Goggin, P.C.",www.marshalldennehey.com,2021-01-20T20:18:48.000+0000,19,118,227,001Px00000VwRO3IAN,"John J. Hare, Ra, Pe, Pp",marshalldennehey.com,2025-11-13T11:46:03.000+0000,Kieran Hansen,N,1,1,0,person_or_misfiled,high,"The name is an individual with professional credentials (RA, PE, PP). The only contact is 'John Hare', title 'Expert', with a comcast.net email and a Turnersville, NJ office. This is an expert witness stored as a Firm with the G300's website (marshalldennehey.com).",Y,person_or_misfiled,"Verified. The name is an individual with professional credentials (RA, PE, PP). The record carries the G300 website marshalldennehey.com and is from the 2025-11-13 batch. Its Office is in Turnersville, NJ, and its only contact is John Hare, title 'Expert', with @comcast.net. This is an expert witness or consultant stored as a Firm. It is a data-quality problem, not a duplicate firm."
365,person_or_misfiled,3,website_domain_match,1,0016g00001AOLbIAAX,"Morgan, Lewis & Bockius LLP",www.morganlewis.com,2021-01-20T20:24:02.000+0000,40,3786,1961,001Px00000VvQmdIAF,"Brady , D",www.morganlewis.com,2025-11-13T10:00:07.000+0000,Kieran Hansen,N,1,3,2,person_or_misfiled,high,"The name is an individual in 'Surname , Initial' form, carrying Website www.morganlewis.com. Its Morristown NJ Office has a contact 'D Brady' (yahoo email) and opportunities named for D Brady's NJ Law Journal subscription, so this is a person stored as a Firm and not a duplicate firm.",Y,person_or_misfiled,"Checked live. The Firm record 'Brady , D' (Surname , Initial) has Website www.morganlewis.com and was created in the 2025-11-13 Kieran Hansen batch. Its Morristown NJ Office holds contact D Brady (@yahoo.com). It also holds two later-added 'Partner & Attorney' contacts with no email, David Delaney and Ann Young. The opps are '1850370144-D BRADY-2025 NJL' and '... - D Brady - Brady , D - NJLM', an individual's NJ Law Journal subscription. The record is named for one subscriber, and Morristown is not a Morgan Lewis office, so the website link is doubtful anyway. This is a person stored as a Firm, not a duplicate firm."
366,person_or_misfiled,3,website_domain_match,1,001Px00000VviUAIAZ,"Offit Kurman, P.A.",www.offitkurman.com,2021-01-20T20:29:55.000+0000,23,354,75,001Px00000VvMzQIAV,Diana Roskies,www.offitkurman.com,2025-11-13T09:50:51.000+0000,Kieran Hansen,N,1,1,0,person_or_misfiled,high,"The record is an individual's name stored as a Firm, created in the 2025-11-13 batch with website www.offitkurman.com. Its single Office (New York) holds one contact, Diana Roskies herself, with no email. It is a person record, not a duplicate firm.",Y,person_or_misfiled,"Checked live. This is the Firm record 'Diana Roskies' (2025-11-13, Kieran Hansen, www.offitkurman.com). Its one Office 'Diana Roskies' in New York holds only the contact Diana Roskies (no email, no title). It is an individual stored as a Firm with the G300 website, not a second firm record, so any merge should move the contact to the G300 Offit Kurman NY office rather than merge the Firm."
367,person_or_misfiled,3,website_domain_match,1,001Px00000VviUAIAZ,"Offit Kurman, P.A.",www.offitkurman.com,2021-01-20T20:29:55.000+0000,23,354,75,001Px00000VwZkjIAF,Scott Piekarsky,offitkurman.com,2025-11-13T11:46:50.000+0000,Kieran Hansen,N,1,1,0,person_or_misfiled,high,"The record is an individual's name stored as a Firm (2025-11-13 batch) with website offitkurman.com. Its single Office (Wyckoff, NJ) holds one contact, 'Scott B Piekarsky', Attorney, with an @aol.com email. From general knowledge, he was an attorney at Offit Kurman. This is a person record, not a duplicate firm.",Y,person_or_misfiled,"Checked live. This is the Firm record 'Scott Piekarsky' (2025-11-13, Kieran Hansen, offitkurman.com). Its Office in Wyckoff, NJ holds 'Scott B Piekarsky', Attorney, @aol.com. The same email also appears on a contact under a separate firm record 'Piekarsky And Assoc LLC', so he has his own practice record, and his tie to Offit Kurman (partly general knowledge) is uncertain. Either way this is a person stored as a Firm, not a duplicate of Offit Kurman."
368,person_or_misfiled,3,website_domain_match,1,001Px00000VvpWQIAZ,Perkins Coie LLP,www.perkinscoie.com,2021-01-20T20:33:56.000+0000,34,1914,927,001Px00000VvdkuIAB,"Blais, Robert E",perkinscoie.com,2025-11-13T09:49:44.000+0000,Kieran Hansen,N,1,1,0,person_or_misfiled,high,"The record is an individual's name ('Last, First M') stored as a Firm (2025-11-13 batch) with website perkinscoie.com. Its single Office (Delray Beach, FL) holds one contact, Robert E Blais, with an @comcast.net email. It is a person record, not a duplicate firm.",Y,person_or_misfiled,"Checked live. This is the Firm record 'Blais, Robert E' (2025-11-13, Kieran Hansen, perkinscoie.com). Its one Office in Delray Beach, FL holds only Robert E Blais (@comcast.net). It is an individual in 'Last, First' format stored as a Firm with the G300 website, not a duplicate firm."
369,person_or_misfiled,3,website_domain_match,1,0016g00001AOTxNAAX,Robinson & Cole LLP,www.rc.com,2021-01-20T20:41:18.000+0000,8,242,177,0016g00001AOTnKAAX,Riverside County,www.rc.com,2021-01-20T20:40:57.000+0000,Kamyar Jannati,Y,2,3,3,person_or_misfiled,high,"This is a county government stored as a Firm and wrongly given Robinson & Cole's website (www.rc.com); its HR Office uses @rc-hr.com contacts. Separately, its child Office 'Library Irc' (Biscayne One, FL; contact @rc.com, created 2026-08-21) appears to be a Robinson & Cole location attached to the wrong parent.",Y,person_or_misfiled,"Confirmed live. Riverside County is a non-law-firm county government stored as a Firm and wrongly carrying www.rc.com. Its HR Office (4080 Lemon St, Riverside, CA) uses @rc-hr.com contacts. It is not a duplicate. unrelated would also be defensible. Separately, its child Office 'Library Irc' (001Px00000j8QMHIA2, created 2026-08-21) is at 777 Brickell Ave Ste 680, with contact @rc.com and 'LIBRARY IRC FLCDL25' opps. That looks like a Robinson & Cole Miami location attached to the wrong parent; from general knowledge, Robinson+Cole has a Miami office. It should be reparented to the G300 record, but the Firm record itself is not a duplicate."
370,person_or_misfiled,3,website_domain_match,1,0016g00001AOVKNAA5,Saul Ewing LLP,www.saul.com,2021-01-20T20:44:04.000+0000,24,335,269,001Px00000VvZ2xIAF,"General Security Consultants, Inc",saul.com,2025-11-13T10:01:24.000+0000,Kieran Hansen,N,1,1,0,person_or_misfiled,high,"This is a security consultancy, not a law firm, but it carries Saul Ewing's website saul.com (created 2025-11-13 by Kieran Hansen). It has one Baltimore, MD Office and one contact, Thomas P. Prevas, 'Expert Witness', with a yahoo.com email. The website is misattributed; this is not a duplicate firm. Its ALM_Account_ID__c (0013600000IJU8wAAH) is different from Saul Ewing's.",Y,person_or_misfiled,"Checked live. 'General Security Consultants, Inc' was created 2025-11-13 by Kieran Hansen. It carries Website 'saul.com' and Industry 'Legal Services'. Its child Office, which also carries saul.com, is at PO Box 25818, Baltimore MD. Its one contact is Thomas P. Prevas, 'Expert Witness', with a yahoo.com email. Its ALM_Account_ID__c is 0013600000IJU8wAAH, while Saul Ewing's is 0013600001lfydkAAA. This is a security or expert-witness consultancy with Saul Ewing's domain wrongly attached, not a duplicate of the law firm. Fix the website."
371,person_or_misfiled,3,website_domain_match,1,001Px00000VvhWzIAJ,Shutts & Bowen LLP,www.shutts.com,2021-01-20T20:46:48.000+0000,8,121,71,001Px00000VvoQmIAJ,The Juliard School,shutts.com,2025-11-13T10:23:16.000+0000,Kieran Hansen,N,1,1,0,person_or_misfiled,high,"A school (a misspelling of Juilliard, New York office) created in the 2025-11-13 batch with website shutts.com and one contact who has no email. It is a non-law-firm organisation stored as a Firm with Shutts & Bowen's website.",Y,person_or_misfiled,"Confirmed: 'The Juliard School' (a misspelling of the Juilliard School) is a Firm created 2025-11-13 by Kieran Hansen with website shutts.com and one New York office. Its one contact is Jessica Rothbart, with no email, and there are no opportunities. It is a performing-arts school, not a law firm, and has no link to Shutts & Bowen beyond the wrong website."
372,person_or_misfiled,3,website_domain_match,1,0016g00001AO596AAD,"Smith, Gambrell & Russell, LLP",www.sgrlaw.com,2021-01-20T19:51:21.000+0000,18,440,295,001Px00000VyAxtIAF,Gambrell Financial Advisors Inc,www.sgrlaw.com,2025-11-13T16:23:35.000+0000,Kieran Hansen,N,1,1,0,person_or_misfiled,high,"A financial advisory company in Birmingham with blank Industry and one contact, Dean Gambrell, created in the 2025-11-13 batch. It carries www.sgrlaw.com only because of the 'Gambrell' name fragment, so it is a non-law-firm organisation misfiled as a Firm.",Y,person_or_misfiled,"Confirmed: a Firm created 2025-11-13 by Kieran Hansen with blank Industry, website www.sgrlaw.com, and one Birmingham, AL office. That office has a blank website. Its only contact is Dean Gambrell (no email), and there are no opportunities. It is a financial advisory business that shares only the 'Gambrell' name fragment with Smith, Gambrell & Russell, so it is a non-law organisation misfiled as a Firm."
373,unrelated,3,website_domain_match,1,0016g00001AOZ77AAH,Stinson LLP,www.stinson.com,2021-01-20T20:50:36.000+0000,17,335,294,0016g00001AOhwyAAD,Zimolong LLC,www.stinson.com,2021-01-20T21:07:34.000+0000,Kamyar Jannati,N,1,1,0,unrelated,high,"This is a separate Pennsylvania law firm, with its Office in Villanova, PA, and its partner Wally Zimolong at sigzim.com. The only match is the Website field, which wrongly holds www.stinson.com. The website should be corrected, but the firm is not the same as Stinson LLP.",Y,unrelated,"I checked this against the live records and it holds. 'Zimolong LLC' (created 2021-01-20 by Kamyar Jannati) has an Office in Villanova, PA. Its only contact, Partner Wally Zimolong, uses @sigzim.com. The only link to Stinson LLP is the Website field, which wrongly holds www.stinson.com. Separately, it looks like a duplicate of the other Zimolong firm records, 'Zimolong Law LLC' (www.zimolonglaw.com) and 'Zimolong LLC' (zimolonglaw.com), and its Website should be corrected. As a pair with Stinson LLP, it is unrelated."
374,person_or_misfiled,3,website_domain_match,1,0016g00001AOdd3AAD,Tucker Ellis LLP,www.tuckerellis.com,2021-01-20T20:58:56.000+0000,15,160,91,001Px00000VvmieIAB,Diana Gerstel,tuckerellis.com,2025-11-13T11:45:23.000+0000,Kieran Hansen,N,1,2,1,person_or_misfiled,high,"An individual's name stored as a Firm (Short Hills, NJ office) in the 2025-11-13 batch with website tuckerellis.com. Its two contacts are both Diana Gerstel with a personal gmail address, so this is a person, not a firm.",Y,person_or_misfiled,"Confirmed: the Firm record is named after an individual, Diana Gerstel. It was created 2025-11-13 by Kieran Hansen with website tuckerellis.com and one Short Hills, NJ office. Its two contacts are both Diana Gerstel (@gmail.com), and its one opportunity is '1850712997-DIANA GERSTEL-2025 NJO', a personal purchase. Nothing links her to Tucker Ellis beyond the website. This is a person stored as a Firm, not a duplicate."
375,duplicate,3,website_domain_match,1,001Px00000VvsClIAJ,V&T Law Firm,www.vtlaw.cn,2021-01-20T21:01:14.000+0000,3,24,13,0016g00001AOfruAAD,VT,www.vtlaw.cn,2021-01-20T21:03:23.000+0000,Kamyar Jannati,N,1,10,3,duplicate,high,"'VT' is a short form of V&T Law Firm with the same website, www.vtlaw.cn. Its child office 'V&T' is in Beijing, where the G300 firm already has an office, and all 10 contacts have @vtlaw.cn emails (some are Partners), so it is a redundant Firm record for the same Chinese firm.",Y,duplicate,"Confirmed with stronger evidence. 'VT' (created 2021-01-20) has website www.vtlaw.cn and a Beijing office 'V&T' (0016g00001AOxoOAAT). That office's ID runs straight after the G300 V&T Law Firm Shanghai office (0016g00001AOxoPAAT), so they were created together. All 10 contacts are @vtlaw.cn. Nine of them also exist under the G300 hierarchy with the same emails: wuzongnan, fangxing, gaolichun, liuying, qiujian, xieyi, zhangxiaofeng, zhuyongchun, plus Zongnan Wu in G300 Beijing. One opportunity even names 'Shanghai V&T Law Firm'. It is the same Chinese firm, a redundant Firm record, and a merge candidate."
376,person_or_misfiled,3,website_domain_match,1,0016g00001AOfpAAAT,"Vorys, Sater, Seymour and Pease LLP",www.vorys.com,2021-01-20T21:03:17.000+0000,10,264,148,001Px00000cAYH6IAO,EXPORT-IMPORT BANK OF THE UNITED STATES,vorys.com,2021-02-25T14:44:47.000+0000,Kieran Hansen,N,1,0,0,person_or_misfiled,high,"A US government export-credit agency (Washington office, no contacts) stored as a Firm with website vorys.com. It is a non-law-firm organisation, perhaps a Vorys client, misfiled with the G300 firm's website, and not a duplicate of Vorys.",Y,person_or_misfiled,"Confirmed: 'EXPORT-IMPORT BANK OF THE UNITED STATES' is a Firm created by Kieran Hansen (the stated CreatedDate is 2021-02-25, but the 001Px ID suggests a later load with backdated audit fields) with website vorys.com, Industry 'Legal Services', one Washington DC office, and no contacts or opportunities. It is a US federal export-credit agency, not a law firm and not Vorys. The Vorys website is a data-entry error, so it is a non-law-firm organisation misfiled as a Firm."
