AccountId,UserId,TeamMemberRole,AccountAccessLevel,OpportunityAccessLevel,CaseAccessLevel,ContactAccessLevel
0014L000002hY15QAE,005Px00000Bnl4HIAR,PI CSM,Edit,Read,None,Edit
0014L000002hY5gQAE,005Px00000Bnl4HIAR,PI CSM,Edit,Read,None,Edit
0014L00000AymGVQAZ,005Px00000BnqaDIAR,E&I CSM,Edit,Read,None,Edit
0014L00000AyuPDQAZ,005Px00000BnqaDIAR,E&I CSM,Edit,Read,None,Edit
0014L00000AyzpmQAB,005Px00000Bnl4HIAR,PI CSM,Edit,Read,None,Edit
0014L00000Az5ANQAZ,005Px00000Bnl4HIAR,PI CSM,Edit,Read,None,Edit
0014L00000Az7V4QAJ,005Px00000BnqaDIAR,E&I CSM,Edit,Read,None,Edit
0014L00000AzCQuQAN,005Px00000Bnl4HIAR,PI CSM,Edit,Read,None,Edit
0014L00000AzCQvQAN,005Px00000Bnl4HIAR,PI CSM,Edit,Read,None,Edit
0014L00000AzCV6QAN,005Px00000Bnl4HIAR,PI CSM,Edit,Read,None,Edit
0014L00000BSF4fQAH,005Px00000BnqaDIAR,E&I CSM,Edit,Read,None,Edit
0014L00000BTv49QAD,005Px00000BnqaDIAR,E&I CSM,Edit,Read,None,Edit
0014L00000C4lABQAZ,005Px00000BnqaDIAR,E&I CSM,Edit,Read,None,Edit
0014L00000CKOnrQAH,005Px00000Bnl4HIAR,PI CSM,Edit,Read,None,Edit
0014L00000CKavmQAD,005Px00000Bnl4HIAR,PI CSM,Edit,Read,None,Edit
0014L00000CKavmQAD,005Px00000BnqaDIAR,E&I CSM,Edit,Read,None,Edit
0014L00000CLuAcQAL,005Px00000Bnl4HIAR,PI CSM,Edit,Read,None,Edit
0014L00000CMPd8QAH,005Px00000BnqaDIAR,E&I CSM,Edit,Read,None,Edit
0014L00000CO7uwQAD,005Px00000BnqaDIAR,E&I CSM,Edit,Read,None,Edit
0014L00000DijXdQAJ,005Px00000BnqaDIAR,E&I CSM,Edit,Read,None,Edit
0014L00000Dj7RDQAZ,005Px00000BnqaDIAR,E&I CSM,Edit,Read,None,Edit
0014L00000DjhJwQAJ,005Px00000Bnl4HIAR,PI CSM,Edit,Read,None,Edit
0014L00000Djhr1QAB,005Px00000Bnl4HIAR,PI CSM,Edit,Read,None,Edit
0014L00000FFJr4QAH,005Px00000Bnl4HIAR,PI CSM,Edit,Read,None,Edit
0014L00000FFK06QAH,005Px00000Bnl4HIAR,PI CSM,Edit,Read,None,Edit
0014L00000FFWKsQAP,005Px00000BnqaDIAR,E&I CSM,Edit,Read,None,Edit
0014L00000FFmMkQAL,005Px00000BnqaDIAR,E&I CSM,Edit,Read,None,Edit
0014L00000FFpZgQAL,005Px00000BnqaDIAR,E&I CSM,Edit,Read,None,Edit
0014L00000FFw4bQAD,005Px00000Bnl4HIAR,PI CSM,Edit,Read,None,Edit
0014L00000FFyQ3QAL,005Px00000Bnl4HIAR,PI CSM,Edit,Read,None,Edit
0014L00000FHYNUQA5,005Px00000BnqaDIAR,E&I CSM,Edit,Read,None,Edit
0014L00000FHzm8QAD,005Px00000BnqaDIAR,E&I CSM,Edit,Read,None,Edit
0014L00000FIGmsQAH,005Px00000BnqaDIAR,E&I CSM,Edit,Read,None,Edit
0014L00000GkDjPQAV,005Px00000Bnl4HIAR,PI CSM,Edit,Read,None,Edit
0014L00000Gmjx1QAB,005Px00000Bnl4HIAR,PI CSM,Edit,Read,None,Edit
0014L00000Gnx1eQAB,005Px00000Bnl4HIAR,PI CSM,Edit,Read,None,Edit
0014L00000GnyKMQAZ,005Px00000BnqaDIAR,E&I CSM,Edit,Read,None,Edit
0014L00000IITBrQAP,005Px00000BnqaDIAR,E&I CSM,Edit,Read,None,Edit
0014L00000IIWefQAH,005Px00000BnqaDIAR,E&I CSM,Edit,Read,None,Edit
0014L00000IIWpnQAH,005Px00000BnqaDIAR,E&I CSM,Edit,Read,None,Edit
0014L00000IIaG9QAL,005Px00000Bnl4HIAR,PI CSM,Edit,Read,None,Edit
0014L00000IIkI1QAL,005Px00000Bnl4HIAR,PI CSM,Edit,Read,None,Edit
0014L00000IJ1TIQA1,005Px00000BnqaDIAR,E&I CSM,Edit,Read,None,Edit
0014L00000IJ3bWQAT,005Px00000BnqaDIAR,E&I CSM,Edit,Read,None,Edit
0014L00000IJ6GsQAL,005Px00000Bnl4HIAR,PI CSM,Edit,Read,None,Edit
0014L00000IJ6GsQAL,005Px00000BnqaDIAR,E&I CSM,Edit,Read,None,Edit
0014L00000IJLAFQA5,005Px00000Bnl4HIAR,PI CSM,Edit,Read,None,Edit
0014L00000IJcmIQAT,005Px00000Bnl4HIAR,PI CSM,Edit,Read,None,Edit
0014L00000IJoGuQAL,005Px00000BnqaDIAR,E&I CSM,Edit,Read,None,Edit
0014L00000IJoP3QAL,005Px00000BnqaDIAR,E&I CSM,Edit,Read,None,Edit
0014L00000IJvlEQAT,005Px00000BnqaDIAR,E&I CSM,Edit,Read,None,Edit
0014L00000IK1yKQAT,005Px00000BnqaDIAR,E&I CSM,Edit,Read,None,Edit
0014L00000IK5S1QAL,005Px00000BnqaDIAR,E&I CSM,Edit,Read,None,Edit
0014L00000IKCXgQAP,005Px00000Bnl4HIAR,PI CSM,Edit,Read,None,Edit
0014L00000IKKZMQA5,005Px00000BnqaDIAR,E&I CSM,Edit,Read,None,Edit
0014L00000IKMnGQAX,005Px00000BnqaDIAR,E&I CSM,Edit,Read,None,Edit
0014L00000IL5lGQAT,005Px00000Bnl4HIAR,PI CSM,Edit,Read,None,Edit
0014L00000ILK0bQAH,005Px00000Bnl4HIAR,PI CSM,Edit,Read,None,Edit
0014L00000ILZ2vQAH,005Px00000Bnl4HIAR,PI CSM,Edit,Read,None,Edit
0014L00000ILklwQAD,005Px00000BnqaDIAR,E&I CSM,Edit,Read,None,Edit
0014L00000K6rM5QAJ,005Px00000Bnl4HIAR,PI CSM,Edit,Read,None,Edit
0014L00000K7L3HQAV,005Px00000BnqaDIAR,E&I CSM,Edit,Read,None,Edit
0014L00000K7k4IQAR,005Px00000Bnl4HIAR,PI CSM,Edit,Read,None,Edit
0014L00000K7k4IQAR,005Px00000BnqaDIAR,E&I CSM,Edit,Read,None,Edit
0014L00000K81DDQAZ,005Px00000Bnl4HIAR,PI CSM,Edit,Read,None,Edit
0014L00000K87mmQAB,005Px00000Bnl4HIAR,PI CSM,Edit,Read,None,Edit
0014L00000K87sBQAR,005Px00000Bnl4HIAR,PI CSM,Edit,Read,None,Edit
0014L00000K8Ho8QAF,005Px00000Bnl4HIAR,PI CSM,Edit,Read,None,Edit
0014L00000K8h1AQAR,005Px00000BnqaDIAR,E&I CSM,Edit,Read,None,Edit
0014L00000K8ktUQAR,005Px00000BnqaDIAR,E&I CSM,Edit,Read,None,Edit
0014L00000K8oCtQAJ,005Px00000Bnl4HIAR,PI CSM,Edit,Read,None,Edit
0014L00000K9a9EQAR,005Px00000BnqaDIAR,E&I CSM,Edit,Read,None,Edit
0014L00000KA4lgQAD,005Px00000Bnl4HIAR,PI CSM,Edit,Read,None,Edit
0014L00000KAAUxQAP,005Px00000Bnl4HIAR,PI CSM,Edit,Read,None,Edit
0014L00000KARm4QAH,005Px00000Bnl4HIAR,PI CSM,Edit,Read,None,Edit
0014L00000KAStHQAX,005Px00000BnqaDIAR,E&I CSM,Edit,Read,None,Edit
0014L00000KAcJvQAL,005Px00000BnqaDIAR,E&I CSM,Edit,Read,None,Edit
0014L00000KAn2NQAT,005Px00000Bnl4HIAR,PI CSM,Edit,Read,None,Edit
0014L00000KAnJxQAL,005Px00000Bnl4HIAR,PI CSM,Edit,Read,None,Edit
0014L00000KAnJxQAL,005Px00000BnqaDIAR,E&I CSM,Edit,Read,None,Edit
0014L00000KAy30QAD,005Px00000Bnl4HIAR,PI CSM,Edit,Read,None,Edit
0014L00000MwYqBQAV,005Px00000Bnl4HIAR,PI CSM,Edit,Read,None,Edit
0014L00000MxiQLQAZ,005Px00000Bnj46IAB,Law.com CSM,Edit,Read,None,Edit
0014L00000MxtzlQAB,005Px00000BnqaDIAR,E&I CSM,Edit,Read,None,Edit
0014L00000MxyrtQAB,005Px00000Bnl4HIAR,PI CSM,Edit,Read,None,Edit
0014L00000MyNnVQAV,005Px00000Bnl4HIAR,PI CSM,Edit,Read,None,Edit
0014L00000Nag28QAB,005Px00000BnqaDIAR,E&I CSM,Edit,Read,None,Edit
0014L00000Nag6EQAR,005Px00000BnqaDIAR,E&I CSM,Edit,Read,None,Edit
0014L00000NalghQAB,005Px00000Bnl4HIAR,PI CSM,Edit,Read,None,Edit
0014L00000Nb6eLQAR,005Px00000Bnl4HIAR,PI CSM,Edit,Read,None,Edit
0014L00000Nb6ihQAB,005Px00000Bnl4HIAR,PI CSM,Edit,Read,None,Edit
0014L00000OF4iXQAT,005Px00000BnqaDIAR,E&I CSM,Edit,Read,None,Edit
0014L00000OF9FxQAL,005Px00000Bnl4HIAR,PI CSM,Edit,Read,None,Edit
0014L00000OF9FxQAL,005Px00000BnqaDIAR,E&I CSM,Edit,Read,None,Edit
0014L00000OFJJUQA5,005Px00000Bnl4HIAR,PI CSM,Edit,Read,None,Edit
0014L00000OFKJEQA5,005Px00000Bnl4HIAR,PI CSM,Edit,Read,None,Edit
0014L00000OFMpCQAX,005Px00000BnqaDIAR,E&I CSM,Edit,Read,None,Edit
0014L00000OFQmkQAH,005Px00000Bnl4HIAR,PI CSM,Edit,Read,None,Edit
0014L00000OFbCHQA1,005Px00000BnqaDIAR,E&I CSM,Edit,Read,None,Edit
0014L00000OFf2LQAT,005Px00000BnqaDIAR,E&I CSM,Edit,Read,None,Edit
0014L00000OFlPnQAL,005Px00000BnqaDIAR,E&I CSM,Edit,Read,None,Edit
0014L00000OFmjdQAD,005Px00000Bnl4HIAR,PI CSM,Edit,Read,None,Edit
0014L00000OFwB1QAL,005Px00000Bnl4HIAR,PI CSM,Edit,Read,None,Edit
0014L00000SPiyRQAT,005Px00000BnqaDIAR,E&I CSM,Edit,Read,None,Edit
0014L00000SPlWoQAL,005Px00000Bnj46IAB,Law.com CSM,Edit,Read,None,Edit
0014L00000SPlWoQAL,005Px00000Bnl4HIAR,PI CSM,Edit,Read,None,Edit
0014L00000TNiA5QAL,005Px00000Bnl4HIAR,PI CSM,Edit,Read,None,Edit
0014L00000TNk0kQAD,005Px00000BnqaDIAR,E&I CSM,Edit,Read,None,Edit
0014L00000TNkqQQAT,005Px00000BnqaDIAR,E&I CSM,Edit,Read,None,Edit
0014L00000TNlVFQA1,005Px00000BnqaDIAR,E&I CSM,Edit,Read,None,Edit
0014L00000TOZw5QAH,005Px00000Bnl4HIAR,PI CSM,Edit,Read,None,Edit
0014L00000TP2d0QAD,005Px00000Bnl4HIAR,PI CSM,Edit,Read,None,Edit
0014L00000TwJl6QAF,005Px00000Bnl4HIAR,PI CSM,Edit,Read,None,Edit
0014L00000TwPJUQA3,005Px00000BnqaDIAR,E&I CSM,Edit,Read,None,Edit
0014L00000TwbuVQAR,005Px00000BnqaDIAR,E&I CSM,Edit,Read,None,Edit
0014L00000Twc0NQAR,005Px00000BnqaDIAR,E&I CSM,Edit,Read,None,Edit
0014L00000TxFU8QAN,005Px00000BnqaDIAR,E&I CSM,Edit,Read,None,Edit
0014L00000TxLVmQAN,005Px00000Bnj46IAB,Law.com CSM,Edit,Read,None,Edit
0014L00000Txr2XQAR,005Px00000Bnl4HIAR,PI CSM,Edit,Read,None,Edit
0014L00000TyBm3QAF,005Px00000Bnl4HIAR,PI CSM,Edit,Read,None,Edit
0014L00000TyJxYQAV,005Px00000Bnl4HIAR,PI CSM,Edit,Read,None,Edit
0014L00000TyOsLQAV,005Px00000BnqaDIAR,E&I CSM,Edit,Read,None,Edit
0014L00000TyXZbQAN,005Px00000Bnl4HIAR,PI CSM,Edit,Read,None,Edit
0014L00000TyjrPQAR,005Px00000BnqaDIAR,E&I CSM,Edit,Read,None,Edit
0014L00000Tyk6tQAB,005Px00000Bnl4HIAR,PI CSM,Edit,Read,None,Edit
0014L00000TyorfQAB,005Px00000Bnl4HIAR,PI CSM,Edit,Read,None,Edit
0014L00000TzOJsQAN,005Px00000Bnl4HIAR,PI CSM,Edit,Read,None,Edit
0014L00000VY6q4QAD,005Px00000BnqaDIAR,E&I CSM,Edit,Read,None,Edit
0014L00000VY9ffQAD,005Px00000Bnl4HIAR,PI CSM,Edit,Read,None,Edit
0014L00000VYGsPQAX,005Px00000Bnl4HIAR,PI CSM,Edit,Read,None,Edit
0014L00000VYHorQAH,005Px00000BnqaDIAR,E&I CSM,Edit,Read,None,Edit
0014L00000VYo9NQAT,005Px00000Bnl4HIAR,PI CSM,Edit,Read,None,Edit
0014L00000VYri1QAD,005Px00000Bnl4HIAR,PI CSM,Edit,Read,None,Edit
0014L00000VYri1QAD,005Px00000BnqaDIAR,E&I CSM,Edit,Read,None,Edit
0014L00000VZGR8QAP,005Px00000BnqaDIAR,E&I CSM,Edit,Read,None,Edit
0014L00000VZIzlQAH,005Px00000Bnl4HIAR,PI CSM,Edit,Read,None,Edit
0014L00000Vw3vHQAR,005Px00000Bnl4HIAR,PI CSM,Edit,Read,None,Edit
0014L00000Vw9QhQAJ,005Px00000BnqaDIAR,E&I CSM,Edit,Read,None,Edit
0014L00000VwNGdQAN,005Px00000Bnl4HIAR,PI CSM,Edit,Read,None,Edit
0014L00000VwotCQAR,005Px00000Bnl4HIAR,PI CSM,Edit,Read,None,Edit
0014L00000VwwGVQAZ,005Px00000Bnl4HIAR,PI CSM,Edit,Read,None,Edit
0014L00000VwwohQAB,005Px00000Bnl4HIAR,PI CSM,Edit,Read,None,Edit
0014L00000WEDyoQAH,005Px00000Bnl4HIAR,PI CSM,Edit,Read,None,Edit
0014L00000WEL7wQAH,005Px00000Bnl4HIAR,PI CSM,Edit,Read,None,Edit
0014L00000WELrlQAH,005Px00000Bnl4HIAR,PI CSM,Edit,Read,None,Edit
0014L00000WENjXQAX,005Px00000BnqaDIAR,E&I CSM,Edit,Read,None,Edit
0014L00000WENtwQAH,005Px00000Bnl4HIAR,PI CSM,Edit,Read,None,Edit
0014L00000WEZMjQAP,005Px00000Bnl4HIAR,PI CSM,Edit,Read,None,Edit
0014L00000WF2y1QAD,005Px00000Bnl4HIAR,PI CSM,Edit,Read,None,Edit
0014L00000WF59BQAT,005Px00000Bnl4HIAR,PI CSM,Edit,Read,None,Edit
0014L00000WF8NWQA1,005Px00000Bnl4HIAR,PI CSM,Edit,Read,None,Edit
0014L00000WFAdeQAH,005Px00000Bnl4HIAR,PI CSM,Edit,Read,None,Edit
0014L00000WFAw7QAH,005Px00000Bnl4HIAR,PI CSM,Edit,Read,None,Edit
0014L00000WFUquQAH,005Px00000Bnj46IAB,Law.com CSM,Edit,Read,None,Edit
0014L00000WFvW7QAL,005Px00000Bnl4HIAR,PI CSM,Edit,Read,None,Edit
0014L00000WFw3yQAD,005Px00000Bnl4HIAR,PI CSM,Edit,Read,None,Edit
0014L00000WGDGqQAP,005Px00000Bnl4HIAR,PI CSM,Edit,Read,None,Edit
0014L00000Wu1dzQAB,005Px00000Bnl4HIAR,PI CSM,Edit,Read,None,Edit
0014L00000WuIQfQAN,005Px00000Bnl4HIAR,PI CSM,Edit,Read,None,Edit
0014L00000XNOKWQA5,005Px00000BnqaDIAR,E&I CSM,Edit,Read,None,Edit
0014L00000XNQAsQAP,005Px00000Bnl4HIAR,PI CSM,Edit,Read,None,Edit
0014L00000XNtHIQA1,005Px00000Bnj46IAB,Law.com CSM,Edit,Read,None,Edit
0014L00000XNyFTQA1,005Px00000Bnl4HIAR,PI CSM,Edit,Read,None,Edit
0014L00000XO2mcQAD,005Px00000Bnl4HIAR,PI CSM,Edit,Read,None,Edit
0014L00000XOa0uQAD,005Px00000BnqaDIAR,E&I CSM,Edit,Read,None,Edit
0014L00000XObgDQAT,005Px00000BnqaDIAR,E&I CSM,Edit,Read,None,Edit
0014L00000XOy9eQAD,005Px00000Bnl4HIAR,PI CSM,Edit,Read,None,Edit
0014L00000XOyYkQAL,005Px00000Bnl4HIAR,PI CSM,Edit,Read,None,Edit
0014L00000XPaZAQA1,005Px00000Bnl4HIAR,PI CSM,Edit,Read,None,Edit
0014L00000XPnSYQA1,005Px00000Bnl4HIAR,PI CSM,Edit,Read,None,Edit
0014L00000XQ2B9QAL,005Px00000BnqaDIAR,E&I CSM,Edit,Read,None,Edit
0014L00000XQJI5QAP,005Px00000Bnl4HIAR,PI CSM,Edit,Read,None,Edit
0014L00000XQUPLQA5,005Px00000Bnl4HIAR,PI CSM,Edit,Read,None,Edit
0014L00000XQUv7QAH,005Px00000Bnl4HIAR,PI CSM,Edit,Read,None,Edit
0014L00000XQkgAQAT,005Px00000Bnl4HIAR,PI CSM,Edit,Read,None,Edit
0014L00000XQu9TQAT,005Px00000Bnl4HIAR,PI CSM,Edit,Read,None,Edit
0014L00000XR3rFQAT,005Px00000BnqaDIAR,E&I CSM,Edit,Read,None,Edit
0014L00000bEQ7LQAW,005Px00000Bnl4HIAR,PI CSM,Edit,Read,None,Edit
0014L00000bEZtIQAW,005Px00000Bnl4HIAR,PI CSM,Edit,Read,None,Edit
0014L00000bEb8TQAS,005Px00000Bnl4HIAR,PI CSM,Edit,Read,None,Edit
0014L00000bEcKMQA0,005Px00000Bnl4HIAR,PI CSM,Edit,Read,None,Edit
0014L00000bEfOeQAK,005Px00000BnqaDIAR,E&I CSM,Edit,Read,None,Edit
0014L00000bEgk7QAC,005Px00000Bnl4HIAR,PI CSM,Edit,Read,None,Edit
0014L00000bF37RQAS,005Px00000Bnl4HIAR,PI CSM,Edit,Read,None,Edit
0014L00000cuazWQAQ,005Px00000Bnl4HIAR,PI CSM,Edit,Read,None,Edit
0014L00000d6TMKQA2,005Px00000Bnl4HIAR,PI CSM,Edit,Read,None,Edit
0014L00000d7MAJQA2,005Px00000Bnl4HIAR,PI CSM,Edit,Read,None,Edit
0014L00000dkRoqQAE,005Px00000BnqaDIAR,E&I CSM,Edit,Read,None,Edit
0014L00000dlWS1QAM,005Px00000BnqaDIAR,E&I CSM,Edit,Read,None,Edit
0014L00000dluMgQAI,005Px00000Bnl4HIAR,PI CSM,Edit,Read,None,Edit
0014L00000dluMgQAI,005Px00000BnqaDIAR,E&I CSM,Edit,Read,None,Edit
0014L00000dluuiQAA,005Px00000Bnl4HIAR,PI CSM,Edit,Read,None,Edit
0014L00000dm2SaQAI,005Px00000Bnl4HIAR,PI CSM,Edit,Read,None,Edit
0014L00000dmzruQAA,005Px00000Bnl4HIAR,PI CSM,Edit,Read,None,Edit
0014L00000dn0WSQAY,005Px00000Bnl4HIAR,PI CSM,Edit,Read,None,Edit
0014L00000dn6DqQAI,005Px00000BnqaDIAR,E&I CSM,Edit,Read,None,Edit
0014L00000dnLSQQA2,005Px00000Bnl4HIAR,PI CSM,Edit,Read,None,Edit
0014L00000f1PfDQAU,005Px00000Bnl4HIAR,PI CSM,Edit,Read,None,Edit
0014L00000f1SPFQA2,005Px00000Bnl4HIAR,PI CSM,Edit,Read,None,Edit
0014L00000f2YWAQA2,005Px00000Bnl4HIAR,PI CSM,Edit,Read,None,Edit
0014L00000f2f9ZQAQ,005Px00000Bnl4HIAR,PI CSM,Edit,Read,None,Edit
0014L00000f3304QAA,005Px00000BnqaDIAR,E&I CSM,Edit,Read,None,Edit
0014L00000f3ijoQAA,005Px00000Bnl4HIAR,PI CSM,Edit,Read,None,Edit
0014L00000f452BQAQ,005Px00000BnqaDIAR,E&I CSM,Edit,Read,None,Edit
0014L00000f4FBxQAM,005Px00000Bnl4HIAR,PI CSM,Edit,Read,None,Edit
0014L00000f4Mh3QAE,005Px00000BnqaDIAR,E&I CSM,Edit,Read,None,Edit
0014L00000f4v2nQAA,005Px00000BnqaDIAR,E&I CSM,Edit,Read,None,Edit
0014L00000giQEUQA2,005Px00000Bnl4HIAR,PI CSM,Edit,Read,None,Edit
0014L00000giSClQAM,005Px00000Bnl4HIAR,PI CSM,Edit,Read,None,Edit
0014L00000gjsTBQAY,005Px00000Bnl4HIAR,PI CSM,Edit,Read,None,Edit
0014L00000gkLHoQAM,005Px00000BnqaDIAR,E&I CSM,Edit,Read,None,Edit
0014L00000gkoGwQAI,005Px00000BnqaDIAR,E&I CSM,Edit,Read,None,Edit
0014L00000glH2QQAU,005Px00000BnqaDIAR,E&I CSM,Edit,Read,None,Edit
0014L00000glOMzQAM,005Px00000Bnl4HIAR,PI CSM,Edit,Read,None,Edit
0014L00000hw77yQAA,005Px00000BnqaDIAR,E&I CSM,Edit,Read,None,Edit
0014L00000hwgfbQAA,005Px00000Bnl4HIAR,PI CSM,Edit,Read,None,Edit
0014L00000hwwXJQAY,005Px00000Bnl4HIAR,PI CSM,Edit,Read,None,Edit
0014L00000hwztpQAA,005Px00000Bnl4HIAR,PI CSM,Edit,Read,None,Edit
0014L00000hyc98QAA,005Px00000Bnl4HIAR,PI CSM,Edit,Read,None,Edit
0014L00000hycCWQAY,005Px00000Bnl4HIAR,PI CSM,Edit,Read,None,Edit
0014L00000hyx6RQAQ,005Px00000BnqaDIAR,E&I CSM,Edit,Read,None,Edit
0014L00000hz1FxQAI,005Px00000BnqaDIAR,E&I CSM,Edit,Read,None,Edit
0014L00000hzn17QAA,005Px00000Bnl4HIAR,PI CSM,Edit,Read,None,Edit
0014L00000isvieQAA,005Px00000BnqaDIAR,E&I CSM,Edit,Read,None,Edit
0014L00000it0txQAA,005Px00000Bnl4HIAR,PI CSM,Edit,Read,None,Edit
0014L00000itGaJQAU,005Px00000Bnl4HIAR,PI CSM,Edit,Read,None,Edit
0014L00000itpzZQAQ,005Px00000Bnl4HIAR,PI CSM,Edit,Read,None,Edit
0014L00000ituCIQAY,005Px00000Bnl4HIAR,PI CSM,Edit,Read,None,Edit
0014L00000ity5TQAQ,005Px00000Bnl4HIAR,PI CSM,Edit,Read,None,Edit
0014L00000iu3OUQAY,005Px00000BnqaDIAR,E&I CSM,Edit,Read,None,Edit
0014L00000j2iGaQAI,005Px00000Bnl4HIAR,PI CSM,Edit,Read,None,Edit
0014L00000j2tZZQAY,005Px00000BnqaDIAR,E&I CSM,Edit,Read,None,Edit
0014L00000j3KNRQA2,005Px00000Bnl4HIAR,PI CSM,Edit,Read,None,Edit
0014L00000j3nB3QAI,005Px00000BnqaDIAR,E&I CSM,Edit,Read,None,Edit
0014L00000j43vZQAQ,005Px00000Bnl4HIAR,PI CSM,Edit,Read,None,Edit
0014L00000j4AjfQAE,005Px00000Bnl4HIAR,PI CSM,Edit,Read,None,Edit
0014L00000j4aQ5QAI,005Px00000Bnl4HIAR,PI CSM,Edit,Read,None,Edit
0014L00000j4e4zQAA,005Px00000Bnl4HIAR,PI CSM,Edit,Read,None,Edit
0014L00000j4e4zQAA,005Px00000BnqaDIAR,E&I CSM,Edit,Read,None,Edit
0014L00000j4ktJQAQ,005Px00000Bnl4HIAR,PI CSM,Edit,Read,None,Edit
0014L00000k25J3QAI,005Px00000Bnl4HIAR,PI CSM,Edit,Read,None,Edit
0014L00000k2HbCQAU,005Px00000Bnl4HIAR,PI CSM,Edit,Read,None,Edit
0014L00000k2bOdQAI,005Px00000Bnl4HIAR,PI CSM,Edit,Read,None,Edit
0014L00000k2bOdQAI,005Px00000BnqaDIAR,E&I CSM,Edit,Read,None,Edit
0014L00000k2bXCQAY,005Px00000Bnl4HIAR,PI CSM,Edit,Read,None,Edit
0014L00000k2d41QAA,005Px00000BnqaDIAR,E&I CSM,Edit,Read,None,Edit
0014L00000k2llcQAA,005Px00000BnqaDIAR,E&I CSM,Edit,Read,None,Edit
0014L00000k2m9KQAQ,005Px00000Bnl4HIAR,PI CSM,Edit,Read,None,Edit
0014L00000k2qGZQAY,005Px00000Bnl4HIAR,PI CSM,Edit,Read,None,Edit
0014L00000k3dLSQAY,005Px00000Bnl4HIAR,PI CSM,Edit,Read,None,Edit
0014L00000k3dRFQAY,005Px00000Bnl4HIAR,PI CSM,Edit,Read,None,Edit
0014L00000k3pSOQAY,005Px00000Bnl4HIAR,PI CSM,Edit,Read,None,Edit
0014L00000k3qmjQAA,005Px00000Bnl4HIAR,PI CSM,Edit,Read,None,Edit
0014L00000k3wtqQAA,005Px00000Bnl4HIAR,PI CSM,Edit,Read,None,Edit
0014L00000k40KyQAI,005Px00000Bnl4HIAR,PI CSM,Edit,Read,None,Edit
0014L00000k4DukQAE,005Px00000Bnl4HIAR,PI CSM,Edit,Read,None,Edit
0014L00000k4IJDQA2,005Px00000Bnl4HIAR,PI CSM,Edit,Read,None,Edit
0014L00000k4Me6QAE,005Px00000Bnj46IAB,Law.com CSM,Edit,Read,None,Edit
0014L00000k4nvIQAQ,005Px00000Bnl4HIAR,PI CSM,Edit,Read,None,Edit
0014L00000k4o5vQAA,005Px00000Bnl4HIAR,PI CSM,Edit,Read,None,Edit
0014L00000k4o61QAA,005Px00000Bnl4HIAR,PI CSM,Edit,Read,None,Edit
0014L00000k4oUJQAY,005Px00000Bnl4HIAR,PI CSM,Edit,Read,None,Edit
0014L00000k4oaRQAQ,005Px00000Bnl4HIAR,PI CSM,Edit,Read,None,Edit
0014L00000k4oaUQAQ,005Px00000Bnl4HIAR,PI CSM,Edit,Read,None,Edit
0014L00000k4oh0QAA,005Px00000Bnl4HIAR,PI CSM,Edit,Read,None,Edit
0014L00000k4p1lQAA,005Px00000Bnl4HIAR,PI CSM,Edit,Read,None,Edit
0014L00000k4pWsQAI,005Px00000Bnl4HIAR,PI CSM,Edit,Read,None,Edit
0014L00000k4pWvQAI,005Px00000Bnl4HIAR,PI CSM,Edit,Read,None,Edit
0014L00000k4pdeQAA,005Px00000Bnl4HIAR,PI CSM,Edit,Read,None,Edit
0014L00000k4q1zQAA,005Px00000Bnl4HIAR,PI CSM,Edit,Read,None,Edit
0014L00000k4q6VQAQ,005Px00000Bnl4HIAR,PI CSM,Edit,Read,None,Edit
0014L00000k4qAzQAI,005Px00000Bnl4HIAR,PI CSM,Edit,Read,None,Edit
0014L00000k4qCuQAI,005Px00000Bnl4HIAR,PI CSM,Edit,Read,None,Edit
0014L00000k4qGwQAI,005Px00000Bnl4HIAR,PI CSM,Edit,Read,None,Edit
0014L00000k4qatQAA,005Px00000Bnl4HIAR,PI CSM,Edit,Read,None,Edit
0014L00000k4r6zQAA,005Px00000Bnl4HIAR,PI CSM,Edit,Read,None,Edit
0014L00000k4r85QAA,005Px00000Bnj46IAB,Law.com CSM,Edit,Read,None,Edit
0014L00000k4r85QAA,005Px00000Bnl4HIAR,PI CSM,Edit,Read,None,Edit
0014L00000k54KiQAI,005Px00000Bnl4HIAR,PI CSM,Edit,Read,None,Edit
0014L00000k580KQAQ,005Px00000Bnl4HIAR,PI CSM,Edit,Read,None,Edit
0014L00000k593xQAA,005Px00000Bnl4HIAR,PI CSM,Edit,Read,None,Edit
0014L00000k5TrAQAU,005Px00000Bnl4HIAR,PI CSM,Edit,Read,None,Edit
0014L00000k5VVQQA2,005Px00000BnqaDIAR,E&I CSM,Edit,Read,None,Edit
0014L00000kkdZoQAI,005Px00000Bnl4HIAR,PI CSM,Edit,Read,None,Edit
0014L00000klYIQQA2,005Px00000BnqaDIAR,E&I CSM,Edit,Read,None,Edit
0014L00000klv8IQAQ,005Px00000Bnl4HIAR,PI CSM,Edit,Read,None,Edit
0014L00000lNtOJQA0,005Px00000Bnl4HIAR,PI CSM,Edit,Read,None,Edit
0014L00000lO1QEQA0,005Px00000BnqaDIAR,E&I CSM,Edit,Read,None,Edit
0014L00000lO2plQAC,005Px00000Bnl4HIAR,PI CSM,Edit,Read,None,Edit
0014L00000lO54DQAS,005Px00000Bnj46IAB,Law.com CSM,Edit,Read,None,Edit
0014L00000lOBZqQAO,005Px00000Bnl4HIAR,PI CSM,Edit,Read,None,Edit
0014L00000lOUFHQA4,005Px00000Bnl4HIAR,PI CSM,Edit,Read,None,Edit
0014L00000lOusDQAS,005Px00000Bnl4HIAR,PI CSM,Edit,Read,None,Edit
0014L00000lOusDQAS,005Px00000BnqaDIAR,E&I CSM,Edit,Read,None,Edit
0014L00000lPJYLQA4,005Px00000BnqaDIAR,E&I CSM,Edit,Read,None,Edit
0014L00000lPTSaQAO,005Px00000Bnl4HIAR,PI CSM,Edit,Read,None,Edit
0014L00000lPWFjQAO,005Px00000BnqaDIAR,E&I CSM,Edit,Read,None,Edit
0014L00000lPf1WQAS,005Px00000Bnl4HIAR,PI CSM,Edit,Read,None,Edit
0014L00000lPmpFQAS,005Px00000BnqaDIAR,E&I CSM,Edit,Read,None,Edit
0014L00000lQAC4QAO,005Px00000Bnl4HIAR,PI CSM,Edit,Read,None,Edit
0014L00000lQAXxQAO,005Px00000BnqaDIAR,E&I CSM,Edit,Read,None,Edit
0014L00000lQIxuQAG,005Px00000BnqaDIAR,E&I CSM,Edit,Read,None,Edit
0014L00000lQO7XQAW,005Px00000Bnl4HIAR,PI CSM,Edit,Read,None,Edit
0014L00000m8yDtQAI,005Px00000Bnl4HIAR,PI CSM,Edit,Read,None,Edit
0014L00000m9MjXQAU,005Px00000Bnl4HIAR,PI CSM,Edit,Read,None,Edit
0014L00000m9TkHQAU,005Px00000Bnl4HIAR,PI CSM,Edit,Read,None,Edit
0014L00000m9TmJQAU,005Px00000Bnl4HIAR,PI CSM,Edit,Read,None,Edit
0014L00000m9kOhQAI,005Px00000Bnl4HIAR,PI CSM,Edit,Read,None,Edit
0014L00000m9kVqQAI,005Px00000Bnl4HIAR,PI CSM,Edit,Read,None,Edit
0014L00000mA9ZTQA0,005Px00000BnqaDIAR,E&I CSM,Edit,Read,None,Edit
0014L00000mAGYdQAO,005Px00000Bnl4HIAR,PI CSM,Edit,Read,None,Edit
0014L00000mAOUpQAO,005Px00000Bnl4HIAR,PI CSM,Edit,Read,None,Edit
0014L00000mAUzxQAG,005Px00000BnqaDIAR,E&I CSM,Edit,Read,None,Edit
0014L00000mAbiOQAS,005Px00000BnqaDIAR,E&I CSM,Edit,Read,None,Edit
0014L00000mAotHQAS,005Px00000BnqaDIAR,E&I CSM,Edit,Read,None,Edit
0014L00000mArIkQAK,005Px00000BnqaDIAR,E&I CSM,Edit,Read,None,Edit
0014L00000mAtVNQA0,005Px00000BnqaDIAR,E&I CSM,Edit,Read,None,Edit
0014L00000mBO4FQAW,005Px00000BnqaDIAR,E&I CSM,Edit,Read,None,Edit
0014L00000mBaaHQAS,005Px00000Bnl4HIAR,PI CSM,Edit,Read,None,Edit
0014L00000mBbi8QAC,005Px00000BnqaDIAR,E&I CSM,Edit,Read,None,Edit
0014L00000mBdufQAC,005Px00000BnqaDIAR,E&I CSM,Edit,Read,None,Edit
0014L00000murxwQAA,005Px00000BnqaDIAR,E&I CSM,Edit,Read,None,Edit
0014L00000mv33vQAA,005Px00000BnqaDIAR,E&I CSM,Edit,Read,None,Edit
0014L00000mvO3VQAU,005Px00000Bnl4HIAR,PI CSM,Edit,Read,None,Edit
0014L00000npAahQAE,005Px00000Bnl4HIAR,PI CSM,Edit,Read,None,Edit
0014L00000npJCoQAM,005Px00000BnqaDIAR,E&I CSM,Edit,Read,None,Edit
0014L00000npO9JQAU,005Px00000Bnl4HIAR,PI CSM,Edit,Read,None,Edit
0014L00000npVIdQAM,005Px00000Bnl4HIAR,PI CSM,Edit,Read,None,Edit
0014L00000nptBBQAY,005Px00000BnqaDIAR,E&I CSM,Edit,Read,None,Edit
0014L00000nq0KAQAY,005Px00000Bnl4HIAR,PI CSM,Edit,Read,None,Edit
0014L00000nqQxfQAE,005Px00000Bnl4HIAR,PI CSM,Edit,Read,None,Edit
0014L00000nqXbwQAE,005Px00000Bnl4HIAR,PI CSM,Edit,Read,None,Edit
0014L00000nqdCMQAY,005Px00000Bnl4HIAR,PI CSM,Edit,Read,None,Edit
0014L00000nqdRtQAI,005Px00000Bnl4HIAR,PI CSM,Edit,Read,None,Edit
0014L00000nqdT9QAI,005Px00000Bnl4HIAR,PI CSM,Edit,Read,None,Edit
0014L00000nqddoQAA,005Px00000Bnl4HIAR,PI CSM,Edit,Read,None,Edit
0014L00000nqz7wQAA,005Px00000Bnl4HIAR,PI CSM,Edit,Read,None,Edit
0014L00000nr3iiQAA,005Px00000Bnl4HIAR,PI CSM,Edit,Read,None,Edit
0014L00000nrLIzQAM,005Px00000Bnl4HIAR,PI CSM,Edit,Read,None,Edit
0014L00000nrizbQAA,005Px00000BnqaDIAR,E&I CSM,Edit,Read,None,Edit
0014L00000nrj4HQAQ,005Px00000Bnl4HIAR,PI CSM,Edit,Read,None,Edit
0014L00000nroImQAI,005Px00000BnqaDIAR,E&I CSM,Edit,Read,None,Edit
0014L00000nrq0VQAQ,005Px00000Bnl4HIAR,PI CSM,Edit,Read,None,Edit
0014L00000nrr07QAA,005Px00000BnqaDIAR,E&I CSM,Edit,Read,None,Edit
0014L00000nrr10QAA,005Px00000Bnl4HIAR,PI CSM,Edit,Read,None,Edit
0014L00000nrvhcQAA,005Px00000BnqaDIAR,E&I CSM,Edit,Read,None,Edit
0014L00000nsScyQAE,005Px00000Bnl4HIAR,PI CSM,Edit,Read,None,Edit
0014L00000nsScyQAE,005Px00000BnqaDIAR,E&I CSM,Edit,Read,None,Edit
0014L00000nt2SFQAY,005Px00000BnqaDIAR,E&I CSM,Edit,Read,None,Edit
0014L00000nt2qYQAQ,005Px00000Bnl4HIAR,PI CSM,Edit,Read,None,Edit
0014L00000pB1m0QAC,005Px00000Bnl4HIAR,PI CSM,Edit,Read,None,Edit
0014L00000pB1m0QAC,005Px00000BnqaDIAR,E&I CSM,Edit,Read,None,Edit
0014L00000pB27LQAS,005Px00000BnqaDIAR,E&I CSM,Edit,Read,None,Edit
0014L00000pB6YPQA0,005Px00000Bnl4HIAR,PI CSM,Edit,Read,None,Edit
0014L00000pBIBcQAO,005Px00000BnqaDIAR,E&I CSM,Edit,Read,None,Edit
0014L00000pBJ8eQAG,005Px00000Bnl4HIAR,PI CSM,Edit,Read,None,Edit
0014L00000pBdOUQA0,005Px00000Bnl4HIAR,PI CSM,Edit,Read,None,Edit
0016g00001ANlSIAA1,005Px00000BnqaDIAR,E&I CSM,Edit,Read,None,Edit
0016g00001ANlSLAA1,005Px00000Bnl4HIAR,PI CSM,Edit,Read,None,Edit
0016g00001ANlTkAAL,005Px00000Bnl4HIAR,PI CSM,Edit,Read,None,Edit
0016g00001ANlWFAA1,005Px00000BnqaDIAR,E&I CSM,Edit,Read,None,Edit
0016g00001ANlWzAAL,005Px00000Bnj46IAB,Law.com CSM,Edit,Read,None,Edit
0016g00001ANlYPAA1,005Px00000Bnl4HIAR,PI CSM,Edit,Read,None,Edit
0016g00001ANlYhAAL,005Px00000Bnl4HIAR,PI CSM,Edit,Read,None,Edit
0016g00001ANlYhAAL,005Px00000BnqaDIAR,E&I CSM,Edit,Read,None,Edit
0016g00001ANlZ3AAL,005Px00000Bnl4HIAR,PI CSM,Edit,Read,None,Edit
0016g00001ANlZ3AAL,005Px00000BnqaDIAR,E&I CSM,Edit,Read,None,Edit
0016g00001ANlZ4AAL,005Px00000Bnl4HIAR,PI CSM,Edit,Read,None,Edit
0016g00001ANlZVAA1,005Px00000Bnl4HIAR,PI CSM,Edit,Read,None,Edit
0016g00001ANlaBAAT,005Px00000BnqaDIAR,E&I CSM,Edit,Read,None,Edit
0016g00001ANlaiAAD,005Px00000Bnl4HIAR,PI CSM,Edit,Read,None,Edit
0016g00001ANlaiAAD,005Px00000BnqaDIAR,E&I CSM,Edit,Read,None,Edit
0016g00001ANlbEAAT,005Px00000BnqaDIAR,E&I CSM,Edit,Read,None,Edit
0016g00001ANlc1AAD,005Px00000Bnl4HIAR,PI CSM,Edit,Read,None,Edit
0016g00001ANlcXAAT,005Px00000Bnl4HIAR,PI CSM,Edit,Read,None,Edit
0016g00001ANleqAAD,005Px00000BnqaDIAR,E&I CSM,Edit,Read,None,Edit
0016g00001ANlhtAAD,005Px00000BnqaDIAR,E&I CSM,Edit,Read,None,Edit
0016g00001ANliRAAT,005Px00000BnqaDIAR,E&I CSM,Edit,Read,None,Edit
0016g00001ANlqFAAT,005Px00000Bnl4HIAR,PI CSM,Edit,Read,None,Edit
0016g00001ANlqiAAD,005Px00000Bnl4HIAR,PI CSM,Edit,Read,None,Edit
0016g00001ANls9AAD,005Px00000Bnl4HIAR,PI CSM,Edit,Read,None,Edit
0016g00001ANltOAAT,005Px00000Bnl4HIAR,PI CSM,Edit,Read,None,Edit
0016g00001ANlu2AAD,005Px00000Bnl4HIAR,PI CSM,Edit,Read,None,Edit
0016g00001ANluLAAT,005Px00000Bnl4HIAR,PI CSM,Edit,Read,None,Edit
0016g00001ANlxUAAT,005Px00000BnqaDIAR,E&I CSM,Edit,Read,None,Edit
0016g00001ANlzKAAT,005Px00000BnqaDIAR,E&I CSM,Edit,Read,None,Edit
0016g00001ANm12AAD,005Px00000Bnl4HIAR,PI CSM,Edit,Read,None,Edit
0016g00001ANm1nAAD,005Px00000BnqaDIAR,E&I CSM,Edit,Read,None,Edit
0016g00001ANm2iAAD,005Px00000Bnl4HIAR,PI CSM,Edit,Read,None,Edit
0016g00001ANm4oAAD,005Px00000Bnl4HIAR,PI CSM,Edit,Read,None,Edit
0016g00001ANm6FAAT,005Px00000Bnl4HIAR,PI CSM,Edit,Read,None,Edit
0016g00001ANm6mAAD,005Px00000BnqaDIAR,E&I CSM,Edit,Read,None,Edit
0016g00001ANm7xAAD,005Px00000Bnl4HIAR,PI CSM,Edit,Read,None,Edit
0016g00001ANm7xAAD,005Px00000BnqaDIAR,E&I CSM,Edit,Read,None,Edit
0016g00001ANm8eAAD,005Px00000BnqaDIAR,E&I CSM,Edit,Read,None,Edit
0016g00001ANm9YAAT,005Px00000Bnl4HIAR,PI CSM,Edit,Read,None,Edit
0016g00001ANm9dAAD,005Px00000Bnl4HIAR,PI CSM,Edit,Read,None,Edit
0016g00001ANmDZAA1,005Px00000Bnl4HIAR,PI CSM,Edit,Read,None,Edit
0016g00001ANmEvAAL,005Px00000Bnl4HIAR,PI CSM,Edit,Read,None,Edit
0016g00001ANmFTAA1,005Px00000BnqaDIAR,E&I CSM,Edit,Read,None,Edit
0016g00001ANmI2AAL,005Px00000Bnl4HIAR,PI CSM,Edit,Read,None,Edit
0016g00001ANmIBAA1,005Px00000Bnl4HIAR,PI CSM,Edit,Read,None,Edit
0016g00001ANmK3AAL,005Px00000Bnl4HIAR,PI CSM,Edit,Read,None,Edit
0016g00001ANmKeAAL,005Px00000Bnl4HIAR,PI CSM,Edit,Read,None,Edit
0016g00001ANmMjAAL,005Px00000Bnl4HIAR,PI CSM,Edit,Read,None,Edit
0016g00001ANmNcAAL,005Px00000Bnl4HIAR,PI CSM,Edit,Read,None,Edit
0016g00001ANmNzAAL,005Px00000BnqaDIAR,E&I CSM,Edit,Read,None,Edit
0016g00001ANmRgAAL,005Px00000Bnl4HIAR,PI CSM,Edit,Read,None,Edit
0016g00001ANmRgAAL,005Px00000BnqaDIAR,E&I CSM,Edit,Read,None,Edit
0016g00001ANmTMAA1,005Px00000BnqaDIAR,E&I CSM,Edit,Read,None,Edit
0016g00001ANmZzAAL,005Px00000Bnl4HIAR,PI CSM,Edit,Read,None,Edit
0016g00001ANmc9AAD,005Px00000Bnl4HIAR,PI CSM,Edit,Read,None,Edit
0016g00001ANmc9AAD,005Px00000BnqaDIAR,E&I CSM,Edit,Read,None,Edit
0016g00001ANmcRAAT,005Px00000Bnl4HIAR,PI CSM,Edit,Read,None,Edit
0016g00001ANmcXAAT,005Px00000Bnl4HIAR,PI CSM,Edit,Read,None,Edit
0016g00001ANmcmAAD,005Px00000BnqaDIAR,E&I CSM,Edit,Read,None,Edit
0016g00001ANme3AAD,005Px00000BnqaDIAR,E&I CSM,Edit,Read,None,Edit
0016g00001ANmerAAD,005Px00000Bnl4HIAR,PI CSM,Edit,Read,None,Edit
0016g00001ANmerAAD,005Px00000BnqaDIAR,E&I CSM,Edit,Read,None,Edit
0016g00001ANmfuAAD,005Px00000Bnl4HIAR,PI CSM,Edit,Read,None,Edit
0016g00001ANmfuAAD,005Px00000BnqaDIAR,E&I CSM,Edit,Read,None,Edit
0016g00001ANmgFAAT,005Px00000BnqaDIAR,E&I CSM,Edit,Read,None,Edit
0016g00001ANmgVAAT,005Px00000BnqaDIAR,E&I CSM,Edit,Read,None,Edit
0016g00001ANmhBAAT,005Px00000BnqaDIAR,E&I CSM,Edit,Read,None,Edit
0016g00001ANmhDAAT,005Px00000BnqaDIAR,E&I CSM,Edit,Read,None,Edit
0016g00001ANmkUAAT,005Px00000BnqaDIAR,E&I CSM,Edit,Read,None,Edit
0016g00001ANmkkAAD,005Px00000BnqaDIAR,E&I CSM,Edit,Read,None,Edit
0016g00001ANmkvAAD,005Px00000Bnl4HIAR,PI CSM,Edit,Read,None,Edit
0016g00001ANmm5AAD,005Px00000BnqaDIAR,E&I CSM,Edit,Read,None,Edit
0016g00001ANmoMAAT,005Px00000BnqaDIAR,E&I CSM,Edit,Read,None,Edit
0016g00001ANmtOAAT,005Px00000Bnl4HIAR,PI CSM,Edit,Read,None,Edit
0016g00001ANmuWAAT,005Px00000Bnl4HIAR,PI CSM,Edit,Read,None,Edit
0016g00001ANmvHAAT,005Px00000Bnl4HIAR,PI CSM,Edit,Read,None,Edit
0016g00001ANmweAAD,005Px00000Bnl4HIAR,PI CSM,Edit,Read,None,Edit
0016g00001ANmwhAAD,005Px00000Bnl4HIAR,PI CSM,Edit,Read,None,Edit
0016g00001ANmxCAAT,005Px00000Bnl4HIAR,PI CSM,Edit,Read,None,Edit
0016g00001ANmy3AAD,005Px00000BnqaDIAR,E&I CSM,Edit,Read,None,Edit
0016g00001ANn0RAAT,005Px00000Bnl4HIAR,PI CSM,Edit,Read,None,Edit
0016g00001ANn0RAAT,005Px00000BnqaDIAR,E&I CSM,Edit,Read,None,Edit
0016g00001ANn1KAAT,005Px00000BnqaDIAR,E&I CSM,Edit,Read,None,Edit
0016g00001ANn3mAAD,005Px00000Bnl4HIAR,PI CSM,Edit,Read,None,Edit
0016g00001ANn3mAAD,005Px00000BnqaDIAR,E&I CSM,Edit,Read,None,Edit
0016g00001ANn6rAAD,005Px00000Bnl4HIAR,PI CSM,Edit,Read,None,Edit
0016g00001ANn9zAAD,005Px00000Bnl4HIAR,PI CSM,Edit,Read,None,Edit
0016g00001ANnB3AAL,005Px00000BnqaDIAR,E&I CSM,Edit,Read,None,Edit
0016g00001ANnEMAA1,005Px00000Bnl4HIAR,PI CSM,Edit,Read,None,Edit
0016g00001ANnIdAAL,005Px00000BnqaDIAR,E&I CSM,Edit,Read,None,Edit
0016g00001ANnJ2AAL,005Px00000BnqaDIAR,E&I CSM,Edit,Read,None,Edit
0016g00001ANnJvAAL,005Px00000Bnl4HIAR,PI CSM,Edit,Read,None,Edit
0016g00001ANnKDAA1,005Px00000BnqaDIAR,E&I CSM,Edit,Read,None,Edit
0016g00001ANnQIAA1,005Px00000Bnl4HIAR,PI CSM,Edit,Read,None,Edit
0016g00001ANnSdAAL,005Px00000Bnl4HIAR,PI CSM,Edit,Read,None,Edit
0016g00001ANnTEAA1,005Px00000Bnl4HIAR,PI CSM,Edit,Read,None,Edit
0016g00001ANnVmAAL,005Px00000Bnl4HIAR,PI CSM,Edit,Read,None,Edit
0016g00001ANnWpAAL,005Px00000Bnl4HIAR,PI CSM,Edit,Read,None,Edit
0016g00001ANnZ1AAL,005Px00000Bnl4HIAR,PI CSM,Edit,Read,None,Edit
0016g00001ANncWAAT,005Px00000Bnl4HIAR,PI CSM,Edit,Read,None,Edit
0016g00001ANncWAAT,005Px00000BnqaDIAR,E&I CSM,Edit,Read,None,Edit
0016g00001ANndmAAD,005Px00000Bnj46IAB,Law.com CSM,Edit,Read,None,Edit
0016g00001ANnegAAD,005Px00000Bnl4HIAR,PI CSM,Edit,Read,None,Edit
0016g00001ANnegAAD,005Px00000BnqaDIAR,E&I CSM,Edit,Read,None,Edit
0016g00001ANngPAAT,005Px00000BnqaDIAR,E&I CSM,Edit,Read,None,Edit
0016g00001ANnhDAAT,005Px00000Bnl4HIAR,PI CSM,Edit,Read,None,Edit
0016g00001ANnq0AAD,005Px00000Bnl4HIAR,PI CSM,Edit,Read,None,Edit
0016g00001ANnspAAD,005Px00000BnqaDIAR,E&I CSM,Edit,Read,None,Edit
0016g00001ANnt1AAD,005Px00000BnqaDIAR,E&I CSM,Edit,Read,None,Edit
0016g00001ANnuSAAT,005Px00000BnqaDIAR,E&I CSM,Edit,Read,None,Edit
0016g00001ANnwFAAT,005Px00000Bnl4HIAR,PI CSM,Edit,Read,None,Edit
0016g00001ANnyAAAT,005Px00000Bnl4HIAR,PI CSM,Edit,Read,None,Edit
0016g00001ANnzzAAD,005Px00000BnqaDIAR,E&I CSM,Edit,Read,None,Edit
0016g00001ANo6KAAT,005Px00000Bnl4HIAR,PI CSM,Edit,Read,None,Edit
0016g00001ANo7sAAD,005Px00000Bnj46IAB,Law.com CSM,Edit,Read,None,Edit
0016g00001ANoAwAAL,005Px00000Bnl4HIAR,PI CSM,Edit,Read,None,Edit
0016g00001ANoCBAA1,005Px00000Bnl4HIAR,PI CSM,Edit,Read,None,Edit
0016g00001ANoCSAA1,005Px00000Bnl4HIAR,PI CSM,Edit,Read,None,Edit
0016g00001ANoCtAAL,005Px00000Bnl4HIAR,PI CSM,Edit,Read,None,Edit
0016g00001ANoDQAA1,005Px00000BnqaDIAR,E&I CSM,Edit,Read,None,Edit
0016g00001ANoFtAAL,005Px00000BnqaDIAR,E&I CSM,Edit,Read,None,Edit
0016g00001ANoFvAAL,005Px00000Bnl4HIAR,PI CSM,Edit,Read,None,Edit
0016g00001ANoGZAA1,005Px00000Bnl4HIAR,PI CSM,Edit,Read,None,Edit
0016g00001ANoGeAAL,005Px00000Bnl4HIAR,PI CSM,Edit,Read,None,Edit
0016g00001ANoGeAAL,005Px00000BnqaDIAR,E&I CSM,Edit,Read,None,Edit
0016g00001ANoHwAAL,005Px00000Bnl4HIAR,PI CSM,Edit,Read,None,Edit
0016g00001ANoKPAA1,005Px00000BnqaDIAR,E&I CSM,Edit,Read,None,Edit
0016g00001ANoL6AAL,005Px00000Bnl4HIAR,PI CSM,Edit,Read,None,Edit
0016g00001ANoLTAA1,005Px00000Bnj46IAB,Law.com CSM,Edit,Read,None,Edit
0016g00001ANoLVAA1,005Px00000Bnl4HIAR,PI CSM,Edit,Read,None,Edit
0016g00001ANoOKAA1,005Px00000BnqaDIAR,E&I CSM,Edit,Read,None,Edit
0016g00001ANoStAAL,005Px00000BnqaDIAR,E&I CSM,Edit,Read,None,Edit
0016g00001ANoTSAA1,005Px00000Bnl4HIAR,PI CSM,Edit,Read,None,Edit
0016g00001ANoTSAA1,005Px00000BnqaDIAR,E&I CSM,Edit,Read,None,Edit
0016g00001ANoVnAAL,005Px00000BnqaDIAR,E&I CSM,Edit,Read,None,Edit
0016g00001ANoaMAAT,005Px00000Bnl4HIAR,PI CSM,Edit,Read,None,Edit
0016g00001ANoaNAAT,005Px00000BnqaDIAR,E&I CSM,Edit,Read,None,Edit
0016g00001ANocBAAT,005Px00000Bnl4HIAR,PI CSM,Edit,Read,None,Edit
0016g00001ANocSAAT,005Px00000Bnl4HIAR,PI CSM,Edit,Read,None,Edit
0016g00001ANochAAD,005Px00000Bnl4HIAR,PI CSM,Edit,Read,None,Edit
0016g00001ANofSAAT,005Px00000BnqaDIAR,E&I CSM,Edit,Read,None,Edit
0016g00001ANog6AAD,005Px00000BnqaDIAR,E&I CSM,Edit,Read,None,Edit
0016g00001ANohSAAT,005Px00000BnqaDIAR,E&I CSM,Edit,Read,None,Edit
0016g00001ANok2AAD,005Px00000BnqaDIAR,E&I CSM,Edit,Read,None,Edit
0016g00001ANokeAAD,005Px00000Bnl4HIAR,PI CSM,Edit,Read,None,Edit
0016g00001ANom2AAD,005Px00000Bnl4HIAR,PI CSM,Edit,Read,None,Edit
0016g00001ANomGAAT,005Px00000Bnl4HIAR,PI CSM,Edit,Read,None,Edit
0016g00001ANonTAAT,005Px00000Bnl4HIAR,PI CSM,Edit,Read,None,Edit
0016g00001ANopRAAT,005Px00000Bnl4HIAR,PI CSM,Edit,Read,None,Edit
0016g00001ANotYAAT,005Px00000BnqaDIAR,E&I CSM,Edit,Read,None,Edit
0016g00001ANotrAAD,005Px00000Bnl4HIAR,PI CSM,Edit,Read,None,Edit
0016g00001ANouRAAT,005Px00000Bnl4HIAR,PI CSM,Edit,Read,None,Edit
0016g00001ANovLAAT,005Px00000BnqaDIAR,E&I CSM,Edit,Read,None,Edit
0016g00001ANovfAAD,005Px00000Bnl4HIAR,PI CSM,Edit,Read,None,Edit
0016g00001ANovfAAD,005Px00000BnqaDIAR,E&I CSM,Edit,Read,None,Edit
0016g00001ANowBAAT,005Px00000BnqaDIAR,E&I CSM,Edit,Read,None,Edit
0016g00001ANowGAAT,005Px00000Bnl4HIAR,PI CSM,Edit,Read,None,Edit
0016g00001ANowGAAT,005Px00000BnqaDIAR,E&I CSM,Edit,Read,None,Edit
0016g00001ANozTAAT,005Px00000Bnl4HIAR,PI CSM,Edit,Read,None,Edit
0016g00001ANp2cAAD,005Px00000BnqaDIAR,E&I CSM,Edit,Read,None,Edit
0016g00001ANp5cAAD,005Px00000Bnl4HIAR,PI CSM,Edit,Read,None,Edit
0016g00001ANp5kAAD,005Px00000Bnl4HIAR,PI CSM,Edit,Read,None,Edit
0016g00001ANp5kAAD,005Px00000BnqaDIAR,E&I CSM,Edit,Read,None,Edit
0016g00001ANp6NAAT,005Px00000BnqaDIAR,E&I CSM,Edit,Read,None,Edit
0016g00001ANp6PAAT,005Px00000BnqaDIAR,E&I CSM,Edit,Read,None,Edit
0016g00001ANp9uAAD,005Px00000BnqaDIAR,E&I CSM,Edit,Read,None,Edit
0016g00001ANpAJAA1,005Px00000BnqaDIAR,E&I CSM,Edit,Read,None,Edit
0016g00001ANpCWAA1,005Px00000BnqaDIAR,E&I CSM,Edit,Read,None,Edit
0016g00001ANpCnAAL,005Px00000BnqaDIAR,E&I CSM,Edit,Read,None,Edit
0016g00001ANpD9AAL,005Px00000Bnl4HIAR,PI CSM,Edit,Read,None,Edit
0016g00001ANpDTAA1,005Px00000Bnl4HIAR,PI CSM,Edit,Read,None,Edit
0016g00001ANpDkAAL,005Px00000BnqaDIAR,E&I CSM,Edit,Read,None,Edit
0016g00001ANpLvAAL,005Px00000Bnl4HIAR,PI CSM,Edit,Read,None,Edit
0016g00001ANpMhAAL,005Px00000Bnl4HIAR,PI CSM,Edit,Read,None,Edit
0016g00001ANpMhAAL,005Px00000BnqaDIAR,E&I CSM,Edit,Read,None,Edit
0016g00001ANpMoAAL,005Px00000Bnl4HIAR,PI CSM,Edit,Read,None,Edit
0016g00001ANpMoAAL,005Px00000BnqaDIAR,E&I CSM,Edit,Read,None,Edit
0016g00001ANpNAAA1,005Px00000Bnl4HIAR,PI CSM,Edit,Read,None,Edit
0016g00001ANpNAAA1,005Px00000BnqaDIAR,E&I CSM,Edit,Read,None,Edit
0016g00001ANpNpAAL,005Px00000BnqaDIAR,E&I CSM,Edit,Read,None,Edit
0016g00001ANpOFAA1,005Px00000Bnl4HIAR,PI CSM,Edit,Read,None,Edit
0016g00001ANpSmAAL,005Px00000BnqaDIAR,E&I CSM,Edit,Read,None,Edit
0016g00001ANpU2AAL,005Px00000Bnl4HIAR,PI CSM,Edit,Read,None,Edit
0016g00001ANpUJAA1,005Px00000Bnl4HIAR,PI CSM,Edit,Read,None,Edit
0016g00001ANpWsAAL,005Px00000Bnl4HIAR,PI CSM,Edit,Read,None,Edit
0016g00001ANpZJAA1,005Px00000BnqaDIAR,E&I CSM,Edit,Read,None,Edit
0016g00001ANpfHAAT,005Px00000Bnl4HIAR,PI CSM,Edit,Read,None,Edit
0016g00001ANpfZAAT,005Px00000Bnl4HIAR,PI CSM,Edit,Read,None,Edit
0016g00001ANpfZAAT,005Px00000BnqaDIAR,E&I CSM,Edit,Read,None,Edit
0016g00001ANpgLAAT,005Px00000BnqaDIAR,E&I CSM,Edit,Read,None,Edit
0016g00001ANpgTAAT,005Px00000Bnl4HIAR,PI CSM,Edit,Read,None,Edit
0016g00001ANpgaAAD,005Px00000Bnl4HIAR,PI CSM,Edit,Read,None,Edit
0016g00001ANpjUAAT,005Px00000Bnl4HIAR,PI CSM,Edit,Read,None,Edit
0016g00001ANplrAAD,005Px00000Bnl4HIAR,PI CSM,Edit,Read,None,Edit
0016g00001ANpneAAD,005Px00000Bnl4HIAR,PI CSM,Edit,Read,None,Edit
0016g00001ANpoXAAT,005Px00000Bnl4HIAR,PI CSM,Edit,Read,None,Edit
0016g00001ANpojAAD,005Px00000Bnl4HIAR,PI CSM,Edit,Read,None,Edit
0016g00001ANprfAAD,005Px00000Bnl4HIAR,PI CSM,Edit,Read,None,Edit
0016g00001ANprjAAD,005Px00000Bnl4HIAR,PI CSM,Edit,Read,None,Edit
0016g00001ANpsWAAT,005Px00000Bnl4HIAR,PI CSM,Edit,Read,None,Edit
0016g00001ANpswAAD,005Px00000Bnl4HIAR,PI CSM,Edit,Read,None,Edit
0016g00001ANpvpAAD,005Px00000Bnl4HIAR,PI CSM,Edit,Read,None,Edit
0016g00001ANpvpAAD,005Px00000BnqaDIAR,E&I CSM,Edit,Read,None,Edit
0016g00001ANpwnAAD,005Px00000BnqaDIAR,E&I CSM,Edit,Read,None,Edit
0016g00001ANpwxAAD,005Px00000Bnl4HIAR,PI CSM,Edit,Read,None,Edit
0016g00001ANpxSAAT,005Px00000BnqaDIAR,E&I CSM,Edit,Read,None,Edit
0016g00001ANpy6AAD,005Px00000Bnl4HIAR,PI CSM,Edit,Read,None,Edit
0016g00001ANpz4AAD,005Px00000Bnl4HIAR,PI CSM,Edit,Read,None,Edit
0016g00001ANq6SAAT,005Px00000Bnl4HIAR,PI CSM,Edit,Read,None,Edit
0016g00001ANq7MAAT,005Px00000Bnl4HIAR,PI CSM,Edit,Read,None,Edit
0016g00001ANq7VAAT,005Px00000Bnl4HIAR,PI CSM,Edit,Read,None,Edit
0016g00001ANq9TAAT,005Px00000Bnl4HIAR,PI CSM,Edit,Read,None,Edit
0016g00001ANq9bAAD,005Px00000Bnl4HIAR,PI CSM,Edit,Read,None,Edit
0016g00001ANqB2AAL,005Px00000BnqaDIAR,E&I CSM,Edit,Read,None,Edit
0016g00001ANqFwAAL,005Px00000Bnl4HIAR,PI CSM,Edit,Read,None,Edit
0016g00001ANqGzAAL,005Px00000BnqaDIAR,E&I CSM,Edit,Read,None,Edit
0016g00001ANqHGAA1,005Px00000Bnl4HIAR,PI CSM,Edit,Read,None,Edit
0016g00001ANqHGAA1,005Px00000BnqaDIAR,E&I CSM,Edit,Read,None,Edit
0016g00001ANqHiAAL,005Px00000BnqaDIAR,E&I CSM,Edit,Read,None,Edit
0016g00001ANqJnAAL,005Px00000Bnl4HIAR,PI CSM,Edit,Read,None,Edit
0016g00001ANqOgAAL,005Px00000Bnl4HIAR,PI CSM,Edit,Read,None,Edit
0016g00001ANqPIAA1,005Px00000Bnl4HIAR,PI CSM,Edit,Read,None,Edit
0016g00001ANqPqAAL,005Px00000Bnl4HIAR,PI CSM,Edit,Read,None,Edit
0016g00001ANqQJAA1,005Px00000BnqaDIAR,E&I CSM,Edit,Read,None,Edit
0016g00001ANqQTAA1,005Px00000BnqaDIAR,E&I CSM,Edit,Read,None,Edit
0016g00001ANqQbAAL,005Px00000BnqaDIAR,E&I CSM,Edit,Read,None,Edit
0016g00001ANqScAAL,005Px00000Bnl4HIAR,PI CSM,Edit,Read,None,Edit
0016g00001ANqUmAAL,005Px00000BnqaDIAR,E&I CSM,Edit,Read,None,Edit
0016g00001ANqVMAA1,005Px00000Bnl4HIAR,PI CSM,Edit,Read,None,Edit
0016g00001ANqWyAAL,005Px00000BnqaDIAR,E&I CSM,Edit,Read,None,Edit
0016g00001ANqX2AAL,005Px00000Bnl4HIAR,PI CSM,Edit,Read,None,Edit
0016g00001ANqY9AAL,005Px00000BnqaDIAR,E&I CSM,Edit,Read,None,Edit
0016g00001ANqYQAA1,005Px00000BnqaDIAR,E&I CSM,Edit,Read,None,Edit
0016g00001ANqb9AAD,005Px00000Bnl4HIAR,PI CSM,Edit,Read,None,Edit
0016g00001ANqbBAAT,005Px00000BnqaDIAR,E&I CSM,Edit,Read,None,Edit
0016g00001ANqcYAAT,005Px00000BnqaDIAR,E&I CSM,Edit,Read,None,Edit
0016g00001ANqdyAAD,005Px00000BnqaDIAR,E&I CSM,Edit,Read,None,Edit
0016g00001ANqe6AAD,005Px00000BnqaDIAR,E&I CSM,Edit,Read,None,Edit
0016g00001ANqkiAAD,005Px00000BnqaDIAR,E&I CSM,Edit,Read,None,Edit
0016g00001ANqlXAAT,005Px00000Bnl4HIAR,PI CSM,Edit,Read,None,Edit
0016g00001ANqlpAAD,005Px00000Bnl4HIAR,PI CSM,Edit,Read,None,Edit
0016g00001ANqpFAAT,005Px00000Bnl4HIAR,PI CSM,Edit,Read,None,Edit
0016g00001ANqs2AAD,005Px00000Bnl4HIAR,PI CSM,Edit,Read,None,Edit
0016g00001ANqtxAAD,005Px00000Bnl4HIAR,PI CSM,Edit,Read,None,Edit
0016g00001ANqvxAAD,005Px00000Bnl4HIAR,PI CSM,Edit,Read,None,Edit
0016g00001ANqvxAAD,005Px00000BnqaDIAR,E&I CSM,Edit,Read,None,Edit
0016g00001ANqwUAAT,005Px00000Bnl4HIAR,PI CSM,Edit,Read,None,Edit
0016g00001ANqwUAAT,005Px00000BnqaDIAR,E&I CSM,Edit,Read,None,Edit
0016g00001ANqxZAAT,005Px00000Bnl4HIAR,PI CSM,Edit,Read,None,Edit
0016g00001ANqy7AAD,005Px00000BnqaDIAR,E&I CSM,Edit,Read,None,Edit
0016g00001ANqyzAAD,005Px00000Bnl4HIAR,PI CSM,Edit,Read,None,Edit
0016g00001ANqzWAAT,005Px00000BnqaDIAR,E&I CSM,Edit,Read,None,Edit
0016g00001ANr1sAAD,005Px00000Bnl4HIAR,PI CSM,Edit,Read,None,Edit
0016g00001ANr1sAAD,005Px00000BnqaDIAR,E&I CSM,Edit,Read,None,Edit
0016g00001ANr2GAAT,005Px00000Bnl4HIAR,PI CSM,Edit,Read,None,Edit
0016g00001ANr2aAAD,005Px00000Bnl4HIAR,PI CSM,Edit,Read,None,Edit
0016g00001ANr2aAAD,005Px00000BnqaDIAR,E&I CSM,Edit,Read,None,Edit
0016g00001ANr4OAAT,005Px00000BnqaDIAR,E&I CSM,Edit,Read,None,Edit
0016g00001ANr4RAAT,005Px00000Bnl4HIAR,PI CSM,Edit,Read,None,Edit
0016g00001ANr4aAAD,005Px00000Bnl4HIAR,PI CSM,Edit,Read,None,Edit
0016g00001ANr89AAD,005Px00000Bnl4HIAR,PI CSM,Edit,Read,None,Edit
0016g00001ANr9DAAT,005Px00000BnqaDIAR,E&I CSM,Edit,Read,None,Edit
0016g00001ANrA7AAL,005Px00000BnqaDIAR,E&I CSM,Edit,Read,None,Edit
0016g00001ANrC0AAL,005Px00000Bnl4HIAR,PI CSM,Edit,Read,None,Edit
0016g00001ANrC4AAL,005Px00000BnqaDIAR,E&I CSM,Edit,Read,None,Edit
0016g00001ANrCeAAL,005Px00000BnqaDIAR,E&I CSM,Edit,Read,None,Edit
0016g00001ANrClAAL,005Px00000BnqaDIAR,E&I CSM,Edit,Read,None,Edit
0016g00001ANrE3AAL,005Px00000BnqaDIAR,E&I CSM,Edit,Read,None,Edit
0016g00001ANrEfAAL,005Px00000BnqaDIAR,E&I CSM,Edit,Read,None,Edit
0016g00001ANrIUAA1,005Px00000Bnl4HIAR,PI CSM,Edit,Read,None,Edit
0016g00001ANrJMAA1,005Px00000Bnl4HIAR,PI CSM,Edit,Read,None,Edit
0016g00001ANrKWAA1,005Px00000BnqaDIAR,E&I CSM,Edit,Read,None,Edit
0016g00001ANrN0AAL,005Px00000Bnl4HIAR,PI CSM,Edit,Read,None,Edit
0016g00001ANrNCAA1,005Px00000BnqaDIAR,E&I CSM,Edit,Read,None,Edit
0016g00001ANrNIAA1,005Px00000Bnl4HIAR,PI CSM,Edit,Read,None,Edit
0016g00001ANrNZAA1,005Px00000Bnl4HIAR,PI CSM,Edit,Read,None,Edit
0016g00001ANrOWAA1,005Px00000Bnl4HIAR,PI CSM,Edit,Read,None,Edit
0016g00001ANrOyAAL,005Px00000BnqaDIAR,E&I CSM,Edit,Read,None,Edit
0016g00001ANrP4AAL,005Px00000BnqaDIAR,E&I CSM,Edit,Read,None,Edit
0016g00001ANrS2AAL,005Px00000BnqaDIAR,E&I CSM,Edit,Read,None,Edit
0016g00001ANrT8AAL,005Px00000BnqaDIAR,E&I CSM,Edit,Read,None,Edit
0016g00001ANrXdAAL,005Px00000Bnl4HIAR,PI CSM,Edit,Read,None,Edit
0016g00001ANrXfAAL,005Px00000Bnl4HIAR,PI CSM,Edit,Read,None,Edit
0016g00001ANrXkAAL,005Px00000Bnl4HIAR,PI CSM,Edit,Read,None,Edit
0016g00001ANrXxAAL,005Px00000Bnl4HIAR,PI CSM,Edit,Read,None,Edit
0016g00001ANrbEAAT,005Px00000BnqaDIAR,E&I CSM,Edit,Read,None,Edit
0016g00001ANrcNAAT,005Px00000Bnl4HIAR,PI CSM,Edit,Read,None,Edit
0016g00001ANrdWAAT,005Px00000Bnl4HIAR,PI CSM,Edit,Read,None,Edit
0016g00001ANre8AAD,005Px00000Bnj46IAB,Law.com CSM,Edit,Read,None,Edit
0016g00001ANre8AAD,005Px00000Bnl4HIAR,PI CSM,Edit,Read,None,Edit
0016g00001ANrefAAD,005Px00000BnqaDIAR,E&I CSM,Edit,Read,None,Edit
0016g00001ANreoAAD,005Px00000Bnl4HIAR,PI CSM,Edit,Read,None,Edit
0016g00001ANreoAAD,005Px00000BnqaDIAR,E&I CSM,Edit,Read,None,Edit
0016g00001ANrfhAAD,005Px00000Bnl4HIAR,PI CSM,Edit,Read,None,Edit
0016g00001ANriNAAT,005Px00000Bnl4HIAR,PI CSM,Edit,Read,None,Edit
0016g00001ANrkxAAD,005Px00000BnqaDIAR,E&I CSM,Edit,Read,None,Edit
0016g00001ANrl4AAD,005Px00000BnqaDIAR,E&I CSM,Edit,Read,None,Edit
0016g00001ANropAAD,005Px00000BnqaDIAR,E&I CSM,Edit,Read,None,Edit
0016g00001ANrsJAAT,005Px00000Bnl4HIAR,PI CSM,Edit,Read,None,Edit
0016g00001ANrt0AAD,005Px00000BnqaDIAR,E&I CSM,Edit,Read,None,Edit
0016g00001ANrtkAAD,005Px00000BnqaDIAR,E&I CSM,Edit,Read,None,Edit
0016g00001ANrutAAD,005Px00000Bnl4HIAR,PI CSM,Edit,Read,None,Edit
0016g00001ANs3QAAT,005Px00000BnqaDIAR,E&I CSM,Edit,Read,None,Edit
0016g00001ANs4sAAD,005Px00000Bnl4HIAR,PI CSM,Edit,Read,None,Edit
0016g00001ANs5UAAT,005Px00000Bnl4HIAR,PI CSM,Edit,Read,None,Edit
0016g00001ANsAxAAL,005Px00000Bnl4HIAR,PI CSM,Edit,Read,None,Edit
0016g00001ANsCTAA1,005Px00000Bnl4HIAR,PI CSM,Edit,Read,None,Edit
0016g00001ANsFfAAL,005Px00000Bnl4HIAR,PI CSM,Edit,Read,None,Edit
0016g00001ANsMIAA1,005Px00000Bnl4HIAR,PI CSM,Edit,Read,None,Edit
0016g00001ANsO8AAL,005Px00000Bnl4HIAR,PI CSM,Edit,Read,None,Edit
0016g00001ANsOuAAL,005Px00000Bnl4HIAR,PI CSM,Edit,Read,None,Edit
0016g00001ANsPQAA1,005Px00000BnqaDIAR,E&I CSM,Edit,Read,None,Edit
0016g00001ANsPUAA1,005Px00000Bnl4HIAR,PI CSM,Edit,Read,None,Edit
0016g00001ANsSHAA1,005Px00000Bnl4HIAR,PI CSM,Edit,Read,None,Edit
0016g00001ANsSHAA1,005Px00000BnqaDIAR,E&I CSM,Edit,Read,None,Edit
0016g00001ANsSwAAL,005Px00000Bnl4HIAR,PI CSM,Edit,Read,None,Edit
0016g00001ANsUrAAL,005Px00000BnqaDIAR,E&I CSM,Edit,Read,None,Edit
0016g00001ANsV0AAL,005Px00000Bnl4HIAR,PI CSM,Edit,Read,None,Edit
0016g00001ANsVMAA1,005Px00000Bnl4HIAR,PI CSM,Edit,Read,None,Edit
0016g00001ANsZdAAL,005Px00000Bnl4HIAR,PI CSM,Edit,Read,None,Edit
0016g00001ANsa8AAD,005Px00000Bnl4HIAR,PI CSM,Edit,Read,None,Edit
0016g00001ANsaLAAT,005Px00000BnqaDIAR,E&I CSM,Edit,Read,None,Edit
0016g00001ANsbnAAD,005Px00000Bnl4HIAR,PI CSM,Edit,Read,None,Edit
0016g00001ANscaAAD,005Px00000BnqaDIAR,E&I CSM,Edit,Read,None,Edit
0016g00001ANscxAAD,005Px00000Bnl4HIAR,PI CSM,Edit,Read,None,Edit
0016g00001ANsgBAAT,005Px00000BnqaDIAR,E&I CSM,Edit,Read,None,Edit
0016g00001ANshTAAT,005Px00000Bnl4HIAR,PI CSM,Edit,Read,None,Edit
0016g00001ANshYAAT,005Px00000Bnl4HIAR,PI CSM,Edit,Read,None,Edit
0016g00001ANsiCAAT,005Px00000Bnl4HIAR,PI CSM,Edit,Read,None,Edit
0016g00001ANsjEAAT,005Px00000Bnl4HIAR,PI CSM,Edit,Read,None,Edit
0016g00001ANsjSAAT,005Px00000Bnl4HIAR,PI CSM,Edit,Read,None,Edit
0016g00001ANsjsAAD,005Px00000BnqaDIAR,E&I CSM,Edit,Read,None,Edit
0016g00001ANslbAAD,005Px00000Bnl4HIAR,PI CSM,Edit,Read,None,Edit
0016g00001ANsloAAD,005Px00000Bnl4HIAR,PI CSM,Edit,Read,None,Edit
0016g00001ANsn0AAD,005Px00000BnqaDIAR,E&I CSM,Edit,Read,None,Edit
0016g00001ANsnDAAT,005Px00000Bnl4HIAR,PI CSM,Edit,Read,None,Edit
0016g00001ANsneAAD,005Px00000Bnl4HIAR,PI CSM,Edit,Read,None,Edit
0016g00001ANsp1AAD,005Px00000Bnl4HIAR,PI CSM,Edit,Read,None,Edit
0016g00001ANsuOAAT,005Px00000Bnl4HIAR,PI CSM,Edit,Read,None,Edit
0016g00001ANsuxAAD,005Px00000Bnl4HIAR,PI CSM,Edit,Read,None,Edit
0016g00001ANsv7AAD,005Px00000Bnl4HIAR,PI CSM,Edit,Read,None,Edit
0016g00001ANsvLAAT,005Px00000Bnl4HIAR,PI CSM,Edit,Read,None,Edit
0016g00001ANswZAAT,005Px00000Bnl4HIAR,PI CSM,Edit,Read,None,Edit
0016g00001ANswZAAT,005Px00000BnqaDIAR,E&I CSM,Edit,Read,None,Edit
0016g00001ANszUAAT,005Px00000BnqaDIAR,E&I CSM,Edit,Read,None,Edit
0016g00001ANszVAAT,005Px00000BnqaDIAR,E&I CSM,Edit,Read,None,Edit
0016g00001ANszsAAD,005Px00000BnqaDIAR,E&I CSM,Edit,Read,None,Edit
0016g00001ANszwAAD,005Px00000BnqaDIAR,E&I CSM,Edit,Read,None,Edit
0016g00001ANt12AAD,005Px00000Bnl4HIAR,PI CSM,Edit,Read,None,Edit
0016g00001ANt2BAAT,005Px00000BnqaDIAR,E&I CSM,Edit,Read,None,Edit
0016g00001ANt3GAAT,005Px00000Bnl4HIAR,PI CSM,Edit,Read,None,Edit
0016g00001ANt3wAAD,005Px00000Bnl4HIAR,PI CSM,Edit,Read,None,Edit
0016g00001ANt4WAAT,005Px00000BnqaDIAR,E&I CSM,Edit,Read,None,Edit
0016g00001ANt4rAAD,005Px00000Bnl4HIAR,PI CSM,Edit,Read,None,Edit
0016g00001ANt9FAAT,005Px00000BnqaDIAR,E&I CSM,Edit,Read,None,Edit
0016g00001ANtAhAAL,005Px00000BnqaDIAR,E&I CSM,Edit,Read,None,Edit
0016g00001ANtCfAAL,005Px00000Bnl4HIAR,PI CSM,Edit,Read,None,Edit
0016g00001ANtFvAAL,005Px00000Bnl4HIAR,PI CSM,Edit,Read,None,Edit
0016g00001ANtHkAAL,005Px00000Bnl4HIAR,PI CSM,Edit,Read,None,Edit
0016g00001ANtHkAAL,005Px00000BnqaDIAR,E&I CSM,Edit,Read,None,Edit
0016g00001ANtJcAAL,005Px00000Bnl4HIAR,PI CSM,Edit,Read,None,Edit
0016g00001ANtKVAA1,005Px00000Bnl4HIAR,PI CSM,Edit,Read,None,Edit
0016g00001ANtMiAAL,005Px00000Bnl4HIAR,PI CSM,Edit,Read,None,Edit
0016g00001ANtMiAAL,005Px00000BnqaDIAR,E&I CSM,Edit,Read,None,Edit
0016g00001ANtOpAAL,005Px00000Bnl4HIAR,PI CSM,Edit,Read,None,Edit
0016g00001ANtVqAAL,005Px00000Bnl4HIAR,PI CSM,Edit,Read,None,Edit
0016g00001ANtVqAAL,005Px00000BnqaDIAR,E&I CSM,Edit,Read,None,Edit
0016g00001ANtWcAAL,005Px00000Bnl4HIAR,PI CSM,Edit,Read,None,Edit
0016g00001ANtYLAA1,005Px00000BnqaDIAR,E&I CSM,Edit,Read,None,Edit
0016g00001ANta5AAD,005Px00000Bnl4HIAR,PI CSM,Edit,Read,None,Edit
0016g00001ANtb8AAD,005Px00000BnqaDIAR,E&I CSM,Edit,Read,None,Edit
0016g00001ANtbUAAT,005Px00000Bnl4HIAR,PI CSM,Edit,Read,None,Edit
0016g00001ANtc5AAD,005Px00000BnqaDIAR,E&I CSM,Edit,Read,None,Edit
0016g00001ANtd6AAD,005Px00000Bnl4HIAR,PI CSM,Edit,Read,None,Edit
0016g00001ANtfPAAT,005Px00000Bnl4HIAR,PI CSM,Edit,Read,None,Edit
0016g00001ANtfcAAD,005Px00000BnqaDIAR,E&I CSM,Edit,Read,None,Edit
0016g00001ANth4AAD,005Px00000Bnl4HIAR,PI CSM,Edit,Read,None,Edit
0016g00001ANthHAAT,005Px00000BnqaDIAR,E&I CSM,Edit,Read,None,Edit
0016g00001ANtinAAD,005Px00000BnqaDIAR,E&I CSM,Edit,Read,None,Edit
0016g00001ANtlXAAT,005Px00000BnqaDIAR,E&I CSM,Edit,Read,None,Edit
0016g00001ANtmyAAD,005Px00000BnqaDIAR,E&I CSM,Edit,Read,None,Edit
0016g00001ANtp1AAD,005Px00000BnqaDIAR,E&I CSM,Edit,Read,None,Edit
0016g00001ANtppAAD,005Px00000Bnl4HIAR,PI CSM,Edit,Read,None,Edit
0016g00001ANtqDAAT,005Px00000Bnl4HIAR,PI CSM,Edit,Read,None,Edit
0016g00001ANtqOAAT,005Px00000BnqaDIAR,E&I CSM,Edit,Read,None,Edit
0016g00001ANtqrAAD,005Px00000Bnl4HIAR,PI CSM,Edit,Read,None,Edit
0016g00001ANtrqAAD,005Px00000BnqaDIAR,E&I CSM,Edit,Read,None,Edit
0016g00001ANtsYAAT,005Px00000BnqaDIAR,E&I CSM,Edit,Read,None,Edit
0016g00001ANtstAAD,005Px00000Bnj46IAB,Law.com CSM,Edit,Read,None,Edit
0016g00001ANtuBAAT,005Px00000BnqaDIAR,E&I CSM,Edit,Read,None,Edit
0016g00001ANtv7AAD,005Px00000Bnl4HIAR,PI CSM,Edit,Read,None,Edit
0016g00001ANtzCAAT,005Px00000Bnl4HIAR,PI CSM,Edit,Read,None,Edit
0016g00001ANtzCAAT,005Px00000BnqaDIAR,E&I CSM,Edit,Read,None,Edit
0016g00001ANtzNAAT,005Px00000Bnl4HIAR,PI CSM,Edit,Read,None,Edit
0016g00001ANu0aAAD,005Px00000BnqaDIAR,E&I CSM,Edit,Read,None,Edit
0016g00001ANu1kAAD,005Px00000Bnl4HIAR,PI CSM,Edit,Read,None,Edit
0016g00001ANu1qAAD,005Px00000BnqaDIAR,E&I CSM,Edit,Read,None,Edit
0016g00001ANu2bAAD,005Px00000Bnj46IAB,Law.com CSM,Edit,Read,None,Edit
0016g00001ANu2bAAD,005Px00000Bnl4HIAR,PI CSM,Edit,Read,None,Edit
0016g00001ANu3AAAT,005Px00000BnqaDIAR,E&I CSM,Edit,Read,None,Edit
0016g00001ANuGhAAL,005Px00000Bnl4HIAR,PI CSM,Edit,Read,None,Edit
0016g00001ANuIZAA1,005Px00000Bnl4HIAR,PI CSM,Edit,Read,None,Edit
0016g00001ANuJAAA1,005Px00000BnqaDIAR,E&I CSM,Edit,Read,None,Edit
0016g00001ANuJbAAL,005Px00000Bnl4HIAR,PI CSM,Edit,Read,None,Edit
0016g00001ANuJbAAL,005Px00000BnqaDIAR,E&I CSM,Edit,Read,None,Edit
0016g00001ANuM5AAL,005Px00000Bnl4HIAR,PI CSM,Edit,Read,None,Edit
0016g00001ANuPcAAL,005Px00000Bnl4HIAR,PI CSM,Edit,Read,None,Edit
0016g00001ANuQEAA1,005Px00000BnqaDIAR,E&I CSM,Edit,Read,None,Edit
0016g00001ANuQTAA1,005Px00000Bnl4HIAR,PI CSM,Edit,Read,None,Edit
0016g00001ANuV2AAL,005Px00000BnqaDIAR,E&I CSM,Edit,Read,None,Edit
0016g00001ANuW1AAL,005Px00000BnqaDIAR,E&I CSM,Edit,Read,None,Edit
0016g00001ANuXgAAL,005Px00000BnqaDIAR,E&I CSM,Edit,Read,None,Edit
0016g00001ANuXlAAL,005Px00000Bnl4HIAR,PI CSM,Edit,Read,None,Edit
0016g00001ANuXlAAL,005Px00000BnqaDIAR,E&I CSM,Edit,Read,None,Edit
0016g00001ANubBAAT,005Px00000Bnl4HIAR,PI CSM,Edit,Read,None,Edit
0016g00001ANuciAAD,005Px00000Bnl4HIAR,PI CSM,Edit,Read,None,Edit
0016g00001ANueQAAT,005Px00000Bnl4HIAR,PI CSM,Edit,Read,None,Edit
0016g00001ANufaAAD,005Px00000Bnl4HIAR,PI CSM,Edit,Read,None,Edit
0016g00001ANuitAAD,005Px00000BnqaDIAR,E&I CSM,Edit,Read,None,Edit
0016g00001ANujpAAD,005Px00000Bnl4HIAR,PI CSM,Edit,Read,None,Edit
0016g00001ANumUAAT,005Px00000BnqaDIAR,E&I CSM,Edit,Read,None,Edit
0016g00001ANunvAAD,005Px00000BnqaDIAR,E&I CSM,Edit,Read,None,Edit
0016g00001ANuo4AAD,005Px00000Bnl4HIAR,PI CSM,Edit,Read,None,Edit
0016g00001ANurfAAD,005Px00000Bnl4HIAR,PI CSM,Edit,Read,None,Edit
0016g00001ANurrAAD,005Px00000BnqaDIAR,E&I CSM,Edit,Read,None,Edit
0016g00001ANutFAAT,005Px00000Bnl4HIAR,PI CSM,Edit,Read,None,Edit
0016g00001ANuurAAD,005Px00000Bnl4HIAR,PI CSM,Edit,Read,None,Edit
0016g00001ANuvtAAD,005Px00000BnqaDIAR,E&I CSM,Edit,Read,None,Edit
0016g00001ANuyiAAD,005Px00000Bnl4HIAR,PI CSM,Edit,Read,None,Edit
0016g00001ANuyiAAD,005Px00000BnqaDIAR,E&I CSM,Edit,Read,None,Edit
0016g00001ANuzeAAD,005Px00000Bnl4HIAR,PI CSM,Edit,Read,None,Edit
0016g00001ANuzxAAD,005Px00000BnqaDIAR,E&I CSM,Edit,Read,None,Edit
0016g00001ANv1QAAT,005Px00000BnqaDIAR,E&I CSM,Edit,Read,None,Edit
0016g00001ANv1YAAT,005Px00000Bnl4HIAR,PI CSM,Edit,Read,None,Edit
0016g00001ANv1wAAD,005Px00000Bnl4HIAR,PI CSM,Edit,Read,None,Edit
0016g00001ANv2KAAT,005Px00000Bnl4HIAR,PI CSM,Edit,Read,None,Edit
0016g00001ANv3VAAT,005Px00000BnqaDIAR,E&I CSM,Edit,Read,None,Edit
0016g00001ANv6rAAD,005Px00000BnqaDIAR,E&I CSM,Edit,Read,None,Edit
0016g00001ANv7tAAD,005Px00000Bnj46IAB,Law.com CSM,Edit,Read,None,Edit
0016g00001ANv89AAD,005Px00000Bnj46IAB,Law.com CSM,Edit,Read,None,Edit
0016g00001ANvA9AAL,005Px00000BnqaDIAR,E&I CSM,Edit,Read,None,Edit
0016g00001ANvCNAA1,005Px00000Bnl4HIAR,PI CSM,Edit,Read,None,Edit
0016g00001ANvCdAAL,005Px00000Bnl4HIAR,PI CSM,Edit,Read,None,Edit
0016g00001ANvGVAA1,005Px00000BnqaDIAR,E&I CSM,Edit,Read,None,Edit
0016g00001ANvHOAA1,005Px00000BnqaDIAR,E&I CSM,Edit,Read,None,Edit
0016g00001ANvJkAAL,005Px00000Bnl4HIAR,PI CSM,Edit,Read,None,Edit
0016g00001ANvJkAAL,005Px00000BnqaDIAR,E&I CSM,Edit,Read,None,Edit
0016g00001ANvKBAA1,005Px00000BnqaDIAR,E&I CSM,Edit,Read,None,Edit
0016g00001ANvMGAA1,005Px00000Bnl4HIAR,PI CSM,Edit,Read,None,Edit
0016g00001ANvMRAA1,005Px00000Bnl4HIAR,PI CSM,Edit,Read,None,Edit
0016g00001ANvNBAA1,005Px00000BnqaDIAR,E&I CSM,Edit,Read,None,Edit
0016g00001ANvTJAA1,005Px00000Bnl4HIAR,PI CSM,Edit,Read,None,Edit
0016g00001ANvTvAAL,005Px00000BnqaDIAR,E&I CSM,Edit,Read,None,Edit
0016g00001ANvevAAD,005Px00000Bnl4HIAR,PI CSM,Edit,Read,None,Edit
0016g00001ANvfYAAT,005Px00000Bnl4HIAR,PI CSM,Edit,Read,None,Edit
0016g00001ANvfYAAT,005Px00000BnqaDIAR,E&I CSM,Edit,Read,None,Edit
0016g00001ANviDAAT,005Px00000BnqaDIAR,E&I CSM,Edit,Read,None,Edit
0016g00001ANvitAAD,005Px00000BnqaDIAR,E&I CSM,Edit,Read,None,Edit
0016g00001ANvj4AAD,005Px00000BnqaDIAR,E&I CSM,Edit,Read,None,Edit
0016g00001ANvj9AAD,005Px00000BnqaDIAR,E&I CSM,Edit,Read,None,Edit
0016g00001ANvjQAAT,005Px00000Bnl4HIAR,PI CSM,Edit,Read,None,Edit
0016g00001ANvkyAAD,005Px00000BnqaDIAR,E&I CSM,Edit,Read,None,Edit
0016g00001ANvlRAAT,005Px00000BnqaDIAR,E&I CSM,Edit,Read,None,Edit
0016g00001ANvmdAAD,005Px00000BnqaDIAR,E&I CSM,Edit,Read,None,Edit
0016g00001ANvmwAAD,005Px00000BnqaDIAR,E&I CSM,Edit,Read,None,Edit
0016g00001ANvnTAAT,005Px00000BnqaDIAR,E&I CSM,Edit,Read,None,Edit
0016g00001ANvnuAAD,005Px00000Bnl4HIAR,PI CSM,Edit,Read,None,Edit
0016g00001ANvoKAAT,005Px00000Bnl4HIAR,PI CSM,Edit,Read,None,Edit
0016g00001ANvoyAAD,005Px00000Bnl4HIAR,PI CSM,Edit,Read,None,Edit
0016g00001ANvpYAAT,005Px00000Bnl4HIAR,PI CSM,Edit,Read,None,Edit
0016g00001ANvpYAAT,005Px00000BnqaDIAR,E&I CSM,Edit,Read,None,Edit
0016g00001ANvsqAAD,005Px00000Bnl4HIAR,PI CSM,Edit,Read,None,Edit
0016g00001ANvttAAD,005Px00000Bnl4HIAR,PI CSM,Edit,Read,None,Edit
0016g00001ANvukAAD,005Px00000Bnl4HIAR,PI CSM,Edit,Read,None,Edit
0016g00001ANvv2AAD,005Px00000Bnl4HIAR,PI CSM,Edit,Read,None,Edit
0016g00001ANvxIAAT,005Px00000BnqaDIAR,E&I CSM,Edit,Read,None,Edit
0016g00001ANw2rAAD,005Px00000Bnl4HIAR,PI CSM,Edit,Read,None,Edit
0016g00001ANw4rAAD,005Px00000Bnl4HIAR,PI CSM,Edit,Read,None,Edit
0016g00001ANwAQAA1,005Px00000Bnl4HIAR,PI CSM,Edit,Read,None,Edit
0016g00001ANwAZAA1,005Px00000Bnl4HIAR,PI CSM,Edit,Read,None,Edit
0016g00001ANwBjAAL,005Px00000Bnl4HIAR,PI CSM,Edit,Read,None,Edit
0016g00001ANwC8AAL,005Px00000Bnl4HIAR,PI CSM,Edit,Read,None,Edit
0016g00001ANwCJAA1,005Px00000Bnl4HIAR,PI CSM,Edit,Read,None,Edit
0016g00001ANwDyAAL,005Px00000Bnl4HIAR,PI CSM,Edit,Read,None,Edit
0016g00001ANwDyAAL,005Px00000BnqaDIAR,E&I CSM,Edit,Read,None,Edit
0016g00001ANwE5AAL,005Px00000BnqaDIAR,E&I CSM,Edit,Read,None,Edit
0016g00001ANwEKAA1,005Px00000Bnl4HIAR,PI CSM,Edit,Read,None,Edit
0016g00001ANwEeAAL,005Px00000BnqaDIAR,E&I CSM,Edit,Read,None,Edit
0016g00001ANwEgAAL,005Px00000BnqaDIAR,E&I CSM,Edit,Read,None,Edit
0016g00001ANwFIAA1,005Px00000Bnl4HIAR,PI CSM,Edit,Read,None,Edit
0016g00001ANwFIAA1,005Px00000BnqaDIAR,E&I CSM,Edit,Read,None,Edit
0016g00001ANwFNAA1,005Px00000BnqaDIAR,E&I CSM,Edit,Read,None,Edit
0016g00001ANwFRAA1,005Px00000Bnl4HIAR,PI CSM,Edit,Read,None,Edit
0016g00001ANwFiAAL,005Px00000BnqaDIAR,E&I CSM,Edit,Read,None,Edit
0016g00001ANwImAAL,005Px00000BnqaDIAR,E&I CSM,Edit,Read,None,Edit
0016g00001ANwKSAA1,005Px00000BnqaDIAR,E&I CSM,Edit,Read,None,Edit
0016g00001ANwLDAA1,005Px00000Bnl4HIAR,PI CSM,Edit,Read,None,Edit
0016g00001ANwQJAA1,005Px00000Bnl4HIAR,PI CSM,Edit,Read,None,Edit
0016g00001ANwQhAAL,005Px00000Bnl4HIAR,PI CSM,Edit,Read,None,Edit
0016g00001ANwTEAA1,005Px00000Bnl4HIAR,PI CSM,Edit,Read,None,Edit
0016g00001ANwUMAA1,005Px00000Bnl4HIAR,PI CSM,Edit,Read,None,Edit
0016g00001ANwhvAAD,005Px00000BnqaDIAR,E&I CSM,Edit,Read,None,Edit
0016g00001ANwiGAAT,005Px00000Bnl4HIAR,PI CSM,Edit,Read,None,Edit
0016g00001ANwmTAAT,005Px00000Bnl4HIAR,PI CSM,Edit,Read,None,Edit
0016g00001ANwmXAAT,005Px00000Bnl4HIAR,PI CSM,Edit,Read,None,Edit
0016g00001ANwmkAAD,005Px00000BnqaDIAR,E&I CSM,Edit,Read,None,Edit
0016g00001ANwmoAAD,005Px00000Bnl4HIAR,PI CSM,Edit,Read,None,Edit
0016g00001ANwoPAAT,005Px00000Bnl4HIAR,PI CSM,Edit,Read,None,Edit
0016g00001ANwrXAAT,005Px00000Bnl4HIAR,PI CSM,Edit,Read,None,Edit
0016g00001ANwsLAAT,005Px00000BnqaDIAR,E&I CSM,Edit,Read,None,Edit
0016g00001ANwtDAAT,005Px00000BnqaDIAR,E&I CSM,Edit,Read,None,Edit
0016g00001ANwuVAAT,005Px00000Bnl4HIAR,PI CSM,Edit,Read,None,Edit
0016g00001ANwvFAAT,005Px00000Bnl4HIAR,PI CSM,Edit,Read,None,Edit
0016g00001ANwxqAAD,005Px00000Bnl4HIAR,PI CSM,Edit,Read,None,Edit
0016g00001ANx3AAAT,005Px00000BnqaDIAR,E&I CSM,Edit,Read,None,Edit
0016g00001ANx3XAAT,005Px00000Bnl4HIAR,PI CSM,Edit,Read,None,Edit
0016g00001ANx3bAAD,005Px00000BnqaDIAR,E&I CSM,Edit,Read,None,Edit
0016g00001ANx59AAD,005Px00000Bnl4HIAR,PI CSM,Edit,Read,None,Edit
0016g00001ANx6kAAD,005Px00000BnqaDIAR,E&I CSM,Edit,Read,None,Edit
0016g00001ANx6vAAD,005Px00000Bnl4HIAR,PI CSM,Edit,Read,None,Edit
0016g00001ANx8uAAD,005Px00000Bnl4HIAR,PI CSM,Edit,Read,None,Edit
0016g00001ANx9aAAD,005Px00000Bnl4HIAR,PI CSM,Edit,Read,None,Edit
0016g00001ANxAvAAL,005Px00000Bnl4HIAR,PI CSM,Edit,Read,None,Edit
0016g00001ANxB1AAL,005Px00000Bnl4HIAR,PI CSM,Edit,Read,None,Edit
0016g00001ANxB1AAL,005Px00000BnqaDIAR,E&I CSM,Edit,Read,None,Edit
0016g00001ANxBDAA1,005Px00000Bnl4HIAR,PI CSM,Edit,Read,None,Edit
0016g00001ANxBgAAL,005Px00000BnqaDIAR,E&I CSM,Edit,Read,None,Edit
0016g00001ANxCZAA1,005Px00000Bnl4HIAR,PI CSM,Edit,Read,None,Edit
0016g00001ANxCqAAL,005Px00000Bnl4HIAR,PI CSM,Edit,Read,None,Edit
0016g00001ANxF4AAL,005Px00000Bnl4HIAR,PI CSM,Edit,Read,None,Edit
0016g00001ANxF9AAL,005Px00000BnqaDIAR,E&I CSM,Edit,Read,None,Edit
0016g00001ANxFhAAL,005Px00000Bnl4HIAR,PI CSM,Edit,Read,None,Edit
0016g00001ANxHtAAL,005Px00000BnqaDIAR,E&I CSM,Edit,Read,None,Edit
0016g00001ANxIjAAL,005Px00000BnqaDIAR,E&I CSM,Edit,Read,None,Edit
0016g00001ANxKuAAL,005Px00000Bnl4HIAR,PI CSM,Edit,Read,None,Edit
0016g00001ANxLUAA1,005Px00000BnqaDIAR,E&I CSM,Edit,Read,None,Edit
0016g00001ANxLcAAL,005Px00000BnqaDIAR,E&I CSM,Edit,Read,None,Edit
0016g00001ANxLgAAL,005Px00000Bnl4HIAR,PI CSM,Edit,Read,None,Edit
0016g00001ANxMBAA1,005Px00000Bnj46IAB,Law.com CSM,Edit,Read,None,Edit
0016g00001ANxMBAA1,005Px00000Bnl4HIAR,PI CSM,Edit,Read,None,Edit
0016g00001ANxNKAA1,005Px00000Bnl4HIAR,PI CSM,Edit,Read,None,Edit
0016g00001ANxNzAAL,005Px00000Bnl4HIAR,PI CSM,Edit,Read,None,Edit
0016g00001ANxQOAA1,005Px00000Bnl4HIAR,PI CSM,Edit,Read,None,Edit
0016g00001ANxVbAAL,005Px00000Bnl4HIAR,PI CSM,Edit,Read,None,Edit
0016g00001ANxWSAA1,005Px00000Bnl4HIAR,PI CSM,Edit,Read,None,Edit
0016g00001ANxX2AAL,005Px00000Bnl4HIAR,PI CSM,Edit,Read,None,Edit
0016g00001ANxXCAA1,005Px00000Bnl4HIAR,PI CSM,Edit,Read,None,Edit
0016g00001ANxXGAA1,005Px00000Bnl4HIAR,PI CSM,Edit,Read,None,Edit
0016g00001ANxXTAA1,005Px00000Bnl4HIAR,PI CSM,Edit,Read,None,Edit
0016g00001ANxXXAA1,005Px00000Bnl4HIAR,PI CSM,Edit,Read,None,Edit
0016g00001ANxXaAAL,005Px00000Bnl4HIAR,PI CSM,Edit,Read,None,Edit
0016g00001ANxXpAAL,005Px00000Bnl4HIAR,PI CSM,Edit,Read,None,Edit
0016g00001ANxb3AAD,005Px00000Bnl4HIAR,PI CSM,Edit,Read,None,Edit
0016g00001ANxc3AAD,005Px00000Bnl4HIAR,PI CSM,Edit,Read,None,Edit
0016g00001ANxdWAAT,005Px00000BnqaDIAR,E&I CSM,Edit,Read,None,Edit
0016g00001ANxfUAAT,005Px00000BnqaDIAR,E&I CSM,Edit,Read,None,Edit
0016g00001ANxjaAAD,005Px00000Bnl4HIAR,PI CSM,Edit,Read,None,Edit
0016g00001ANxjkAAD,005Px00000Bnl4HIAR,PI CSM,Edit,Read,None,Edit
0016g00001ANxkaAAD,005Px00000Bnl4HIAR,PI CSM,Edit,Read,None,Edit
0016g00001ANxlGAAT,005Px00000BnqaDIAR,E&I CSM,Edit,Read,None,Edit
0016g00001ANxlgAAD,005Px00000Bnl4HIAR,PI CSM,Edit,Read,None,Edit
0016g00001ANxmVAAT,005Px00000Bnl4HIAR,PI CSM,Edit,Read,None,Edit
0016g00001ANxr7AAD,005Px00000Bnl4HIAR,PI CSM,Edit,Read,None,Edit
0016g00001ANxtdAAD,005Px00000Bnl4HIAR,PI CSM,Edit,Read,None,Edit
0016g00001ANxxUAAT,005Px00000BnqaDIAR,E&I CSM,Edit,Read,None,Edit
0016g00001ANxz3AAD,005Px00000BnqaDIAR,E&I CSM,Edit,Read,None,Edit
0016g00001ANy1uAAD,005Px00000BnqaDIAR,E&I CSM,Edit,Read,None,Edit
0016g00001ANy2VAAT,005Px00000BnqaDIAR,E&I CSM,Edit,Read,None,Edit
0016g00001ANy41AAD,005Px00000Bnl4HIAR,PI CSM,Edit,Read,None,Edit
0016g00001ANy6FAAT,005Px00000Bnl4HIAR,PI CSM,Edit,Read,None,Edit
0016g00001ANy6FAAT,005Px00000BnqaDIAR,E&I CSM,Edit,Read,None,Edit
0016g00001ANy9BAAT,005Px00000Bnl4HIAR,PI CSM,Edit,Read,None,Edit
0016g00001ANy9aAAD,005Px00000BnqaDIAR,E&I CSM,Edit,Read,None,Edit
0016g00001ANy9vAAD,005Px00000Bnl4HIAR,PI CSM,Edit,Read,None,Edit
0016g00001ANyDAAA1,005Px00000Bnl4HIAR,PI CSM,Edit,Read,None,Edit
0016g00001ANyDAAA1,005Px00000BnqaDIAR,E&I CSM,Edit,Read,None,Edit
0016g00001ANyDPAA1,005Px00000Bnl4HIAR,PI CSM,Edit,Read,None,Edit
0016g00001ANyDwAAL,005Px00000Bnl4HIAR,PI CSM,Edit,Read,None,Edit
0016g00001ANyEpAAL,005Px00000BnqaDIAR,E&I CSM,Edit,Read,None,Edit
0016g00001ANyEtAAL,005Px00000Bnl4HIAR,PI CSM,Edit,Read,None,Edit
0016g00001ANyF8AAL,005Px00000BnqaDIAR,E&I CSM,Edit,Read,None,Edit
0016g00001ANyFIAA1,005Px00000Bnl4HIAR,PI CSM,Edit,Read,None,Edit
0016g00001ANyGFAA1,005Px00000BnqaDIAR,E&I CSM,Edit,Read,None,Edit
0016g00001ANyI6AAL,005Px00000Bnl4HIAR,PI CSM,Edit,Read,None,Edit
0016g00001ANyIaAAL,005Px00000Bnl4HIAR,PI CSM,Edit,Read,None,Edit
0016g00001ANyJgAAL,005Px00000Bnl4HIAR,PI CSM,Edit,Read,None,Edit
0016g00001ANyK9AAL,005Px00000Bnl4HIAR,PI CSM,Edit,Read,None,Edit
0016g00001ANyKkAAL,005Px00000Bnl4HIAR,PI CSM,Edit,Read,None,Edit
0016g00001ANyL7AAL,005Px00000Bnl4HIAR,PI CSM,Edit,Read,None,Edit
0016g00001ANyL7AAL,005Px00000BnqaDIAR,E&I CSM,Edit,Read,None,Edit
0016g00001ANyMkAAL,005Px00000Bnl4HIAR,PI CSM,Edit,Read,None,Edit
0016g00001ANyS5AAL,005Px00000BnqaDIAR,E&I CSM,Edit,Read,None,Edit
0016g00001ANyWfAAL,005Px00000Bnl4HIAR,PI CSM,Edit,Read,None,Edit
0016g00001ANyZpAAL,005Px00000BnqaDIAR,E&I CSM,Edit,Read,None,Edit
0016g00001ANyZwAAL,005Px00000Bnl4HIAR,PI CSM,Edit,Read,None,Edit
0016g00001ANyaOAAT,005Px00000BnqaDIAR,E&I CSM,Edit,Read,None,Edit
0016g00001ANyabAAD,005Px00000Bnl4HIAR,PI CSM,Edit,Read,None,Edit
0016g00001ANyeHAAT,005Px00000Bnl4HIAR,PI CSM,Edit,Read,None,Edit
0016g00001ANyePAAT,005Px00000BnqaDIAR,E&I CSM,Edit,Read,None,Edit
0016g00001ANyfRAAT,005Px00000Bnl4HIAR,PI CSM,Edit,Read,None,Edit
0016g00001ANyk5AAD,005Px00000Bnl4HIAR,PI CSM,Edit,Read,None,Edit
0016g00001ANykKAAT,005Px00000BnqaDIAR,E&I CSM,Edit,Read,None,Edit
0016g00001ANykMAAT,005Px00000Bnl4HIAR,PI CSM,Edit,Read,None,Edit
0016g00001ANylsAAD,005Px00000Bnl4HIAR,PI CSM,Edit,Read,None,Edit
0016g00001ANymvAAD,005Px00000BnqaDIAR,E&I CSM,Edit,Read,None,Edit
0016g00001ANynEAAT,005Px00000Bnl4HIAR,PI CSM,Edit,Read,None,Edit
0016g00001ANyoaAAD,005Px00000Bnl4HIAR,PI CSM,Edit,Read,None,Edit
0016g00001ANyptAAD,005Px00000Bnl4HIAR,PI CSM,Edit,Read,None,Edit
0016g00001ANysGAAT,005Px00000BnqaDIAR,E&I CSM,Edit,Read,None,Edit
0016g00001ANyvHAAT,005Px00000Bnl4HIAR,PI CSM,Edit,Read,None,Edit
0016g00001ANywbAAD,005Px00000Bnl4HIAR,PI CSM,Edit,Read,None,Edit
0016g00001ANyxwAAD,005Px00000BnqaDIAR,E&I CSM,Edit,Read,None,Edit
0016g00001ANz0aAAD,005Px00000Bnl4HIAR,PI CSM,Edit,Read,None,Edit
0016g00001ANz0aAAD,005Px00000BnqaDIAR,E&I CSM,Edit,Read,None,Edit
0016g00001ANz0yAAD,005Px00000BnqaDIAR,E&I CSM,Edit,Read,None,Edit
0016g00001ANz2WAAT,005Px00000Bnl4HIAR,PI CSM,Edit,Read,None,Edit
0016g00001ANz4HAAT,005Px00000BnqaDIAR,E&I CSM,Edit,Read,None,Edit
0016g00001ANzAxAAL,005Px00000BnqaDIAR,E&I CSM,Edit,Read,None,Edit
0016g00001ANzBXAA1,005Px00000Bnl4HIAR,PI CSM,Edit,Read,None,Edit
0016g00001ANzBXAA1,005Px00000BnqaDIAR,E&I CSM,Edit,Read,None,Edit
0016g00001ANzDiAAL,005Px00000Bnl4HIAR,PI CSM,Edit,Read,None,Edit
0016g00001ANzDrAAL,005Px00000BnqaDIAR,E&I CSM,Edit,Read,None,Edit
0016g00001ANzE7AAL,005Px00000BnqaDIAR,E&I CSM,Edit,Read,None,Edit
0016g00001ANzG1AAL,005Px00000BnqaDIAR,E&I CSM,Edit,Read,None,Edit
0016g00001ANzG6AAL,005Px00000BnqaDIAR,E&I CSM,Edit,Read,None,Edit
0016g00001ANzGrAAL,005Px00000BnqaDIAR,E&I CSM,Edit,Read,None,Edit
0016g00001ANzMYAA1,005Px00000Bnl4HIAR,PI CSM,Edit,Read,None,Edit
0016g00001ANzOEAA1,005Px00000BnqaDIAR,E&I CSM,Edit,Read,None,Edit
0016g00001ANzQcAAL,005Px00000Bnl4HIAR,PI CSM,Edit,Read,None,Edit
0016g00001ANzSoAAL,005Px00000Bnl4HIAR,PI CSM,Edit,Read,None,Edit
0016g00001ANzYaAAL,005Px00000BnqaDIAR,E&I CSM,Edit,Read,None,Edit
0016g00001ANzZKAA1,005Px00000Bnl4HIAR,PI CSM,Edit,Read,None,Edit
0016g00001ANzZdAAL,005Px00000BnqaDIAR,E&I CSM,Edit,Read,None,Edit
0016g00001ANzbMAAT,005Px00000Bnl4HIAR,PI CSM,Edit,Read,None,Edit
0016g00001ANzbRAAT,005Px00000Bnl4HIAR,PI CSM,Edit,Read,None,Edit
0016g00001ANzbRAAT,005Px00000BnqaDIAR,E&I CSM,Edit,Read,None,Edit
0016g00001ANzdCAAT,005Px00000BnqaDIAR,E&I CSM,Edit,Read,None,Edit
0016g00001ANzdDAAT,005Px00000Bnl4HIAR,PI CSM,Edit,Read,None,Edit
0016g00001ANzdDAAT,005Px00000BnqaDIAR,E&I CSM,Edit,Read,None,Edit
0016g00001ANzdNAAT,005Px00000Bnl4HIAR,PI CSM,Edit,Read,None,Edit
0016g00001ANzg2AAD,005Px00000Bnl4HIAR,PI CSM,Edit,Read,None,Edit
0016g00001ANzhhAAD,005Px00000BnqaDIAR,E&I CSM,Edit,Read,None,Edit
0016g00001ANzjaAAD,005Px00000BnqaDIAR,E&I CSM,Edit,Read,None,Edit
0016g00001ANzlxAAD,005Px00000BnqaDIAR,E&I CSM,Edit,Read,None,Edit
0016g00001ANznFAAT,005Px00000Bnl4HIAR,PI CSM,Edit,Read,None,Edit
0016g00001ANzpBAAT,005Px00000Bnl4HIAR,PI CSM,Edit,Read,None,Edit
0016g00001ANzqtAAD,005Px00000BnqaDIAR,E&I CSM,Edit,Read,None,Edit
0016g00001ANzqwAAD,005Px00000BnqaDIAR,E&I CSM,Edit,Read,None,Edit
0016g00001ANzr7AAD,005Px00000Bnl4HIAR,PI CSM,Edit,Read,None,Edit
0016g00001ANzreAAD,005Px00000Bnl4HIAR,PI CSM,Edit,Read,None,Edit
0016g00001ANzsBAAT,005Px00000Bnl4HIAR,PI CSM,Edit,Read,None,Edit
0016g00001ANzt0AAD,005Px00000BnqaDIAR,E&I CSM,Edit,Read,None,Edit
0016g00001ANztcAAD,005Px00000Bnl4HIAR,PI CSM,Edit,Read,None,Edit
0016g00001ANzuOAAT,005Px00000Bnl4HIAR,PI CSM,Edit,Read,None,Edit
0016g00001ANzvzAAD,005Px00000Bnl4HIAR,PI CSM,Edit,Read,None,Edit
0016g00001ANzzmAAD,005Px00000BnqaDIAR,E&I CSM,Edit,Read,None,Edit
0016g00001ANzzuAAD,005Px00000Bnl4HIAR,PI CSM,Edit,Read,None,Edit
0016g00001ANzzuAAD,005Px00000BnqaDIAR,E&I CSM,Edit,Read,None,Edit
0016g00001AO01PAAT,005Px00000BnqaDIAR,E&I CSM,Edit,Read,None,Edit
0016g00001AO01TAAT,005Px00000Bnl4HIAR,PI CSM,Edit,Read,None,Edit
0016g00001AO02fAAD,005Px00000BnqaDIAR,E&I CSM,Edit,Read,None,Edit
0016g00001AO02xAAD,005Px00000Bnj46IAB,Law.com CSM,Edit,Read,None,Edit
0016g00001AO02xAAD,005Px00000Bnl4HIAR,PI CSM,Edit,Read,None,Edit
0016g00001AO045AAD,005Px00000BnqaDIAR,E&I CSM,Edit,Read,None,Edit
0016g00001AO051AAD,005Px00000Bnl4HIAR,PI CSM,Edit,Read,None,Edit
0016g00001AO05WAAT,005Px00000Bnl4HIAR,PI CSM,Edit,Read,None,Edit
0016g00001AO07cAAD,005Px00000Bnl4HIAR,PI CSM,Edit,Read,None,Edit
0016g00001AO07vAAD,005Px00000Bnl4HIAR,PI CSM,Edit,Read,None,Edit
0016g00001AO09WAAT,005Px00000BnqaDIAR,E&I CSM,Edit,Read,None,Edit
0016g00001AO09hAAD,005Px00000Bnl4HIAR,PI CSM,Edit,Read,None,Edit
0016g00001AO0BdAAL,005Px00000BnqaDIAR,E&I CSM,Edit,Read,None,Edit
0016g00001AO0CIAA1,005Px00000Bnl4HIAR,PI CSM,Edit,Read,None,Edit
0016g00001AO0EIAA1,005Px00000BnqaDIAR,E&I CSM,Edit,Read,None,Edit
0016g00001AO0EiAAL,005Px00000Bnl4HIAR,PI CSM,Edit,Read,None,Edit
0016g00001AO0EmAAL,005Px00000BnqaDIAR,E&I CSM,Edit,Read,None,Edit
0016g00001AO0FCAA1,005Px00000Bnl4HIAR,PI CSM,Edit,Read,None,Edit
0016g00001AO0GDAA1,005Px00000BnqaDIAR,E&I CSM,Edit,Read,None,Edit
0016g00001AO0GKAA1,005Px00000Bnl4HIAR,PI CSM,Edit,Read,None,Edit
0016g00001AO0IHAA1,005Px00000BnqaDIAR,E&I CSM,Edit,Read,None,Edit
0016g00001AO0IOAA1,005Px00000Bnl4HIAR,PI CSM,Edit,Read,None,Edit
0016g00001AO0JuAAL,005Px00000Bnl4HIAR,PI CSM,Edit,Read,None,Edit
0016g00001AO0LhAAL,005Px00000BnqaDIAR,E&I CSM,Edit,Read,None,Edit
0016g00001AO0NEAA1,005Px00000BnqaDIAR,E&I CSM,Edit,Read,None,Edit
0016g00001AO0TgAAL,005Px00000Bnl4HIAR,PI CSM,Edit,Read,None,Edit
0016g00001AO0UKAA1,005Px00000BnqaDIAR,E&I CSM,Edit,Read,None,Edit
0016g00001AO0UdAAL,005Px00000BnqaDIAR,E&I CSM,Edit,Read,None,Edit
0016g00001AO0XDAA1,005Px00000BnqaDIAR,E&I CSM,Edit,Read,None,Edit
0016g00001AO0YTAA1,005Px00000Bnl4HIAR,PI CSM,Edit,Read,None,Edit
0016g00001AO0c2AAD,005Px00000Bnl4HIAR,PI CSM,Edit,Read,None,Edit
0016g00001AO0e1AAD,005Px00000Bnl4HIAR,PI CSM,Edit,Read,None,Edit
0016g00001AO0eSAAT,005Px00000Bnl4HIAR,PI CSM,Edit,Read,None,Edit
0016g00001AO0fJAAT,005Px00000BnqaDIAR,E&I CSM,Edit,Read,None,Edit
0016g00001AO0iOAAT,005Px00000BnqaDIAR,E&I CSM,Edit,Read,None,Edit
0016g00001AO0jAAAT,005Px00000Bnl4HIAR,PI CSM,Edit,Read,None,Edit
0016g00001AO0jAAAT,005Px00000BnqaDIAR,E&I CSM,Edit,Read,None,Edit
0016g00001AO0kKAAT,005Px00000Bnl4HIAR,PI CSM,Edit,Read,None,Edit
0016g00001AO0kbAAD,005Px00000BnqaDIAR,E&I CSM,Edit,Read,None,Edit
0016g00001AO0kmAAD,005Px00000Bnj46IAB,Law.com CSM,Edit,Read,None,Edit
0016g00001AO0lUAAT,005Px00000BnqaDIAR,E&I CSM,Edit,Read,None,Edit
0016g00001AO0nZAAT,005Px00000BnqaDIAR,E&I CSM,Edit,Read,None,Edit
0016g00001AO0neAAD,005Px00000BnqaDIAR,E&I CSM,Edit,Read,None,Edit
0016g00001AO0oxAAD,005Px00000BnqaDIAR,E&I CSM,Edit,Read,None,Edit
0016g00001AO0pyAAD,005Px00000BnqaDIAR,E&I CSM,Edit,Read,None,Edit
0016g00001AO0rIAAT,005Px00000Bnl4HIAR,PI CSM,Edit,Read,None,Edit
0016g00001AO0stAAD,005Px00000Bnl4HIAR,PI CSM,Edit,Read,None,Edit
0016g00001AO0tlAAD,005Px00000BnqaDIAR,E&I CSM,Edit,Read,None,Edit
0016g00001AO11tAAD,005Px00000Bnl4HIAR,PI CSM,Edit,Read,None,Edit
0016g00001AO123AAD,005Px00000BnqaDIAR,E&I CSM,Edit,Read,None,Edit
0016g00001AO132AAD,005Px00000BnqaDIAR,E&I CSM,Edit,Read,None,Edit
0016g00001AO14OAAT,005Px00000Bnl4HIAR,PI CSM,Edit,Read,None,Edit
0016g00001AO153AAD,005Px00000BnqaDIAR,E&I CSM,Edit,Read,None,Edit
0016g00001AO15GAAT,005Px00000BnqaDIAR,E&I CSM,Edit,Read,None,Edit
0016g00001AO15nAAD,005Px00000Bnl4HIAR,PI CSM,Edit,Read,None,Edit
0016g00001AO166AAD,005Px00000Bnl4HIAR,PI CSM,Edit,Read,None,Edit
0016g00001AO17OAAT,005Px00000BnqaDIAR,E&I CSM,Edit,Read,None,Edit
0016g00001AO17eAAD,005Px00000BnqaDIAR,E&I CSM,Edit,Read,None,Edit
0016g00001AO1AGAA1,005Px00000BnqaDIAR,E&I CSM,Edit,Read,None,Edit
0016g00001AO1C5AAL,005Px00000Bnl4HIAR,PI CSM,Edit,Read,None,Edit
0016g00001AO1DqAAL,005Px00000Bnl4HIAR,PI CSM,Edit,Read,None,Edit
0016g00001AO1ENAA1,005Px00000Bnl4HIAR,PI CSM,Edit,Read,None,Edit
0016g00001AO1IbAAL,005Px00000BnqaDIAR,E&I CSM,Edit,Read,None,Edit
0016g00001AO1ImAAL,005Px00000BnqaDIAR,E&I CSM,Edit,Read,None,Edit
0016g00001AO1KMAA1,005Px00000Bnl4HIAR,PI CSM,Edit,Read,None,Edit
0016g00001AO1KNAA1,005Px00000Bnl4HIAR,PI CSM,Edit,Read,None,Edit
0016g00001AO1KNAA1,005Px00000BnqaDIAR,E&I CSM,Edit,Read,None,Edit
0016g00001AO1KfAAL,005Px00000BnqaDIAR,E&I CSM,Edit,Read,None,Edit
0016g00001AO1LsAAL,005Px00000BnqaDIAR,E&I CSM,Edit,Read,None,Edit
0016g00001AO1TZAA1,005Px00000Bnl4HIAR,PI CSM,Edit,Read,None,Edit
0016g00001AO1U7AAL,005Px00000Bnl4HIAR,PI CSM,Edit,Read,None,Edit
0016g00001AO1WRAA1,005Px00000Bnl4HIAR,PI CSM,Edit,Read,None,Edit
0016g00001AO1XkAAL,005Px00000Bnl4HIAR,PI CSM,Edit,Read,None,Edit
0016g00001AO1Z8AAL,005Px00000Bnl4HIAR,PI CSM,Edit,Read,None,Edit
0016g00001AO1ZDAA1,005Px00000BnqaDIAR,E&I CSM,Edit,Read,None,Edit
0016g00001AO1dSAAT,005Px00000Bnl4HIAR,PI CSM,Edit,Read,None,Edit
0016g00001AO1dyAAD,005Px00000Bnl4HIAR,PI CSM,Edit,Read,None,Edit
0016g00001AO1e0AAD,005Px00000BnqaDIAR,E&I CSM,Edit,Read,None,Edit
0016g00001AO1f2AAD,005Px00000Bnl4HIAR,PI CSM,Edit,Read,None,Edit
0016g00001AO1gfAAD,005Px00000Bnl4HIAR,PI CSM,Edit,Read,None,Edit
0016g00001AO1ibAAD,005Px00000Bnl4HIAR,PI CSM,Edit,Read,None,Edit
0016g00001AO1jMAAT,005Px00000BnqaDIAR,E&I CSM,Edit,Read,None,Edit
0016g00001AO1kKAAT,005Px00000BnqaDIAR,E&I CSM,Edit,Read,None,Edit
0016g00001AO1luAAD,005Px00000Bnl4HIAR,PI CSM,Edit,Read,None,Edit
0016g00001AO1meAAD,005Px00000Bnl4HIAR,PI CSM,Edit,Read,None,Edit
0016g00001AO1pmAAD,005Px00000Bnl4HIAR,PI CSM,Edit,Read,None,Edit
0016g00001AO1qOAAT,005Px00000Bnl4HIAR,PI CSM,Edit,Read,None,Edit
0016g00001AO1vQAAT,005Px00000BnqaDIAR,E&I CSM,Edit,Read,None,Edit
0016g00001AO1vaAAD,005Px00000BnqaDIAR,E&I CSM,Edit,Read,None,Edit
0016g00001AO1xFAAT,005Px00000Bnl4HIAR,PI CSM,Edit,Read,None,Edit
0016g00001AO1ybAAD,005Px00000BnqaDIAR,E&I CSM,Edit,Read,None,Edit
0016g00001AO1zrAAD,005Px00000Bnl4HIAR,PI CSM,Edit,Read,None,Edit
0016g00001AO20DAAT,005Px00000BnqaDIAR,E&I CSM,Edit,Read,None,Edit
0016g00001AO20OAAT,005Px00000Bnl4HIAR,PI CSM,Edit,Read,None,Edit
0016g00001AO20WAAT,005Px00000Bnl4HIAR,PI CSM,Edit,Read,None,Edit
0016g00001AO20dAAD,005Px00000Bnl4HIAR,PI CSM,Edit,Read,None,Edit
0016g00001AO20nAAD,005Px00000Bnl4HIAR,PI CSM,Edit,Read,None,Edit
0016g00001AO221AAD,005Px00000Bnl4HIAR,PI CSM,Edit,Read,None,Edit
0016g00001AO22vAAD,005Px00000Bnl4HIAR,PI CSM,Edit,Read,None,Edit
0016g00001AO24hAAD,005Px00000Bnl4HIAR,PI CSM,Edit,Read,None,Edit
0016g00001AO2JjAAL,005Px00000BnqaDIAR,E&I CSM,Edit,Read,None,Edit
0016g00001AO2MAAA1,005Px00000Bnl4HIAR,PI CSM,Edit,Read,None,Edit
0016g00001AO2PeAAL,005Px00000Bnl4HIAR,PI CSM,Edit,Read,None,Edit
0016g00001AO2T3AAL,005Px00000Bnl4HIAR,PI CSM,Edit,Read,None,Edit
0016g00001AO2T3AAL,005Px00000BnqaDIAR,E&I CSM,Edit,Read,None,Edit
0016g00001AO2UGAA1,005Px00000Bnl4HIAR,PI CSM,Edit,Read,None,Edit
0016g00001AO2Z7AAL,005Px00000Bnl4HIAR,PI CSM,Edit,Read,None,Edit
0016g00001AO2buAAD,005Px00000BnqaDIAR,E&I CSM,Edit,Read,None,Edit
0016g00001AO2hPAAT,005Px00000BnqaDIAR,E&I CSM,Edit,Read,None,Edit
0016g00001AO2j7AAD,005Px00000Bnl4HIAR,PI CSM,Edit,Read,None,Edit
0016g00001AO2j7AAD,005Px00000BnqaDIAR,E&I CSM,Edit,Read,None,Edit
0016g00001AO2kDAAT,005Px00000BnqaDIAR,E&I CSM,Edit,Read,None,Edit
0016g00001AO2kKAAT,005Px00000Bnl4HIAR,PI CSM,Edit,Read,None,Edit
0016g00001AO2lKAAT,005Px00000BnqaDIAR,E&I CSM,Edit,Read,None,Edit
0016g00001AO2m1AAD,005Px00000Bnl4HIAR,PI CSM,Edit,Read,None,Edit
0016g00001AO2q9AAD,005Px00000BnqaDIAR,E&I CSM,Edit,Read,None,Edit
0016g00001AO2s7AAD,005Px00000BnqaDIAR,E&I CSM,Edit,Read,None,Edit
0016g00001AO2tKAAT,005Px00000BnqaDIAR,E&I CSM,Edit,Read,None,Edit
0016g00001AO2vsAAD,005Px00000Bnl4HIAR,PI CSM,Edit,Read,None,Edit
0016g00001AO2vsAAD,005Px00000BnqaDIAR,E&I CSM,Edit,Read,None,Edit
0016g00001AO2wjAAD,005Px00000Bnl4HIAR,PI CSM,Edit,Read,None,Edit
0016g00001AO2zfAAD,005Px00000Bnl4HIAR,PI CSM,Edit,Read,None,Edit
0016g00001AO2zqAAD,005Px00000Bnl4HIAR,PI CSM,Edit,Read,None,Edit
0016g00001AO30cAAD,005Px00000Bnl4HIAR,PI CSM,Edit,Read,None,Edit
0016g00001AO3CuAAL,005Px00000Bnl4HIAR,PI CSM,Edit,Read,None,Edit
0016g00001AO3D7AAL,005Px00000Bnl4HIAR,PI CSM,Edit,Read,None,Edit
0016g00001AO3ECAA1,005Px00000Bnl4HIAR,PI CSM,Edit,Read,None,Edit
0016g00001AO3EGAA1,005Px00000Bnl4HIAR,PI CSM,Edit,Read,None,Edit
0016g00001AO3IJAA1,005Px00000BnqaDIAR,E&I CSM,Edit,Read,None,Edit
0016g00001AO3IoAAL,005Px00000BnqaDIAR,E&I CSM,Edit,Read,None,Edit
0016g00001AO3M7AAL,005Px00000Bnl4HIAR,PI CSM,Edit,Read,None,Edit
0016g00001AO3SuAAL,005Px00000BnqaDIAR,E&I CSM,Edit,Read,None,Edit
0016g00001AO3UTAA1,005Px00000BnqaDIAR,E&I CSM,Edit,Read,None,Edit
0016g00001AO3Y3AAL,005Px00000Bnl4HIAR,PI CSM,Edit,Read,None,Edit
0016g00001AO3Y3AAL,005Px00000BnqaDIAR,E&I CSM,Edit,Read,None,Edit
0016g00001AO3ZJAA1,005Px00000Bnl4HIAR,PI CSM,Edit,Read,None,Edit
0016g00001AO3aQAAT,005Px00000BnqaDIAR,E&I CSM,Edit,Read,None,Edit
0016g00001AO3bTAAT,005Px00000Bnl4HIAR,PI CSM,Edit,Read,None,Edit
0016g00001AO3iJAAT,005Px00000Bnl4HIAR,PI CSM,Edit,Read,None,Edit
0016g00001AO3iiAAD,005Px00000Bnl4HIAR,PI CSM,Edit,Read,None,Edit
0016g00001AO3lUAAT,005Px00000Bnj46IAB,Law.com CSM,Edit,Read,None,Edit
0016g00001AO3n3AAD,005Px00000BnqaDIAR,E&I CSM,Edit,Read,None,Edit
0016g00001AO3o4AAD,005Px00000Bnl4HIAR,PI CSM,Edit,Read,None,Edit
0016g00001AO3uFAAT,005Px00000Bnl4HIAR,PI CSM,Edit,Read,None,Edit
0016g00001AO3uZAAT,005Px00000Bnl4HIAR,PI CSM,Edit,Read,None,Edit
0016g00001AO3ukAAD,005Px00000BnqaDIAR,E&I CSM,Edit,Read,None,Edit
0016g00001AO3wbAAD,005Px00000BnqaDIAR,E&I CSM,Edit,Read,None,Edit
0016g00001AO3wqAAD,005Px00000Bnl4HIAR,PI CSM,Edit,Read,None,Edit
0016g00001AO3xHAAT,005Px00000Bnl4HIAR,PI CSM,Edit,Read,None,Edit
0016g00001AO3xKAAT,005Px00000BnqaDIAR,E&I CSM,Edit,Read,None,Edit
0016g00001AO3xTAAT,005Px00000BnqaDIAR,E&I CSM,Edit,Read,None,Edit
0016g00001AO3yUAAT,005Px00000Bnl4HIAR,PI CSM,Edit,Read,None,Edit
0016g00001AO40gAAD,005Px00000Bnl4HIAR,PI CSM,Edit,Read,None,Edit
0016g00001AO40lAAD,005Px00000BnqaDIAR,E&I CSM,Edit,Read,None,Edit
0016g00001AO414AAD,005Px00000BnqaDIAR,E&I CSM,Edit,Read,None,Edit
0016g00001AO41kAAD,005Px00000Bnl4HIAR,PI CSM,Edit,Read,None,Edit
0016g00001AO42bAAD,005Px00000Bnl4HIAR,PI CSM,Edit,Read,None,Edit
0016g00001AO440AAD,005Px00000Bnl4HIAR,PI CSM,Edit,Read,None,Edit
0016g00001AO45xAAD,005Px00000Bnl4HIAR,PI CSM,Edit,Read,None,Edit
0016g00001AO48aAAD,005Px00000Bnl4HIAR,PI CSM,Edit,Read,None,Edit
0016g00001AO49dAAD,005Px00000Bnl4HIAR,PI CSM,Edit,Read,None,Edit
0016g00001AO4AQAA1,005Px00000BnqaDIAR,E&I CSM,Edit,Read,None,Edit
0016g00001AO4ApAAL,005Px00000Bnl4HIAR,PI CSM,Edit,Read,None,Edit
0016g00001AO4BCAA1,005Px00000Bnl4HIAR,PI CSM,Edit,Read,None,Edit
0016g00001AO4BCAA1,005Px00000BnqaDIAR,E&I CSM,Edit,Read,None,Edit
0016g00001AO4BnAAL,005Px00000Bnl4HIAR,PI CSM,Edit,Read,None,Edit
0016g00001AO4GWAA1,005Px00000Bnl4HIAR,PI CSM,Edit,Read,None,Edit
0016g00001AO4GnAAL,005Px00000BnqaDIAR,E&I CSM,Edit,Read,None,Edit
0016g00001AO4HqAAL,005Px00000Bnl4HIAR,PI CSM,Edit,Read,None,Edit
0016g00001AO4L8AAL,005Px00000Bnl4HIAR,PI CSM,Edit,Read,None,Edit
0016g00001AO4P6AAL,005Px00000Bnl4HIAR,PI CSM,Edit,Read,None,Edit
0016g00001AO4RgAAL,005Px00000Bnl4HIAR,PI CSM,Edit,Read,None,Edit
0016g00001AO4S9AAL,005Px00000Bnl4HIAR,PI CSM,Edit,Read,None,Edit
0016g00001AO4SRAA1,005Px00000Bnl4HIAR,PI CSM,Edit,Read,None,Edit
0016g00001AO4W4AAL,005Px00000BnqaDIAR,E&I CSM,Edit,Read,None,Edit
0016g00001AO4YlAAL,005Px00000BnqaDIAR,E&I CSM,Edit,Read,None,Edit
0016g00001AO4bLAAT,005Px00000Bnl4HIAR,PI CSM,Edit,Read,None,Edit
0016g00001AO4cLAAT,005Px00000BnqaDIAR,E&I CSM,Edit,Read,None,Edit
0016g00001AO4dGAAT,005Px00000Bnl4HIAR,PI CSM,Edit,Read,None,Edit
0016g00001AO4eLAAT,005Px00000BnqaDIAR,E&I CSM,Edit,Read,None,Edit
0016g00001AO4eZAAT,005Px00000Bnl4HIAR,PI CSM,Edit,Read,None,Edit
0016g00001AO4fnAAD,005Px00000Bnl4HIAR,PI CSM,Edit,Read,None,Edit
0016g00001AO4hiAAD,005Px00000Bnl4HIAR,PI CSM,Edit,Read,None,Edit
0016g00001AO4hzAAD,005Px00000Bnl4HIAR,PI CSM,Edit,Read,None,Edit
0016g00001AO4imAAD,005Px00000Bnj46IAB,Law.com CSM,Edit,Read,None,Edit
0016g00001AO4isAAD,005Px00000BnqaDIAR,E&I CSM,Edit,Read,None,Edit
0016g00001AO4kGAAT,005Px00000Bnl4HIAR,PI CSM,Edit,Read,None,Edit
0016g00001AO4kGAAT,005Px00000BnqaDIAR,E&I CSM,Edit,Read,None,Edit
0016g00001AO4m5AAD,005Px00000Bnl4HIAR,PI CSM,Edit,Read,None,Edit
0016g00001AO4mxAAD,005Px00000Bnl4HIAR,PI CSM,Edit,Read,None,Edit
0016g00001AO4n5AAD,005Px00000Bnl4HIAR,PI CSM,Edit,Read,None,Edit
0016g00001AO4nTAAT,005Px00000Bnl4HIAR,PI CSM,Edit,Read,None,Edit
0016g00001AO4o3AAD,005Px00000Bnl4HIAR,PI CSM,Edit,Read,None,Edit
0016g00001AO4odAAD,005Px00000Bnl4HIAR,PI CSM,Edit,Read,None,Edit
0016g00001AO4otAAD,005Px00000Bnl4HIAR,PI CSM,Edit,Read,None,Edit
0016g00001AO4paAAD,005Px00000Bnl4HIAR,PI CSM,Edit,Read,None,Edit
0016g00001AO4qDAAT,005Px00000BnqaDIAR,E&I CSM,Edit,Read,None,Edit
0016g00001AO4s0AAD,005Px00000Bnl4HIAR,PI CSM,Edit,Read,None,Edit
0016g00001AO4vmAAD,005Px00000BnqaDIAR,E&I CSM,Edit,Read,None,Edit
0016g00001AO4wZAAT,005Px00000Bnl4HIAR,PI CSM,Edit,Read,None,Edit
0016g00001AO4wZAAT,005Px00000BnqaDIAR,E&I CSM,Edit,Read,None,Edit
0016g00001AO4xOAAT,005Px00000Bnl4HIAR,PI CSM,Edit,Read,None,Edit
0016g00001AO4yBAAT,005Px00000BnqaDIAR,E&I CSM,Edit,Read,None,Edit
0016g00001AO4yUAAT,005Px00000Bnl4HIAR,PI CSM,Edit,Read,None,Edit
0016g00001AO4yUAAT,005Px00000BnqaDIAR,E&I CSM,Edit,Read,None,Edit
0016g00001AO4yhAAD,005Px00000BnqaDIAR,E&I CSM,Edit,Read,None,Edit
0016g00001AO4ykAAD,005Px00000Bnl4HIAR,PI CSM,Edit,Read,None,Edit
0016g00001AO4zcAAD,005Px00000Bnl4HIAR,PI CSM,Edit,Read,None,Edit
0016g00001AO4zcAAD,005Px00000BnqaDIAR,E&I CSM,Edit,Read,None,Edit
0016g00001AO50AAAT,005Px00000Bnl4HIAR,PI CSM,Edit,Read,None,Edit
0016g00001AO50KAAT,005Px00000BnqaDIAR,E&I CSM,Edit,Read,None,Edit
0016g00001AO53GAAT,005Px00000BnqaDIAR,E&I CSM,Edit,Read,None,Edit
0016g00001AO53wAAD,005Px00000BnqaDIAR,E&I CSM,Edit,Read,None,Edit
0016g00001AO56mAAD,005Px00000BnqaDIAR,E&I CSM,Edit,Read,None,Edit
0016g00001AO56xAAD,005Px00000BnqaDIAR,E&I CSM,Edit,Read,None,Edit
0016g00001AO574AAD,005Px00000Bnl4HIAR,PI CSM,Edit,Read,None,Edit
0016g00001AO596AAD,005Px00000Bnl4HIAR,PI CSM,Edit,Read,None,Edit
0016g00001AO5AkAAL,005Px00000Bnl4HIAR,PI CSM,Edit,Read,None,Edit
0016g00001AO5BqAAL,005Px00000Bnl4HIAR,PI CSM,Edit,Read,None,Edit
0016g00001AO5GcAAL,005Px00000BnqaDIAR,E&I CSM,Edit,Read,None,Edit
0016g00001AO5HZAA1,005Px00000Bnl4HIAR,PI CSM,Edit,Read,None,Edit
0016g00001AO5HZAA1,005Px00000BnqaDIAR,E&I CSM,Edit,Read,None,Edit
0016g00001AO5HvAAL,005Px00000Bnl4HIAR,PI CSM,Edit,Read,None,Edit
0016g00001AO5I4AAL,005Px00000Bnl4HIAR,PI CSM,Edit,Read,None,Edit
0016g00001AO5IOAA1,005Px00000BnqaDIAR,E&I CSM,Edit,Read,None,Edit
0016g00001AO5J4AAL,005Px00000BnqaDIAR,E&I CSM,Edit,Read,None,Edit
0016g00001AO5L1AAL,005Px00000Bnl4HIAR,PI CSM,Edit,Read,None,Edit
0016g00001AO5L2AAL,005Px00000BnqaDIAR,E&I CSM,Edit,Read,None,Edit
0016g00001AO5LMAA1,005Px00000BnqaDIAR,E&I CSM,Edit,Read,None,Edit
0016g00001AO5McAAL,005Px00000Bnl4HIAR,PI CSM,Edit,Read,None,Edit
0016g00001AO5N1AAL,005Px00000Bnl4HIAR,PI CSM,Edit,Read,None,Edit
0016g00001AO5OdAAL,005Px00000BnqaDIAR,E&I CSM,Edit,Read,None,Edit
0016g00001AO5UfAAL,005Px00000Bnl4HIAR,PI CSM,Edit,Read,None,Edit
0016g00001AO5UfAAL,005Px00000BnqaDIAR,E&I CSM,Edit,Read,None,Edit
0016g00001AO5XdAAL,005Px00000Bnl4HIAR,PI CSM,Edit,Read,None,Edit
0016g00001AO5XdAAL,005Px00000BnqaDIAR,E&I CSM,Edit,Read,None,Edit
0016g00001AO5ZFAA1,005Px00000BnqaDIAR,E&I CSM,Edit,Read,None,Edit
0016g00001AO5a0AAD,005Px00000BnqaDIAR,E&I CSM,Edit,Read,None,Edit
0016g00001AO5bQAAT,005Px00000BnqaDIAR,E&I CSM,Edit,Read,None,Edit
0016g00001AO5bkAAD,005Px00000BnqaDIAR,E&I CSM,Edit,Read,None,Edit
0016g00001AO5czAAD,005Px00000BnqaDIAR,E&I CSM,Edit,Read,None,Edit
0016g00001AO5fUAAT,005Px00000Bnl4HIAR,PI CSM,Edit,Read,None,Edit
0016g00001AO5fUAAT,005Px00000BnqaDIAR,E&I CSM,Edit,Read,None,Edit
0016g00001AO5hAAAT,005Px00000Bnl4HIAR,PI CSM,Edit,Read,None,Edit
0016g00001AO5hRAAT,005Px00000Bnl4HIAR,PI CSM,Edit,Read,None,Edit
0016g00001AO5hhAAD,005Px00000Bnl4HIAR,PI CSM,Edit,Read,None,Edit
0016g00001AO5i7AAD,005Px00000BnqaDIAR,E&I CSM,Edit,Read,None,Edit
0016g00001AO5jyAAD,005Px00000Bnl4HIAR,PI CSM,Edit,Read,None,Edit
0016g00001AO5kVAAT,005Px00000BnqaDIAR,E&I CSM,Edit,Read,None,Edit
0016g00001AO5kyAAD,005Px00000BnqaDIAR,E&I CSM,Edit,Read,None,Edit
0016g00001AO5nCAAT,005Px00000BnqaDIAR,E&I CSM,Edit,Read,None,Edit
0016g00001AO5nxAAD,005Px00000Bnl4HIAR,PI CSM,Edit,Read,None,Edit
0016g00001AO5nxAAD,005Px00000BnqaDIAR,E&I CSM,Edit,Read,None,Edit
0016g00001AO5o1AAD,005Px00000BnqaDIAR,E&I CSM,Edit,Read,None,Edit
0016g00001AO5oQAAT,005Px00000BnqaDIAR,E&I CSM,Edit,Read,None,Edit
0016g00001AO5qwAAD,005Px00000BnqaDIAR,E&I CSM,Edit,Read,None,Edit
0016g00001AO5reAAD,005Px00000BnqaDIAR,E&I CSM,Edit,Read,None,Edit
0016g00001AO5y3AAD,005Px00000Bnl4HIAR,PI CSM,Edit,Read,None,Edit
0016g00001AO5y3AAD,005Px00000BnqaDIAR,E&I CSM,Edit,Read,None,Edit
0016g00001AO5yAAAT,005Px00000BnqaDIAR,E&I CSM,Edit,Read,None,Edit
0016g00001AO5zXAAT,005Px00000Bnl4HIAR,PI CSM,Edit,Read,None,Edit
0016g00001AO5zeAAD,005Px00000Bnl4HIAR,PI CSM,Edit,Read,None,Edit
0016g00001AO60NAAT,005Px00000Bnl4HIAR,PI CSM,Edit,Read,None,Edit
0016g00001AO61yAAD,005Px00000Bnl4HIAR,PI CSM,Edit,Read,None,Edit
0016g00001AO62iAAD,005Px00000Bnl4HIAR,PI CSM,Edit,Read,None,Edit
0016g00001AO68PAAT,005Px00000Bnl4HIAR,PI CSM,Edit,Read,None,Edit
0016g00001AO68dAAD,005Px00000BnqaDIAR,E&I CSM,Edit,Read,None,Edit
0016g00001AO6CIAA1,005Px00000BnqaDIAR,E&I CSM,Edit,Read,None,Edit
0016g00001AO6CKAA1,005Px00000BnqaDIAR,E&I CSM,Edit,Read,None,Edit
0016g00001AO6DSAA1,005Px00000Bnl4HIAR,PI CSM,Edit,Read,None,Edit
0016g00001AO6E4AAL,005Px00000Bnl4HIAR,PI CSM,Edit,Read,None,Edit
0016g00001AO6EZAA1,005Px00000Bnl4HIAR,PI CSM,Edit,Read,None,Edit
0016g00001AO6GiAAL,005Px00000BnqaDIAR,E&I CSM,Edit,Read,None,Edit
0016g00001AO6HhAAL,005Px00000BnqaDIAR,E&I CSM,Edit,Read,None,Edit
0016g00001AO6JlAAL,005Px00000Bnl4HIAR,PI CSM,Edit,Read,None,Edit
0016g00001AO6JlAAL,005Px00000BnqaDIAR,E&I CSM,Edit,Read,None,Edit
0016g00001AO6KHAA1,005Px00000Bnl4HIAR,PI CSM,Edit,Read,None,Edit
0016g00001AO6LJAA1,005Px00000Bnl4HIAR,PI CSM,Edit,Read,None,Edit
0016g00001AO6M2AAL,005Px00000BnqaDIAR,E&I CSM,Edit,Read,None,Edit
0016g00001AO6M9AAL,005Px00000BnqaDIAR,E&I CSM,Edit,Read,None,Edit
0016g00001AO6MbAAL,005Px00000Bnl4HIAR,PI CSM,Edit,Read,None,Edit
0016g00001AO6RAAA1,005Px00000Bnl4HIAR,PI CSM,Edit,Read,None,Edit
0016g00001AO6RBAA1,005Px00000BnqaDIAR,E&I CSM,Edit,Read,None,Edit
0016g00001AO6ReAAL,005Px00000Bnl4HIAR,PI CSM,Edit,Read,None,Edit
0016g00001AO6ReAAL,005Px00000BnqaDIAR,E&I CSM,Edit,Read,None,Edit
0016g00001AO6S0AAL,005Px00000BnqaDIAR,E&I CSM,Edit,Read,None,Edit
0016g00001AO6TTAA1,005Px00000Bnl4HIAR,PI CSM,Edit,Read,None,Edit
0016g00001AO6UDAA1,005Px00000BnqaDIAR,E&I CSM,Edit,Read,None,Edit
0016g00001AO6UaAAL,005Px00000Bnl4HIAR,PI CSM,Edit,Read,None,Edit
0016g00001AO6aFAAT,005Px00000Bnl4HIAR,PI CSM,Edit,Read,None,Edit
0016g00001AO6aFAAT,005Px00000BnqaDIAR,E&I CSM,Edit,Read,None,Edit
0016g00001AO6aIAAT,005Px00000Bnl4HIAR,PI CSM,Edit,Read,None,Edit
0016g00001AO6aIAAT,005Px00000BnqaDIAR,E&I CSM,Edit,Read,None,Edit
0016g00001AO6bUAAT,005Px00000Bnl4HIAR,PI CSM,Edit,Read,None,Edit
0016g00001AO6cPAAT,005Px00000BnqaDIAR,E&I CSM,Edit,Read,None,Edit
0016g00001AO6e9AAD,005Px00000Bnl4HIAR,PI CSM,Edit,Read,None,Edit
0016g00001AO6epAAD,005Px00000BnqaDIAR,E&I CSM,Edit,Read,None,Edit
0016g00001AO6iKAAT,005Px00000Bnl4HIAR,PI CSM,Edit,Read,None,Edit
0016g00001AO6jgAAD,005Px00000Bnl4HIAR,PI CSM,Edit,Read,None,Edit
0016g00001AO6pmAAD,005Px00000BnqaDIAR,E&I CSM,Edit,Read,None,Edit
0016g00001AO6srAAD,005Px00000BnqaDIAR,E&I CSM,Edit,Read,None,Edit
0016g00001AO6uAAAT,005Px00000BnqaDIAR,E&I CSM,Edit,Read,None,Edit
0016g00001AO6vTAAT,005Px00000Bnj46IAB,Law.com CSM,Edit,Read,None,Edit
0016g00001AO6vcAAD,005Px00000Bnl4HIAR,PI CSM,Edit,Read,None,Edit
0016g00001AO6vcAAD,005Px00000BnqaDIAR,E&I CSM,Edit,Read,None,Edit
0016g00001AO6xuAAD,005Px00000BnqaDIAR,E&I CSM,Edit,Read,None,Edit
0016g00001AO6z1AAD,005Px00000Bnl4HIAR,PI CSM,Edit,Read,None,Edit
0016g00001AO6zGAAT,005Px00000BnqaDIAR,E&I CSM,Edit,Read,None,Edit
0016g00001AO709AAD,005Px00000BnqaDIAR,E&I CSM,Edit,Read,None,Edit
0016g00001AO71HAAT,005Px00000BnqaDIAR,E&I CSM,Edit,Read,None,Edit
0016g00001AO72jAAD,005Px00000Bnl4HIAR,PI CSM,Edit,Read,None,Edit
0016g00001AO75PAAT,005Px00000Bnl4HIAR,PI CSM,Edit,Read,None,Edit
0016g00001AO78CAAT,005Px00000Bnl4HIAR,PI CSM,Edit,Read,None,Edit
0016g00001AO78CAAT,005Px00000BnqaDIAR,E&I CSM,Edit,Read,None,Edit
0016g00001AO79bAAD,005Px00000Bnl4HIAR,PI CSM,Edit,Read,None,Edit
0016g00001AO79bAAD,005Px00000BnqaDIAR,E&I CSM,Edit,Read,None,Edit
0016g00001AO7CRAA1,005Px00000BnqaDIAR,E&I CSM,Edit,Read,None,Edit
0016g00001AO7CaAAL,005Px00000BnqaDIAR,E&I CSM,Edit,Read,None,Edit
0016g00001AO7CmAAL,005Px00000Bnl4HIAR,PI CSM,Edit,Read,None,Edit
0016g00001AO7MDAA1,005Px00000BnqaDIAR,E&I CSM,Edit,Read,None,Edit
0016g00001AO7MmAAL,005Px00000Bnl4HIAR,PI CSM,Edit,Read,None,Edit
0016g00001AO7OmAAL,005Px00000Bnl4HIAR,PI CSM,Edit,Read,None,Edit
0016g00001AO7PPAA1,005Px00000BnqaDIAR,E&I CSM,Edit,Read,None,Edit
0016g00001AO7PqAAL,005Px00000BnqaDIAR,E&I CSM,Edit,Read,None,Edit
0016g00001AO7QOAA1,005Px00000BnqaDIAR,E&I CSM,Edit,Read,None,Edit
0016g00001AO7S0AAL,005Px00000Bnl4HIAR,PI CSM,Edit,Read,None,Edit
0016g00001AO7TbAAL,005Px00000Bnl4HIAR,PI CSM,Edit,Read,None,Edit
0016g00001AO7TjAAL,005Px00000Bnl4HIAR,PI CSM,Edit,Read,None,Edit
0016g00001AO7WnAAL,005Px00000Bnl4HIAR,PI CSM,Edit,Read,None,Edit
0016g00001AO7XeAAL,005Px00000Bnl4HIAR,PI CSM,Edit,Read,None,Edit
0016g00001AO7XrAAL,005Px00000Bnl4HIAR,PI CSM,Edit,Read,None,Edit
0016g00001AO7XrAAL,005Px00000BnqaDIAR,E&I CSM,Edit,Read,None,Edit
0016g00001AO7hDAAT,005Px00000BnqaDIAR,E&I CSM,Edit,Read,None,Edit
0016g00001AO7kZAAT,005Px00000Bnl4HIAR,PI CSM,Edit,Read,None,Edit
0016g00001AO7kZAAT,005Px00000BnqaDIAR,E&I CSM,Edit,Read,None,Edit
0016g00001AO7kyAAD,005Px00000BnqaDIAR,E&I CSM,Edit,Read,None,Edit
0016g00001AO7nfAAD,005Px00000Bnl4HIAR,PI CSM,Edit,Read,None,Edit
0016g00001AO7nfAAD,005Px00000BnqaDIAR,E&I CSM,Edit,Read,None,Edit
0016g00001AO7nmAAD,005Px00000BnqaDIAR,E&I CSM,Edit,Read,None,Edit
0016g00001AO7oGAAT,005Px00000BnqaDIAR,E&I CSM,Edit,Read,None,Edit
0016g00001AO7qhAAD,005Px00000Bnl4HIAR,PI CSM,Edit,Read,None,Edit
0016g00001AO7qvAAD,005Px00000Bnl4HIAR,PI CSM,Edit,Read,None,Edit
0016g00001AO7qvAAD,005Px00000BnqaDIAR,E&I CSM,Edit,Read,None,Edit
0016g00001AO7rXAAT,005Px00000BnqaDIAR,E&I CSM,Edit,Read,None,Edit
0016g00001AO7raAAD,005Px00000BnqaDIAR,E&I CSM,Edit,Read,None,Edit
0016g00001AO7unAAD,005Px00000BnqaDIAR,E&I CSM,Edit,Read,None,Edit
0016g00001AO7w4AAD,005Px00000BnqaDIAR,E&I CSM,Edit,Read,None,Edit
0016g00001AO818AAD,005Px00000BnqaDIAR,E&I CSM,Edit,Read,None,Edit
0016g00001AO860AAD,005Px00000BnqaDIAR,E&I CSM,Edit,Read,None,Edit
0016g00001AO880AAD,005Px00000BnqaDIAR,E&I CSM,Edit,Read,None,Edit
0016g00001AO89RAAT,005Px00000BnqaDIAR,E&I CSM,Edit,Read,None,Edit
0016g00001AO89aAAD,005Px00000BnqaDIAR,E&I CSM,Edit,Read,None,Edit
0016g00001AO89wAAD,005Px00000Bnl4HIAR,PI CSM,Edit,Read,None,Edit
0016g00001AO8BRAA1,005Px00000BnqaDIAR,E&I CSM,Edit,Read,None,Edit
0016g00001AO8BjAAL,005Px00000BnqaDIAR,E&I CSM,Edit,Read,None,Edit
0016g00001AO8EGAA1,005Px00000Bnl4HIAR,PI CSM,Edit,Read,None,Edit
0016g00001AO8GBAA1,005Px00000BnqaDIAR,E&I CSM,Edit,Read,None,Edit
0016g00001AO8GcAAL,005Px00000Bnl4HIAR,PI CSM,Edit,Read,None,Edit
0016g00001AO8HaAAL,005Px00000Bnl4HIAR,PI CSM,Edit,Read,None,Edit
0016g00001AO8HwAAL,005Px00000BnqaDIAR,E&I CSM,Edit,Read,None,Edit
0016g00001AO8IPAA1,005Px00000Bnl4HIAR,PI CSM,Edit,Read,None,Edit
0016g00001AO8KCAA1,005Px00000BnqaDIAR,E&I CSM,Edit,Read,None,Edit
0016g00001AO8KdAAL,005Px00000Bnj46IAB,Law.com CSM,Edit,Read,None,Edit
0016g00001AO8LcAAL,005Px00000BnqaDIAR,E&I CSM,Edit,Read,None,Edit
0016g00001AO8NRAA1,005Px00000BnqaDIAR,E&I CSM,Edit,Read,None,Edit
0016g00001AO8OtAAL,005Px00000Bnl4HIAR,PI CSM,Edit,Read,None,Edit
0016g00001AO8P1AAL,005Px00000BnqaDIAR,E&I CSM,Edit,Read,None,Edit
0016g00001AO8QLAA1,005Px00000Bnl4HIAR,PI CSM,Edit,Read,None,Edit
0016g00001AO8TBAA1,005Px00000BnqaDIAR,E&I CSM,Edit,Read,None,Edit
0016g00001AO8TzAAL,005Px00000Bnl4HIAR,PI CSM,Edit,Read,None,Edit
0016g00001AO8TzAAL,005Px00000BnqaDIAR,E&I CSM,Edit,Read,None,Edit
0016g00001AO8U7AAL,005Px00000BnqaDIAR,E&I CSM,Edit,Read,None,Edit
0016g00001AO8YMAA1,005Px00000Bnl4HIAR,PI CSM,Edit,Read,None,Edit
0016g00001AO8ZdAAL,005Px00000Bnl4HIAR,PI CSM,Edit,Read,None,Edit
0016g00001AO8aOAAT,005Px00000Bnl4HIAR,PI CSM,Edit,Read,None,Edit
0016g00001AO8atAAD,005Px00000Bnl4HIAR,PI CSM,Edit,Read,None,Edit
0016g00001AO8b5AAD,005Px00000Bnl4HIAR,PI CSM,Edit,Read,None,Edit
0016g00001AO8gkAAD,005Px00000BnqaDIAR,E&I CSM,Edit,Read,None,Edit
0016g00001AO8kPAAT,005Px00000Bnl4HIAR,PI CSM,Edit,Read,None,Edit
0016g00001AO8kPAAT,005Px00000BnqaDIAR,E&I CSM,Edit,Read,None,Edit
0016g00001AO8mWAAT,005Px00000Bnl4HIAR,PI CSM,Edit,Read,None,Edit
0016g00001AO8oMAAT,005Px00000BnqaDIAR,E&I CSM,Edit,Read,None,Edit
0016g00001AO8pxAAD,005Px00000Bnl4HIAR,PI CSM,Edit,Read,None,Edit
0016g00001AO8qMAAT,005Px00000BnqaDIAR,E&I CSM,Edit,Read,None,Edit
0016g00001AO8qgAAD,005Px00000BnqaDIAR,E&I CSM,Edit,Read,None,Edit
0016g00001AO8qsAAD,005Px00000Bnl4HIAR,PI CSM,Edit,Read,None,Edit
0016g00001AO8usAAD,005Px00000BnqaDIAR,E&I CSM,Edit,Read,None,Edit
0016g00001AO8vmAAD,005Px00000Bnl4HIAR,PI CSM,Edit,Read,None,Edit
0016g00001AO8wLAAT,005Px00000Bnl4HIAR,PI CSM,Edit,Read,None,Edit
0016g00001AO8yTAAT,005Px00000Bnl4HIAR,PI CSM,Edit,Read,None,Edit
0016g00001AO91fAAD,005Px00000Bnl4HIAR,PI CSM,Edit,Read,None,Edit
0016g00001AO91qAAD,005Px00000Bnl4HIAR,PI CSM,Edit,Read,None,Edit
0016g00001AO93bAAD,005Px00000Bnj46IAB,Law.com CSM,Edit,Read,None,Edit
0016g00001AO93jAAD,005Px00000Bnl4HIAR,PI CSM,Edit,Read,None,Edit
0016g00001AO94iAAD,005Px00000BnqaDIAR,E&I CSM,Edit,Read,None,Edit
0016g00001AO96OAAT,005Px00000Bnl4HIAR,PI CSM,Edit,Read,None,Edit
0016g00001AO98zAAD,005Px00000Bnj46IAB,Law.com CSM,Edit,Read,None,Edit
0016g00001AO9AoAAL,005Px00000BnqaDIAR,E&I CSM,Edit,Read,None,Edit
0016g00001AO9ENAA1,005Px00000BnqaDIAR,E&I CSM,Edit,Read,None,Edit
0016g00001AO9EUAA1,005Px00000Bnl4HIAR,PI CSM,Edit,Read,None,Edit
0016g00001AO9FgAAL,005Px00000Bnl4HIAR,PI CSM,Edit,Read,None,Edit
0016g00001AO9IEAA1,005Px00000Bnl4HIAR,PI CSM,Edit,Read,None,Edit
0016g00001AO9JJAA1,005Px00000Bnl4HIAR,PI CSM,Edit,Read,None,Edit
0016g00001AO9NQAA1,005Px00000BnqaDIAR,E&I CSM,Edit,Read,None,Edit
0016g00001AO9QaAAL,005Px00000BnqaDIAR,E&I CSM,Edit,Read,None,Edit
0016g00001AO9VjAAL,005Px00000Bnl4HIAR,PI CSM,Edit,Read,None,Edit
0016g00001AO9WvAAL,005Px00000Bnl4HIAR,PI CSM,Edit,Read,None,Edit
0016g00001AO9X1AAL,005Px00000Bnl4HIAR,PI CSM,Edit,Read,None,Edit
0016g00001AO9XkAAL,005Px00000Bnl4HIAR,PI CSM,Edit,Read,None,Edit
0016g00001AO9Y3AAL,005Px00000Bnl4HIAR,PI CSM,Edit,Read,None,Edit
0016g00001AO9ZEAA1,005Px00000Bnl4HIAR,PI CSM,Edit,Read,None,Edit
0016g00001AO9ZkAAL,005Px00000BnqaDIAR,E&I CSM,Edit,Read,None,Edit
0016g00001AO9b2AAD,005Px00000BnqaDIAR,E&I CSM,Edit,Read,None,Edit
0016g00001AO9bQAAT,005Px00000BnqaDIAR,E&I CSM,Edit,Read,None,Edit
0016g00001AO9eRAAT,005Px00000Bnl4HIAR,PI CSM,Edit,Read,None,Edit
0016g00001AO9fKAAT,005Px00000Bnl4HIAR,PI CSM,Edit,Read,None,Edit
0016g00001AO9gjAAD,005Px00000Bnl4HIAR,PI CSM,Edit,Read,None,Edit
0016g00001AO9hRAAT,005Px00000Bnl4HIAR,PI CSM,Edit,Read,None,Edit
0016g00001AO9j8AAD,005Px00000Bnl4HIAR,PI CSM,Edit,Read,None,Edit
0016g00001AO9jnAAD,005Px00000BnqaDIAR,E&I CSM,Edit,Read,None,Edit
0016g00001AO9jsAAD,005Px00000Bnl4HIAR,PI CSM,Edit,Read,None,Edit
0016g00001AO9knAAD,005Px00000Bnl4HIAR,PI CSM,Edit,Read,None,Edit
0016g00001AO9lkAAD,005Px00000BnqaDIAR,E&I CSM,Edit,Read,None,Edit
0016g00001AO9reAAD,005Px00000BnqaDIAR,E&I CSM,Edit,Read,None,Edit
0016g00001AO9rrAAD,005Px00000BnqaDIAR,E&I CSM,Edit,Read,None,Edit
0016g00001AO9sXAAT,005Px00000Bnl4HIAR,PI CSM,Edit,Read,None,Edit
0016g00001AO9spAAD,005Px00000Bnl4HIAR,PI CSM,Edit,Read,None,Edit
0016g00001AO9spAAD,005Px00000BnqaDIAR,E&I CSM,Edit,Read,None,Edit
0016g00001AO9tDAAT,005Px00000BnqaDIAR,E&I CSM,Edit,Read,None,Edit
0016g00001AO9vJAAT,005Px00000Bnl4HIAR,PI CSM,Edit,Read,None,Edit
0016g00001AO9vmAAD,005Px00000Bnl4HIAR,PI CSM,Edit,Read,None,Edit
0016g00001AO9x7AAD,005Px00000BnqaDIAR,E&I CSM,Edit,Read,None,Edit
0016g00001AO9x8AAD,005Px00000BnqaDIAR,E&I CSM,Edit,Read,None,Edit
0016g00001AO9yfAAD,005Px00000Bnl4HIAR,PI CSM,Edit,Read,None,Edit
0016g00001AOA48AAH,005Px00000Bnl4HIAR,PI CSM,Edit,Read,None,Edit
0016g00001AOA7vAAH,005Px00000Bnl4HIAR,PI CSM,Edit,Read,None,Edit
0016g00001AOA9uAAH,005Px00000BnqaDIAR,E&I CSM,Edit,Read,None,Edit
0016g00001AOAArAAP,005Px00000BnqaDIAR,E&I CSM,Edit,Read,None,Edit
0016g00001AOACWAA5,005Px00000BnqaDIAR,E&I CSM,Edit,Read,None,Edit
0016g00001AOACdAAP,005Px00000Bnl4HIAR,PI CSM,Edit,Read,None,Edit
0016g00001AOAFPAA5,005Px00000Bnl4HIAR,PI CSM,Edit,Read,None,Edit
0016g00001AOAG9AAP,005Px00000BnqaDIAR,E&I CSM,Edit,Read,None,Edit
0016g00001AOAJiAAP,005Px00000BnqaDIAR,E&I CSM,Edit,Read,None,Edit
0016g00001AOAKuAAP,005Px00000Bnl4HIAR,PI CSM,Edit,Read,None,Edit
0016g00001AOANdAAP,005Px00000Bnl4HIAR,PI CSM,Edit,Read,None,Edit
0016g00001AOAQUAA5,005Px00000Bnl4HIAR,PI CSM,Edit,Read,None,Edit
0016g00001AOAQUAA5,005Px00000BnqaDIAR,E&I CSM,Edit,Read,None,Edit
0016g00001AOAQfAAP,005Px00000BnqaDIAR,E&I CSM,Edit,Read,None,Edit
0016g00001AOATTAA5,005Px00000Bnl4HIAR,PI CSM,Edit,Read,None,Edit
0016g00001AOATyAAP,005Px00000Bnl4HIAR,PI CSM,Edit,Read,None,Edit
0016g00001AOAVSAA5,005Px00000Bnl4HIAR,PI CSM,Edit,Read,None,Edit
0016g00001AOAWHAA5,005Px00000Bnl4HIAR,PI CSM,Edit,Read,None,Edit
0016g00001AOAXKAA5,005Px00000Bnl4HIAR,PI CSM,Edit,Read,None,Edit
0016g00001AOAY9AAP,005Px00000BnqaDIAR,E&I CSM,Edit,Read,None,Edit
0016g00001AOAYAAA5,005Px00000BnqaDIAR,E&I CSM,Edit,Read,None,Edit
0016g00001AOAa1AAH,005Px00000Bnl4HIAR,PI CSM,Edit,Read,None,Edit
0016g00001AOAaGAAX,005Px00000BnqaDIAR,E&I CSM,Edit,Read,None,Edit
0016g00001AOAbCAAX,005Px00000Bnl4HIAR,PI CSM,Edit,Read,None,Edit
0016g00001AOAbDAAX,005Px00000Bnl4HIAR,PI CSM,Edit,Read,None,Edit
0016g00001AOAc4AAH,005Px00000BnqaDIAR,E&I CSM,Edit,Read,None,Edit
0016g00001AOAeEAAX,005Px00000Bnl4HIAR,PI CSM,Edit,Read,None,Edit
0016g00001AOAfYAAX,005Px00000BnqaDIAR,E&I CSM,Edit,Read,None,Edit
0016g00001AOAfaAAH,005Px00000BnqaDIAR,E&I CSM,Edit,Read,None,Edit
0016g00001AOAfmAAH,005Px00000BnqaDIAR,E&I CSM,Edit,Read,None,Edit
0016g00001AOAfpAAH,005Px00000Bnl4HIAR,PI CSM,Edit,Read,None,Edit
0016g00001AOAfpAAH,005Px00000BnqaDIAR,E&I CSM,Edit,Read,None,Edit
0016g00001AOAftAAH,005Px00000BnqaDIAR,E&I CSM,Edit,Read,None,Edit
0016g00001AOAgmAAH,005Px00000BnqaDIAR,E&I CSM,Edit,Read,None,Edit
0016g00001AOAkzAAH,005Px00000BnqaDIAR,E&I CSM,Edit,Read,None,Edit
0016g00001AOAn7AAH,005Px00000Bnl4HIAR,PI CSM,Edit,Read,None,Edit
0016g00001AOAq2AAH,005Px00000BnqaDIAR,E&I CSM,Edit,Read,None,Edit
0016g00001AOAqDAAX,005Px00000Bnl4HIAR,PI CSM,Edit,Read,None,Edit
0016g00001AOArEAAX,005Px00000Bnl4HIAR,PI CSM,Edit,Read,None,Edit
0016g00001AOAvdAAH,005Px00000Bnj46IAB,Law.com CSM,Edit,Read,None,Edit
0016g00001AOAvdAAH,005Px00000Bnl4HIAR,PI CSM,Edit,Read,None,Edit
0016g00001AOAxTAAX,005Px00000Bnl4HIAR,PI CSM,Edit,Read,None,Edit
0016g00001AOB1CAAX,005Px00000Bnl4HIAR,PI CSM,Edit,Read,None,Edit
0016g00001AOB1EAAX,005Px00000Bnl4HIAR,PI CSM,Edit,Read,None,Edit
0016g00001AOB4gAAH,005Px00000Bnl4HIAR,PI CSM,Edit,Read,None,Edit
0016g00001AOBCmAAP,005Px00000Bnl4HIAR,PI CSM,Edit,Read,None,Edit
0016g00001AOBEhAAP,005Px00000Bnl4HIAR,PI CSM,Edit,Read,None,Edit
0016g00001AOBGLAA5,005Px00000Bnl4HIAR,PI CSM,Edit,Read,None,Edit
0016g00001AOBGjAAP,005Px00000Bnl4HIAR,PI CSM,Edit,Read,None,Edit
0016g00001AOBHCAA5,005Px00000Bnl4HIAR,PI CSM,Edit,Read,None,Edit
0016g00001AOBHkAAP,005Px00000Bnl4HIAR,PI CSM,Edit,Read,None,Edit
0016g00001AOBHvAAP,005Px00000Bnl4HIAR,PI CSM,Edit,Read,None,Edit
0016g00001AOBK4AAP,005Px00000Bnl4HIAR,PI CSM,Edit,Read,None,Edit
0016g00001AOBLDAA5,005Px00000Bnl4HIAR,PI CSM,Edit,Read,None,Edit
0016g00001AOBRlAAP,005Px00000BnqaDIAR,E&I CSM,Edit,Read,None,Edit
0016g00001AOBSFAA5,005Px00000Bnl4HIAR,PI CSM,Edit,Read,None,Edit
0016g00001AOBcmAAH,005Px00000Bnl4HIAR,PI CSM,Edit,Read,None,Edit
0016g00001AOBf8AAH,005Px00000BnqaDIAR,E&I CSM,Edit,Read,None,Edit
0016g00001AOBgHAAX,005Px00000Bnl4HIAR,PI CSM,Edit,Read,None,Edit
0016g00001AOBjTAAX,005Px00000Bnl4HIAR,PI CSM,Edit,Read,None,Edit
0016g00001AOBl8AAH,005Px00000BnqaDIAR,E&I CSM,Edit,Read,None,Edit
0016g00001AOBlOAAX,005Px00000BnqaDIAR,E&I CSM,Edit,Read,None,Edit
0016g00001AOBoIAAX,005Px00000Bnl4HIAR,PI CSM,Edit,Read,None,Edit
0016g00001AOBpWAAX,005Px00000Bnl4HIAR,PI CSM,Edit,Read,None,Edit
0016g00001AOBsOAAX,005Px00000Bnl4HIAR,PI CSM,Edit,Read,None,Edit
0016g00001AOBtgAAH,005Px00000Bnl4HIAR,PI CSM,Edit,Read,None,Edit
0016g00001AOBuVAAX,005Px00000Bnl4HIAR,PI CSM,Edit,Read,None,Edit
0016g00001AOBulAAH,005Px00000Bnl4HIAR,PI CSM,Edit,Read,None,Edit
0016g00001AOC0UAAX,005Px00000Bnl4HIAR,PI CSM,Edit,Read,None,Edit
0016g00001AOC6cAAH,005Px00000BnqaDIAR,E&I CSM,Edit,Read,None,Edit
0016g00001AOC7LAAX,005Px00000Bnl4HIAR,PI CSM,Edit,Read,None,Edit
0016g00001AOC7OAAX,005Px00000Bnl4HIAR,PI CSM,Edit,Read,None,Edit
0016g00001AOC9AAAX,005Px00000Bnl4HIAR,PI CSM,Edit,Read,None,Edit
0016g00001AOCCfAAP,005Px00000Bnl4HIAR,PI CSM,Edit,Read,None,Edit
0016g00001AOCJyAAP,005Px00000Bnl4HIAR,PI CSM,Edit,Read,None,Edit
0016g00001AOCQVAA5,005Px00000BnqaDIAR,E&I CSM,Edit,Read,None,Edit
0016g00001AOCSIAA5,005Px00000BnqaDIAR,E&I CSM,Edit,Read,None,Edit
0016g00001AOCTaAAP,005Px00000Bnl4HIAR,PI CSM,Edit,Read,None,Edit
0016g00001AOCUIAA5,005Px00000Bnl4HIAR,PI CSM,Edit,Read,None,Edit
0016g00001AOCVMAA5,005Px00000Bnl4HIAR,PI CSM,Edit,Read,None,Edit
0016g00001AOCXqAAP,005Px00000Bnl4HIAR,PI CSM,Edit,Read,None,Edit
0016g00001AOCXsAAP,005Px00000Bnl4HIAR,PI CSM,Edit,Read,None,Edit
0016g00001AOCYjAAP,005Px00000Bnl4HIAR,PI CSM,Edit,Read,None,Edit
0016g00001AOCYsAAP,005Px00000Bnl4HIAR,PI CSM,Edit,Read,None,Edit
0016g00001AOCaNAAX,005Px00000BnqaDIAR,E&I CSM,Edit,Read,None,Edit
0016g00001AOCcZAAX,005Px00000BnqaDIAR,E&I CSM,Edit,Read,None,Edit
0016g00001AOCfVAAX,005Px00000Bnl4HIAR,PI CSM,Edit,Read,None,Edit
0016g00001AOCfVAAX,005Px00000BnqaDIAR,E&I CSM,Edit,Read,None,Edit
0016g00001AOCgRAAX,005Px00000Bnl4HIAR,PI CSM,Edit,Read,None,Edit
0016g00001AOClIAAX,005Px00000Bnl4HIAR,PI CSM,Edit,Read,None,Edit
0016g00001AOCobAAH,005Px00000BnqaDIAR,E&I CSM,Edit,Read,None,Edit
0016g00001AOCqOAAX,005Px00000Bnl4HIAR,PI CSM,Edit,Read,None,Edit
0016g00001AOCqfAAH,005Px00000BnqaDIAR,E&I CSM,Edit,Read,None,Edit
0016g00001AOCqvAAH,005Px00000Bnl4HIAR,PI CSM,Edit,Read,None,Edit
0016g00001AOCuLAAX,005Px00000Bnl4HIAR,PI CSM,Edit,Read,None,Edit
0016g00001AOCwFAAX,005Px00000BnqaDIAR,E&I CSM,Edit,Read,None,Edit
0016g00001AOD2ZAAX,005Px00000Bnl4HIAR,PI CSM,Edit,Read,None,Edit
0016g00001AOD4vAAH,005Px00000Bnl4HIAR,PI CSM,Edit,Read,None,Edit
0016g00001AOD5nAAH,005Px00000BnqaDIAR,E&I CSM,Edit,Read,None,Edit
0016g00001AOD7SAAX,005Px00000Bnl4HIAR,PI CSM,Edit,Read,None,Edit
0016g00001AOD9NAAX,005Px00000Bnl4HIAR,PI CSM,Edit,Read,None,Edit
0016g00001AOD9NAAX,005Px00000BnqaDIAR,E&I CSM,Edit,Read,None,Edit
0016g00001AOD9lAAH,005Px00000Bnl4HIAR,PI CSM,Edit,Read,None,Edit
0016g00001AODA9AAP,005Px00000BnqaDIAR,E&I CSM,Edit,Read,None,Edit
0016g00001AODCPAA5,005Px00000BnqaDIAR,E&I CSM,Edit,Read,None,Edit
0016g00001AODCgAAP,005Px00000BnqaDIAR,E&I CSM,Edit,Read,None,Edit
0016g00001AODCmAAP,005Px00000Bnl4HIAR,PI CSM,Edit,Read,None,Edit
0016g00001AODEvAAP,005Px00000Bnl4HIAR,PI CSM,Edit,Read,None,Edit
0016g00001AODFCAA5,005Px00000Bnl4HIAR,PI CSM,Edit,Read,None,Edit
0016g00001AODFUAA5,005Px00000Bnl4HIAR,PI CSM,Edit,Read,None,Edit
0016g00001AODFUAA5,005Px00000BnqaDIAR,E&I CSM,Edit,Read,None,Edit
0016g00001AODJCAA5,005Px00000Bnl4HIAR,PI CSM,Edit,Read,None,Edit
0016g00001AODJrAAP,005Px00000BnqaDIAR,E&I CSM,Edit,Read,None,Edit
0016g00001AODN5AAP,005Px00000Bnl4HIAR,PI CSM,Edit,Read,None,Edit
0016g00001AODN5AAP,005Px00000BnqaDIAR,E&I CSM,Edit,Read,None,Edit
0016g00001AODQcAAP,005Px00000BnqaDIAR,E&I CSM,Edit,Read,None,Edit
0016g00001AODQpAAP,005Px00000Bnl4HIAR,PI CSM,Edit,Read,None,Edit
0016g00001AODRAAA5,005Px00000Bnl4HIAR,PI CSM,Edit,Read,None,Edit
0016g00001AODRdAAP,005Px00000Bnl4HIAR,PI CSM,Edit,Read,None,Edit
0016g00001AODSPAA5,005Px00000Bnl4HIAR,PI CSM,Edit,Read,None,Edit
0016g00001AODSPAA5,005Px00000BnqaDIAR,E&I CSM,Edit,Read,None,Edit
0016g00001AODSiAAP,005Px00000Bnl4HIAR,PI CSM,Edit,Read,None,Edit
0016g00001AODSiAAP,005Px00000BnqaDIAR,E&I CSM,Edit,Read,None,Edit
0016g00001AODVJAA5,005Px00000BnqaDIAR,E&I CSM,Edit,Read,None,Edit
0016g00001AODViAAP,005Px00000BnqaDIAR,E&I CSM,Edit,Read,None,Edit
0016g00001AODX4AAP,005Px00000Bnl4HIAR,PI CSM,Edit,Read,None,Edit
0016g00001AODX4AAP,005Px00000BnqaDIAR,E&I CSM,Edit,Read,None,Edit
0016g00001AODXHAA5,005Px00000Bnl4HIAR,PI CSM,Edit,Read,None,Edit
0016g00001AODXJAA5,005Px00000BnqaDIAR,E&I CSM,Edit,Read,None,Edit
0016g00001AODYLAA5,005Px00000BnqaDIAR,E&I CSM,Edit,Read,None,Edit
0016g00001AODaeAAH,005Px00000BnqaDIAR,E&I CSM,Edit,Read,None,Edit
0016g00001AODaqAAH,005Px00000BnqaDIAR,E&I CSM,Edit,Read,None,Edit
0016g00001AODdnAAH,005Px00000Bnl4HIAR,PI CSM,Edit,Read,None,Edit
0016g00001AODdsAAH,005Px00000Bnl4HIAR,PI CSM,Edit,Read,None,Edit
0016g00001AODdsAAH,005Px00000BnqaDIAR,E&I CSM,Edit,Read,None,Edit
0016g00001AODffAAH,005Px00000Bnl4HIAR,PI CSM,Edit,Read,None,Edit
0016g00001AODffAAH,005Px00000BnqaDIAR,E&I CSM,Edit,Read,None,Edit
0016g00001AODiNAAX,005Px00000BnqaDIAR,E&I CSM,Edit,Read,None,Edit
0016g00001AODjwAAH,005Px00000BnqaDIAR,E&I CSM,Edit,Read,None,Edit
0016g00001AODkeAAH,005Px00000Bnl4HIAR,PI CSM,Edit,Read,None,Edit
0016g00001AODkeAAH,005Px00000BnqaDIAR,E&I CSM,Edit,Read,None,Edit
0016g00001AODlRAAX,005Px00000BnqaDIAR,E&I CSM,Edit,Read,None,Edit
0016g00001AODnqAAH,005Px00000Bnl4HIAR,PI CSM,Edit,Read,None,Edit
0016g00001AODp2AAH,005Px00000Bnl4HIAR,PI CSM,Edit,Read,None,Edit
0016g00001AODq9AAH,005Px00000Bnl4HIAR,PI CSM,Edit,Read,None,Edit
0016g00001AODqRAAX,005Px00000BnqaDIAR,E&I CSM,Edit,Read,None,Edit
0016g00001AODqvAAH,005Px00000BnqaDIAR,E&I CSM,Edit,Read,None,Edit
0016g00001AODrPAAX,005Px00000Bnl4HIAR,PI CSM,Edit,Read,None,Edit
0016g00001AODrmAAH,005Px00000BnqaDIAR,E&I CSM,Edit,Read,None,Edit
0016g00001AODvdAAH,005Px00000Bnl4HIAR,PI CSM,Edit,Read,None,Edit
0016g00001AODy3AAH,005Px00000BnqaDIAR,E&I CSM,Edit,Read,None,Edit
0016g00001AODzTAAX,005Px00000BnqaDIAR,E&I CSM,Edit,Read,None,Edit
0016g00001AODzoAAH,005Px00000BnqaDIAR,E&I CSM,Edit,Read,None,Edit
0016g00001AOE0KAAX,005Px00000BnqaDIAR,E&I CSM,Edit,Read,None,Edit
0016g00001AOE3yAAH,005Px00000Bnl4HIAR,PI CSM,Edit,Read,None,Edit
0016g00001AOE8ZAAX,005Px00000BnqaDIAR,E&I CSM,Edit,Read,None,Edit
0016g00001AOE8pAAH,005Px00000Bnl4HIAR,PI CSM,Edit,Read,None,Edit
0016g00001AOE9sAAH,005Px00000Bnl4HIAR,PI CSM,Edit,Read,None,Edit
0016g00001AOE9sAAH,005Px00000BnqaDIAR,E&I CSM,Edit,Read,None,Edit
0016g00001AOE9wAAH,005Px00000BnqaDIAR,E&I CSM,Edit,Read,None,Edit
0016g00001AOECCAA5,005Px00000BnqaDIAR,E&I CSM,Edit,Read,None,Edit
0016g00001AOEDgAAP,005Px00000BnqaDIAR,E&I CSM,Edit,Read,None,Edit
0016g00001AOEEeAAP,005Px00000Bnl4HIAR,PI CSM,Edit,Read,None,Edit
0016g00001AOEF2AAP,005Px00000BnqaDIAR,E&I CSM,Edit,Read,None,Edit
0016g00001AOEGyAAP,005Px00000BnqaDIAR,E&I CSM,Edit,Read,None,Edit
0016g00001AOEKWAA5,005Px00000Bnl4HIAR,PI CSM,Edit,Read,None,Edit
0016g00001AOEM5AAP,005Px00000Bnl4HIAR,PI CSM,Edit,Read,None,Edit
0016g00001AOEMSAA5,005Px00000Bnl4HIAR,PI CSM,Edit,Read,None,Edit
0016g00001AOEMWAA5,005Px00000BnqaDIAR,E&I CSM,Edit,Read,None,Edit
0016g00001AOEOHAA5,005Px00000Bnl4HIAR,PI CSM,Edit,Read,None,Edit
0016g00001AOEQLAA5,005Px00000Bnl4HIAR,PI CSM,Edit,Read,None,Edit
0016g00001AOEQmAAP,005Px00000Bnl4HIAR,PI CSM,Edit,Read,None,Edit
0016g00001AOER3AAP,005Px00000Bnl4HIAR,PI CSM,Edit,Read,None,Edit
0016g00001AOET0AAP,005Px00000BnqaDIAR,E&I CSM,Edit,Read,None,Edit
0016g00001AOEUzAAP,005Px00000BnqaDIAR,E&I CSM,Edit,Read,None,Edit
0016g00001AOEXNAA5,005Px00000Bnl4HIAR,PI CSM,Edit,Read,None,Edit
0016g00001AOEXQAA5,005Px00000Bnl4HIAR,PI CSM,Edit,Read,None,Edit
0016g00001AOEXQAA5,005Px00000BnqaDIAR,E&I CSM,Edit,Read,None,Edit
0016g00001AOEYLAA5,005Px00000Bnl4HIAR,PI CSM,Edit,Read,None,Edit
0016g00001AOEZ5AAP,005Px00000BnqaDIAR,E&I CSM,Edit,Read,None,Edit
0016g00001AOEZoAAP,005Px00000Bnl4HIAR,PI CSM,Edit,Read,None,Edit
0016g00001AOEa9AAH,005Px00000BnqaDIAR,E&I CSM,Edit,Read,None,Edit
0016g00001AOEaiAAH,005Px00000BnqaDIAR,E&I CSM,Edit,Read,None,Edit
0016g00001AOEatAAH,005Px00000BnqaDIAR,E&I CSM,Edit,Read,None,Edit
0016g00001AOEbBAAX,005Px00000Bnl4HIAR,PI CSM,Edit,Read,None,Edit
0016g00001AOEbhAAH,005Px00000Bnl4HIAR,PI CSM,Edit,Read,None,Edit
0016g00001AOEdUAAX,005Px00000Bnl4HIAR,PI CSM,Edit,Read,None,Edit
0016g00001AOEdZAAX,005Px00000BnqaDIAR,E&I CSM,Edit,Read,None,Edit
0016g00001AOEe0AAH,005Px00000Bnl4HIAR,PI CSM,Edit,Read,None,Edit
0016g00001AOEe9AAH,005Px00000BnqaDIAR,E&I CSM,Edit,Read,None,Edit
0016g00001AOEg4AAH,005Px00000Bnl4HIAR,PI CSM,Edit,Read,None,Edit
0016g00001AOEiWAAX,005Px00000Bnl4HIAR,PI CSM,Edit,Read,None,Edit
0016g00001AOEimAAH,005Px00000Bnl4HIAR,PI CSM,Edit,Read,None,Edit
0016g00001AOEk2AAH,005Px00000Bnl4HIAR,PI CSM,Edit,Read,None,Edit
0016g00001AOElvAAH,005Px00000Bnl4HIAR,PI CSM,Edit,Read,None,Edit
0016g00001AOEmQAAX,005Px00000BnqaDIAR,E&I CSM,Edit,Read,None,Edit
0016g00001AOEnjAAH,005Px00000BnqaDIAR,E&I CSM,Edit,Read,None,Edit
0016g00001AOErfAAH,005Px00000BnqaDIAR,E&I CSM,Edit,Read,None,Edit
0016g00001AOEsJAAX,005Px00000BnqaDIAR,E&I CSM,Edit,Read,None,Edit
0016g00001AOEskAAH,005Px00000Bnl4HIAR,PI CSM,Edit,Read,None,Edit
0016g00001AOEtaAAH,005Px00000BnqaDIAR,E&I CSM,Edit,Read,None,Edit
0016g00001AOEuwAAH,005Px00000Bnl4HIAR,PI CSM,Edit,Read,None,Edit
0016g00001AOEvGAAX,005Px00000BnqaDIAR,E&I CSM,Edit,Read,None,Edit
0016g00001AOEwAAAX,005Px00000Bnl4HIAR,PI CSM,Edit,Read,None,Edit
0016g00001AOEyAAAX,005Px00000BnqaDIAR,E&I CSM,Edit,Read,None,Edit
0016g00001AOEyYAAX,005Px00000Bnl4HIAR,PI CSM,Edit,Read,None,Edit
0016g00001AOF0tAAH,005Px00000Bnl4HIAR,PI CSM,Edit,Read,None,Edit
0016g00001AOF6EAAX,005Px00000Bnl4HIAR,PI CSM,Edit,Read,None,Edit
0016g00001AOF6iAAH,005Px00000Bnl4HIAR,PI CSM,Edit,Read,None,Edit
0016g00001AOF8ZAAX,005Px00000BnqaDIAR,E&I CSM,Edit,Read,None,Edit
0016g00001AOF9NAAX,005Px00000Bnl4HIAR,PI CSM,Edit,Read,None,Edit
0016g00001AOFDSAA5,005Px00000Bnl4HIAR,PI CSM,Edit,Read,None,Edit
0016g00001AOFDSAA5,005Px00000BnqaDIAR,E&I CSM,Edit,Read,None,Edit
0016g00001AOFEtAAP,005Px00000Bnl4HIAR,PI CSM,Edit,Read,None,Edit
0016g00001AOFF9AAP,005Px00000Bnl4HIAR,PI CSM,Edit,Read,None,Edit
0016g00001AOFItAAP,005Px00000BnqaDIAR,E&I CSM,Edit,Read,None,Edit
0016g00001AOFJ4AAP,005Px00000BnqaDIAR,E&I CSM,Edit,Read,None,Edit
0016g00001AOFJ7AAP,005Px00000BnqaDIAR,E&I CSM,Edit,Read,None,Edit
0016g00001AOFLIAA5,005Px00000BnqaDIAR,E&I CSM,Edit,Read,None,Edit
0016g00001AOFWwAAP,005Px00000Bnl4HIAR,PI CSM,Edit,Read,None,Edit
0016g00001AOFXVAA5,005Px00000BnqaDIAR,E&I CSM,Edit,Read,None,Edit
0016g00001AOFYOAA5,005Px00000Bnl4HIAR,PI CSM,Edit,Read,None,Edit
0016g00001AOFYXAA5,005Px00000Bnl4HIAR,PI CSM,Edit,Read,None,Edit
0016g00001AOFbtAAH,005Px00000BnqaDIAR,E&I CSM,Edit,Read,None,Edit
0016g00001AOFdDAAX,005Px00000BnqaDIAR,E&I CSM,Edit,Read,None,Edit
0016g00001AOFdVAAX,005Px00000BnqaDIAR,E&I CSM,Edit,Read,None,Edit
0016g00001AOFeuAAH,005Px00000BnqaDIAR,E&I CSM,Edit,Read,None,Edit
0016g00001AOFgFAAX,005Px00000BnqaDIAR,E&I CSM,Edit,Read,None,Edit
0016g00001AOFiAAAX,005Px00000Bnl4HIAR,PI CSM,Edit,Read,None,Edit
0016g00001AOG5oAAH,005Px00000Bnj46IAB,Law.com CSM,Edit,Read,None,Edit
0016g00001AOG5oAAH,005Px00000Bnl4HIAR,PI CSM,Edit,Read,None,Edit
0016g00001AOG8dAAH,005Px00000BnqaDIAR,E&I CSM,Edit,Read,None,Edit
0016g00001AOGBYAA5,005Px00000BnqaDIAR,E&I CSM,Edit,Read,None,Edit
0016g00001AOGE3AAP,005Px00000Bnl4HIAR,PI CSM,Edit,Read,None,Edit
0016g00001AOGEIAA5,005Px00000BnqaDIAR,E&I CSM,Edit,Read,None,Edit
0016g00001AOGEVAA5,005Px00000Bnl4HIAR,PI CSM,Edit,Read,None,Edit
0016g00001AOGEtAAP,005Px00000Bnj46IAB,Law.com CSM,Edit,Read,None,Edit
0016g00001AOGHMAA5,005Px00000BnqaDIAR,E&I CSM,Edit,Read,None,Edit
0016g00001AOGHTAA5,005Px00000BnqaDIAR,E&I CSM,Edit,Read,None,Edit
0016g00001AOGHfAAP,005Px00000Bnl4HIAR,PI CSM,Edit,Read,None,Edit
0016g00001AOGI9AAP,005Px00000BnqaDIAR,E&I CSM,Edit,Read,None,Edit
0016g00001AOGIAAA5,005Px00000BnqaDIAR,E&I CSM,Edit,Read,None,Edit
0016g00001AOGIoAAP,005Px00000BnqaDIAR,E&I CSM,Edit,Read,None,Edit
0016g00001AOGJDAA5,005Px00000Bnl4HIAR,PI CSM,Edit,Read,None,Edit
0016g00001AOGJLAA5,005Px00000BnqaDIAR,E&I CSM,Edit,Read,None,Edit
0016g00001AOGMsAAP,005Px00000Bnl4HIAR,PI CSM,Edit,Read,None,Edit
0016g00001AOGNfAAP,005Px00000BnqaDIAR,E&I CSM,Edit,Read,None,Edit
0016g00001AOGQPAA5,005Px00000BnqaDIAR,E&I CSM,Edit,Read,None,Edit
0016g00001AOGQYAA5,005Px00000BnqaDIAR,E&I CSM,Edit,Read,None,Edit
0016g00001AOGR7AAP,005Px00000BnqaDIAR,E&I CSM,Edit,Read,None,Edit
0016g00001AOGSKAA5,005Px00000Bnj46IAB,Law.com CSM,Edit,Read,None,Edit
0016g00001AOGZmAAP,005Px00000BnqaDIAR,E&I CSM,Edit,Read,None,Edit
0016g00001AOGZzAAP,005Px00000BnqaDIAR,E&I CSM,Edit,Read,None,Edit
0016g00001AOGbVAAX,005Px00000Bnl4HIAR,PI CSM,Edit,Read,None,Edit
0016g00001AOGcxAAH,005Px00000Bnl4HIAR,PI CSM,Edit,Read,None,Edit
0016g00001AOGdeAAH,005Px00000BnqaDIAR,E&I CSM,Edit,Read,None,Edit
0016g00001AOGeSAAX,005Px00000Bnl4HIAR,PI CSM,Edit,Read,None,Edit
0016g00001AOGfGAAX,005Px00000Bnl4HIAR,PI CSM,Edit,Read,None,Edit
0016g00001AOGg4AAH,005Px00000BnqaDIAR,E&I CSM,Edit,Read,None,Edit
0016g00001AOGgPAAX,005Px00000BnqaDIAR,E&I CSM,Edit,Read,None,Edit
0016g00001AOGgrAAH,005Px00000Bnj46IAB,Law.com CSM,Edit,Read,None,Edit
0016g00001AOGi8AAH,005Px00000Bnl4HIAR,PI CSM,Edit,Read,None,Edit
0016g00001AOGkAAAX,005Px00000Bnl4HIAR,PI CSM,Edit,Read,None,Edit
0016g00001AOGnTAAX,005Px00000Bnl4HIAR,PI CSM,Edit,Read,None,Edit
0016g00001AOGoRAAX,005Px00000BnqaDIAR,E&I CSM,Edit,Read,None,Edit
0016g00001AOGomAAH,005Px00000BnqaDIAR,E&I CSM,Edit,Read,None,Edit
0016g00001AOGqpAAH,005Px00000Bnl4HIAR,PI CSM,Edit,Read,None,Edit
0016g00001AOGqpAAH,005Px00000BnqaDIAR,E&I CSM,Edit,Read,None,Edit
0016g00001AOGqwAAH,005Px00000Bnl4HIAR,PI CSM,Edit,Read,None,Edit
0016g00001AOGrlAAH,005Px00000BnqaDIAR,E&I CSM,Edit,Read,None,Edit
0016g00001AOGtWAAX,005Px00000BnqaDIAR,E&I CSM,Edit,Read,None,Edit
0016g00001AOGtlAAH,005Px00000BnqaDIAR,E&I CSM,Edit,Read,None,Edit
0016g00001AOGwEAAX,005Px00000Bnl4HIAR,PI CSM,Edit,Read,None,Edit
0016g00001AOGyqAAH,005Px00000BnqaDIAR,E&I CSM,Edit,Read,None,Edit
0016g00001AOH1VAAX,005Px00000Bnl4HIAR,PI CSM,Edit,Read,None,Edit
0016g00001AOH34AAH,005Px00000Bnl4HIAR,PI CSM,Edit,Read,None,Edit
0016g00001AOH9oAAH,005Px00000BnqaDIAR,E&I CSM,Edit,Read,None,Edit
0016g00001AOHAHAA5,005Px00000BnqaDIAR,E&I CSM,Edit,Read,None,Edit
0016g00001AOHBaAAP,005Px00000BnqaDIAR,E&I CSM,Edit,Read,None,Edit
0016g00001AOHBpAAP,005Px00000BnqaDIAR,E&I CSM,Edit,Read,None,Edit
0016g00001AOHCZAA5,005Px00000Bnl4HIAR,PI CSM,Edit,Read,None,Edit
0016g00001AOHCsAAP,005Px00000Bnl4HIAR,PI CSM,Edit,Read,None,Edit
0016g00001AOHGxAAP,005Px00000Bnl4HIAR,PI CSM,Edit,Read,None,Edit
0016g00001AOHHdAAP,005Px00000Bnl4HIAR,PI CSM,Edit,Read,None,Edit
0016g00001AOHIrAAP,005Px00000BnqaDIAR,E&I CSM,Edit,Read,None,Edit
0016g00001AOHJmAAP,005Px00000Bnl4HIAR,PI CSM,Edit,Read,None,Edit
0016g00001AOHKKAA5,005Px00000BnqaDIAR,E&I CSM,Edit,Read,None,Edit
0016g00001AOHKxAAP,005Px00000BnqaDIAR,E&I CSM,Edit,Read,None,Edit
0016g00001AOHLaAAP,005Px00000Bnl4HIAR,PI CSM,Edit,Read,None,Edit
0016g00001AOHM9AAP,005Px00000Bnl4HIAR,PI CSM,Edit,Read,None,Edit
0016g00001AOHN3AAP,005Px00000Bnl4HIAR,PI CSM,Edit,Read,None,Edit
0016g00001AOHNwAAP,005Px00000Bnl4HIAR,PI CSM,Edit,Read,None,Edit
0016g00001AOHOTAA5,005Px00000BnqaDIAR,E&I CSM,Edit,Read,None,Edit
0016g00001AOHPIAA5,005Px00000Bnl4HIAR,PI CSM,Edit,Read,None,Edit
0016g00001AOHQ8AAP,005Px00000Bnl4HIAR,PI CSM,Edit,Read,None,Edit
0016g00001AOHRNAA5,005Px00000BnqaDIAR,E&I CSM,Edit,Read,None,Edit
0016g00001AOHS2AAP,005Px00000Bnl4HIAR,PI CSM,Edit,Read,None,Edit
0016g00001AOHX7AAP,005Px00000Bnl4HIAR,PI CSM,Edit,Read,None,Edit
0016g00001AOHYVAA5,005Px00000Bnl4HIAR,PI CSM,Edit,Read,None,Edit
0016g00001AOHYeAAP,005Px00000Bnl4HIAR,PI CSM,Edit,Read,None,Edit
0016g00001AOHenAAH,005Px00000BnqaDIAR,E&I CSM,Edit,Read,None,Edit
0016g00001AOHeyAAH,005Px00000Bnl4HIAR,PI CSM,Edit,Read,None,Edit
0016g00001AOHiJAAX,005Px00000Bnl4HIAR,PI CSM,Edit,Read,None,Edit
0016g00001AOHjQAAX,005Px00000BnqaDIAR,E&I CSM,Edit,Read,None,Edit
0016g00001AOHkCAAX,005Px00000Bnl4HIAR,PI CSM,Edit,Read,None,Edit
0016g00001AOHl7AAH,005Px00000Bnl4HIAR,PI CSM,Edit,Read,None,Edit
0016g00001AOHsvAAH,005Px00000BnqaDIAR,E&I CSM,Edit,Read,None,Edit
0016g00001AOHtDAAX,005Px00000BnqaDIAR,E&I CSM,Edit,Read,None,Edit
0016g00001AOHuaAAH,005Px00000BnqaDIAR,E&I CSM,Edit,Read,None,Edit
0016g00001AOHvCAAX,005Px00000Bnl4HIAR,PI CSM,Edit,Read,None,Edit
0016g00001AOHvCAAX,005Px00000BnqaDIAR,E&I CSM,Edit,Read,None,Edit
0016g00001AOHwMAAX,005Px00000Bnl4HIAR,PI CSM,Edit,Read,None,Edit
0016g00001AOHwQAAX,005Px00000Bnl4HIAR,PI CSM,Edit,Read,None,Edit
0016g00001AOHxTAAX,005Px00000Bnl4HIAR,PI CSM,Edit,Read,None,Edit
0016g00001AOHxTAAX,005Px00000BnqaDIAR,E&I CSM,Edit,Read,None,Edit
0016g00001AOHyJAAX,005Px00000BnqaDIAR,E&I CSM,Edit,Read,None,Edit
0016g00001AOI6gAAH,005Px00000BnqaDIAR,E&I CSM,Edit,Read,None,Edit
0016g00001AOI83AAH,005Px00000Bnl4HIAR,PI CSM,Edit,Read,None,Edit
0016g00001AOI89AAH,005Px00000Bnl4HIAR,PI CSM,Edit,Read,None,Edit
0016g00001AOI89AAH,005Px00000BnqaDIAR,E&I CSM,Edit,Read,None,Edit
0016g00001AOIAoAAP,005Px00000BnqaDIAR,E&I CSM,Edit,Read,None,Edit
0016g00001AOIAzAAP,005Px00000Bnl4HIAR,PI CSM,Edit,Read,None,Edit
0016g00001AOICIAA5,005Px00000BnqaDIAR,E&I CSM,Edit,Read,None,Edit
0016g00001AOICTAA5,005Px00000BnqaDIAR,E&I CSM,Edit,Read,None,Edit
0016g00001AOICkAAP,005Px00000BnqaDIAR,E&I CSM,Edit,Read,None,Edit
0016g00001AOIDaAAP,005Px00000Bnl4HIAR,PI CSM,Edit,Read,None,Edit
0016g00001AOIE1AAP,005Px00000Bnl4HIAR,PI CSM,Edit,Read,None,Edit
0016g00001AOIE1AAP,005Px00000BnqaDIAR,E&I CSM,Edit,Read,None,Edit
0016g00001AOIENAA5,005Px00000Bnl4HIAR,PI CSM,Edit,Read,None,Edit
0016g00001AOIFcAAP,005Px00000Bnl4HIAR,PI CSM,Edit,Read,None,Edit
0016g00001AOII2AAP,005Px00000BnqaDIAR,E&I CSM,Edit,Read,None,Edit
0016g00001AOIJ7AAP,005Px00000BnqaDIAR,E&I CSM,Edit,Read,None,Edit
0016g00001AOIJfAAP,005Px00000BnqaDIAR,E&I CSM,Edit,Read,None,Edit
0016g00001AOILWAA5,005Px00000Bnl4HIAR,PI CSM,Edit,Read,None,Edit
0016g00001AOIMdAAP,005Px00000Bnl4HIAR,PI CSM,Edit,Read,None,Edit
0016g00001AOIN3AAP,005Px00000BnqaDIAR,E&I CSM,Edit,Read,None,Edit
0016g00001AOIN7AAP,005Px00000Bnl4HIAR,PI CSM,Edit,Read,None,Edit
0016g00001AOINRAA5,005Px00000BnqaDIAR,E&I CSM,Edit,Read,None,Edit
0016g00001AOINhAAP,005Px00000BnqaDIAR,E&I CSM,Edit,Read,None,Edit
0016g00001AOIRhAAP,005Px00000Bnl4HIAR,PI CSM,Edit,Read,None,Edit
0016g00001AOIRmAAP,005Px00000Bnl4HIAR,PI CSM,Edit,Read,None,Edit
0016g00001AOIRyAAP,005Px00000Bnl4HIAR,PI CSM,Edit,Read,None,Edit
0016g00001AOISlAAP,005Px00000BnqaDIAR,E&I CSM,Edit,Read,None,Edit
0016g00001AOIUqAAP,005Px00000Bnl4HIAR,PI CSM,Edit,Read,None,Edit
0016g00001AOIWSAA5,005Px00000BnqaDIAR,E&I CSM,Edit,Read,None,Edit
0016g00001AOIXlAAP,005Px00000BnqaDIAR,E&I CSM,Edit,Read,None,Edit
0016g00001AOIY3AAP,005Px00000Bnl4HIAR,PI CSM,Edit,Read,None,Edit
0016g00001AOIYTAA5,005Px00000BnqaDIAR,E&I CSM,Edit,Read,None,Edit
0016g00001AOIYaAAP,005Px00000BnqaDIAR,E&I CSM,Edit,Read,None,Edit
0016g00001AOIYdAAP,005Px00000Bnl4HIAR,PI CSM,Edit,Read,None,Edit
0016g00001AOIZIAA5,005Px00000BnqaDIAR,E&I CSM,Edit,Read,None,Edit
0016g00001AOIZuAAP,005Px00000Bnl4HIAR,PI CSM,Edit,Read,None,Edit
0016g00001AOIcLAAX,005Px00000BnqaDIAR,E&I CSM,Edit,Read,None,Edit
0016g00001AOIeZAAX,005Px00000BnqaDIAR,E&I CSM,Edit,Read,None,Edit
0016g00001AOIg2AAH,005Px00000Bnl4HIAR,PI CSM,Edit,Read,None,Edit
0016g00001AOIqcAAH,005Px00000BnqaDIAR,E&I CSM,Edit,Read,None,Edit
0016g00001AOIyZAAX,005Px00000BnqaDIAR,E&I CSM,Edit,Read,None,Edit
0016g00001AOIzfAAH,005Px00000Bnl4HIAR,PI CSM,Edit,Read,None,Edit
0016g00001AOIzfAAH,005Px00000BnqaDIAR,E&I CSM,Edit,Read,None,Edit
0016g00001AOIzmAAH,005Px00000Bnl4HIAR,PI CSM,Edit,Read,None,Edit
0016g00001AOJ0IAAX,005Px00000Bnl4HIAR,PI CSM,Edit,Read,None,Edit
0016g00001AOJ10AAH,005Px00000Bnl4HIAR,PI CSM,Edit,Read,None,Edit
0016g00001AOJ1iAAH,005Px00000Bnl4HIAR,PI CSM,Edit,Read,None,Edit
0016g00001AOJ1iAAH,005Px00000BnqaDIAR,E&I CSM,Edit,Read,None,Edit
0016g00001AOJ2CAAX,005Px00000BnqaDIAR,E&I CSM,Edit,Read,None,Edit
0016g00001AOJ8vAAH,005Px00000Bnl4HIAR,PI CSM,Edit,Read,None,Edit
0016g00001AOJ9gAAH,005Px00000Bnl4HIAR,PI CSM,Edit,Read,None,Edit
0016g00001AOJBQAA5,005Px00000Bnj46IAB,Law.com CSM,Edit,Read,None,Edit
0016g00001AOJC1AAP,005Px00000Bnl4HIAR,PI CSM,Edit,Read,None,Edit
0016g00001AOJE2AAP,005Px00000Bnj46IAB,Law.com CSM,Edit,Read,None,Edit
0016g00001AOJETAA5,005Px00000Bnl4HIAR,PI CSM,Edit,Read,None,Edit
0016g00001AOJETAA5,005Px00000BnqaDIAR,E&I CSM,Edit,Read,None,Edit
0016g00001AOJEvAAP,005Px00000Bnl4HIAR,PI CSM,Edit,Read,None,Edit
0016g00001AOJFuAAP,005Px00000BnqaDIAR,E&I CSM,Edit,Read,None,Edit
0016g00001AOJH7AAP,005Px00000Bnl4HIAR,PI CSM,Edit,Read,None,Edit
0016g00001AOJHiAAP,005Px00000BnqaDIAR,E&I CSM,Edit,Read,None,Edit
0016g00001AOJJZAA5,005Px00000Bnl4HIAR,PI CSM,Edit,Read,None,Edit
0016g00001AOJJZAA5,005Px00000BnqaDIAR,E&I CSM,Edit,Read,None,Edit
0016g00001AOJKWAA5,005Px00000Bnl4HIAR,PI CSM,Edit,Read,None,Edit
0016g00001AOJLlAAP,005Px00000Bnl4HIAR,PI CSM,Edit,Read,None,Edit
0016g00001AOJNnAAP,005Px00000BnqaDIAR,E&I CSM,Edit,Read,None,Edit
0016g00001AOJO8AAP,005Px00000Bnl4HIAR,PI CSM,Edit,Read,None,Edit
0016g00001AOJOrAAP,005Px00000Bnl4HIAR,PI CSM,Edit,Read,None,Edit
0016g00001AOJOrAAP,005Px00000BnqaDIAR,E&I CSM,Edit,Read,None,Edit
0016g00001AOJOzAAP,005Px00000Bnl4HIAR,PI CSM,Edit,Read,None,Edit
0016g00001AOJPzAAP,005Px00000Bnl4HIAR,PI CSM,Edit,Read,None,Edit
0016g00001AOJQAAA5,005Px00000BnqaDIAR,E&I CSM,Edit,Read,None,Edit
0016g00001AOJQuAAP,005Px00000Bnl4HIAR,PI CSM,Edit,Read,None,Edit
0016g00001AOJS3AAP,005Px00000Bnl4HIAR,PI CSM,Edit,Read,None,Edit
0016g00001AOJS3AAP,005Px00000BnqaDIAR,E&I CSM,Edit,Read,None,Edit
0016g00001AOJTRAA5,005Px00000BnqaDIAR,E&I CSM,Edit,Read,None,Edit
0016g00001AOJVWAA5,005Px00000BnqaDIAR,E&I CSM,Edit,Read,None,Edit
0016g00001AOJVkAAP,005Px00000BnqaDIAR,E&I CSM,Edit,Read,None,Edit
0016g00001AOJYOAA5,005Px00000Bnl4HIAR,PI CSM,Edit,Read,None,Edit
0016g00001AOJYOAA5,005Px00000BnqaDIAR,E&I CSM,Edit,Read,None,Edit
0016g00001AOJYyAAP,005Px00000Bnl4HIAR,PI CSM,Edit,Read,None,Edit
0016g00001AOJbmAAH,005Px00000BnqaDIAR,E&I CSM,Edit,Read,None,Edit
0016g00001AOJc3AAH,005Px00000Bnl4HIAR,PI CSM,Edit,Read,None,Edit
0016g00001AOJd0AAH,005Px00000BnqaDIAR,E&I CSM,Edit,Read,None,Edit
0016g00001AOJe3AAH,005Px00000Bnj46IAB,Law.com CSM,Edit,Read,None,Edit
0016g00001AOJfDAAX,005Px00000Bnl4HIAR,PI CSM,Edit,Read,None,Edit
0016g00001AOJfDAAX,005Px00000BnqaDIAR,E&I CSM,Edit,Read,None,Edit
0016g00001AOJhIAAX,005Px00000BnqaDIAR,E&I CSM,Edit,Read,None,Edit
0016g00001AOJiSAAX,005Px00000BnqaDIAR,E&I CSM,Edit,Read,None,Edit
0016g00001AOJlfAAH,005Px00000Bnl4HIAR,PI CSM,Edit,Read,None,Edit
0016g00001AOJmQAAX,005Px00000Bnl4HIAR,PI CSM,Edit,Read,None,Edit
0016g00001AOJmlAAH,005Px00000BnqaDIAR,E&I CSM,Edit,Read,None,Edit
0016g00001AOJsJAAX,005Px00000Bnl4HIAR,PI CSM,Edit,Read,None,Edit
0016g00001AOK1QAAX,005Px00000Bnl4HIAR,PI CSM,Edit,Read,None,Edit
0016g00001AOK1dAAH,005Px00000Bnl4HIAR,PI CSM,Edit,Read,None,Edit
0016g00001AOK1nAAH,005Px00000Bnl4HIAR,PI CSM,Edit,Read,None,Edit
0016g00001AOK2LAAX,005Px00000Bnl4HIAR,PI CSM,Edit,Read,None,Edit
0016g00001AOK2qAAH,005Px00000Bnl4HIAR,PI CSM,Edit,Read,None,Edit
0016g00001AOK5dAAH,005Px00000Bnl4HIAR,PI CSM,Edit,Read,None,Edit
0016g00001AOK5jAAH,005Px00000Bnl4HIAR,PI CSM,Edit,Read,None,Edit
0016g00001AOK5jAAH,005Px00000BnqaDIAR,E&I CSM,Edit,Read,None,Edit
0016g00001AOK5xAAH,005Px00000BnqaDIAR,E&I CSM,Edit,Read,None,Edit
0016g00001AOK69AAH,005Px00000Bnl4HIAR,PI CSM,Edit,Read,None,Edit
0016g00001AOKFFAA5,005Px00000Bnl4HIAR,PI CSM,Edit,Read,None,Edit
0016g00001AOKFxAAP,005Px00000BnqaDIAR,E&I CSM,Edit,Read,None,Edit
0016g00001AOKG4AAP,005Px00000BnqaDIAR,E&I CSM,Edit,Read,None,Edit
0016g00001AOKGUAA5,005Px00000Bnl4HIAR,PI CSM,Edit,Read,None,Edit
0016g00001AOKKpAAP,005Px00000BnqaDIAR,E&I CSM,Edit,Read,None,Edit
0016g00001AOKM6AAP,005Px00000BnqaDIAR,E&I CSM,Edit,Read,None,Edit
0016g00001AOKNcAAP,005Px00000BnqaDIAR,E&I CSM,Edit,Read,None,Edit
0016g00001AOKOZAA5,005Px00000Bnl4HIAR,PI CSM,Edit,Read,None,Edit
0016g00001AOKOgAAP,005Px00000BnqaDIAR,E&I CSM,Edit,Read,None,Edit
0016g00001AOKVpAAP,005Px00000Bnl4HIAR,PI CSM,Edit,Read,None,Edit
0016g00001AOKVpAAP,005Px00000BnqaDIAR,E&I CSM,Edit,Read,None,Edit
0016g00001AOKWZAA5,005Px00000BnqaDIAR,E&I CSM,Edit,Read,None,Edit
0016g00001AOKYCAA5,005Px00000BnqaDIAR,E&I CSM,Edit,Read,None,Edit
0016g00001AOKZXAA5,005Px00000Bnl4HIAR,PI CSM,Edit,Read,None,Edit
0016g00001AOKacAAH,005Px00000Bnj46IAB,Law.com CSM,Edit,Read,None,Edit
0016g00001AOKacAAH,005Px00000BnqaDIAR,E&I CSM,Edit,Read,None,Edit
0016g00001AOKbaAAH,005Px00000Bnl4HIAR,PI CSM,Edit,Read,None,Edit
0016g00001AOKfoAAH,005Px00000Bnl4HIAR,PI CSM,Edit,Read,None,Edit
0016g00001AOKhKAAX,005Px00000Bnl4HIAR,PI CSM,Edit,Read,None,Edit
0016g00001AOKj9AAH,005Px00000Bnl4HIAR,PI CSM,Edit,Read,None,Edit
0016g00001AOKp0AAH,005Px00000Bnl4HIAR,PI CSM,Edit,Read,None,Edit
0016g00001AOL5EAAX,005Px00000Bnl4HIAR,PI CSM,Edit,Read,None,Edit
0016g00001AOL5IAAX,005Px00000Bnl4HIAR,PI CSM,Edit,Read,None,Edit
0016g00001AOL6TAAX,005Px00000Bnl4HIAR,PI CSM,Edit,Read,None,Edit
0016g00001AOL6cAAH,005Px00000Bnl4HIAR,PI CSM,Edit,Read,None,Edit
0016g00001AOL6yAAH,005Px00000Bnl4HIAR,PI CSM,Edit,Read,None,Edit
0016g00001AOL7PAAX,005Px00000Bnl4HIAR,PI CSM,Edit,Read,None,Edit
0016g00001AOL7oAAH,005Px00000BnqaDIAR,E&I CSM,Edit,Read,None,Edit
0016g00001AOL8YAAX,005Px00000Bnl4HIAR,PI CSM,Edit,Read,None,Edit
0016g00001AOL9TAAX,005Px00000Bnl4HIAR,PI CSM,Edit,Read,None,Edit
0016g00001AOL9TAAX,005Px00000BnqaDIAR,E&I CSM,Edit,Read,None,Edit
0016g00001AOLDaAAP,005Px00000Bnl4HIAR,PI CSM,Edit,Read,None,Edit
0016g00001AOLGaAAP,005Px00000Bnl4HIAR,PI CSM,Edit,Read,None,Edit
0016g00001AOLH7AAP,005Px00000BnqaDIAR,E&I CSM,Edit,Read,None,Edit
0016g00001AOLHtAAP,005Px00000Bnl4HIAR,PI CSM,Edit,Read,None,Edit
0016g00001AOLIgAAP,005Px00000Bnl4HIAR,PI CSM,Edit,Read,None,Edit
0016g00001AOLJUAA5,005Px00000BnqaDIAR,E&I CSM,Edit,Read,None,Edit
0016g00001AOLKrAAP,005Px00000Bnl4HIAR,PI CSM,Edit,Read,None,Edit
0016g00001AOLN4AAP,005Px00000Bnl4HIAR,PI CSM,Edit,Read,None,Edit
0016g00001AOLN4AAP,005Px00000BnqaDIAR,E&I CSM,Edit,Read,None,Edit
0016g00001AOLNzAAP,005Px00000Bnl4HIAR,PI CSM,Edit,Read,None,Edit
0016g00001AOLOIAA5,005Px00000Bnj46IAB,Law.com CSM,Edit,Read,None,Edit
0016g00001AOLOIAA5,005Px00000BnqaDIAR,E&I CSM,Edit,Read,None,Edit
0016g00001AOLOKAA5,005Px00000Bnl4HIAR,PI CSM,Edit,Read,None,Edit
0016g00001AOLPNAA5,005Px00000Bnl4HIAR,PI CSM,Edit,Read,None,Edit
0016g00001AOLQQAA5,005Px00000Bnl4HIAR,PI CSM,Edit,Read,None,Edit
0016g00001AOLSeAAP,005Px00000Bnl4HIAR,PI CSM,Edit,Read,None,Edit
0016g00001AOLSeAAP,005Px00000BnqaDIAR,E&I CSM,Edit,Read,None,Edit
0016g00001AOLV9AAP,005Px00000Bnl4HIAR,PI CSM,Edit,Read,None,Edit
0016g00001AOLWRAA5,005Px00000BnqaDIAR,E&I CSM,Edit,Read,None,Edit
0016g00001AOLY1AAP,005Px00000BnqaDIAR,E&I CSM,Edit,Read,None,Edit
0016g00001AOLY4AAP,005Px00000BnqaDIAR,E&I CSM,Edit,Read,None,Edit
0016g00001AOLYeAAP,005Px00000BnqaDIAR,E&I CSM,Edit,Read,None,Edit
0016g00001AOLZwAAP,005Px00000BnqaDIAR,E&I CSM,Edit,Read,None,Edit
0016g00001AOLakAAH,005Px00000Bnl4HIAR,PI CSM,Edit,Read,None,Edit
0016g00001AOLbHAAX,005Px00000BnqaDIAR,E&I CSM,Edit,Read,None,Edit
0016g00001AOLcHAAX,005Px00000BnqaDIAR,E&I CSM,Edit,Read,None,Edit
0016g00001AOLerAAH,005Px00000BnqaDIAR,E&I CSM,Edit,Read,None,Edit
0016g00001AOLjJAAX,005Px00000BnqaDIAR,E&I CSM,Edit,Read,None,Edit
0016g00001AOLjNAAX,005Px00000BnqaDIAR,E&I CSM,Edit,Read,None,Edit
0016g00001AOLkaAAH,005Px00000Bnl4HIAR,PI CSM,Edit,Read,None,Edit
0016g00001AOLn0AAH,005Px00000BnqaDIAR,E&I CSM,Edit,Read,None,Edit
0016g00001AOLwxAAH,005Px00000Bnl4HIAR,PI CSM,Edit,Read,None,Edit
0016g00001AOM2RAAX,005Px00000BnqaDIAR,E&I CSM,Edit,Read,None,Edit
0016g00001AOM5UAAX,005Px00000Bnl4HIAR,PI CSM,Edit,Read,None,Edit
0016g00001AOM5kAAH,005Px00000BnqaDIAR,E&I CSM,Edit,Read,None,Edit
0016g00001AOM7yAAH,005Px00000Bnl4HIAR,PI CSM,Edit,Read,None,Edit
0016g00001AOM7yAAH,005Px00000BnqaDIAR,E&I CSM,Edit,Read,None,Edit
0016g00001AOMAAAA5,005Px00000BnqaDIAR,E&I CSM,Edit,Read,None,Edit
0016g00001AOMFgAAP,005Px00000Bnl4HIAR,PI CSM,Edit,Read,None,Edit
0016g00001AOMH5AAP,005Px00000BnqaDIAR,E&I CSM,Edit,Read,None,Edit
0016g00001AOMHTAA5,005Px00000BnqaDIAR,E&I CSM,Edit,Read,None,Edit
0016g00001AOMJsAAP,005Px00000Bnl4HIAR,PI CSM,Edit,Read,None,Edit
0016g00001AOMJsAAP,005Px00000BnqaDIAR,E&I CSM,Edit,Read,None,Edit
0016g00001AOMM7AAP,005Px00000Bnl4HIAR,PI CSM,Edit,Read,None,Edit
0016g00001AOMMkAAP,005Px00000Bnl4HIAR,PI CSM,Edit,Read,None,Edit
0016g00001AOMSSAA5,005Px00000BnqaDIAR,E&I CSM,Edit,Read,None,Edit
0016g00001AOMegAAH,005Px00000Bnl4HIAR,PI CSM,Edit,Read,None,Edit
0016g00001AOMhXAAX,005Px00000BnqaDIAR,E&I CSM,Edit,Read,None,Edit
0016g00001AOMi0AAH,005Px00000Bnl4HIAR,PI CSM,Edit,Read,None,Edit
0016g00001AOMkkAAH,005Px00000Bnl4HIAR,PI CSM,Edit,Read,None,Edit
0016g00001AOMnmAAH,005Px00000Bnl4HIAR,PI CSM,Edit,Read,None,Edit
0016g00001AOMpvAAH,005Px00000BnqaDIAR,E&I CSM,Edit,Read,None,Edit
0016g00001AOMxZAAX,005Px00000Bnl4HIAR,PI CSM,Edit,Read,None,Edit
0016g00001AOMzkAAH,005Px00000Bnl4HIAR,PI CSM,Edit,Read,None,Edit
0016g00001AON2iAAH,005Px00000Bnl4HIAR,PI CSM,Edit,Read,None,Edit
0016g00001AON3PAAX,005Px00000Bnl4HIAR,PI CSM,Edit,Read,None,Edit
0016g00001AON3TAAX,005Px00000Bnl4HIAR,PI CSM,Edit,Read,None,Edit
0016g00001AONH7AAP,005Px00000Bnl4HIAR,PI CSM,Edit,Read,None,Edit
0016g00001AONKUAA5,005Px00000Bnl4HIAR,PI CSM,Edit,Read,None,Edit
0016g00001AONM9AAP,005Px00000Bnl4HIAR,PI CSM,Edit,Read,None,Edit
0016g00001AONMHAA5,005Px00000BnqaDIAR,E&I CSM,Edit,Read,None,Edit
0016g00001AONMUAA5,005Px00000Bnl4HIAR,PI CSM,Edit,Read,None,Edit
0016g00001AONU6AAP,005Px00000BnqaDIAR,E&I CSM,Edit,Read,None,Edit
0016g00001AONV6AAP,005Px00000Bnl4HIAR,PI CSM,Edit,Read,None,Edit
0016g00001AONVHAA5,005Px00000Bnl4HIAR,PI CSM,Edit,Read,None,Edit
0016g00001AONVHAA5,005Px00000BnqaDIAR,E&I CSM,Edit,Read,None,Edit
0016g00001AONY8AAP,005Px00000BnqaDIAR,E&I CSM,Edit,Read,None,Edit
0016g00001AONanAAH,005Px00000Bnl4HIAR,PI CSM,Edit,Read,None,Edit
0016g00001AONbxAAH,005Px00000BnqaDIAR,E&I CSM,Edit,Read,None,Edit
0016g00001AONdfAAH,005Px00000Bnl4HIAR,PI CSM,Edit,Read,None,Edit
0016g00001AONoPAAX,005Px00000Bnl4HIAR,PI CSM,Edit,Read,None,Edit
0016g00001AONpdAAH,005Px00000Bnl4HIAR,PI CSM,Edit,Read,None,Edit
0016g00001AONseAAH,005Px00000Bnj46IAB,Law.com CSM,Edit,Read,None,Edit
0016g00001AONueAAH,005Px00000BnqaDIAR,E&I CSM,Edit,Read,None,Edit
0016g00001AONvtAAH,005Px00000BnqaDIAR,E&I CSM,Edit,Read,None,Edit
0016g00001AONyqAAH,005Px00000Bnl4HIAR,PI CSM,Edit,Read,None,Edit
0016g00001AONzYAAX,005Px00000Bnl4HIAR,PI CSM,Edit,Read,None,Edit
0016g00001AOO4TAAX,005Px00000Bnl4HIAR,PI CSM,Edit,Read,None,Edit
0016g00001AOO5yAAH,005Px00000Bnj46IAB,Law.com CSM,Edit,Read,None,Edit
0016g00001AOO84AAH,005Px00000BnqaDIAR,E&I CSM,Edit,Read,None,Edit
0016g00001AOO9MAAX,005Px00000BnqaDIAR,E&I CSM,Edit,Read,None,Edit
0016g00001AOO9nAAH,005Px00000Bnl4HIAR,PI CSM,Edit,Read,None,Edit
0016g00001AOO9nAAH,005Px00000BnqaDIAR,E&I CSM,Edit,Read,None,Edit
0016g00001AOOC2AAP,005Px00000Bnl4HIAR,PI CSM,Edit,Read,None,Edit
0016g00001AOOC9AAP,005Px00000BnqaDIAR,E&I CSM,Edit,Read,None,Edit
0016g00001AOOCOAA5,005Px00000BnqaDIAR,E&I CSM,Edit,Read,None,Edit
0016g00001AOOCQAA5,005Px00000BnqaDIAR,E&I CSM,Edit,Read,None,Edit
0016g00001AOOEsAAP,005Px00000Bnl4HIAR,PI CSM,Edit,Read,None,Edit
0016g00001AOOEsAAP,005Px00000BnqaDIAR,E&I CSM,Edit,Read,None,Edit
0016g00001AOOGoAAP,005Px00000Bnl4HIAR,PI CSM,Edit,Read,None,Edit
0016g00001AOOIpAAP,005Px00000Bnl4HIAR,PI CSM,Edit,Read,None,Edit
0016g00001AOOKUAA5,005Px00000Bnl4HIAR,PI CSM,Edit,Read,None,Edit
0016g00001AOOM4AAP,005Px00000Bnl4HIAR,PI CSM,Edit,Read,None,Edit
0016g00001AOOMRAA5,005Px00000Bnl4HIAR,PI CSM,Edit,Read,None,Edit
0016g00001AOOMgAAP,005Px00000Bnl4HIAR,PI CSM,Edit,Read,None,Edit
0016g00001AOONWAA5,005Px00000Bnl4HIAR,PI CSM,Edit,Read,None,Edit
0016g00001AOONoAAP,005Px00000Bnl4HIAR,PI CSM,Edit,Read,None,Edit
0016g00001AOOPjAAP,005Px00000BnqaDIAR,E&I CSM,Edit,Read,None,Edit
0016g00001AOORXAA5,005Px00000BnqaDIAR,E&I CSM,Edit,Read,None,Edit
0016g00001AOOUPAA5,005Px00000Bnl4HIAR,PI CSM,Edit,Read,None,Edit
0016g00001AOOWHAA5,005Px00000BnqaDIAR,E&I CSM,Edit,Read,None,Edit
0016g00001AOOXIAA5,005Px00000BnqaDIAR,E&I CSM,Edit,Read,None,Edit
0016g00001AOOXkAAP,005Px00000BnqaDIAR,E&I CSM,Edit,Read,None,Edit
0016g00001AOOZVAA5,005Px00000BnqaDIAR,E&I CSM,Edit,Read,None,Edit
0016g00001AOOaUAAX,005Px00000Bnl4HIAR,PI CSM,Edit,Read,None,Edit
0016g00001AOOaqAAH,005Px00000BnqaDIAR,E&I CSM,Edit,Read,None,Edit
0016g00001AOObzAAH,005Px00000Bnl4HIAR,PI CSM,Edit,Read,None,Edit
0016g00001AOOcQAAX,005Px00000Bnl4HIAR,PI CSM,Edit,Read,None,Edit
0016g00001AOOdDAAX,005Px00000BnqaDIAR,E&I CSM,Edit,Read,None,Edit
0016g00001AOOdSAAX,005Px00000Bnl4HIAR,PI CSM,Edit,Read,None,Edit
0016g00001AOOdSAAX,005Px00000BnqaDIAR,E&I CSM,Edit,Read,None,Edit
0016g00001AOOfSAAX,005Px00000Bnl4HIAR,PI CSM,Edit,Read,None,Edit
0016g00001AOOfgAAH,005Px00000Bnl4HIAR,PI CSM,Edit,Read,None,Edit
0016g00001AOOiiAAH,005Px00000Bnl4HIAR,PI CSM,Edit,Read,None,Edit
0016g00001AOOjQAAX,005Px00000Bnl4HIAR,PI CSM,Edit,Read,None,Edit
0016g00001AOOkUAAX,005Px00000Bnl4HIAR,PI CSM,Edit,Read,None,Edit
0016g00001AOOnUAAX,005Px00000Bnl4HIAR,PI CSM,Edit,Read,None,Edit
0016g00001AOOpvAAH,005Px00000Bnl4HIAR,PI CSM,Edit,Read,None,Edit
0016g00001AOOrUAAX,005Px00000Bnl4HIAR,PI CSM,Edit,Read,None,Edit
0016g00001AOOrpAAH,005Px00000Bnl4HIAR,PI CSM,Edit,Read,None,Edit
0016g00001AOOwuAAH,005Px00000Bnl4HIAR,PI CSM,Edit,Read,None,Edit
0016g00001AOOz3AAH,005Px00000Bnl4HIAR,PI CSM,Edit,Read,None,Edit
0016g00001AOOzrAAH,005Px00000BnqaDIAR,E&I CSM,Edit,Read,None,Edit
0016g00001AOP03AAH,005Px00000BnqaDIAR,E&I CSM,Edit,Read,None,Edit
0016g00001AOP3qAAH,005Px00000BnqaDIAR,E&I CSM,Edit,Read,None,Edit
0016g00001AOP4GAAX,005Px00000Bnl4HIAR,PI CSM,Edit,Read,None,Edit
0016g00001AOP5XAAX,005Px00000BnqaDIAR,E&I CSM,Edit,Read,None,Edit
0016g00001AOP87AAH,005Px00000Bnl4HIAR,PI CSM,Edit,Read,None,Edit
0016g00001AOP9EAAX,005Px00000Bnl4HIAR,PI CSM,Edit,Read,None,Edit
0016g00001AOP9EAAX,005Px00000BnqaDIAR,E&I CSM,Edit,Read,None,Edit
0016g00001AOPBLAA5,005Px00000BnqaDIAR,E&I CSM,Edit,Read,None,Edit
0016g00001AOPCnAAP,005Px00000Bnl4HIAR,PI CSM,Edit,Read,None,Edit
0016g00001AOPCzAAP,005Px00000Bnl4HIAR,PI CSM,Edit,Read,None,Edit
0016g00001AOPDmAAP,005Px00000Bnl4HIAR,PI CSM,Edit,Read,None,Edit
0016g00001AOPEVAA5,005Px00000Bnl4HIAR,PI CSM,Edit,Read,None,Edit
0016g00001AOPGxAAP,005Px00000Bnl4HIAR,PI CSM,Edit,Read,None,Edit
0016g00001AOPH1AAP,005Px00000Bnl4HIAR,PI CSM,Edit,Read,None,Edit
0016g00001AOPHDAA5,005Px00000BnqaDIAR,E&I CSM,Edit,Read,None,Edit
0016g00001AOPHeAAP,005Px00000Bnl4HIAR,PI CSM,Edit,Read,None,Edit
0016g00001AOPJLAA5,005Px00000Bnl4HIAR,PI CSM,Edit,Read,None,Edit
0016g00001AOPJQAA5,005Px00000Bnl4HIAR,PI CSM,Edit,Read,None,Edit
0016g00001AOPN3AAP,005Px00000Bnl4HIAR,PI CSM,Edit,Read,None,Edit
0016g00001AOPOAAA5,005Px00000Bnl4HIAR,PI CSM,Edit,Read,None,Edit
0016g00001AOPPwAAP,005Px00000Bnl4HIAR,PI CSM,Edit,Read,None,Edit
0016g00001AOPQJAA5,005Px00000Bnl4HIAR,PI CSM,Edit,Read,None,Edit
0016g00001AOPQJAA5,005Px00000BnqaDIAR,E&I CSM,Edit,Read,None,Edit
0016g00001AOPRxAAP,005Px00000BnqaDIAR,E&I CSM,Edit,Read,None,Edit
0016g00001AOPUaAAP,005Px00000Bnl4HIAR,PI CSM,Edit,Read,None,Edit
0016g00001AOPWSAA5,005Px00000Bnl4HIAR,PI CSM,Edit,Read,None,Edit
0016g00001AOPXUAA5,005Px00000Bnl4HIAR,PI CSM,Edit,Read,None,Edit
0016g00001AOPXpAAP,005Px00000BnqaDIAR,E&I CSM,Edit,Read,None,Edit
0016g00001AOPYsAAP,005Px00000Bnl4HIAR,PI CSM,Edit,Read,None,Edit
0016g00001AOPbqAAH,005Px00000BnqaDIAR,E&I CSM,Edit,Read,None,Edit
0016g00001AOPdaAAH,005Px00000BnqaDIAR,E&I CSM,Edit,Read,None,Edit
0016g00001AOPe9AAH,005Px00000Bnl4HIAR,PI CSM,Edit,Read,None,Edit
0016g00001AOPewAAH,005Px00000BnqaDIAR,E&I CSM,Edit,Read,None,Edit
0016g00001AOPgdAAH,005Px00000BnqaDIAR,E&I CSM,Edit,Read,None,Edit
0016g00001AOPhAAAX,005Px00000Bnl4HIAR,PI CSM,Edit,Read,None,Edit
0016g00001AOPhAAAX,005Px00000BnqaDIAR,E&I CSM,Edit,Read,None,Edit
0016g00001AOPkCAAX,005Px00000BnqaDIAR,E&I CSM,Edit,Read,None,Edit
0016g00001AOPl3AAH,005Px00000BnqaDIAR,E&I CSM,Edit,Read,None,Edit
0016g00001AOPrFAAX,005Px00000Bnl4HIAR,PI CSM,Edit,Read,None,Edit
0016g00001AOPrFAAX,005Px00000BnqaDIAR,E&I CSM,Edit,Read,None,Edit
0016g00001AOPt7AAH,005Px00000Bnj46IAB,Law.com CSM,Edit,Read,None,Edit
0016g00001AOPtsAAH,005Px00000BnqaDIAR,E&I CSM,Edit,Read,None,Edit
0016g00001AOPvdAAH,005Px00000Bnl4HIAR,PI CSM,Edit,Read,None,Edit
0016g00001AOPvdAAH,005Px00000BnqaDIAR,E&I CSM,Edit,Read,None,Edit
0016g00001AOPyNAAX,005Px00000Bnj46IAB,Law.com CSM,Edit,Read,None,Edit
0016g00001AOPyNAAX,005Px00000Bnl4HIAR,PI CSM,Edit,Read,None,Edit
0016g00001AOQ1CAAX,005Px00000BnqaDIAR,E&I CSM,Edit,Read,None,Edit
0016g00001AOQ1iAAH,005Px00000BnqaDIAR,E&I CSM,Edit,Read,None,Edit
0016g00001AOQ2HAAX,005Px00000BnqaDIAR,E&I CSM,Edit,Read,None,Edit
0016g00001AOQ4VAAX,005Px00000Bnl4HIAR,PI CSM,Edit,Read,None,Edit
0016g00001AOQ4VAAX,005Px00000BnqaDIAR,E&I CSM,Edit,Read,None,Edit
0016g00001AOQ6mAAH,005Px00000Bnl4HIAR,PI CSM,Edit,Read,None,Edit
0016g00001AOQ8QAAX,005Px00000Bnl4HIAR,PI CSM,Edit,Read,None,Edit
0016g00001AOQ9oAAH,005Px00000BnqaDIAR,E&I CSM,Edit,Read,None,Edit
0016g00001AOQCJAA5,005Px00000BnqaDIAR,E&I CSM,Edit,Read,None,Edit
0016g00001AOQEJAA5,005Px00000BnqaDIAR,E&I CSM,Edit,Read,None,Edit
0016g00001AOQGZAA5,005Px00000Bnl4HIAR,PI CSM,Edit,Read,None,Edit
0016g00001AOQIUAA5,005Px00000Bnl4HIAR,PI CSM,Edit,Read,None,Edit
0016g00001AOQIgAAP,005Px00000Bnl4HIAR,PI CSM,Edit,Read,None,Edit
0016g00001AOQKuAAP,005Px00000BnqaDIAR,E&I CSM,Edit,Read,None,Edit
0016g00001AOQMdAAP,005Px00000Bnl4HIAR,PI CSM,Edit,Read,None,Edit
0016g00001AOQRfAAP,005Px00000Bnl4HIAR,PI CSM,Edit,Read,None,Edit
0016g00001AOQRfAAP,005Px00000BnqaDIAR,E&I CSM,Edit,Read,None,Edit
0016g00001AOQRlAAP,005Px00000Bnl4HIAR,PI CSM,Edit,Read,None,Edit
0016g00001AOQSJAA5,005Px00000BnqaDIAR,E&I CSM,Edit,Read,None,Edit
0016g00001AOQX6AAP,005Px00000BnqaDIAR,E&I CSM,Edit,Read,None,Edit
0016g00001AOQXAAA5,005Px00000Bnl4HIAR,PI CSM,Edit,Read,None,Edit
0016g00001AOQZXAA5,005Px00000Bnl4HIAR,PI CSM,Edit,Read,None,Edit
0016g00001AOQceAAH,005Px00000BnqaDIAR,E&I CSM,Edit,Read,None,Edit
0016g00001AOQdcAAH,005Px00000Bnl4HIAR,PI CSM,Edit,Read,None,Edit
0016g00001AOQf5AAH,005Px00000BnqaDIAR,E&I CSM,Edit,Read,None,Edit
0016g00001AOQfFAAX,005Px00000BnqaDIAR,E&I CSM,Edit,Read,None,Edit
0016g00001AOQgWAAX,005Px00000BnqaDIAR,E&I CSM,Edit,Read,None,Edit
0016g00001AOQkCAAX,005Px00000Bnl4HIAR,PI CSM,Edit,Read,None,Edit
0016g00001AOQkgAAH,005Px00000Bnl4HIAR,PI CSM,Edit,Read,None,Edit
0016g00001AOQkgAAH,005Px00000BnqaDIAR,E&I CSM,Edit,Read,None,Edit
0016g00001AOQllAAH,005Px00000BnqaDIAR,E&I CSM,Edit,Read,None,Edit
0016g00001AOQn7AAH,005Px00000BnqaDIAR,E&I CSM,Edit,Read,None,Edit
0016g00001AOQokAAH,005Px00000BnqaDIAR,E&I CSM,Edit,Read,None,Edit
0016g00001AOQs2AAH,005Px00000BnqaDIAR,E&I CSM,Edit,Read,None,Edit
0016g00001AOQseAAH,005Px00000Bnl4HIAR,PI CSM,Edit,Read,None,Edit
0016g00001AOQwGAAX,005Px00000Bnl4HIAR,PI CSM,Edit,Read,None,Edit
0016g00001AOQwNAAX,005Px00000Bnl4HIAR,PI CSM,Edit,Read,None,Edit
0016g00001AOR0pAAH,005Px00000BnqaDIAR,E&I CSM,Edit,Read,None,Edit
0016g00001AOR1oAAH,005Px00000Bnl4HIAR,PI CSM,Edit,Read,None,Edit
0016g00001AOR2IAAX,005Px00000Bnl4HIAR,PI CSM,Edit,Read,None,Edit
0016g00001AOR2IAAX,005Px00000BnqaDIAR,E&I CSM,Edit,Read,None,Edit
0016g00001AOR36AAH,005Px00000Bnl4HIAR,PI CSM,Edit,Read,None,Edit
0016g00001AOR3MAAX,005Px00000Bnl4HIAR,PI CSM,Edit,Read,None,Edit
0016g00001AOR3MAAX,005Px00000BnqaDIAR,E&I CSM,Edit,Read,None,Edit
0016g00001AOR3RAAX,005Px00000BnqaDIAR,E&I CSM,Edit,Read,None,Edit
0016g00001AOR44AAH,005Px00000BnqaDIAR,E&I CSM,Edit,Read,None,Edit
0016g00001AOR4kAAH,005Px00000Bnl4HIAR,PI CSM,Edit,Read,None,Edit
0016g00001AOR7iAAH,005Px00000Bnl4HIAR,PI CSM,Edit,Read,None,Edit
0016g00001AORBZAA5,005Px00000Bnl4HIAR,PI CSM,Edit,Read,None,Edit
0016g00001AORBiAAP,005Px00000Bnl4HIAR,PI CSM,Edit,Read,None,Edit
0016g00001AORC9AAP,005Px00000Bnl4HIAR,PI CSM,Edit,Read,None,Edit
0016g00001AORD0AAP,005Px00000Bnl4HIAR,PI CSM,Edit,Read,None,Edit
0016g00001AORD0AAP,005Px00000BnqaDIAR,E&I CSM,Edit,Read,None,Edit
0016g00001AORH0AAP,005Px00000Bnl4HIAR,PI CSM,Edit,Read,None,Edit
0016g00001AORHIAA5,005Px00000BnqaDIAR,E&I CSM,Edit,Read,None,Edit
0016g00001AORIqAAP,005Px00000BnqaDIAR,E&I CSM,Edit,Read,None,Edit
0016g00001AORIwAAP,005Px00000Bnl4HIAR,PI CSM,Edit,Read,None,Edit
0016g00001AORKcAAP,005Px00000BnqaDIAR,E&I CSM,Edit,Read,None,Edit
0016g00001AORL1AAP,005Px00000Bnl4HIAR,PI CSM,Edit,Read,None,Edit
0016g00001AORMKAA5,005Px00000Bnl4HIAR,PI CSM,Edit,Read,None,Edit
0016g00001AORNtAAP,005Px00000BnqaDIAR,E&I CSM,Edit,Read,None,Edit
0016g00001AORPPAA5,005Px00000Bnl4HIAR,PI CSM,Edit,Read,None,Edit
0016g00001AORSWAA5,005Px00000BnqaDIAR,E&I CSM,Edit,Read,None,Edit
0016g00001AORVRAA5,005Px00000BnqaDIAR,E&I CSM,Edit,Read,None,Edit
0016g00001AORaMAAX,005Px00000Bnl4HIAR,PI CSM,Edit,Read,None,Edit
0016g00001AORaMAAX,005Px00000BnqaDIAR,E&I CSM,Edit,Read,None,Edit
0016g00001AORawAAH,005Px00000BnqaDIAR,E&I CSM,Edit,Read,None,Edit
0016g00001AORbhAAH,005Px00000Bnl4HIAR,PI CSM,Edit,Read,None,Edit
0016g00001AORdvAAH,005Px00000BnqaDIAR,E&I CSM,Edit,Read,None,Edit
0016g00001AORfbAAH,005Px00000Bnl4HIAR,PI CSM,Edit,Read,None,Edit
0016g00001AORhSAAX,005Px00000Bnl4HIAR,PI CSM,Edit,Read,None,Edit
0016g00001AORlHAAX,005Px00000BnqaDIAR,E&I CSM,Edit,Read,None,Edit
0016g00001AORpYAAX,005Px00000BnqaDIAR,E&I CSM,Edit,Read,None,Edit
0016g00001AORy8AAH,005Px00000Bnl4HIAR,PI CSM,Edit,Read,None,Edit
0016g00001AORy8AAH,005Px00000BnqaDIAR,E&I CSM,Edit,Read,None,Edit
0016g00001AORzsAAH,005Px00000Bnl4HIAR,PI CSM,Edit,Read,None,Edit
0016g00001AOS0gAAH,005Px00000BnqaDIAR,E&I CSM,Edit,Read,None,Edit
0016g00001AOS1IAAX,005Px00000Bnl4HIAR,PI CSM,Edit,Read,None,Edit
0016g00001AOS1hAAH,005Px00000BnqaDIAR,E&I CSM,Edit,Read,None,Edit
0016g00001AOS5XAAX,005Px00000Bnj46IAB,Law.com CSM,Edit,Read,None,Edit
0016g00001AOS5yAAH,005Px00000Bnl4HIAR,PI CSM,Edit,Read,None,Edit
0016g00001AOS6QAAX,005Px00000Bnl4HIAR,PI CSM,Edit,Read,None,Edit
0016g00001AOS6eAAH,005Px00000Bnl4HIAR,PI CSM,Edit,Read,None,Edit
0016g00001AOS8nAAH,005Px00000Bnl4HIAR,PI CSM,Edit,Read,None,Edit
0016g00001AOS9KAAX,005Px00000Bnl4HIAR,PI CSM,Edit,Read,None,Edit
0016g00001AOS9OAAX,005Px00000BnqaDIAR,E&I CSM,Edit,Read,None,Edit
0016g00001AOS9TAAX,005Px00000Bnl4HIAR,PI CSM,Edit,Read,None,Edit
0016g00001AOSA7AAP,005Px00000Bnl4HIAR,PI CSM,Edit,Read,None,Edit
0016g00001AOSBKAA5,005Px00000BnqaDIAR,E&I CSM,Edit,Read,None,Edit
0016g00001AOSDEAA5,005Px00000BnqaDIAR,E&I CSM,Edit,Read,None,Edit
0016g00001AOSF6AAP,005Px00000Bnl4HIAR,PI CSM,Edit,Read,None,Edit
0016g00001AOSGQAA5,005Px00000Bnl4HIAR,PI CSM,Edit,Read,None,Edit
0016g00001AOSGXAA5,005Px00000Bnl4HIAR,PI CSM,Edit,Read,None,Edit
0016g00001AOSIyAAP,005Px00000Bnl4HIAR,PI CSM,Edit,Read,None,Edit
0016g00001AOSIyAAP,005Px00000BnqaDIAR,E&I CSM,Edit,Read,None,Edit
0016g00001AOSMEAA5,005Px00000Bnl4HIAR,PI CSM,Edit,Read,None,Edit
0016g00001AOSMEAA5,005Px00000BnqaDIAR,E&I CSM,Edit,Read,None,Edit
0016g00001AOSNnAAP,005Px00000Bnl4HIAR,PI CSM,Edit,Read,None,Edit
0016g00001AOSP6AAP,005Px00000Bnl4HIAR,PI CSM,Edit,Read,None,Edit
0016g00001AOSPKAA5,005Px00000Bnl4HIAR,PI CSM,Edit,Read,None,Edit
0016g00001AOSPRAA5,005Px00000Bnl4HIAR,PI CSM,Edit,Read,None,Edit
0016g00001AOSPjAAP,005Px00000Bnl4HIAR,PI CSM,Edit,Read,None,Edit
0016g00001AOSQEAA5,005Px00000BnqaDIAR,E&I CSM,Edit,Read,None,Edit
0016g00001AOSRZAA5,005Px00000Bnl4HIAR,PI CSM,Edit,Read,None,Edit
0016g00001AOSRoAAP,005Px00000BnqaDIAR,E&I CSM,Edit,Read,None,Edit
0016g00001AOSRwAAP,005Px00000Bnl4HIAR,PI CSM,Edit,Read,None,Edit
0016g00001AOSSOAA5,005Px00000BnqaDIAR,E&I CSM,Edit,Read,None,Edit
0016g00001AOSSkAAP,005Px00000Bnl4HIAR,PI CSM,Edit,Read,None,Edit
0016g00001AOST7AAP,005Px00000Bnj46IAB,Law.com CSM,Edit,Read,None,Edit
0016g00001AOSTbAAP,005Px00000Bnl4HIAR,PI CSM,Edit,Read,None,Edit
0016g00001AOSVNAA5,005Px00000BnqaDIAR,E&I CSM,Edit,Read,None,Edit
0016g00001AOSVPAA5,005Px00000BnqaDIAR,E&I CSM,Edit,Read,None,Edit
0016g00001AOSakAAH,005Px00000Bnl4HIAR,PI CSM,Edit,Read,None,Edit
0016g00001AOSc6AAH,005Px00000BnqaDIAR,E&I CSM,Edit,Read,None,Edit
0016g00001AOScIAAX,005Px00000BnqaDIAR,E&I CSM,Edit,Read,None,Edit
0016g00001AOSfcAAH,005Px00000Bnl4HIAR,PI CSM,Edit,Read,None,Edit
0016g00001AOSh4AAH,005Px00000Bnl4HIAR,PI CSM,Edit,Read,None,Edit
0016g00001AOShvAAH,005Px00000BnqaDIAR,E&I CSM,Edit,Read,None,Edit
0016g00001AOSkOAAX,005Px00000BnqaDIAR,E&I CSM,Edit,Read,None,Edit
0016g00001AOSmpAAH,005Px00000BnqaDIAR,E&I CSM,Edit,Read,None,Edit
0016g00001AOSngAAH,005Px00000BnqaDIAR,E&I CSM,Edit,Read,None,Edit
0016g00001AOSoYAAX,005Px00000BnqaDIAR,E&I CSM,Edit,Read,None,Edit
0016g00001AOSpJAAX,005Px00000Bnl4HIAR,PI CSM,Edit,Read,None,Edit
0016g00001AOSr4AAH,005Px00000Bnl4HIAR,PI CSM,Edit,Read,None,Edit
0016g00001AOSsqAAH,005Px00000BnqaDIAR,E&I CSM,Edit,Read,None,Edit
0016g00001AOSv1AAH,005Px00000Bnl4HIAR,PI CSM,Edit,Read,None,Edit
0016g00001AOSxWAAX,005Px00000Bnl4HIAR,PI CSM,Edit,Read,None,Edit
0016g00001AOSyYAAX,005Px00000Bnl4HIAR,PI CSM,Edit,Read,None,Edit
0016g00001AOSybAAH,005Px00000BnqaDIAR,E&I CSM,Edit,Read,None,Edit
0016g00001AOSzYAAX,005Px00000Bnl4HIAR,PI CSM,Edit,Read,None,Edit
0016g00001AOT3HAAX,005Px00000Bnl4HIAR,PI CSM,Edit,Read,None,Edit
0016g00001AOT7FAAX,005Px00000Bnl4HIAR,PI CSM,Edit,Read,None,Edit
0016g00001AOT91AAH,005Px00000Bnl4HIAR,PI CSM,Edit,Read,None,Edit
0016g00001AOT91AAH,005Px00000BnqaDIAR,E&I CSM,Edit,Read,None,Edit
0016g00001AOTBfAAP,005Px00000Bnl4HIAR,PI CSM,Edit,Read,None,Edit
0016g00001AOTCyAAP,005Px00000BnqaDIAR,E&I CSM,Edit,Read,None,Edit
0016g00001AOTERAA5,005Px00000Bnl4HIAR,PI CSM,Edit,Read,None,Edit
0016g00001AOTEaAAP,005Px00000Bnl4HIAR,PI CSM,Edit,Read,None,Edit
0016g00001AOTGgAAP,005Px00000Bnl4HIAR,PI CSM,Edit,Read,None,Edit
0016g00001AOTIxAAP,005Px00000Bnl4HIAR,PI CSM,Edit,Read,None,Edit
0016g00001AOTN9AAP,005Px00000Bnl4HIAR,PI CSM,Edit,Read,None,Edit
0016g00001AOTO6AAP,005Px00000Bnl4HIAR,PI CSM,Edit,Read,None,Edit
0016g00001AOTU4AAP,005Px00000BnqaDIAR,E&I CSM,Edit,Read,None,Edit
0016g00001AOTXRAA5,005Px00000BnqaDIAR,E&I CSM,Edit,Read,None,Edit
0016g00001AOTcRAAX,005Px00000BnqaDIAR,E&I CSM,Edit,Read,None,Edit
0016g00001AOTcmAAH,005Px00000Bnl4HIAR,PI CSM,Edit,Read,None,Edit
0016g00001AOTd1AAH,005Px00000BnqaDIAR,E&I CSM,Edit,Read,None,Edit
0016g00001AOTdDAAX,005Px00000Bnl4HIAR,PI CSM,Edit,Read,None,Edit
0016g00001AOTgSAAX,005Px00000BnqaDIAR,E&I CSM,Edit,Read,None,Edit
0016g00001AOTgcAAH,005Px00000Bnl4HIAR,PI CSM,Edit,Read,None,Edit
0016g00001AOTgcAAH,005Px00000BnqaDIAR,E&I CSM,Edit,Read,None,Edit
0016g00001AOTh7AAH,005Px00000BnqaDIAR,E&I CSM,Edit,Read,None,Edit
0016g00001AOTkwAAH,005Px00000Bnl4HIAR,PI CSM,Edit,Read,None,Edit
0016g00001AOTrBAAX,005Px00000BnqaDIAR,E&I CSM,Edit,Read,None,Edit
0016g00001AOTrYAAX,005Px00000BnqaDIAR,E&I CSM,Edit,Read,None,Edit
0016g00001AOTs5AAH,005Px00000Bnj46IAB,Law.com CSM,Edit,Read,None,Edit
0016g00001AOTsKAAX,005Px00000Bnl4HIAR,PI CSM,Edit,Read,None,Edit
0016g00001AOTwaAAH,005Px00000BnqaDIAR,E&I CSM,Edit,Read,None,Edit
0016g00001AOTwoAAH,005Px00000BnqaDIAR,E&I CSM,Edit,Read,None,Edit
0016g00001AOTx8AAH,005Px00000Bnl4HIAR,PI CSM,Edit,Read,None,Edit
0016g00001AOTzNAAX,005Px00000Bnl4HIAR,PI CSM,Edit,Read,None,Edit
0016g00001AOU30AAH,005Px00000Bnl4HIAR,PI CSM,Edit,Read,None,Edit
0016g00001AOU30AAH,005Px00000BnqaDIAR,E&I CSM,Edit,Read,None,Edit
0016g00001AOU3pAAH,005Px00000BnqaDIAR,E&I CSM,Edit,Read,None,Edit
0016g00001AOU5WAAX,005Px00000BnqaDIAR,E&I CSM,Edit,Read,None,Edit
0016g00001AOU5cAAH,005Px00000BnqaDIAR,E&I CSM,Edit,Read,None,Edit
0016g00001AOU5mAAH,005Px00000Bnl4HIAR,PI CSM,Edit,Read,None,Edit
0016g00001AOU61AAH,005Px00000BnqaDIAR,E&I CSM,Edit,Read,None,Edit
0016g00001AOU6TAAX,005Px00000BnqaDIAR,E&I CSM,Edit,Read,None,Edit
0016g00001AOU8JAAX,005Px00000Bnl4HIAR,PI CSM,Edit,Read,None,Edit
0016g00001AOUABAA5,005Px00000BnqaDIAR,E&I CSM,Edit,Read,None,Edit
0016g00001AOUCaAAP,005Px00000Bnl4HIAR,PI CSM,Edit,Read,None,Edit
0016g00001AOUCaAAP,005Px00000BnqaDIAR,E&I CSM,Edit,Read,None,Edit
0016g00001AOUDfAAP,005Px00000BnqaDIAR,E&I CSM,Edit,Read,None,Edit
0016g00001AOUFPAA5,005Px00000BnqaDIAR,E&I CSM,Edit,Read,None,Edit
0016g00001AOUFrAAP,005Px00000Bnl4HIAR,PI CSM,Edit,Read,None,Edit
0016g00001AOUHyAAP,005Px00000Bnl4HIAR,PI CSM,Edit,Read,None,Edit
0016g00001AOUIFAA5,005Px00000Bnl4HIAR,PI CSM,Edit,Read,None,Edit
0016g00001AOUKHAA5,005Px00000BnqaDIAR,E&I CSM,Edit,Read,None,Edit
0016g00001AOUQbAAP,005Px00000Bnl4HIAR,PI CSM,Edit,Read,None,Edit
0016g00001AOUQgAAP,005Px00000BnqaDIAR,E&I CSM,Edit,Read,None,Edit
0016g00001AOUR3AAP,005Px00000BnqaDIAR,E&I CSM,Edit,Read,None,Edit
0016g00001AOUS9AAP,005Px00000Bnl4HIAR,PI CSM,Edit,Read,None,Edit
0016g00001AOUTRAA5,005Px00000Bnl4HIAR,PI CSM,Edit,Read,None,Edit
0016g00001AOUUhAAP,005Px00000BnqaDIAR,E&I CSM,Edit,Read,None,Edit
0016g00001AOUUuAAP,005Px00000Bnl4HIAR,PI CSM,Edit,Read,None,Edit
0016g00001AOUUyAAP,005Px00000Bnl4HIAR,PI CSM,Edit,Read,None,Edit
0016g00001AOUZGAA5,005Px00000Bnl4HIAR,PI CSM,Edit,Read,None,Edit
0016g00001AOUZkAAP,005Px00000BnqaDIAR,E&I CSM,Edit,Read,None,Edit
0016g00001AOUZoAAP,005Px00000Bnl4HIAR,PI CSM,Edit,Read,None,Edit
0016g00001AOUf3AAH,005Px00000BnqaDIAR,E&I CSM,Edit,Read,None,Edit
0016g00001AOUh8AAH,005Px00000Bnl4HIAR,PI CSM,Edit,Read,None,Edit
0016g00001AOUh8AAH,005Px00000BnqaDIAR,E&I CSM,Edit,Read,None,Edit
0016g00001AOUhPAAX,005Px00000BnqaDIAR,E&I CSM,Edit,Read,None,Edit
0016g00001AOUiUAAX,005Px00000Bnl4HIAR,PI CSM,Edit,Read,None,Edit
0016g00001AOUlPAAX,005Px00000Bnl4HIAR,PI CSM,Edit,Read,None,Edit
0016g00001AOUmXAAX,005Px00000BnqaDIAR,E&I CSM,Edit,Read,None,Edit
0016g00001AOUrlAAH,005Px00000BnqaDIAR,E&I CSM,Edit,Read,None,Edit
0016g00001AOUryAAH,005Px00000Bnl4HIAR,PI CSM,Edit,Read,None,Edit
0016g00001AOUryAAH,005Px00000BnqaDIAR,E&I CSM,Edit,Read,None,Edit
0016g00001AOUsnAAH,005Px00000BnqaDIAR,E&I CSM,Edit,Read,None,Edit
0016g00001AOUzqAAH,005Px00000BnqaDIAR,E&I CSM,Edit,Read,None,Edit
0016g00001AOV28AAH,005Px00000Bnl4HIAR,PI CSM,Edit,Read,None,Edit
0016g00001AOV39AAH,005Px00000Bnl4HIAR,PI CSM,Edit,Read,None,Edit
0016g00001AOV3iAAH,005Px00000Bnl4HIAR,PI CSM,Edit,Read,None,Edit
0016g00001AOV6rAAH,005Px00000Bnl4HIAR,PI CSM,Edit,Read,None,Edit
0016g00001AOV81AAH,005Px00000Bnl4HIAR,PI CSM,Edit,Read,None,Edit
0016g00001AOV8oAAH,005Px00000BnqaDIAR,E&I CSM,Edit,Read,None,Edit
0016g00001AOVB0AAP,005Px00000Bnl4HIAR,PI CSM,Edit,Read,None,Edit
0016g00001AOVCWAA5,005Px00000Bnl4HIAR,PI CSM,Edit,Read,None,Edit
0016g00001AOVCWAA5,005Px00000BnqaDIAR,E&I CSM,Edit,Read,None,Edit
0016g00001AOVCdAAP,005Px00000Bnl4HIAR,PI CSM,Edit,Read,None,Edit
0016g00001AOVCuAAP,005Px00000BnqaDIAR,E&I CSM,Edit,Read,None,Edit
0016g00001AOVDqAAP,005Px00000Bnl4HIAR,PI CSM,Edit,Read,None,Edit
0016g00001AOVEuAAP,005Px00000BnqaDIAR,E&I CSM,Edit,Read,None,Edit
0016g00001AOVEyAAP,005Px00000BnqaDIAR,E&I CSM,Edit,Read,None,Edit
0016g00001AOVFpAAP,005Px00000Bnj46IAB,Law.com CSM,Edit,Read,None,Edit
0016g00001AOVG3AAP,005Px00000BnqaDIAR,E&I CSM,Edit,Read,None,Edit
0016g00001AOVJwAAP,005Px00000Bnl4HIAR,PI CSM,Edit,Read,None,Edit
0016g00001AOVKVAA5,005Px00000Bnl4HIAR,PI CSM,Edit,Read,None,Edit
0016g00001AOVLsAAP,005Px00000Bnl4HIAR,PI CSM,Edit,Read,None,Edit
0016g00001AOVLuAAP,005Px00000Bnl4HIAR,PI CSM,Edit,Read,None,Edit
0016g00001AOVMWAA5,005Px00000BnqaDIAR,E&I CSM,Edit,Read,None,Edit
0016g00001AOVN0AAP,005Px00000Bnl4HIAR,PI CSM,Edit,Read,None,Edit
0016g00001AOVRHAA5,005Px00000BnqaDIAR,E&I CSM,Edit,Read,None,Edit
0016g00001AOVT3AAP,005Px00000BnqaDIAR,E&I CSM,Edit,Read,None,Edit
0016g00001AOVVgAAP,005Px00000BnqaDIAR,E&I CSM,Edit,Read,None,Edit
0016g00001AOVWRAA5,005Px00000Bnl4HIAR,PI CSM,Edit,Read,None,Edit
0016g00001AOVWuAAP,005Px00000BnqaDIAR,E&I CSM,Edit,Read,None,Edit
0016g00001AOVYlAAP,005Px00000BnqaDIAR,E&I CSM,Edit,Read,None,Edit
0016g00001AOVZyAAP,005Px00000Bnl4HIAR,PI CSM,Edit,Read,None,Edit
0016g00001AOVfDAAX,005Px00000Bnl4HIAR,PI CSM,Edit,Read,None,Edit
0016g00001AOVguAAH,005Px00000Bnl4HIAR,PI CSM,Edit,Read,None,Edit
0016g00001AOVihAAH,005Px00000BnqaDIAR,E&I CSM,Edit,Read,None,Edit
0016g00001AOVnuAAH,005Px00000Bnl4HIAR,PI CSM,Edit,Read,None,Edit
0016g00001AOVuHAAX,005Px00000Bnl4HIAR,PI CSM,Edit,Read,None,Edit
0016g00001AOVuRAAX,005Px00000BnqaDIAR,E&I CSM,Edit,Read,None,Edit
0016g00001AOVwtAAH,005Px00000Bnl4HIAR,PI CSM,Edit,Read,None,Edit
0016g00001AOVyBAAX,005Px00000Bnl4HIAR,PI CSM,Edit,Read,None,Edit
0016g00001AOVytAAH,005Px00000Bnl4HIAR,PI CSM,Edit,Read,None,Edit
0016g00001AOVz6AAH,005Px00000BnqaDIAR,E&I CSM,Edit,Read,None,Edit
0016g00001AOW0MAAX,005Px00000BnqaDIAR,E&I CSM,Edit,Read,None,Edit
0016g00001AOW28AAH,005Px00000Bnl4HIAR,PI CSM,Edit,Read,None,Edit
0016g00001AOW3dAAH,005Px00000Bnl4HIAR,PI CSM,Edit,Read,None,Edit
0016g00001AOW6nAAH,005Px00000BnqaDIAR,E&I CSM,Edit,Read,None,Edit
0016g00001AOWAwAAP,005Px00000Bnl4HIAR,PI CSM,Edit,Read,None,Edit
0016g00001AOWBnAAP,005Px00000Bnl4HIAR,PI CSM,Edit,Read,None,Edit
0016g00001AOWCXAA5,005Px00000Bnl4HIAR,PI CSM,Edit,Read,None,Edit
0016g00001AOWFUAA5,005Px00000BnqaDIAR,E&I CSM,Edit,Read,None,Edit
0016g00001AOWGtAAP,005Px00000Bnl4HIAR,PI CSM,Edit,Read,None,Edit
0016g00001AOWGtAAP,005Px00000BnqaDIAR,E&I CSM,Edit,Read,None,Edit
0016g00001AOWHMAA5,005Px00000Bnl4HIAR,PI CSM,Edit,Read,None,Edit
0016g00001AOWJLAA5,005Px00000Bnl4HIAR,PI CSM,Edit,Read,None,Edit
0016g00001AOWMXAA5,005Px00000Bnl4HIAR,PI CSM,Edit,Read,None,Edit
0016g00001AOWMXAA5,005Px00000BnqaDIAR,E&I CSM,Edit,Read,None,Edit
0016g00001AOWPDAA5,005Px00000Bnl4HIAR,PI CSM,Edit,Read,None,Edit
0016g00001AOWPkAAP,005Px00000Bnl4HIAR,PI CSM,Edit,Read,None,Edit
0016g00001AOWWcAAP,005Px00000Bnl4HIAR,PI CSM,Edit,Read,None,Edit
0016g00001AOWWnAAP,005Px00000Bnl4HIAR,PI CSM,Edit,Read,None,Edit
0016g00001AOWYFAA5,005Px00000BnqaDIAR,E&I CSM,Edit,Read,None,Edit
0016g00001AOWYrAAP,005Px00000Bnl4HIAR,PI CSM,Edit,Read,None,Edit
0016g00001AOWeaAAH,005Px00000Bnl4HIAR,PI CSM,Edit,Read,None,Edit
0016g00001AOWfXAAX,005Px00000Bnl4HIAR,PI CSM,Edit,Read,None,Edit
0016g00001AOWgCAAX,005Px00000BnqaDIAR,E&I CSM,Edit,Read,None,Edit
0016g00001AOWgcAAH,005Px00000Bnl4HIAR,PI CSM,Edit,Read,None,Edit
0016g00001AOWhFAAX,005Px00000BnqaDIAR,E&I CSM,Edit,Read,None,Edit
0016g00001AOWhpAAH,005Px00000Bnl4HIAR,PI CSM,Edit,Read,None,Edit
0016g00001AOWiOAAX,005Px00000Bnl4HIAR,PI CSM,Edit,Read,None,Edit
0016g00001AOWiTAAX,005Px00000Bnl4HIAR,PI CSM,Edit,Read,None,Edit
0016g00001AOWk8AAH,005Px00000Bnl4HIAR,PI CSM,Edit,Read,None,Edit
0016g00001AOWkjAAH,005Px00000Bnl4HIAR,PI CSM,Edit,Read,None,Edit
0016g00001AOWkjAAH,005Px00000BnqaDIAR,E&I CSM,Edit,Read,None,Edit
0016g00001AOWkkAAH,005Px00000BnqaDIAR,E&I CSM,Edit,Read,None,Edit
0016g00001AOWnaAAH,005Px00000BnqaDIAR,E&I CSM,Edit,Read,None,Edit
0016g00001AOWnyAAH,005Px00000BnqaDIAR,E&I CSM,Edit,Read,None,Edit
0016g00001AOWv7AAH,005Px00000Bnj46IAB,Law.com CSM,Edit,Read,None,Edit
0016g00001AOWv7AAH,005Px00000Bnl4HIAR,PI CSM,Edit,Read,None,Edit
0016g00001AOWvzAAH,005Px00000Bnl4HIAR,PI CSM,Edit,Read,None,Edit
0016g00001AOWwEAAX,005Px00000Bnl4HIAR,PI CSM,Edit,Read,None,Edit
0016g00001AOWxiAAH,005Px00000BnqaDIAR,E&I CSM,Edit,Read,None,Edit
0016g00001AOX2UAAX,005Px00000Bnl4HIAR,PI CSM,Edit,Read,None,Edit
0016g00001AOX2dAAH,005Px00000BnqaDIAR,E&I CSM,Edit,Read,None,Edit
0016g00001AOX3wAAH,005Px00000BnqaDIAR,E&I CSM,Edit,Read,None,Edit
0016g00001AOX4GAAX,005Px00000Bnl4HIAR,PI CSM,Edit,Read,None,Edit
0016g00001AOX5lAAH,005Px00000Bnl4HIAR,PI CSM,Edit,Read,None,Edit
0016g00001AOX5nAAH,005Px00000BnqaDIAR,E&I CSM,Edit,Read,None,Edit
0016g00001AOX8mAAH,005Px00000Bnl4HIAR,PI CSM,Edit,Read,None,Edit
0016g00001AOX9DAAX,005Px00000BnqaDIAR,E&I CSM,Edit,Read,None,Edit
0016g00001AOX9PAAX,005Px00000Bnl4HIAR,PI CSM,Edit,Read,None,Edit
0016g00001AOX9TAAX,005Px00000Bnl4HIAR,PI CSM,Edit,Read,None,Edit
0016g00001AOX9aAAH,005Px00000Bnl4HIAR,PI CSM,Edit,Read,None,Edit
0016g00001AOXAHAA5,005Px00000Bnl4HIAR,PI CSM,Edit,Read,None,Edit
0016g00001AOXE9AAP,005Px00000BnqaDIAR,E&I CSM,Edit,Read,None,Edit
0016g00001AOXELAA5,005Px00000BnqaDIAR,E&I CSM,Edit,Read,None,Edit
0016g00001AOXGaAAP,005Px00000Bnl4HIAR,PI CSM,Edit,Read,None,Edit
0016g00001AOXGoAAP,005Px00000Bnl4HIAR,PI CSM,Edit,Read,None,Edit
0016g00001AOXHEAA5,005Px00000BnqaDIAR,E&I CSM,Edit,Read,None,Edit
0016g00001AOXIcAAP,005Px00000BnqaDIAR,E&I CSM,Edit,Read,None,Edit
0016g00001AOXIxAAP,005Px00000BnqaDIAR,E&I CSM,Edit,Read,None,Edit
0016g00001AOXJQAA5,005Px00000Bnl4HIAR,PI CSM,Edit,Read,None,Edit
0016g00001AOXKaAAP,005Px00000Bnl4HIAR,PI CSM,Edit,Read,None,Edit
0016g00001AOXKgAAP,005Px00000Bnl4HIAR,PI CSM,Edit,Read,None,Edit
0016g00001AOXKqAAP,005Px00000BnqaDIAR,E&I CSM,Edit,Read,None,Edit
0016g00001AOXLOAA5,005Px00000Bnl4HIAR,PI CSM,Edit,Read,None,Edit
0016g00001AOXMgAAP,005Px00000BnqaDIAR,E&I CSM,Edit,Read,None,Edit
0016g00001AOXNSAA5,005Px00000Bnl4HIAR,PI CSM,Edit,Read,None,Edit
0016g00001AOXR1AAP,005Px00000BnqaDIAR,E&I CSM,Edit,Read,None,Edit
0016g00001AOXRxAAP,005Px00000BnqaDIAR,E&I CSM,Edit,Read,None,Edit
0016g00001AOXUSAA5,005Px00000Bnl4HIAR,PI CSM,Edit,Read,None,Edit
0016g00001AOXXRAA5,005Px00000Bnl4HIAR,PI CSM,Edit,Read,None,Edit
0016g00001AOXXqAAP,005Px00000Bnl4HIAR,PI CSM,Edit,Read,None,Edit
0016g00001AOXXqAAP,005Px00000BnqaDIAR,E&I CSM,Edit,Read,None,Edit
0016g00001AOXbCAAX,005Px00000Bnl4HIAR,PI CSM,Edit,Read,None,Edit
0016g00001AOXcmAAH,005Px00000Bnl4HIAR,PI CSM,Edit,Read,None,Edit
0016g00001AOXfUAAX,005Px00000Bnl4HIAR,PI CSM,Edit,Read,None,Edit
0016g00001AOXldAAH,005Px00000BnqaDIAR,E&I CSM,Edit,Read,None,Edit
0016g00001AOXnVAAX,005Px00000BnqaDIAR,E&I CSM,Edit,Read,None,Edit
0016g00001AOXofAAH,005Px00000BnqaDIAR,E&I CSM,Edit,Read,None,Edit
0016g00001AOXpnAAH,005Px00000Bnl4HIAR,PI CSM,Edit,Read,None,Edit
0016g00001AOXueAAH,005Px00000Bnl4HIAR,PI CSM,Edit,Read,None,Edit
0016g00001AOXvAAAX,005Px00000Bnl4HIAR,PI CSM,Edit,Read,None,Edit
0016g00001AOXvgAAH,005Px00000BnqaDIAR,E&I CSM,Edit,Read,None,Edit
0016g00001AOXxJAAX,005Px00000Bnj46IAB,Law.com CSM,Edit,Read,None,Edit
0016g00001AOXxJAAX,005Px00000Bnl4HIAR,PI CSM,Edit,Read,None,Edit
0016g00001AOXyqAAH,005Px00000BnqaDIAR,E&I CSM,Edit,Read,None,Edit
0016g00001AOY7DAAX,005Px00000Bnl4HIAR,PI CSM,Edit,Read,None,Edit
0016g00001AOY7PAAX,005Px00000Bnl4HIAR,PI CSM,Edit,Read,None,Edit
0016g00001AOYAqAAP,005Px00000Bnl4HIAR,PI CSM,Edit,Read,None,Edit
0016g00001AOYGrAAP,005Px00000Bnl4HIAR,PI CSM,Edit,Read,None,Edit
0016g00001AOYI7AAP,005Px00000Bnl4HIAR,PI CSM,Edit,Read,None,Edit
0016g00001AOYIIAA5,005Px00000Bnl4HIAR,PI CSM,Edit,Read,None,Edit
0016g00001AOYOhAAP,005Px00000Bnl4HIAR,PI CSM,Edit,Read,None,Edit
0016g00001AOYTEAA5,005Px00000Bnl4HIAR,PI CSM,Edit,Read,None,Edit
0016g00001AOYTEAA5,005Px00000BnqaDIAR,E&I CSM,Edit,Read,None,Edit
0016g00001AOYUJAA5,005Px00000Bnl4HIAR,PI CSM,Edit,Read,None,Edit
0016g00001AOYUsAAP,005Px00000BnqaDIAR,E&I CSM,Edit,Read,None,Edit
0016g00001AOYXTAA5,005Px00000BnqaDIAR,E&I CSM,Edit,Read,None,Edit
0016g00001AOYXgAAP,005Px00000Bnl4HIAR,PI CSM,Edit,Read,None,Edit
0016g00001AOYZGAA5,005Px00000Bnl4HIAR,PI CSM,Edit,Read,None,Edit
0016g00001AOYZNAA5,005Px00000Bnl4HIAR,PI CSM,Edit,Read,None,Edit
0016g00001AOYZmAAP,005Px00000Bnl4HIAR,PI CSM,Edit,Read,None,Edit
0016g00001AOYa1AAH,005Px00000Bnl4HIAR,PI CSM,Edit,Read,None,Edit
0016g00001AOYa1AAH,005Px00000BnqaDIAR,E&I CSM,Edit,Read,None,Edit
0016g00001AOYb0AAH,005Px00000Bnl4HIAR,PI CSM,Edit,Read,None,Edit
0016g00001AOYcyAAH,005Px00000Bnl4HIAR,PI CSM,Edit,Read,None,Edit
0016g00001AOYf8AAH,005Px00000BnqaDIAR,E&I CSM,Edit,Read,None,Edit
0016g00001AOYfdAAH,005Px00000Bnl4HIAR,PI CSM,Edit,Read,None,Edit
0016g00001AOYiXAAX,005Px00000Bnl4HIAR,PI CSM,Edit,Read,None,Edit
0016g00001AOYiyAAH,005Px00000BnqaDIAR,E&I CSM,Edit,Read,None,Edit
0016g00001AOYj8AAH,005Px00000Bnl4HIAR,PI CSM,Edit,Read,None,Edit
0016g00001AOYkIAAX,005Px00000Bnl4HIAR,PI CSM,Edit,Read,None,Edit
0016g00001AOYkMAAX,005Px00000BnqaDIAR,E&I CSM,Edit,Read,None,Edit
0016g00001AOYmSAAX,005Px00000Bnl4HIAR,PI CSM,Edit,Read,None,Edit
0016g00001AOYnVAAX,005Px00000Bnl4HIAR,PI CSM,Edit,Read,None,Edit
0016g00001AOYrdAAH,005Px00000Bnl4HIAR,PI CSM,Edit,Read,None,Edit
0016g00001AOYstAAH,005Px00000Bnl4HIAR,PI CSM,Edit,Read,None,Edit
0016g00001AOYtUAAX,005Px00000Bnl4HIAR,PI CSM,Edit,Read,None,Edit
0016g00001AOYxAAAX,005Px00000BnqaDIAR,E&I CSM,Edit,Read,None,Edit
0016g00001AOYyfAAH,005Px00000BnqaDIAR,E&I CSM,Edit,Read,None,Edit
0016g00001AOZ2cAAH,005Px00000Bnl4HIAR,PI CSM,Edit,Read,None,Edit
0016g00001AOZ3vAAH,005Px00000Bnl4HIAR,PI CSM,Edit,Read,None,Edit
0016g00001AOZ3xAAH,005Px00000BnqaDIAR,E&I CSM,Edit,Read,None,Edit
0016g00001AOZ54AAH,005Px00000BnqaDIAR,E&I CSM,Edit,Read,None,Edit
0016g00001AOZ5PAAX,005Px00000Bnl4HIAR,PI CSM,Edit,Read,None,Edit
0016g00001AOZ5PAAX,005Px00000BnqaDIAR,E&I CSM,Edit,Read,None,Edit
0016g00001AOZ5iAAH,005Px00000Bnl4HIAR,PI CSM,Edit,Read,None,Edit
0016g00001AOZ82AAH,005Px00000Bnl4HIAR,PI CSM,Edit,Read,None,Edit
0016g00001AOZ8CAAX,005Px00000BnqaDIAR,E&I CSM,Edit,Read,None,Edit
0016g00001AOZ8OAAX,005Px00000Bnl4HIAR,PI CSM,Edit,Read,None,Edit
0016g00001AOZ8gAAH,005Px00000Bnl4HIAR,PI CSM,Edit,Read,None,Edit
0016g00001AOZ95AAH,005Px00000BnqaDIAR,E&I CSM,Edit,Read,None,Edit
0016g00001AOZ9OAAX,005Px00000Bnl4HIAR,PI CSM,Edit,Read,None,Edit
0016g00001AOZ9OAAX,005Px00000BnqaDIAR,E&I CSM,Edit,Read,None,Edit
0016g00001AOZAjAAP,005Px00000BnqaDIAR,E&I CSM,Edit,Read,None,Edit
0016g00001AOZBYAA5,005Px00000Bnl4HIAR,PI CSM,Edit,Read,None,Edit
0016g00001AOZEBAA5,005Px00000BnqaDIAR,E&I CSM,Edit,Read,None,Edit
0016g00001AOZHVAA5,005Px00000Bnl4HIAR,PI CSM,Edit,Read,None,Edit
0016g00001AOZHtAAP,005Px00000BnqaDIAR,E&I CSM,Edit,Read,None,Edit
0016g00001AOZKCAA5,005Px00000BnqaDIAR,E&I CSM,Edit,Read,None,Edit
0016g00001AOZKpAAP,005Px00000BnqaDIAR,E&I CSM,Edit,Read,None,Edit
0016g00001AOZMHAA5,005Px00000Bnl4HIAR,PI CSM,Edit,Read,None,Edit
0016g00001AOZMVAA5,005Px00000Bnl4HIAR,PI CSM,Edit,Read,None,Edit
0016g00001AOZQhAAP,005Px00000BnqaDIAR,E&I CSM,Edit,Read,None,Edit
0016g00001AOZT1AAP,005Px00000BnqaDIAR,E&I CSM,Edit,Read,None,Edit
0016g00001AOZVYAA5,005Px00000BnqaDIAR,E&I CSM,Edit,Read,None,Edit
0016g00001AOZW6AAP,005Px00000BnqaDIAR,E&I CSM,Edit,Read,None,Edit
0016g00001AOZXvAAP,005Px00000Bnl4HIAR,PI CSM,Edit,Read,None,Edit
0016g00001AOZXvAAP,005Px00000BnqaDIAR,E&I CSM,Edit,Read,None,Edit
0016g00001AOZarAAH,005Px00000Bnl4HIAR,PI CSM,Edit,Read,None,Edit
0016g00001AOZbZAAX,005Px00000Bnl4HIAR,PI CSM,Edit,Read,None,Edit
0016g00001AOZhnAAH,005Px00000Bnl4HIAR,PI CSM,Edit,Read,None,Edit
0016g00001AOZiOAAX,005Px00000Bnl4HIAR,PI CSM,Edit,Read,None,Edit
0016g00001AOZiTAAX,005Px00000Bnl4HIAR,PI CSM,Edit,Read,None,Edit
0016g00001AOZicAAH,005Px00000Bnl4HIAR,PI CSM,Edit,Read,None,Edit
0016g00001AOZkhAAH,005Px00000Bnl4HIAR,PI CSM,Edit,Read,None,Edit
0016g00001AOZlXAAX,005Px00000Bnl4HIAR,PI CSM,Edit,Read,None,Edit
0016g00001AOZnHAAX,005Px00000Bnl4HIAR,PI CSM,Edit,Read,None,Edit
0016g00001AOZozAAH,005Px00000BnqaDIAR,E&I CSM,Edit,Read,None,Edit
0016g00001AOZpEAAX,005Px00000Bnl4HIAR,PI CSM,Edit,Read,None,Edit
0016g00001AOZw3AAH,005Px00000Bnl4HIAR,PI CSM,Edit,Read,None,Edit
0016g00001AOZxSAAX,005Px00000Bnl4HIAR,PI CSM,Edit,Read,None,Edit
0016g00001AOa03AAD,005Px00000Bnl4HIAR,PI CSM,Edit,Read,None,Edit
0016g00001AOa33AAD,005Px00000Bnl4HIAR,PI CSM,Edit,Read,None,Edit
0016g00001AOa3eAAD,005Px00000Bnl4HIAR,PI CSM,Edit,Read,None,Edit
0016g00001AOa5GAAT,005Px00000Bnl4HIAR,PI CSM,Edit,Read,None,Edit
0016g00001AOa8wAAD,005Px00000Bnj46IAB,Law.com CSM,Edit,Read,None,Edit
0016g00001AOaA9AAL,005Px00000Bnl4HIAR,PI CSM,Edit,Read,None,Edit
0016g00001AOaCZAA1,005Px00000Bnl4HIAR,PI CSM,Edit,Read,None,Edit
0016g00001AOaCZAA1,005Px00000BnqaDIAR,E&I CSM,Edit,Read,None,Edit
0016g00001AOaCnAAL,005Px00000Bnl4HIAR,PI CSM,Edit,Read,None,Edit
0016g00001AOaE1AAL,005Px00000Bnl4HIAR,PI CSM,Edit,Read,None,Edit
0016g00001AOaE2AAL,005Px00000BnqaDIAR,E&I CSM,Edit,Read,None,Edit
0016g00001AOaGTAA1,005Px00000Bnl4HIAR,PI CSM,Edit,Read,None,Edit
0016g00001AOaGTAA1,005Px00000BnqaDIAR,E&I CSM,Edit,Read,None,Edit
0016g00001AOaGfAAL,005Px00000Bnl4HIAR,PI CSM,Edit,Read,None,Edit
0016g00001AOaHoAAL,005Px00000Bnl4HIAR,PI CSM,Edit,Read,None,Edit
0016g00001AOaJsAAL,005Px00000Bnl4HIAR,PI CSM,Edit,Read,None,Edit
0016g00001AOaKGAA1,005Px00000Bnl4HIAR,PI CSM,Edit,Read,None,Edit
0016g00001AOaLIAA1,005Px00000Bnl4HIAR,PI CSM,Edit,Read,None,Edit
0016g00001AOaLhAAL,005Px00000Bnl4HIAR,PI CSM,Edit,Read,None,Edit
0016g00001AOaNYAA1,005Px00000Bnl4HIAR,PI CSM,Edit,Read,None,Edit
0016g00001AOaNaAAL,005Px00000Bnl4HIAR,PI CSM,Edit,Read,None,Edit
0016g00001AOaNaAAL,005Px00000BnqaDIAR,E&I CSM,Edit,Read,None,Edit
0016g00001AOaOqAAL,005Px00000Bnl4HIAR,PI CSM,Edit,Read,None,Edit
0016g00001AOaQXAA1,005Px00000Bnl4HIAR,PI CSM,Edit,Read,None,Edit
0016g00001AOaQkAAL,005Px00000Bnl4HIAR,PI CSM,Edit,Read,None,Edit
0016g00001AOaRcAAL,005Px00000Bnl4HIAR,PI CSM,Edit,Read,None,Edit
0016g00001AOaSIAA1,005Px00000BnqaDIAR,E&I CSM,Edit,Read,None,Edit
0016g00001AOaWWAA1,005Px00000BnqaDIAR,E&I CSM,Edit,Read,None,Edit
0016g00001AOaWeAAL,005Px00000Bnl4HIAR,PI CSM,Edit,Read,None,Edit
0016g00001AOaY0AAL,005Px00000BnqaDIAR,E&I CSM,Edit,Read,None,Edit
0016g00001AOaYtAAL,005Px00000BnqaDIAR,E&I CSM,Edit,Read,None,Edit
0016g00001AOaZvAAL,005Px00000BnqaDIAR,E&I CSM,Edit,Read,None,Edit
0016g00001AOaaNAAT,005Px00000BnqaDIAR,E&I CSM,Edit,Read,None,Edit
0016g00001AOabcAAD,005Px00000Bnl4HIAR,PI CSM,Edit,Read,None,Edit
0016g00001AOadgAAD,005Px00000Bnl4HIAR,PI CSM,Edit,Read,None,Edit
0016g00001AOahxAAD,005Px00000Bnl4HIAR,PI CSM,Edit,Read,None,Edit
0016g00001AOajgAAD,005Px00000Bnl4HIAR,PI CSM,Edit,Read,None,Edit
0016g00001AOak3AAD,005Px00000Bnl4HIAR,PI CSM,Edit,Read,None,Edit
0016g00001AOatgAAD,005Px00000Bnl4HIAR,PI CSM,Edit,Read,None,Edit
0016g00001AOauKAAT,005Px00000BnqaDIAR,E&I CSM,Edit,Read,None,Edit
0016g00001AOauUAAT,005Px00000BnqaDIAR,E&I CSM,Edit,Read,None,Edit
0016g00001AOauuAAD,005Px00000Bnl4HIAR,PI CSM,Edit,Read,None,Edit
0016g00001AOav7AAD,005Px00000Bnl4HIAR,PI CSM,Edit,Read,None,Edit
0016g00001AOaw7AAD,005Px00000Bnl4HIAR,PI CSM,Edit,Read,None,Edit
0016g00001AOaxuAAD,005Px00000BnqaDIAR,E&I CSM,Edit,Read,None,Edit
0016g00001AOb18AAD,005Px00000Bnl4HIAR,PI CSM,Edit,Read,None,Edit
0016g00001AOb3bAAD,005Px00000Bnl4HIAR,PI CSM,Edit,Read,None,Edit
0016g00001AOb5LAAT,005Px00000Bnl4HIAR,PI CSM,Edit,Read,None,Edit
0016g00001AOb7NAAT,005Px00000Bnl4HIAR,PI CSM,Edit,Read,None,Edit
0016g00001AObAnAAL,005Px00000BnqaDIAR,E&I CSM,Edit,Read,None,Edit
0016g00001AObDpAAL,005Px00000Bnj46IAB,Law.com CSM,Edit,Read,None,Edit
0016g00001AObFQAA1,005Px00000Bnl4HIAR,PI CSM,Edit,Read,None,Edit
0016g00001AObJlAAL,005Px00000BnqaDIAR,E&I CSM,Edit,Read,None,Edit
0016g00001AObKWAA1,005Px00000Bnl4HIAR,PI CSM,Edit,Read,None,Edit
0016g00001AObMbAAL,005Px00000BnqaDIAR,E&I CSM,Edit,Read,None,Edit
0016g00001AObNXAA1,005Px00000Bnl4HIAR,PI CSM,Edit,Read,None,Edit
0016g00001AObXxAAL,005Px00000Bnl4HIAR,PI CSM,Edit,Read,None,Edit
0016g00001AObaiAAD,005Px00000Bnl4HIAR,PI CSM,Edit,Read,None,Edit
0016g00001AObbSAAT,005Px00000Bnl4HIAR,PI CSM,Edit,Read,None,Edit
0016g00001AObdVAAT,005Px00000Bnl4HIAR,PI CSM,Edit,Read,None,Edit
0016g00001AObgnAAD,005Px00000Bnl4HIAR,PI CSM,Edit,Read,None,Edit
0016g00001AObhhAAD,005Px00000Bnj46IAB,Law.com CSM,Edit,Read,None,Edit
0016g00001AObhuAAD,005Px00000Bnl4HIAR,PI CSM,Edit,Read,None,Edit
0016g00001AObrKAAT,005Px00000Bnl4HIAR,PI CSM,Edit,Read,None,Edit
0016g00001AOc9AAAT,005Px00000Bnl4HIAR,PI CSM,Edit,Read,None,Edit
0016g00001AOcFfAAL,005Px00000Bnl4HIAR,PI CSM,Edit,Read,None,Edit
0016g00001AOcFuAAL,005Px00000Bnl4HIAR,PI CSM,Edit,Read,None,Edit
0016g00001AOcLbAAL,005Px00000BnqaDIAR,E&I CSM,Edit,Read,None,Edit
0016g00001AOcMmAAL,005Px00000Bnl4HIAR,PI CSM,Edit,Read,None,Edit
0016g00001AOcOuAAL,005Px00000BnqaDIAR,E&I CSM,Edit,Read,None,Edit
0016g00001AOcPvAAL,005Px00000BnqaDIAR,E&I CSM,Edit,Read,None,Edit
0016g00001AOcSxAAL,005Px00000Bnl4HIAR,PI CSM,Edit,Read,None,Edit
0016g00001AOcTZAA1,005Px00000BnqaDIAR,E&I CSM,Edit,Read,None,Edit
0016g00001AOcUKAA1,005Px00000Bnl4HIAR,PI CSM,Edit,Read,None,Edit
0016g00001AOcUKAA1,005Px00000BnqaDIAR,E&I CSM,Edit,Read,None,Edit
0016g00001AOcVRAA1,005Px00000BnqaDIAR,E&I CSM,Edit,Read,None,Edit
0016g00001AOcVgAAL,005Px00000Bnl4HIAR,PI CSM,Edit,Read,None,Edit
0016g00001AOcWAAA1,005Px00000BnqaDIAR,E&I CSM,Edit,Read,None,Edit
0016g00001AOcWYAA1,005Px00000BnqaDIAR,E&I CSM,Edit,Read,None,Edit
0016g00001AOcYpAAL,005Px00000BnqaDIAR,E&I CSM,Edit,Read,None,Edit
0016g00001AOcYxAAL,005Px00000BnqaDIAR,E&I CSM,Edit,Read,None,Edit
0016g00001AOcZWAA1,005Px00000BnqaDIAR,E&I CSM,Edit,Read,None,Edit
0016g00001AOccaAAD,005Px00000BnqaDIAR,E&I CSM,Edit,Read,None,Edit
0016g00001AOch2AAD,005Px00000BnqaDIAR,E&I CSM,Edit,Read,None,Edit
0016g00001AOcljAAD,005Px00000Bnl4HIAR,PI CSM,Edit,Read,None,Edit
0016g00001AOcoTAAT,005Px00000BnqaDIAR,E&I CSM,Edit,Read,None,Edit
0016g00001AOcp9AAD,005Px00000Bnl4HIAR,PI CSM,Edit,Read,None,Edit
0016g00001AOcprAAD,005Px00000Bnl4HIAR,PI CSM,Edit,Read,None,Edit
0016g00001AOcqKAAT,005Px00000Bnl4HIAR,PI CSM,Edit,Read,None,Edit
0016g00001AOcqNAAT,005Px00000BnqaDIAR,E&I CSM,Edit,Read,None,Edit
0016g00001AOct9AAD,005Px00000BnqaDIAR,E&I CSM,Edit,Read,None,Edit
0016g00001AOcueAAD,005Px00000Bnl4HIAR,PI CSM,Edit,Read,None,Edit
0016g00001AOcw5AAD,005Px00000Bnl4HIAR,PI CSM,Edit,Read,None,Edit
0016g00001AOcxOAAT,005Px00000Bnl4HIAR,PI CSM,Edit,Read,None,Edit
0016g00001AOd0EAAT,005Px00000Bnl4HIAR,PI CSM,Edit,Read,None,Edit
0016g00001AOd6fAAD,005Px00000Bnl4HIAR,PI CSM,Edit,Read,None,Edit
0016g00001AOd6wAAD,005Px00000Bnl4HIAR,PI CSM,Edit,Read,None,Edit
0016g00001AOd7NAAT,005Px00000Bnl4HIAR,PI CSM,Edit,Read,None,Edit
0016g00001AOdECAA1,005Px00000Bnl4HIAR,PI CSM,Edit,Read,None,Edit
0016g00001AOdEPAA1,005Px00000Bnl4HIAR,PI CSM,Edit,Read,None,Edit
0016g00001AOdIcAAL,005Px00000Bnl4HIAR,PI CSM,Edit,Read,None,Edit
0016g00001AOdJtAAL,005Px00000BnqaDIAR,E&I CSM,Edit,Read,None,Edit
0016g00001AOdL6AAL,005Px00000BnqaDIAR,E&I CSM,Edit,Read,None,Edit
0016g00001AOdLTAA1,005Px00000Bnl4HIAR,PI CSM,Edit,Read,None,Edit
0016g00001AOdM7AAL,005Px00000BnqaDIAR,E&I CSM,Edit,Read,None,Edit
0016g00001AOdOcAAL,005Px00000BnqaDIAR,E&I CSM,Edit,Read,None,Edit
0016g00001AOdQNAA1,005Px00000BnqaDIAR,E&I CSM,Edit,Read,None,Edit
0016g00001AOdTwAAL,005Px00000BnqaDIAR,E&I CSM,Edit,Read,None,Edit
0016g00001AOdUpAAL,005Px00000Bnl4HIAR,PI CSM,Edit,Read,None,Edit
0016g00001AOdV2AAL,005Px00000BnqaDIAR,E&I CSM,Edit,Read,None,Edit
0016g00001AOdZHAA1,005Px00000Bnl4HIAR,PI CSM,Edit,Read,None,Edit
0016g00001AOdZiAAL,005Px00000BnqaDIAR,E&I CSM,Edit,Read,None,Edit
0016g00001AOda8AAD,005Px00000Bnl4HIAR,PI CSM,Edit,Read,None,Edit
0016g00001AOda8AAD,005Px00000BnqaDIAR,E&I CSM,Edit,Read,None,Edit
0016g00001AOdabAAD,005Px00000Bnl4HIAR,PI CSM,Edit,Read,None,Edit
0016g00001AOdabAAD,005Px00000BnqaDIAR,E&I CSM,Edit,Read,None,Edit
0016g00001AOdeLAAT,005Px00000BnqaDIAR,E&I CSM,Edit,Read,None,Edit
0016g00001AOdk0AAD,005Px00000BnqaDIAR,E&I CSM,Edit,Read,None,Edit
0016g00001AOdlAAAT,005Px00000BnqaDIAR,E&I CSM,Edit,Read,None,Edit
0016g00001AOdoTAAT,005Px00000BnqaDIAR,E&I CSM,Edit,Read,None,Edit
0016g00001AOdoeAAD,005Px00000Bnl4HIAR,PI CSM,Edit,Read,None,Edit
0016g00001AOdtAAAT,005Px00000Bnl4HIAR,PI CSM,Edit,Read,None,Edit
0016g00001AOdufAAD,005Px00000BnqaDIAR,E&I CSM,Edit,Read,None,Edit
0016g00001AOdwaAAD,005Px00000Bnl4HIAR,PI CSM,Edit,Read,None,Edit
0016g00001AOdwmAAD,005Px00000BnqaDIAR,E&I CSM,Edit,Read,None,Edit
0016g00001AOdxwAAD,005Px00000Bnl4HIAR,PI CSM,Edit,Read,None,Edit
0016g00001AOdzPAAT,005Px00000Bnl4HIAR,PI CSM,Edit,Read,None,Edit
0016g00001AOe0CAAT,005Px00000Bnl4HIAR,PI CSM,Edit,Read,None,Edit
0016g00001AOe2YAAT,005Px00000Bnl4HIAR,PI CSM,Edit,Read,None,Edit
0016g00001AOe2cAAD,005Px00000Bnl4HIAR,PI CSM,Edit,Read,None,Edit
0016g00001AOe57AAD,005Px00000Bnl4HIAR,PI CSM,Edit,Read,None,Edit
0016g00001AOe58AAD,005Px00000Bnl4HIAR,PI CSM,Edit,Read,None,Edit
0016g00001AOe5lAAD,005Px00000Bnl4HIAR,PI CSM,Edit,Read,None,Edit
0016g00001AOeFMAA1,005Px00000Bnl4HIAR,PI CSM,Edit,Read,None,Edit
0016g00001AOeFmAAL,005Px00000Bnl4HIAR,PI CSM,Edit,Read,None,Edit
0016g00001AOeGVAA1,005Px00000BnqaDIAR,E&I CSM,Edit,Read,None,Edit
0016g00001AOeI0AAL,005Px00000Bnl4HIAR,PI CSM,Edit,Read,None,Edit
0016g00001AOeIAAA1,005Px00000Bnl4HIAR,PI CSM,Edit,Read,None,Edit
0016g00001AOeKsAAL,005Px00000Bnl4HIAR,PI CSM,Edit,Read,None,Edit
0016g00001AOePbAAL,005Px00000Bnl4HIAR,PI CSM,Edit,Read,None,Edit
0016g00001AOePdAAL,005Px00000Bnl4HIAR,PI CSM,Edit,Read,None,Edit
0016g00001AOeQ1AAL,005Px00000Bnl4HIAR,PI CSM,Edit,Read,None,Edit
0016g00001AOeQ9AAL,005Px00000Bnl4HIAR,PI CSM,Edit,Read,None,Edit
0016g00001AOeRaAAL,005Px00000Bnl4HIAR,PI CSM,Edit,Read,None,Edit
0016g00001AOeT4AAL,005Px00000Bnl4HIAR,PI CSM,Edit,Read,None,Edit
0016g00001AOeUQAA1,005Px00000Bnl4HIAR,PI CSM,Edit,Read,None,Edit
0016g00001AOeUTAA1,005Px00000Bnl4HIAR,PI CSM,Edit,Read,None,Edit
0016g00001AOeVGAA1,005Px00000BnqaDIAR,E&I CSM,Edit,Read,None,Edit
0016g00001AOeWJAA1,005Px00000Bnl4HIAR,PI CSM,Edit,Read,None,Edit
0016g00001AOeY9AAL,005Px00000Bnl4HIAR,PI CSM,Edit,Read,None,Edit
0016g00001AOeYSAA1,005Px00000Bnl4HIAR,PI CSM,Edit,Read,None,Edit
0016g00001AOeZXAA1,005Px00000Bnl4HIAR,PI CSM,Edit,Read,None,Edit
0016g00001AOea5AAD,005Px00000Bnl4HIAR,PI CSM,Edit,Read,None,Edit
0016g00001AOecvAAD,005Px00000Bnl4HIAR,PI CSM,Edit,Read,None,Edit
0016g00001AOedmAAD,005Px00000Bnl4HIAR,PI CSM,Edit,Read,None,Edit
0016g00001AOeeiAAD,005Px00000Bnl4HIAR,PI CSM,Edit,Read,None,Edit
0016g00001AOef1AAD,005Px00000BnqaDIAR,E&I CSM,Edit,Read,None,Edit
0016g00001AOehHAAT,005Px00000BnqaDIAR,E&I CSM,Edit,Read,None,Edit
0016g00001AOehvAAD,005Px00000Bnl4HIAR,PI CSM,Edit,Read,None,Edit
0016g00001AOel1AAD,005Px00000Bnl4HIAR,PI CSM,Edit,Read,None,Edit
0016g00001AOel4AAD,005Px00000Bnj46IAB,Law.com CSM,Edit,Read,None,Edit
0016g00001AOelaAAD,005Px00000Bnl4HIAR,PI CSM,Edit,Read,None,Edit
0016g00001AOeqeAAD,005Px00000Bnl4HIAR,PI CSM,Edit,Read,None,Edit
0016g00001AOerrAAD,005Px00000BnqaDIAR,E&I CSM,Edit,Read,None,Edit
0016g00001AOeryAAD,005Px00000BnqaDIAR,E&I CSM,Edit,Read,None,Edit
0016g00001AOetsAAD,005Px00000Bnl4HIAR,PI CSM,Edit,Read,None,Edit
0016g00001AOevUAAT,005Px00000Bnl4HIAR,PI CSM,Edit,Read,None,Edit
0016g00001AOeyCAAT,005Px00000BnqaDIAR,E&I CSM,Edit,Read,None,Edit
0016g00001AOeyoAAD,005Px00000BnqaDIAR,E&I CSM,Edit,Read,None,Edit
0016g00001AOezYAAT,005Px00000Bnj46IAB,Law.com CSM,Edit,Read,None,Edit
0016g00001AOezhAAD,005Px00000BnqaDIAR,E&I CSM,Edit,Read,None,Edit
0016g00001AOf2DAAT,005Px00000BnqaDIAR,E&I CSM,Edit,Read,None,Edit
0016g00001AOf37AAD,005Px00000Bnl4HIAR,PI CSM,Edit,Read,None,Edit
0016g00001AOf37AAD,005Px00000BnqaDIAR,E&I CSM,Edit,Read,None,Edit
0016g00001AOf4YAAT,005Px00000BnqaDIAR,E&I CSM,Edit,Read,None,Edit
0016g00001AOf5BAAT,005Px00000BnqaDIAR,E&I CSM,Edit,Read,None,Edit
0016g00001AOf5FAAT,005Px00000Bnl4HIAR,PI CSM,Edit,Read,None,Edit
0016g00001AOf5FAAT,005Px00000BnqaDIAR,E&I CSM,Edit,Read,None,Edit
0016g00001AOf6DAAT,005Px00000Bnl4HIAR,PI CSM,Edit,Read,None,Edit
0016g00001AOf6DAAT,005Px00000BnqaDIAR,E&I CSM,Edit,Read,None,Edit
0016g00001AOf6VAAT,005Px00000BnqaDIAR,E&I CSM,Edit,Read,None,Edit
0016g00001AOf7RAAT,005Px00000Bnl4HIAR,PI CSM,Edit,Read,None,Edit
0016g00001AOf8DAAT,005Px00000Bnl4HIAR,PI CSM,Edit,Read,None,Edit
0016g00001AOfA3AAL,005Px00000Bnl4HIAR,PI CSM,Edit,Read,None,Edit
0016g00001AOfA3AAL,005Px00000BnqaDIAR,E&I CSM,Edit,Read,None,Edit
0016g00001AOfAvAAL,005Px00000Bnl4HIAR,PI CSM,Edit,Read,None,Edit
0016g00001AOfCAAA1,005Px00000BnqaDIAR,E&I CSM,Edit,Read,None,Edit
0016g00001AOfCbAAL,005Px00000BnqaDIAR,E&I CSM,Edit,Read,None,Edit
0016g00001AOfDqAAL,005Px00000BnqaDIAR,E&I CSM,Edit,Read,None,Edit
0016g00001AOfEyAAL,005Px00000BnqaDIAR,E&I CSM,Edit,Read,None,Edit
0016g00001AOfGnAAL,005Px00000Bnl4HIAR,PI CSM,Edit,Read,None,Edit
0016g00001AOfILAA1,005Px00000BnqaDIAR,E&I CSM,Edit,Read,None,Edit
0016g00001AOfIYAA1,005Px00000Bnl4HIAR,PI CSM,Edit,Read,None,Edit
0016g00001AOfIrAAL,005Px00000BnqaDIAR,E&I CSM,Edit,Read,None,Edit
0016g00001AOfKtAAL,005Px00000Bnl4HIAR,PI CSM,Edit,Read,None,Edit
0016g00001AOfLLAA1,005Px00000BnqaDIAR,E&I CSM,Edit,Read,None,Edit
0016g00001AOfOSAA1,005Px00000BnqaDIAR,E&I CSM,Edit,Read,None,Edit
0016g00001AOfQvAAL,005Px00000Bnl4HIAR,PI CSM,Edit,Read,None,Edit
0016g00001AOfRGAA1,005Px00000Bnl4HIAR,PI CSM,Edit,Read,None,Edit
0016g00001AOfRuAAL,005Px00000Bnl4HIAR,PI CSM,Edit,Read,None,Edit
0016g00001AOfS6AAL,005Px00000Bnl4HIAR,PI CSM,Edit,Read,None,Edit
0016g00001AOfVDAA1,005Px00000BnqaDIAR,E&I CSM,Edit,Read,None,Edit
0016g00001AOfVuAAL,005Px00000Bnl4HIAR,PI CSM,Edit,Read,None,Edit
0016g00001AOfWVAA1,005Px00000Bnl4HIAR,PI CSM,Edit,Read,None,Edit
0016g00001AOfXAAA1,005Px00000Bnl4HIAR,PI CSM,Edit,Read,None,Edit
0016g00001AOfXdAAL,005Px00000Bnl4HIAR,PI CSM,Edit,Read,None,Edit
0016g00001AOfXqAAL,005Px00000BnqaDIAR,E&I CSM,Edit,Read,None,Edit
0016g00001AOfZ1AAL,005Px00000Bnl4HIAR,PI CSM,Edit,Read,None,Edit
0016g00001AOfbIAAT,005Px00000BnqaDIAR,E&I CSM,Edit,Read,None,Edit
0016g00001AOfbSAAT,005Px00000Bnl4HIAR,PI CSM,Edit,Read,None,Edit
0016g00001AOffLAAT,005Px00000Bnl4HIAR,PI CSM,Edit,Read,None,Edit
0016g00001AOfgcAAD,005Px00000Bnl4HIAR,PI CSM,Edit,Read,None,Edit
0016g00001AOfgqAAD,005Px00000Bnl4HIAR,PI CSM,Edit,Read,None,Edit
0016g00001AOfh9AAD,005Px00000Bnl4HIAR,PI CSM,Edit,Read,None,Edit
0016g00001AOfh9AAD,005Px00000BnqaDIAR,E&I CSM,Edit,Read,None,Edit
0016g00001AOfhZAAT,005Px00000Bnl4HIAR,PI CSM,Edit,Read,None,Edit
0016g00001AOfiDAAT,005Px00000BnqaDIAR,E&I CSM,Edit,Read,None,Edit
0016g00001AOfk8AAD,005Px00000Bnl4HIAR,PI CSM,Edit,Read,None,Edit
0016g00001AOfkIAAT,005Px00000Bnl4HIAR,PI CSM,Edit,Read,None,Edit
0016g00001AOfmcAAD,005Px00000Bnl4HIAR,PI CSM,Edit,Read,None,Edit
0016g00001AOfmuAAD,005Px00000Bnl4HIAR,PI CSM,Edit,Read,None,Edit
0016g00001AOfnHAAT,005Px00000BnqaDIAR,E&I CSM,Edit,Read,None,Edit
0016g00001AOfo6AAD,005Px00000Bnl4HIAR,PI CSM,Edit,Read,None,Edit
0016g00001AOfo6AAD,005Px00000BnqaDIAR,E&I CSM,Edit,Read,None,Edit
0016g00001AOfoMAAT,005Px00000BnqaDIAR,E&I CSM,Edit,Read,None,Edit
0016g00001AOfpKAAT,005Px00000Bnl4HIAR,PI CSM,Edit,Read,None,Edit
0016g00001AOfpfAAD,005Px00000Bnl4HIAR,PI CSM,Edit,Read,None,Edit
0016g00001AOfshAAD,005Px00000BnqaDIAR,E&I CSM,Edit,Read,None,Edit
0016g00001AOfvDAAT,005Px00000BnqaDIAR,E&I CSM,Edit,Read,None,Edit
0016g00001AOfwdAAD,005Px00000BnqaDIAR,E&I CSM,Edit,Read,None,Edit
0016g00001AOfyPAAT,005Px00000Bnl4HIAR,PI CSM,Edit,Read,None,Edit
0016g00001AOfyPAAT,005Px00000BnqaDIAR,E&I CSM,Edit,Read,None,Edit
0016g00001AOfzlAAD,005Px00000Bnj46IAB,Law.com CSM,Edit,Read,None,Edit
0016g00001AOfzuAAD,005Px00000BnqaDIAR,E&I CSM,Edit,Read,None,Edit
0016g00001AOg0dAAD,005Px00000BnqaDIAR,E&I CSM,Edit,Read,None,Edit
0016g00001AOg11AAD,005Px00000Bnl4HIAR,PI CSM,Edit,Read,None,Edit
0016g00001AOg18AAD,005Px00000Bnl4HIAR,PI CSM,Edit,Read,None,Edit
0016g00001AOg4AAAT,005Px00000Bnl4HIAR,PI CSM,Edit,Read,None,Edit
0016g00001AOg64AAD,005Px00000Bnl4HIAR,PI CSM,Edit,Read,None,Edit
0016g00001AOg7KAAT,005Px00000BnqaDIAR,E&I CSM,Edit,Read,None,Edit
0016g00001AOg7nAAD,005Px00000Bnl4HIAR,PI CSM,Edit,Read,None,Edit
0016g00001AOg7qAAD,005Px00000BnqaDIAR,E&I CSM,Edit,Read,None,Edit
0016g00001AOg7xAAD,005Px00000Bnl4HIAR,PI CSM,Edit,Read,None,Edit
0016g00001AOg7xAAD,005Px00000BnqaDIAR,E&I CSM,Edit,Read,None,Edit
0016g00001AOgEOAA1,005Px00000Bnl4HIAR,PI CSM,Edit,Read,None,Edit
0016g00001AOgI1AAL,005Px00000Bnl4HIAR,PI CSM,Edit,Read,None,Edit
0016g00001AOgI1AAL,005Px00000BnqaDIAR,E&I CSM,Edit,Read,None,Edit
0016g00001AOgI8AAL,005Px00000BnqaDIAR,E&I CSM,Edit,Read,None,Edit
0016g00001AOgIdAAL,005Px00000Bnj46IAB,Law.com CSM,Edit,Read,None,Edit
0016g00001AOgJdAAL,005Px00000Bnl4HIAR,PI CSM,Edit,Read,None,Edit
0016g00001AOgJyAAL,005Px00000BnqaDIAR,E&I CSM,Edit,Read,None,Edit
0016g00001AOgKOAA1,005Px00000BnqaDIAR,E&I CSM,Edit,Read,None,Edit
0016g00001AOgKuAAL,005Px00000Bnl4HIAR,PI CSM,Edit,Read,None,Edit
0016g00001AOgRFAA1,005Px00000Bnj46IAB,Law.com CSM,Edit,Read,None,Edit
0016g00001AOgRFAA1,005Px00000BnqaDIAR,E&I CSM,Edit,Read,None,Edit
0016g00001AOgVoAAL,005Px00000Bnl4HIAR,PI CSM,Edit,Read,None,Edit
0016g00001AOgVoAAL,005Px00000BnqaDIAR,E&I CSM,Edit,Read,None,Edit
0016g00001AOgazAAD,005Px00000Bnj46IAB,Law.com CSM,Edit,Read,None,Edit
0016g00001AOgazAAD,005Px00000BnqaDIAR,E&I CSM,Edit,Read,None,Edit
0016g00001AOgeQAAT,005Px00000BnqaDIAR,E&I CSM,Edit,Read,None,Edit
0016g00001AOghhAAD,005Px00000Bnl4HIAR,PI CSM,Edit,Read,None,Edit
0016g00001AOgiLAAT,005Px00000Bnl4HIAR,PI CSM,Edit,Read,None,Edit
0016g00001AOgimAAD,005Px00000BnqaDIAR,E&I CSM,Edit,Read,None,Edit
0016g00001AOgisAAD,005Px00000Bnl4HIAR,PI CSM,Edit,Read,None,Edit
0016g00001AOgj5AAD,005Px00000Bnl4HIAR,PI CSM,Edit,Read,None,Edit
0016g00001AOgjOAAT,005Px00000BnqaDIAR,E&I CSM,Edit,Read,None,Edit
0016g00001AOgjTAAT,005Px00000BnqaDIAR,E&I CSM,Edit,Read,None,Edit
0016g00001AOgjeAAD,005Px00000Bnl4HIAR,PI CSM,Edit,Read,None,Edit
0016g00001AOgk6AAD,005Px00000Bnl4HIAR,PI CSM,Edit,Read,None,Edit
0016g00001AOgkoAAD,005Px00000Bnl4HIAR,PI CSM,Edit,Read,None,Edit
0016g00001AOgllAAD,005Px00000BnqaDIAR,E&I CSM,Edit,Read,None,Edit
0016g00001AOgnzAAD,005Px00000BnqaDIAR,E&I CSM,Edit,Read,None,Edit
0016g00001AOgomAAD,005Px00000Bnl4HIAR,PI CSM,Edit,Read,None,Edit
0016g00001AOgqlAAD,005Px00000Bnl4HIAR,PI CSM,Edit,Read,None,Edit
0016g00001AOgtYAAT,005Px00000Bnl4HIAR,PI CSM,Edit,Read,None,Edit
0016g00001AOgvKAAT,005Px00000BnqaDIAR,E&I CSM,Edit,Read,None,Edit
0016g00001AOgx7AAD,005Px00000BnqaDIAR,E&I CSM,Edit,Read,None,Edit
0016g00001AOgyvAAD,005Px00000Bnl4HIAR,PI CSM,Edit,Read,None,Edit
0016g00001AOgzYAAT,005Px00000BnqaDIAR,E&I CSM,Edit,Read,None,Edit
0016g00001AOh17AAD,005Px00000Bnl4HIAR,PI CSM,Edit,Read,None,Edit
0016g00001AOh2AAAT,005Px00000Bnl4HIAR,PI CSM,Edit,Read,None,Edit
0016g00001AOh3IAAT,005Px00000BnqaDIAR,E&I CSM,Edit,Read,None,Edit
0016g00001AOh4hAAD,005Px00000BnqaDIAR,E&I CSM,Edit,Read,None,Edit
0016g00001AOh60AAD,005Px00000Bnl4HIAR,PI CSM,Edit,Read,None,Edit
0016g00001AOh9UAAT,005Px00000Bnl4HIAR,PI CSM,Edit,Read,None,Edit
0016g00001AOhAaAAL,005Px00000BnqaDIAR,E&I CSM,Edit,Read,None,Edit
0016g00001AOhBAAA1,005Px00000Bnl4HIAR,PI CSM,Edit,Read,None,Edit
0016g00001AOhEeAAL,005Px00000Bnl4HIAR,PI CSM,Edit,Read,None,Edit
0016g00001AOhEvAAL,005Px00000Bnl4HIAR,PI CSM,Edit,Read,None,Edit
0016g00001AOhFXAA1,005Px00000Bnl4HIAR,PI CSM,Edit,Read,None,Edit
0016g00001AOhGEAA1,005Px00000BnqaDIAR,E&I CSM,Edit,Read,None,Edit
0016g00001AOhH8AAL,005Px00000BnqaDIAR,E&I CSM,Edit,Read,None,Edit
0016g00001AOhKsAAL,005Px00000Bnl4HIAR,PI CSM,Edit,Read,None,Edit
0016g00001AOhMXAA1,005Px00000Bnl4HIAR,PI CSM,Edit,Read,None,Edit
0016g00001AOhO2AAL,005Px00000BnqaDIAR,E&I CSM,Edit,Read,None,Edit
0016g00001AOhP3AAL,005Px00000Bnl4HIAR,PI CSM,Edit,Read,None,Edit
0016g00001AOhR2AAL,005Px00000Bnl4HIAR,PI CSM,Edit,Read,None,Edit
0016g00001AOhSCAA1,005Px00000Bnl4HIAR,PI CSM,Edit,Read,None,Edit
0016g00001AOhTFAA1,005Px00000Bnl4HIAR,PI CSM,Edit,Read,None,Edit
0016g00001AOhUKAA1,005Px00000Bnl4HIAR,PI CSM,Edit,Read,None,Edit
0016g00001AOhWAAA1,005Px00000Bnl4HIAR,PI CSM,Edit,Read,None,Edit
0016g00001AOhXRAA1,005Px00000BnqaDIAR,E&I CSM,Edit,Read,None,Edit
0016g00001AOhZJAA1,005Px00000Bnl4HIAR,PI CSM,Edit,Read,None,Edit
0016g00001AOha2AAD,005Px00000Bnl4HIAR,PI CSM,Edit,Read,None,Edit
0016g00001AOha9AAD,005Px00000Bnl4HIAR,PI CSM,Edit,Read,None,Edit
0016g00001AOhaaAAD,005Px00000Bnl4HIAR,PI CSM,Edit,Read,None,Edit
0016g00001AOhacAAD,005Px00000Bnj46IAB,Law.com CSM,Edit,Read,None,Edit
0016g00001AOhacAAD,005Px00000Bnl4HIAR,PI CSM,Edit,Read,None,Edit
0016g00001AOhbRAAT,005Px00000Bnl4HIAR,PI CSM,Edit,Read,None,Edit
0016g00001AOhc4AAD,005Px00000BnqaDIAR,E&I CSM,Edit,Read,None,Edit
0016g00001AOheRAAT,005Px00000BnqaDIAR,E&I CSM,Edit,Read,None,Edit
0016g00001AOheuAAD,005Px00000Bnl4HIAR,PI CSM,Edit,Read,None,Edit
0016g00001AOhfkAAD,005Px00000Bnl4HIAR,PI CSM,Edit,Read,None,Edit
0016g00001AOhfkAAD,005Px00000BnqaDIAR,E&I CSM,Edit,Read,None,Edit
0016g00001AOhgUAAT,005Px00000Bnl4HIAR,PI CSM,Edit,Read,None,Edit
0016g00001AOhglAAD,005Px00000Bnl4HIAR,PI CSM,Edit,Read,None,Edit
0016g00001AOhiKAAT,005Px00000Bnl4HIAR,PI CSM,Edit,Read,None,Edit
0016g00001AOhjFAAT,005Px00000Bnl4HIAR,PI CSM,Edit,Read,None,Edit
0016g00001AOhjyAAD,005Px00000BnqaDIAR,E&I CSM,Edit,Read,None,Edit
0016g00001AOhkGAAT,005Px00000Bnl4HIAR,PI CSM,Edit,Read,None,Edit
0016g00001AOhknAAD,005Px00000BnqaDIAR,E&I CSM,Edit,Read,None,Edit
0016g00001AOhlCAAT,005Px00000Bnl4HIAR,PI CSM,Edit,Read,None,Edit
0016g00001AOhlCAAT,005Px00000BnqaDIAR,E&I CSM,Edit,Read,None,Edit
0016g00001AOhlsAAD,005Px00000Bnl4HIAR,PI CSM,Edit,Read,None,Edit
0016g00001AOhoAAAT,005Px00000Bnl4HIAR,PI CSM,Edit,Read,None,Edit
0016g00001AOhoPAAT,005Px00000Bnl4HIAR,PI CSM,Edit,Read,None,Edit
0016g00001AOhptAAD,005Px00000BnqaDIAR,E&I CSM,Edit,Read,None,Edit
0016g00001AOhr7AAD,005Px00000Bnl4HIAR,PI CSM,Edit,Read,None,Edit
0016g00001AOhrWAAT,005Px00000Bnl4HIAR,PI CSM,Edit,Read,None,Edit
0016g00001AOhraAAD,005Px00000Bnl4HIAR,PI CSM,Edit,Read,None,Edit
0016g00001AOhraAAD,005Px00000BnqaDIAR,E&I CSM,Edit,Read,None,Edit
0016g00001AOht7AAD,005Px00000Bnl4HIAR,PI CSM,Edit,Read,None,Edit
0016g00001AOhtAAAT,005Px00000Bnl4HIAR,PI CSM,Edit,Read,None,Edit
0016g00001AOhtZAAT,005Px00000Bnl4HIAR,PI CSM,Edit,Read,None,Edit
0016g00001AOhu6AAD,005Px00000Bnl4HIAR,PI CSM,Edit,Read,None,Edit
0016g00001AOhxFAAT,005Px00000Bnl4HIAR,PI CSM,Edit,Read,None,Edit
0016g00001AOhyAAAT,005Px00000BnqaDIAR,E&I CSM,Edit,Read,None,Edit
0016g00001AOhz8AAD,005Px00000Bnl4HIAR,PI CSM,Edit,Read,None,Edit
0016g00001AOi14AAD,005Px00000Bnl4HIAR,PI CSM,Edit,Read,None,Edit
0016g00001AOi1TAAT,005Px00000BnqaDIAR,E&I CSM,Edit,Read,None,Edit
0016g00001AOi1aAAD,005Px00000Bnl4HIAR,PI CSM,Edit,Read,None,Edit
0016g00001AOi20AAD,005Px00000Bnl4HIAR,PI CSM,Edit,Read,None,Edit
0016g00001AOi2kAAD,005Px00000BnqaDIAR,E&I CSM,Edit,Read,None,Edit
0016g00001WDxWZAA1,005Px00000Bnl4HIAR,PI CSM,Edit,Read,None,Edit
0016g00001WDxWjAAL,005Px00000Bnl4HIAR,PI CSM,Edit,Read,None,Edit
0016g00001WDxX9AAL,005Px00000BnqaDIAR,E&I CSM,Edit,Read,None,Edit
0016g00001WDxXnAAL,005Px00000BnqaDIAR,E&I CSM,Edit,Read,None,Edit
0016g00001WDxXsAAL,005Px00000Bnl4HIAR,PI CSM,Edit,Read,None,Edit
0016g00001WDxYbAAL,005Px00000Bnl4HIAR,PI CSM,Edit,Read,None,Edit
0016g00001WnLyWAAV,005Px00000Bnl4HIAR,PI CSM,Edit,Read,None,Edit
0016g00001Yf2gFAAR,005Px00000Bnl4HIAR,PI CSM,Edit,Read,None,Edit
0016g00001Yf2gFAAR,005Px00000BnqaDIAR,E&I CSM,Edit,Read,None,Edit
0016g00001YfZ8LAAV,005Px00000Bnl4HIAR,PI CSM,Edit,Read,None,Edit
0016g00001YhIg4AAF,005Px00000Bnl4HIAR,PI CSM,Edit,Read,None,Edit
0016g00001YhuU9AAJ,005Px00000BnqaDIAR,E&I CSM,Edit,Read,None,Edit
0016g00001bHISzAAO,005Px00000BnqaDIAR,E&I CSM,Edit,Read,None,Edit
0016g00001cfGWbAAM,005Px00000BnqaDIAR,E&I CSM,Edit,Read,None,Edit
0016g00001cfb83AAA,005Px00000Bnl4HIAR,PI CSM,Edit,Read,None,Edit
0016g00001ch4gtAAA,005Px00000Bnl4HIAR,PI CSM,Edit,Read,None,Edit
0016g00001chGKLAA2,005Px00000BnqaDIAR,E&I CSM,Edit,Read,None,Edit
0016g00001dJPRvAAO,005Px00000Bnl4HIAR,PI CSM,Edit,Read,None,Edit
0016g00001edDp2AAE,005Px00000Bnl4HIAR,PI CSM,Edit,Read,None,Edit
0016g00001edm0NAAQ,005Px00000BnqaDIAR,E&I CSM,Edit,Read,None,Edit
0016g00001hFfPxAAK,005Px00000BnqaDIAR,E&I CSM,Edit,Read,None,Edit
001Px00000UmlBRIAZ,005Px00000Bnl4HIAR,PI CSM,Edit,Read,None,Edit
001Px00000UndWsIAJ,005Px00000BnqaDIAR,E&I CSM,Edit,Read,None,Edit
001Px00000Uoh6vIAB,005Px00000Bnl4HIAR,PI CSM,Edit,Read,None,Edit
001Px00000UrjU1IAJ,005Px00000Bnl4HIAR,PI CSM,Edit,Read,None,Edit
001Px00000UrmA8IAJ,005Px00000Bnl4HIAR,PI CSM,Edit,Read,None,Edit
001Px00000Uw7b8IAB,005Px00000Bnl4HIAR,PI CSM,Edit,Read,None,Edit
001Px00000V38buIAB,005Px00000Bnl4HIAR,PI CSM,Edit,Read,None,Edit
001Px00000V7AxBIAV,005Px00000BnqaDIAR,E&I CSM,Edit,Read,None,Edit
001Px00000VDH62IAH,005Px00000BnqaDIAR,E&I CSM,Edit,Read,None,Edit
001Px00000VMbonIAD,005Px00000Bnl4HIAR,PI CSM,Edit,Read,None,Edit
001Px00000VWEuBIAX,005Px00000Bnl4HIAR,PI CSM,Edit,Read,None,Edit
001Px00000VZQqgIAH,005Px00000Bnl4HIAR,PI CSM,Edit,Read,None,Edit
001Px00000VvDSxIAN,005Px00000Bnj46IAB,Law.com CSM,Edit,Read,None,Edit
001Px00000VvFYlIAN,005Px00000Bnj46IAB,Law.com CSM,Edit,Read,None,Edit
001Px00000VvFYyIAN,005Px00000Bnj46IAB,Law.com CSM,Edit,Read,None,Edit
001Px00000VvFZ5IAN,005Px00000BnqaDIAR,E&I CSM,Edit,Read,None,Edit
001Px00000VvFZTIA3,005Px00000Bnj46IAB,Law.com CSM,Edit,Read,None,Edit
001Px00000VvFZkIAN,005Px00000Bnj46IAB,Law.com CSM,Edit,Read,None,Edit
001Px00000VvHLeIAN,005Px00000Bnl4HIAR,PI CSM,Edit,Read,None,Edit
001Px00000VvILXIA3,005Px00000Bnj46IAB,Law.com CSM,Edit,Read,None,Edit
001Px00000VvIMJIA3,005Px00000Bnj46IAB,Law.com CSM,Edit,Read,None,Edit
001Px00000VvLcyIAF,005Px00000Bnj46IAB,Law.com CSM,Edit,Read,None,Edit
001Px00000VvLdIIAV,005Px00000Bnj46IAB,Law.com CSM,Edit,Read,None,Edit
001Px00000VvMGsIAN,005Px00000Bnl4HIAR,PI CSM,Edit,Read,None,Edit
001Px00000VvMHlIAN,005Px00000Bnj46IAB,Law.com CSM,Edit,Read,None,Edit
001Px00000VvMLoIAN,005Px00000Bnj46IAB,Law.com CSM,Edit,Read,None,Edit
001Px00000VvMMSIA3,005Px00000Bnj46IAB,Law.com CSM,Edit,Read,None,Edit
001Px00000VvMmWIAV,005Px00000Bnj46IAB,Law.com CSM,Edit,Read,None,Edit
001Px00000VvMzFIAV,005Px00000Bnj46IAB,Law.com CSM,Edit,Read,None,Edit
001Px00000VvNUcIAN,005Px00000BnqaDIAR,E&I CSM,Edit,Read,None,Edit
001Px00000VvNVDIA3,005Px00000BnqaDIAR,E&I CSM,Edit,Read,None,Edit
001Px00000VvNVjIAN,005Px00000BnqaDIAR,E&I CSM,Edit,Read,None,Edit
001Px00000VvNcsIAF,005Px00000Bnj46IAB,Law.com CSM,Edit,Read,None,Edit
001Px00000VvNcsIAF,005Px00000Bnl4HIAR,PI CSM,Edit,Read,None,Edit
001Px00000VvO7XIAV,005Px00000Bnj46IAB,Law.com CSM,Edit,Read,None,Edit
001Px00000VvO87IAF,005Px00000Bnj46IAB,Law.com CSM,Edit,Read,None,Edit
001Px00000VvO8ZIAV,005Px00000Bnj46IAB,Law.com CSM,Edit,Read,None,Edit
001Px00000VvOFlIAN,005Px00000Bnj46IAB,Law.com CSM,Edit,Read,None,Edit
001Px00000VvOFnIAN,005Px00000Bnj46IAB,Law.com CSM,Edit,Read,None,Edit
001Px00000VvOGHIA3,005Px00000Bnj46IAB,Law.com CSM,Edit,Read,None,Edit
001Px00000VvOGOIA3,005Px00000Bnj46IAB,Law.com CSM,Edit,Read,None,Edit
001Px00000VvOGTIA3,005Px00000Bnj46IAB,Law.com CSM,Edit,Read,None,Edit
001Px00000VvOYmIAN,005Px00000Bnj46IAB,Law.com CSM,Edit,Read,None,Edit
001Px00000VvOYnIAN,005Px00000Bnj46IAB,Law.com CSM,Edit,Read,None,Edit
001Px00000VvOYtIAN,005Px00000Bnj46IAB,Law.com CSM,Edit,Read,None,Edit
001Px00000VvOYyIAN,005Px00000Bnj46IAB,Law.com CSM,Edit,Read,None,Edit
001Px00000VvOZLIA3,005Px00000Bnj46IAB,Law.com CSM,Edit,Read,None,Edit
001Px00000VvOZkIAN,005Px00000Bnj46IAB,Law.com CSM,Edit,Read,None,Edit
001Px00000VvOZsIAN,005Px00000Bnj46IAB,Law.com CSM,Edit,Read,None,Edit
001Px00000VvOZzIAN,005Px00000Bnj46IAB,Law.com CSM,Edit,Read,None,Edit
001Px00000VvOa0IAF,005Px00000Bnj46IAB,Law.com CSM,Edit,Read,None,Edit
001Px00000VvOioIAF,005Px00000Bnj46IAB,Law.com CSM,Edit,Read,None,Edit
001Px00000VvOjYIAV,005Px00000Bnj46IAB,Law.com CSM,Edit,Read,None,Edit
001Px00000VvOltIAF,005Px00000Bnj46IAB,Law.com CSM,Edit,Read,None,Edit
001Px00000VvOlyIAF,005Px00000Bnj46IAB,Law.com CSM,Edit,Read,None,Edit
001Px00000VvOmRIAV,005Px00000Bnj46IAB,Law.com CSM,Edit,Read,None,Edit
001Px00000VvOymIAF,005Px00000Bnj46IAB,Law.com CSM,Edit,Read,None,Edit
001Px00000VvOzMIAV,005Px00000BnqaDIAR,E&I CSM,Edit,Read,None,Edit
001Px00000VvPF0IAN,005Px00000Bnj46IAB,Law.com CSM,Edit,Read,None,Edit
001Px00000VvPFEIA3,005Px00000Bnj46IAB,Law.com CSM,Edit,Read,None,Edit
001Px00000VvPFTIA3,005Px00000Bnj46IAB,Law.com CSM,Edit,Read,None,Edit
001Px00000VvPFbIAN,005Px00000Bnl4HIAR,PI CSM,Edit,Read,None,Edit
001Px00000VvPOlIAN,005Px00000Bnj46IAB,Law.com CSM,Edit,Read,None,Edit
001Px00000VvPUxIAN,005Px00000Bnj46IAB,Law.com CSM,Edit,Read,None,Edit
001Px00000VvPVFIA3,005Px00000Bnj46IAB,Law.com CSM,Edit,Read,None,Edit
001Px00000VvPVHIA3,005Px00000Bnj46IAB,Law.com CSM,Edit,Read,None,Edit
001Px00000VvPVMIA3,005Px00000Bnj46IAB,Law.com CSM,Edit,Read,None,Edit
001Px00000VvPVhIAN,005Px00000Bnj46IAB,Law.com CSM,Edit,Read,None,Edit
001Px00000VvPVxIAN,005Px00000Bnj46IAB,Law.com CSM,Edit,Read,None,Edit
001Px00000VvPVyIAN,005Px00000Bnj46IAB,Law.com CSM,Edit,Read,None,Edit
001Px00000VvPW3IAN,005Px00000Bnj46IAB,Law.com CSM,Edit,Read,None,Edit
001Px00000VvPphIAF,005Px00000Bnj46IAB,Law.com CSM,Edit,Read,None,Edit
001Px00000VvPq8IAF,005Px00000Bnj46IAB,Law.com CSM,Edit,Read,None,Edit
001Px00000VvPqaIAF,005Px00000Bnj46IAB,Law.com CSM,Edit,Read,None,Edit
001Px00000VvPqjIAF,005Px00000Bnj46IAB,Law.com CSM,Edit,Read,None,Edit
001Px00000VvQnYIAV,005Px00000Bnj46IAB,Law.com CSM,Edit,Read,None,Edit
001Px00000VvQnnIAF,005Px00000Bnj46IAB,Law.com CSM,Edit,Read,None,Edit
001Px00000VvQnpIAF,005Px00000Bnj46IAB,Law.com CSM,Edit,Read,None,Edit
001Px00000VvQo1IAF,005Px00000Bnj46IAB,Law.com CSM,Edit,Read,None,Edit
001Px00000VvQoFIAV,005Px00000Bnj46IAB,Law.com CSM,Edit,Read,None,Edit
001Px00000VvQoHIAV,005Px00000Bnj46IAB,Law.com CSM,Edit,Read,None,Edit
001Px00000VvQoIIAV,005Px00000Bnj46IAB,Law.com CSM,Edit,Read,None,Edit
001Px00000VvQoOIAV,005Px00000Bnj46IAB,Law.com CSM,Edit,Read,None,Edit
001Px00000VvQoSIAV,005Px00000Bnj46IAB,Law.com CSM,Edit,Read,None,Edit
001Px00000VvQoYIAV,005Px00000Bnj46IAB,Law.com CSM,Edit,Read,None,Edit
001Px00000VvQqTIAV,005Px00000Bnj46IAB,Law.com CSM,Edit,Read,None,Edit
001Px00000VvQqUIAV,005Px00000Bnj46IAB,Law.com CSM,Edit,Read,None,Edit
001Px00000VvQqYIAV,005Px00000Bnj46IAB,Law.com CSM,Edit,Read,None,Edit
001Px00000VvQqrIAF,005Px00000Bnj46IAB,Law.com CSM,Edit,Read,None,Edit
001Px00000VvQqsIAF,005Px00000Bnj46IAB,Law.com CSM,Edit,Read,None,Edit
001Px00000VvQrBIAV,005Px00000Bnj46IAB,Law.com CSM,Edit,Read,None,Edit
001Px00000VvQrEIAV,005Px00000Bnj46IAB,Law.com CSM,Edit,Read,None,Edit
001Px00000VvQrFIAV,005Px00000Bnj46IAB,Law.com CSM,Edit,Read,None,Edit
001Px00000VvQrPIAV,005Px00000Bnj46IAB,Law.com CSM,Edit,Read,None,Edit
001Px00000VvQrdIAF,005Px00000Bnj46IAB,Law.com CSM,Edit,Read,None,Edit
001Px00000VvQvWIAV,005Px00000Bnj46IAB,Law.com CSM,Edit,Read,None,Edit
001Px00000VvQwJIAV,005Px00000Bnj46IAB,Law.com CSM,Edit,Read,None,Edit
001Px00000VvQwSIAV,005Px00000Bnj46IAB,Law.com CSM,Edit,Read,None,Edit
001Px00000VvR5PIAV,005Px00000Bnj46IAB,Law.com CSM,Edit,Read,None,Edit
001Px00000VvR5cIAF,005Px00000Bnj46IAB,Law.com CSM,Edit,Read,None,Edit
001Px00000VvR5fIAF,005Px00000Bnj46IAB,Law.com CSM,Edit,Read,None,Edit
001Px00000VvR69IAF,005Px00000Bnj46IAB,Law.com CSM,Edit,Read,None,Edit
001Px00000VvR6IIAV,005Px00000Bnj46IAB,Law.com CSM,Edit,Read,None,Edit
001Px00000VvR6LIAV,005Px00000Bnj46IAB,Law.com CSM,Edit,Read,None,Edit
001Px00000VvR8OIAV,005Px00000Bnj46IAB,Law.com CSM,Edit,Read,None,Edit
001Px00000VvR8jIAF,005Px00000Bnj46IAB,Law.com CSM,Edit,Read,None,Edit
001Px00000VvR8nIAF,005Px00000Bnj46IAB,Law.com CSM,Edit,Read,None,Edit
001Px00000VvRLHIA3,005Px00000Bnj46IAB,Law.com CSM,Edit,Read,None,Edit
001Px00000VvRMMIA3,005Px00000Bnl4HIAR,PI CSM,Edit,Read,None,Edit
001Px00000VvRaLIAV,005Px00000Bnl4HIAR,PI CSM,Edit,Read,None,Edit
001Px00000VvRaQIAV,005Px00000Bnj46IAB,Law.com CSM,Edit,Read,None,Edit
001Px00000VvRoBIAV,005Px00000Bnj46IAB,Law.com CSM,Edit,Read,None,Edit
001Px00000VvRoJIAV,005Px00000BnqaDIAR,E&I CSM,Edit,Read,None,Edit
001Px00000VvRoMIAV,005Px00000Bnj46IAB,Law.com CSM,Edit,Read,None,Edit
001Px00000VvRosIAF,005Px00000Bnj46IAB,Law.com CSM,Edit,Read,None,Edit
001Px00000VvRp9IAF,005Px00000Bnl4HIAR,PI CSM,Edit,Read,None,Edit
001Px00000VvSKqIAN,005Px00000Bnj46IAB,Law.com CSM,Edit,Read,None,Edit
001Px00000VvSLAIA3,005Px00000Bnj46IAB,Law.com CSM,Edit,Read,None,Edit
001Px00000VvSLCIA3,005Px00000Bnl4HIAR,PI CSM,Edit,Read,None,Edit
001Px00000VvSLJIA3,005Px00000Bnj46IAB,Law.com CSM,Edit,Read,None,Edit
001Px00000VvSLLIA3,005Px00000Bnj46IAB,Law.com CSM,Edit,Read,None,Edit
001Px00000VvSPyIAN,005Px00000Bnj46IAB,Law.com CSM,Edit,Read,None,Edit
001Px00000VvTIYIA3,005Px00000Bnj46IAB,Law.com CSM,Edit,Read,None,Edit
001Px00000VvTeCIAV,005Px00000Bnj46IAB,Law.com CSM,Edit,Read,None,Edit
001Px00000VvTeJIAV,005Px00000Bnj46IAB,Law.com CSM,Edit,Read,None,Edit
001Px00000VvThtIAF,005Px00000Bnj46IAB,Law.com CSM,Edit,Read,None,Edit
001Px00000VvThvIAF,005Px00000Bnj46IAB,Law.com CSM,Edit,Read,None,Edit
001Px00000VvTiFIAV,005Px00000Bnj46IAB,Law.com CSM,Edit,Read,None,Edit
001Px00000VvTiMIAV,005Px00000Bnj46IAB,Law.com CSM,Edit,Read,None,Edit
001Px00000VvTiSIAV,005Px00000Bnj46IAB,Law.com CSM,Edit,Read,None,Edit
001Px00000VvTinIAF,005Px00000Bnj46IAB,Law.com CSM,Edit,Read,None,Edit
001Px00000VvTioIAF,005Px00000Bnj46IAB,Law.com CSM,Edit,Read,None,Edit
001Px00000VvTiqIAF,005Px00000Bnj46IAB,Law.com CSM,Edit,Read,None,Edit
001Px00000VvTiyIAF,005Px00000Bnl4HIAR,PI CSM,Edit,Read,None,Edit
001Px00000VvTjBIAV,005Px00000Bnj46IAB,Law.com CSM,Edit,Read,None,Edit
001Px00000VvU39IAF,005Px00000Bnl4HIAR,PI CSM,Edit,Read,None,Edit
001Px00000VvU84IAF,005Px00000Bnj46IAB,Law.com CSM,Edit,Read,None,Edit
001Px00000VvU8iIAF,005Px00000Bnj46IAB,Law.com CSM,Edit,Read,None,Edit
001Px00000VvU8qIAF,005Px00000Bnj46IAB,Law.com CSM,Edit,Read,None,Edit
001Px00000VvU8uIAF,005Px00000Bnj46IAB,Law.com CSM,Edit,Read,None,Edit
001Px00000VvU95IAF,005Px00000Bnj46IAB,Law.com CSM,Edit,Read,None,Edit
001Px00000VvUjHIAV,005Px00000Bnj46IAB,Law.com CSM,Edit,Read,None,Edit
001Px00000VvUjtIAF,005Px00000Bnj46IAB,Law.com CSM,Edit,Read,None,Edit
001Px00000VvUnpIAF,005Px00000BnqaDIAR,E&I CSM,Edit,Read,None,Edit
001Px00000VvUnxIAF,005Px00000Bnl4HIAR,PI CSM,Edit,Read,None,Edit
001Px00000VvUnxIAF,005Px00000BnqaDIAR,E&I CSM,Edit,Read,None,Edit
001Px00000VvUoNIAV,005Px00000BnqaDIAR,E&I CSM,Edit,Read,None,Edit
001Px00000VvUoeIAF,005Px00000Bnj46IAB,Law.com CSM,Edit,Read,None,Edit
001Px00000VvV2VIAV,005Px00000Bnj46IAB,Law.com CSM,Edit,Read,None,Edit
001Px00000VvV2lIAF,005Px00000Bnj46IAB,Law.com CSM,Edit,Read,None,Edit
001Px00000VvVF8IAN,005Px00000Bnj46IAB,Law.com CSM,Edit,Read,None,Edit
001Px00000VvVIbIAN,005Px00000Bnj46IAB,Law.com CSM,Edit,Read,None,Edit
001Px00000VvVJ4IAN,005Px00000Bnj46IAB,Law.com CSM,Edit,Read,None,Edit
001Px00000VvVdmIAF,005Px00000Bnl4HIAR,PI CSM,Edit,Read,None,Edit
001Px00000VvVeyIAF,005Px00000Bnj46IAB,Law.com CSM,Edit,Read,None,Edit
001Px00000VvVfaIAF,005Px00000Bnj46IAB,Law.com CSM,Edit,Read,None,Edit
001Px00000VvViyIAF,005Px00000BnqaDIAR,E&I CSM,Edit,Read,None,Edit
001Px00000VvVjQIAV,005Px00000Bnj46IAB,Law.com CSM,Edit,Read,None,Edit
001Px00000VvVtPIAV,005Px00000Bnj46IAB,Law.com CSM,Edit,Read,None,Edit
001Px00000VvVtbIAF,005Px00000Bnj46IAB,Law.com CSM,Edit,Read,None,Edit
001Px00000VvVtgIAF,005Px00000Bnj46IAB,Law.com CSM,Edit,Read,None,Edit
001Px00000VvVtnIAF,005Px00000Bnl4HIAR,PI CSM,Edit,Read,None,Edit
001Px00000VvVttIAF,005Px00000Bnj46IAB,Law.com CSM,Edit,Read,None,Edit
001Px00000VvVuFIAV,005Px00000Bnj46IAB,Law.com CSM,Edit,Read,None,Edit
001Px00000VvVz7IAF,005Px00000Bnj46IAB,Law.com CSM,Edit,Read,None,Edit
001Px00000VvVzLIAV,005Px00000Bnj46IAB,Law.com CSM,Edit,Read,None,Edit
001Px00000VvW33IAF,005Px00000BnqaDIAR,E&I CSM,Edit,Read,None,Edit
001Px00000VvW3LIAV,005Px00000Bnj46IAB,Law.com CSM,Edit,Read,None,Edit
001Px00000VvWfIIAV,005Px00000Bnj46IAB,Law.com CSM,Edit,Read,None,Edit
001Px00000VvWxMIAV,005Px00000Bnj46IAB,Law.com CSM,Edit,Read,None,Edit
001Px00000VvWxXIAV,005Px00000Bnj46IAB,Law.com CSM,Edit,Read,None,Edit
001Px00000VvWy8IAF,005Px00000Bnl4HIAR,PI CSM,Edit,Read,None,Edit
001Px00000VvWyeIAF,005Px00000Bnj46IAB,Law.com CSM,Edit,Read,None,Edit
001Px00000VvXL3IAN,005Px00000Bnj46IAB,Law.com CSM,Edit,Read,None,Edit
001Px00000VvXLHIA3,005Px00000Bnj46IAB,Law.com CSM,Edit,Read,None,Edit
001Px00000VvXPTIA3,005Px00000Bnj46IAB,Law.com CSM,Edit,Read,None,Edit
001Px00000VvXPnIAN,005Px00000BnqaDIAR,E&I CSM,Edit,Read,None,Edit
001Px00000VvXPqIAN,005Px00000Bnj46IAB,Law.com CSM,Edit,Read,None,Edit
001Px00000VvXPxIAN,005Px00000Bnj46IAB,Law.com CSM,Edit,Read,None,Edit
001Px00000VvXQ6IAN,005Px00000Bnj46IAB,Law.com CSM,Edit,Read,None,Edit
001Px00000VvXomIAF,005Px00000BnqaDIAR,E&I CSM,Edit,Read,None,Edit
001Px00000VvXqOIAV,005Px00000BnqaDIAR,E&I CSM,Edit,Read,None,Edit
001Px00000VvXqbIAF,005Px00000Bnl4HIAR,PI CSM,Edit,Read,None,Edit
001Px00000VvXrmIAF,005Px00000Bnl4HIAR,PI CSM,Edit,Read,None,Edit
001Px00000VvXvRIAV,005Px00000Bnj46IAB,Law.com CSM,Edit,Read,None,Edit
001Px00000VvXvdIAF,005Px00000Bnj46IAB,Law.com CSM,Edit,Read,None,Edit
001Px00000VvXwtIAF,005Px00000Bnj46IAB,Law.com CSM,Edit,Read,None,Edit
001Px00000VvXwwIAF,005Px00000Bnj46IAB,Law.com CSM,Edit,Read,None,Edit
001Px00000VvXxfIAF,005Px00000Bnj46IAB,Law.com CSM,Edit,Read,None,Edit
001Px00000VvXxxIAF,005Px00000Bnl4HIAR,PI CSM,Edit,Read,None,Edit
001Px00000VvXy7IAF,005Px00000Bnl4HIAR,PI CSM,Edit,Read,None,Edit
001Px00000VvXyEIAV,005Px00000Bnj46IAB,Law.com CSM,Edit,Read,None,Edit
001Px00000VvXyEIAV,005Px00000Bnl4HIAR,PI CSM,Edit,Read,None,Edit
001Px00000VvY8tIAF,005Px00000Bnj46IAB,Law.com CSM,Edit,Read,None,Edit
001Px00000VvY9TIAV,005Px00000Bnj46IAB,Law.com CSM,Edit,Read,None,Edit
001Px00000VvYVqIAN,005Px00000Bnj46IAB,Law.com CSM,Edit,Read,None,Edit
001Px00000VvYdIIAV,005Px00000Bnj46IAB,Law.com CSM,Edit,Read,None,Edit
001Px00000VvYpTIAV,005Px00000Bnj46IAB,Law.com CSM,Edit,Read,None,Edit
001Px00000VvZ3OIAV,005Px00000Bnj46IAB,Law.com CSM,Edit,Read,None,Edit
001Px00000VvZ3WIAV,005Px00000Bnl4HIAR,PI CSM,Edit,Read,None,Edit
001Px00000VvZ3fIAF,005Px00000Bnj46IAB,Law.com CSM,Edit,Read,None,Edit
001Px00000VvZ4ZIAV,005Px00000Bnj46IAB,Law.com CSM,Edit,Read,None,Edit
001Px00000VvZ4eIAF,005Px00000Bnj46IAB,Law.com CSM,Edit,Read,None,Edit
001Px00000VvZ4xIAF,005Px00000Bnj46IAB,Law.com CSM,Edit,Read,None,Edit
001Px00000VvZ4yIAF,005Px00000Bnj46IAB,Law.com CSM,Edit,Read,None,Edit
001Px00000VvZ50IAF,005Px00000Bnj46IAB,Law.com CSM,Edit,Read,None,Edit
001Px00000VvZM5IAN,005Px00000Bnj46IAB,Law.com CSM,Edit,Read,None,Edit
001Px00000VvZM5IAN,005Px00000BnqaDIAR,E&I CSM,Edit,Read,None,Edit
001Px00000VvZMvIAN,005Px00000Bnj46IAB,Law.com CSM,Edit,Read,None,Edit
001Px00000VvZO5IAN,005Px00000Bnj46IAB,Law.com CSM,Edit,Read,None,Edit
001Px00000VvZO8IAN,005Px00000Bnj46IAB,Law.com CSM,Edit,Read,None,Edit
001Px00000VvZRQIA3,005Px00000Bnj46IAB,Law.com CSM,Edit,Read,None,Edit
001Px00000VvZRTIA3,005Px00000Bnj46IAB,Law.com CSM,Edit,Read,None,Edit
001Px00000VvZRqIAN,005Px00000Bnj46IAB,Law.com CSM,Edit,Read,None,Edit
001Px00000VvZRrIAN,005Px00000Bnj46IAB,Law.com CSM,Edit,Read,None,Edit
001Px00000VvZRyIAN,005Px00000Bnj46IAB,Law.com CSM,Edit,Read,None,Edit
001Px00000VvZS8IAN,005Px00000Bnj46IAB,Law.com CSM,Edit,Read,None,Edit
001Px00000VvZU1IAN,005Px00000Bnj46IAB,Law.com CSM,Edit,Read,None,Edit
001Px00000VvZUBIA3,005Px00000Bnj46IAB,Law.com CSM,Edit,Read,None,Edit
001Px00000VvZUOIA3,005Px00000Bnl4HIAR,PI CSM,Edit,Read,None,Edit
001Px00000VvZUfIAN,005Px00000Bnj46IAB,Law.com CSM,Edit,Read,None,Edit
001Px00000VvZUzIAN,005Px00000Bnj46IAB,Law.com CSM,Edit,Read,None,Edit
001Px00000VvZV0IAN,005Px00000Bnj46IAB,Law.com CSM,Edit,Read,None,Edit
001Px00000VvZVKIA3,005Px00000Bnj46IAB,Law.com CSM,Edit,Read,None,Edit
001Px00000VvZVLIA3,005Px00000Bnj46IAB,Law.com CSM,Edit,Read,None,Edit
001Px00000VvZXBIA3,005Px00000Bnl4HIAR,PI CSM,Edit,Read,None,Edit
001Px00000VvZXKIA3,005Px00000BnqaDIAR,E&I CSM,Edit,Read,None,Edit
001Px00000VvZXMIA3,005Px00000Bnl4HIAR,PI CSM,Edit,Read,None,Edit
001Px00000VvZXtIAN,005Px00000Bnj46IAB,Law.com CSM,Edit,Read,None,Edit
001Px00000VvZXyIAN,005Px00000Bnj46IAB,Law.com CSM,Edit,Read,None,Edit
001Px00000VvZY5IAN,005Px00000Bnj46IAB,Law.com CSM,Edit,Read,None,Edit
001Px00000VvZYDIA3,005Px00000Bnj46IAB,Law.com CSM,Edit,Read,None,Edit
001Px00000VvZYIIA3,005Px00000Bnl4HIAR,PI CSM,Edit,Read,None,Edit
001Px00000VvZYXIA3,005Px00000Bnj46IAB,Law.com CSM,Edit,Read,None,Edit
001Px00000VvZuhIAF,005Px00000Bnj46IAB,Law.com CSM,Edit,Read,None,Edit
001Px00000Vva0OIAR,005Px00000Bnl4HIAR,PI CSM,Edit,Read,None,Edit
001Px00000Vva0tIAB,005Px00000Bnj46IAB,Law.com CSM,Edit,Read,None,Edit
001Px00000Vva8SIAR,005Px00000Bnj46IAB,Law.com CSM,Edit,Read,None,Edit
001Px00000Vva8aIAB,005Px00000Bnj46IAB,Law.com CSM,Edit,Read,None,Edit
001Px00000Vva8mIAB,005Px00000Bnj46IAB,Law.com CSM,Edit,Read,None,Edit
001Px00000Vva9QIAR,005Px00000Bnj46IAB,Law.com CSM,Edit,Read,None,Edit
001Px00000VvaH1IAJ,005Px00000BnqaDIAR,E&I CSM,Edit,Read,None,Edit
001Px00000VvaHOIAZ,005Px00000Bnj46IAB,Law.com CSM,Edit,Read,None,Edit
001Px00000VvaPeIAJ,005Px00000Bnj46IAB,Law.com CSM,Edit,Read,None,Edit
001Px00000VvaPiIAJ,005Px00000Bnj46IAB,Law.com CSM,Edit,Read,None,Edit
001Px00000VvaQcIAJ,005Px00000Bnj46IAB,Law.com CSM,Edit,Read,None,Edit
001Px00000VvalXIAR,005Px00000Bnj46IAB,Law.com CSM,Edit,Read,None,Edit
001Px00000VvalbIAB,005Px00000Bnj46IAB,Law.com CSM,Edit,Read,None,Edit
001Px00000VvaldIAB,005Px00000Bnj46IAB,Law.com CSM,Edit,Read,None,Edit
001Px00000VvalgIAB,005Px00000Bnj46IAB,Law.com CSM,Edit,Read,None,Edit
001Px00000VvaliIAB,005Px00000Bnj46IAB,Law.com CSM,Edit,Read,None,Edit
001Px00000VvalkIAB,005Px00000Bnj46IAB,Law.com CSM,Edit,Read,None,Edit
001Px00000VvalmIAB,005Px00000Bnj46IAB,Law.com CSM,Edit,Read,None,Edit
001Px00000VvalwIAB,005Px00000Bnj46IAB,Law.com CSM,Edit,Read,None,Edit
001Px00000Vvam0IAB,005Px00000Bnj46IAB,Law.com CSM,Edit,Read,None,Edit
001Px00000Vvam2IAB,005Px00000Bnj46IAB,Law.com CSM,Edit,Read,None,Edit
001Px00000Vvam9IAB,005Px00000Bnj46IAB,Law.com CSM,Edit,Read,None,Edit
001Px00000VvamBIAR,005Px00000Bnj46IAB,Law.com CSM,Edit,Read,None,Edit
001Px00000VvamJIAR,005Px00000Bnj46IAB,Law.com CSM,Edit,Read,None,Edit
001Px00000VvaukIAB,005Px00000Bnj46IAB,Law.com CSM,Edit,Read,None,Edit
001Px00000Vvav2IAB,005Px00000Bnj46IAB,Law.com CSM,Edit,Read,None,Edit
001Px00000VvavNIAR,005Px00000Bnj46IAB,Law.com CSM,Edit,Read,None,Edit
001Px00000VvavmIAB,005Px00000Bnj46IAB,Law.com CSM,Edit,Read,None,Edit
001Px00000Vvb7iIAB,005Px00000Bnj46IAB,Law.com CSM,Edit,Read,None,Edit
001Px00000Vvb7xIAB,005Px00000Bnj46IAB,Law.com CSM,Edit,Read,None,Edit
001Px00000Vvb86IAB,005Px00000Bnj46IAB,Law.com CSM,Edit,Read,None,Edit
001Px00000Vvb88IAB,005Px00000Bnj46IAB,Law.com CSM,Edit,Read,None,Edit
001Px00000Vvb8CIAR,005Px00000Bnj46IAB,Law.com CSM,Edit,Read,None,Edit
001Px00000Vvb8IIAR,005Px00000Bnj46IAB,Law.com CSM,Edit,Read,None,Edit
001Px00000Vvb8UIAR,005Px00000Bnj46IAB,Law.com CSM,Edit,Read,None,Edit
001Px00000Vvb8qIAB,005Px00000Bnj46IAB,Law.com CSM,Edit,Read,None,Edit
001Px00000VvbMKIAZ,005Px00000BnqaDIAR,E&I CSM,Edit,Read,None,Edit
001Px00000VvbOZIAZ,005Px00000Bnl4HIAR,PI CSM,Edit,Read,None,Edit
001Px00000VvbObIAJ,005Px00000Bnj46IAB,Law.com CSM,Edit,Read,None,Edit
001Px00000VvbObIAJ,005Px00000Bnl4HIAR,PI CSM,Edit,Read,None,Edit
001Px00000VvbOcIAJ,005Px00000Bnj46IAB,Law.com CSM,Edit,Read,None,Edit
001Px00000VvbOnIAJ,005Px00000Bnl4HIAR,PI CSM,Edit,Read,None,Edit
001Px00000VvbOpIAJ,005Px00000BnqaDIAR,E&I CSM,Edit,Read,None,Edit
001Px00000VvbOrIAJ,005Px00000BnqaDIAR,E&I CSM,Edit,Read,None,Edit
001Px00000VvbaoIAB,005Px00000Bnj46IAB,Law.com CSM,Edit,Read,None,Edit
001Px00000VvbbIIAR,005Px00000Bnj46IAB,Law.com CSM,Edit,Read,None,Edit
001Px00000VvbbWIAR,005Px00000Bnj46IAB,Law.com CSM,Edit,Read,None,Edit
001Px00000VvbbiIAB,005Px00000Bnj46IAB,Law.com CSM,Edit,Read,None,Edit
001Px00000VvbcdIAB,005Px00000BnqaDIAR,E&I CSM,Edit,Read,None,Edit
001Px00000VvbcmIAB,005Px00000Bnj46IAB,Law.com CSM,Edit,Read,None,Edit
001Px00000VvbcrIAB,005Px00000Bnj46IAB,Law.com CSM,Edit,Read,None,Edit
001Px00000VvbcvIAB,005Px00000Bnj46IAB,Law.com CSM,Edit,Read,None,Edit
001Px00000Vvbd1IAB,005Px00000Bnj46IAB,Law.com CSM,Edit,Read,None,Edit
001Px00000VvbdIIAR,005Px00000Bnj46IAB,Law.com CSM,Edit,Read,None,Edit
001Px00000VvbdNIAR,005Px00000Bnj46IAB,Law.com CSM,Edit,Read,None,Edit
001Px00000VvbdYIAR,005Px00000Bnj46IAB,Law.com CSM,Edit,Read,None,Edit
001Px00000VvbddIAB,005Px00000Bnj46IAB,Law.com CSM,Edit,Read,None,Edit
001Px00000VvbdgIAB,005Px00000Bnj46IAB,Law.com CSM,Edit,Read,None,Edit
001Px00000VvbklIAB,005Px00000Bnj46IAB,Law.com CSM,Edit,Read,None,Edit
001Px00000VvblfIAB,005Px00000Bnj46IAB,Law.com CSM,Edit,Read,None,Edit
001Px00000VvbmVIAR,005Px00000Bnj46IAB,Law.com CSM,Edit,Read,None,Edit
001Px00000VvbmdIAB,005Px00000Bnj46IAB,Law.com CSM,Edit,Read,None,Edit
001Px00000VvbnAIAR,005Px00000Bnj46IAB,Law.com CSM,Edit,Read,None,Edit
001Px00000Vvbw9IAB,005Px00000BnqaDIAR,E&I CSM,Edit,Read,None,Edit
001Px00000VvbwXIAR,005Px00000Bnl4HIAR,PI CSM,Edit,Read,None,Edit
001Px00000Vvc5UIAR,005Px00000Bnj46IAB,Law.com CSM,Edit,Read,None,Edit
001Px00000Vvc5VIAR,005Px00000Bnj46IAB,Law.com CSM,Edit,Read,None,Edit
001Px00000Vvc6PIAR,005Px00000Bnj46IAB,Law.com CSM,Edit,Read,None,Edit
001Px00000VvcRqIAJ,005Px00000Bnj46IAB,Law.com CSM,Edit,Read,None,Edit
001Px00000VvcS7IAJ,005Px00000Bnj46IAB,Law.com CSM,Edit,Read,None,Edit
001Px00000VvcSDIAZ,005Px00000Bnl4HIAR,PI CSM,Edit,Read,None,Edit
001Px00000VvcSHIAZ,005Px00000Bnj46IAB,Law.com CSM,Edit,Read,None,Edit
001Px00000VvcSKIAZ,005Px00000Bnj46IAB,Law.com CSM,Edit,Read,None,Edit
001Px00000VvcSQIAZ,005Px00000Bnj46IAB,Law.com CSM,Edit,Read,None,Edit
001Px00000VvcSjIAJ,005Px00000Bnj46IAB,Law.com CSM,Edit,Read,None,Edit
001Px00000VvcT3IAJ,005Px00000Bnj46IAB,Law.com CSM,Edit,Read,None,Edit
001Px00000VvcYtIAJ,005Px00000Bnj46IAB,Law.com CSM,Edit,Read,None,Edit
001Px00000VvcYuIAJ,005Px00000Bnj46IAB,Law.com CSM,Edit,Read,None,Edit
001Px00000VvcgPIAR,005Px00000Bnj46IAB,Law.com CSM,Edit,Read,None,Edit
001Px00000VvchDIAR,005Px00000Bnj46IAB,Law.com CSM,Edit,Read,None,Edit
001Px00000VvcqIIAR,005Px00000Bnl4HIAR,PI CSM,Edit,Read,None,Edit
001Px00000Vvcr9IAB,005Px00000Bnj46IAB,Law.com CSM,Edit,Read,None,Edit
001Px00000Vvd2wIAB,005Px00000Bnj46IAB,Law.com CSM,Edit,Read,None,Edit
001Px00000Vvd2wIAB,005Px00000Bnl4HIAR,PI CSM,Edit,Read,None,Edit
001Px00000Vvd36IAB,005Px00000Bnj46IAB,Law.com CSM,Edit,Read,None,Edit
001Px00000Vvd3SIAR,005Px00000Bnj46IAB,Law.com CSM,Edit,Read,None,Edit
001Px00000Vvd3ZIAR,005Px00000Bnj46IAB,Law.com CSM,Edit,Read,None,Edit
001Px00000Vvd3aIAB,005Px00000Bnj46IAB,Law.com CSM,Edit,Read,None,Edit
001Px00000Vvd46IAB,005Px00000Bnj46IAB,Law.com CSM,Edit,Read,None,Edit
001Px00000Vvd9WIAR,005Px00000Bnj46IAB,Law.com CSM,Edit,Read,None,Edit
001Px00000Vvd9vIAB,005Px00000Bnj46IAB,Law.com CSM,Edit,Read,None,Edit
001Px00000VvdABIAZ,005Px00000Bnj46IAB,Law.com CSM,Edit,Read,None,Edit
001Px00000VvdALIAZ,005Px00000Bnj46IAB,Law.com CSM,Edit,Read,None,Edit
001Px00000VvdHRIAZ,005Px00000Bnj46IAB,Law.com CSM,Edit,Read,None,Edit
001Px00000VvdHSIAZ,005Px00000Bnj46IAB,Law.com CSM,Edit,Read,None,Edit
001Px00000VvdHUIAZ,005Px00000Bnl4HIAR,PI CSM,Edit,Read,None,Edit
001Px00000VvdHaIAJ,005Px00000Bnl4HIAR,PI CSM,Edit,Read,None,Edit
001Px00000VvdHaIAJ,005Px00000BnqaDIAR,E&I CSM,Edit,Read,None,Edit
001Px00000VvdUUIAZ,005Px00000Bnj46IAB,Law.com CSM,Edit,Read,None,Edit
001Px00000VvdUmIAJ,005Px00000Bnj46IAB,Law.com CSM,Edit,Read,None,Edit
001Px00000VvdVYIAZ,005Px00000Bnj46IAB,Law.com CSM,Edit,Read,None,Edit
001Px00000VvdlXIAR,005Px00000Bnl4HIAR,PI CSM,Edit,Read,None,Edit
001Px00000VvdlXIAR,005Px00000BnqaDIAR,E&I CSM,Edit,Read,None,Edit
001Px00000VvdnpIAB,005Px00000Bnj46IAB,Law.com CSM,Edit,Read,None,Edit
001Px00000VvdoqIAB,005Px00000Bnj46IAB,Law.com CSM,Edit,Read,None,Edit
001Px00000Vvdp5IAB,005Px00000Bnj46IAB,Law.com CSM,Edit,Read,None,Edit
001Px00000VveApIAJ,005Px00000Bnj46IAB,Law.com CSM,Edit,Read,None,Edit
001Px00000VveFbIAJ,005Px00000Bnj46IAB,Law.com CSM,Edit,Read,None,Edit
001Px00000VveGtIAJ,005Px00000Bnj46IAB,Law.com CSM,Edit,Read,None,Edit
001Px00000VveGwIAJ,005Px00000Bnj46IAB,Law.com CSM,Edit,Read,None,Edit
001Px00000VveHCIAZ,005Px00000Bnj46IAB,Law.com CSM,Edit,Read,None,Edit
001Px00000VveHKIAZ,005Px00000Bnj46IAB,Law.com CSM,Edit,Read,None,Edit
001Px00000VveHMIAZ,005Px00000Bnj46IAB,Law.com CSM,Edit,Read,None,Edit
001Px00000VveHTIAZ,005Px00000Bnj46IAB,Law.com CSM,Edit,Read,None,Edit
001Px00000VveHXIAZ,005Px00000Bnj46IAB,Law.com CSM,Edit,Read,None,Edit
001Px00000VveHoIAJ,005Px00000Bnj46IAB,Law.com CSM,Edit,Read,None,Edit
001Px00000VveHqIAJ,005Px00000Bnj46IAB,Law.com CSM,Edit,Read,None,Edit
001Px00000VveJpIAJ,005Px00000Bnj46IAB,Law.com CSM,Edit,Read,None,Edit
001Px00000VveQ4IAJ,005Px00000Bnj46IAB,Law.com CSM,Edit,Read,None,Edit
001Px00000VveWyIAJ,005Px00000Bnj46IAB,Law.com CSM,Edit,Read,None,Edit
001Px00000VveXDIAZ,005Px00000Bnj46IAB,Law.com CSM,Edit,Read,None,Edit
001Px00000VveXcIAJ,005Px00000Bnj46IAB,Law.com CSM,Edit,Read,None,Edit
001Px00000VveXeIAJ,005Px00000Bnj46IAB,Law.com CSM,Edit,Read,None,Edit
001Px00000VveXwIAJ,005Px00000Bnj46IAB,Law.com CSM,Edit,Read,None,Edit
001Px00000VvefMIAR,005Px00000Bnj46IAB,Law.com CSM,Edit,Read,None,Edit
001Px00000VvefuIAB,005Px00000Bnj46IAB,Law.com CSM,Edit,Read,None,Edit
001Px00000VvegIIAR,005Px00000Bnj46IAB,Law.com CSM,Edit,Read,None,Edit
001Px00000VvetSIAR,005Px00000Bnj46IAB,Law.com CSM,Edit,Read,None,Edit
001Px00000VveteIAB,005Px00000Bnj46IAB,Law.com CSM,Edit,Read,None,Edit
001Px00000VvetfIAB,005Px00000Bnj46IAB,Law.com CSM,Edit,Read,None,Edit
001Px00000VveuCIAR,005Px00000Bnj46IAB,Law.com CSM,Edit,Read,None,Edit
001Px00000VveymIAB,005Px00000Bnj46IAB,Law.com CSM,Edit,Read,None,Edit
001Px00000Vvf9gIAB,005Px00000Bnj46IAB,Law.com CSM,Edit,Read,None,Edit
001Px00000Vvf9lIAB,005Px00000Bnl4HIAR,PI CSM,Edit,Read,None,Edit
001Px00000Vvf9oIAB,005Px00000Bnj46IAB,Law.com CSM,Edit,Read,None,Edit
001Px00000VvfAQIAZ,005Px00000Bnj46IAB,Law.com CSM,Edit,Read,None,Edit
001Px00000VvfAjIAJ,005Px00000Bnj46IAB,Law.com CSM,Edit,Read,None,Edit
001Px00000VvfPWIAZ,005Px00000Bnl4HIAR,PI CSM,Edit,Read,None,Edit
001Px00000VvfPdIAJ,005Px00000Bnj46IAB,Law.com CSM,Edit,Read,None,Edit
001Px00000VvfPvIAJ,005Px00000Bnj46IAB,Law.com CSM,Edit,Read,None,Edit
001Px00000VvfQUIAZ,005Px00000Bnj46IAB,Law.com CSM,Edit,Read,None,Edit
001Px00000VvfQVIAZ,005Px00000Bnl4HIAR,PI CSM,Edit,Read,None,Edit
001Px00000VvfQVIAZ,005Px00000BnqaDIAR,E&I CSM,Edit,Read,None,Edit
001Px00000VvfTZIAZ,005Px00000Bnj46IAB,Law.com CSM,Edit,Read,None,Edit
001Px00000VvfTkIAJ,005Px00000Bnj46IAB,Law.com CSM,Edit,Read,None,Edit
001Px00000VvfUIIAZ,005Px00000Bnj46IAB,Law.com CSM,Edit,Read,None,Edit
001Px00000VvfUJIAZ,005Px00000BnqaDIAR,E&I CSM,Edit,Read,None,Edit
001Px00000VvfUeIAJ,005Px00000Bnj46IAB,Law.com CSM,Edit,Read,None,Edit
001Px00000VvfV8IAJ,005Px00000Bnj46IAB,Law.com CSM,Edit,Read,None,Edit
001Px00000VvfeiIAB,005Px00000Bnj46IAB,Law.com CSM,Edit,Read,None,Edit
001Px00000VvfkcIAB,005Px00000Bnj46IAB,Law.com CSM,Edit,Read,None,Edit
001Px00000VvfkiIAB,005Px00000Bnj46IAB,Law.com CSM,Edit,Read,None,Edit
001Px00000Vvfl2IAB,005Px00000Bnj46IAB,Law.com CSM,Edit,Read,None,Edit
001Px00000Vvfl5IAB,005Px00000Bnj46IAB,Law.com CSM,Edit,Read,None,Edit
001Px00000Vvfl9IAB,005Px00000Bnj46IAB,Law.com CSM,Edit,Read,None,Edit
001Px00000VvflCIAR,005Px00000Bnj46IAB,Law.com CSM,Edit,Read,None,Edit
001Px00000VvflLIAR,005Px00000BnqaDIAR,E&I CSM,Edit,Read,None,Edit
001Px00000VvflXIAR,005Px00000Bnj46IAB,Law.com CSM,Edit,Read,None,Edit
001Px00000VvfrZIAR,005Px00000Bnj46IAB,Law.com CSM,Edit,Read,None,Edit
001Px00000VvfrmIAB,005Px00000Bnj46IAB,Law.com CSM,Edit,Read,None,Edit
001Px00000VvfsMIAR,005Px00000Bnj46IAB,Law.com CSM,Edit,Read,None,Edit
001Px00000VvfsZIAR,005Px00000Bnj46IAB,Law.com CSM,Edit,Read,None,Edit
001Px00000Vvg5bIAB,005Px00000Bnj46IAB,Law.com CSM,Edit,Read,None,Edit
001Px00000Vvg5mIAB,005Px00000Bnj46IAB,Law.com CSM,Edit,Read,None,Edit
001Px00000Vvg6VIAR,005Px00000Bnj46IAB,Law.com CSM,Edit,Read,None,Edit
001Px00000Vvg76IAB,005Px00000Bnj46IAB,Law.com CSM,Edit,Read,None,Edit
001Px00000Vvg7wIAB,005Px00000Bnj46IAB,Law.com CSM,Edit,Read,None,Edit
001Px00000Vvg83IAB,005Px00000Bnj46IAB,Law.com CSM,Edit,Read,None,Edit
001Px00000Vvg8NIAR,005Px00000Bnj46IAB,Law.com CSM,Edit,Read,None,Edit
001Px00000Vvg8NIAR,005Px00000BnqaDIAR,E&I CSM,Edit,Read,None,Edit
001Px00000Vvg8ZIAR,005Px00000Bnj46IAB,Law.com CSM,Edit,Read,None,Edit
001Px00000VvgECIAZ,005Px00000Bnj46IAB,Law.com CSM,Edit,Read,None,Edit
001Px00000VvgI7IAJ,005Px00000Bnj46IAB,Law.com CSM,Edit,Read,None,Edit
001Px00000VvgIAIAZ,005Px00000Bnj46IAB,Law.com CSM,Edit,Read,None,Edit
001Px00000VvgIGIAZ,005Px00000Bnj46IAB,Law.com CSM,Edit,Read,None,Edit
001Px00000VvgIGIAZ,005Px00000Bnl4HIAR,PI CSM,Edit,Read,None,Edit
001Px00000VvgIfIAJ,005Px00000Bnj46IAB,Law.com CSM,Edit,Read,None,Edit
001Px00000VvgJUIAZ,005Px00000Bnj46IAB,Law.com CSM,Edit,Read,None,Edit
001Px00000VvgdeIAB,005Px00000Bnl4HIAR,PI CSM,Edit,Read,None,Edit
001Px00000VvgeOIAR,005Px00000Bnj46IAB,Law.com CSM,Edit,Read,None,Edit
001Px00000VvgeOIAR,005Px00000Bnl4HIAR,PI CSM,Edit,Read,None,Edit
001Px00000VvgemIAB,005Px00000Bnj46IAB,Law.com CSM,Edit,Read,None,Edit
001Px00000VvgepIAB,005Px00000Bnj46IAB,Law.com CSM,Edit,Read,None,Edit
001Px00000VvggbIAB,005Px00000Bnj46IAB,Law.com CSM,Edit,Read,None,Edit
001Px00000VvgmfIAB,005Px00000Bnj46IAB,Law.com CSM,Edit,Read,None,Edit
001Px00000Vvgs0IAB,005Px00000Bnj46IAB,Law.com CSM,Edit,Read,None,Edit
001Px00000VvgseIAB,005Px00000Bnj46IAB,Law.com CSM,Edit,Read,None,Edit
001Px00000VvgsoIAB,005Px00000Bnj46IAB,Law.com CSM,Edit,Read,None,Edit
001Px00000VvgspIAB,005Px00000Bnj46IAB,Law.com CSM,Edit,Read,None,Edit
001Px00000VvgsrIAB,005Px00000Bnj46IAB,Law.com CSM,Edit,Read,None,Edit
001Px00000Vvgt7IAB,005Px00000Bnj46IAB,Law.com CSM,Edit,Read,None,Edit
001Px00000VvgtBIAR,005Px00000Bnj46IAB,Law.com CSM,Edit,Read,None,Edit
001Px00000VvgtRIAR,005Px00000Bnj46IAB,Law.com CSM,Edit,Read,None,Edit
001Px00000VvgtZIAR,005Px00000Bnj46IAB,Law.com CSM,Edit,Read,None,Edit
001Px00000VvgunIAB,005Px00000Bnj46IAB,Law.com CSM,Edit,Read,None,Edit
001Px00000Vvh1iIAB,005Px00000Bnj46IAB,Law.com CSM,Edit,Read,None,Edit
001Px00000Vvh2RIAR,005Px00000Bnj46IAB,Law.com CSM,Edit,Read,None,Edit
001Px00000Vvh2eIAB,005Px00000Bnj46IAB,Law.com CSM,Edit,Read,None,Edit
001Px00000Vvh2fIAB,005Px00000Bnj46IAB,Law.com CSM,Edit,Read,None,Edit
001Px00000Vvh2hIAB,005Px00000Bnj46IAB,Law.com CSM,Edit,Read,None,Edit
001Px00000Vvh2sIAB,005Px00000Bnj46IAB,Law.com CSM,Edit,Read,None,Edit
001Px00000Vvh2uIAB,005Px00000Bnj46IAB,Law.com CSM,Edit,Read,None,Edit
001Px00000Vvh2wIAB,005Px00000Bnj46IAB,Law.com CSM,Edit,Read,None,Edit
001Px00000Vvh4NIAR,005Px00000Bnj46IAB,Law.com CSM,Edit,Read,None,Edit
001Px00000Vvh5wIAB,005Px00000Bnj46IAB,Law.com CSM,Edit,Read,None,Edit
001Px00000VvhC0IAJ,005Px00000Bnj46IAB,Law.com CSM,Edit,Read,None,Edit
001Px00000VvhCRIAZ,005Px00000Bnj46IAB,Law.com CSM,Edit,Read,None,Edit
001Px00000VvhPqIAJ,005Px00000Bnj46IAB,Law.com CSM,Edit,Read,None,Edit
001Px00000VvhQNIAZ,005Px00000Bnj46IAB,Law.com CSM,Edit,Read,None,Edit
001Px00000VvhWGIAZ,005Px00000Bnj46IAB,Law.com CSM,Edit,Read,None,Edit
001Px00000VvhWLIAZ,005Px00000Bnj46IAB,Law.com CSM,Edit,Read,None,Edit
001Px00000VvhWVIAZ,005Px00000Bnj46IAB,Law.com CSM,Edit,Read,None,Edit
001Px00000VvhWXIAZ,005Px00000Bnj46IAB,Law.com CSM,Edit,Read,None,Edit
001Px00000VvhWZIAZ,005Px00000Bnj46IAB,Law.com CSM,Edit,Read,None,Edit
001Px00000VvhWdIAJ,005Px00000Bnj46IAB,Law.com CSM,Edit,Read,None,Edit
001Px00000VvhWiIAJ,005Px00000Bnl4HIAR,PI CSM,Edit,Read,None,Edit
001Px00000VvhWzIAJ,005Px00000Bnl4HIAR,PI CSM,Edit,Read,None,Edit
001Px00000VvhX2IAJ,005Px00000Bnj46IAB,Law.com CSM,Edit,Read,None,Edit
001Px00000VvhXIIAZ,005Px00000Bnj46IAB,Law.com CSM,Edit,Read,None,Edit
001Px00000VvhXWIAZ,005Px00000Bnj46IAB,Law.com CSM,Edit,Read,None,Edit
001Px00000Vvhl5IAB,005Px00000Bnj46IAB,Law.com CSM,Edit,Read,None,Edit
001Px00000VvhlrIAB,005Px00000Bnj46IAB,Law.com CSM,Edit,Read,None,Edit
001Px00000VvhssIAB,005Px00000Bnj46IAB,Law.com CSM,Edit,Read,None,Edit
001Px00000VvhsuIAB,005Px00000Bnj46IAB,Law.com CSM,Edit,Read,None,Edit
001Px00000Vvht4IAB,005Px00000Bnj46IAB,Law.com CSM,Edit,Read,None,Edit
001Px00000VvhtKIAR,005Px00000Bnj46IAB,Law.com CSM,Edit,Read,None,Edit
001Px00000VvhtXIAR,005Px00000Bnj46IAB,Law.com CSM,Edit,Read,None,Edit
001Px00000VvhtdIAB,005Px00000Bnj46IAB,Law.com CSM,Edit,Read,None,Edit
001Px00000VvhtqIAB,005Px00000Bnj46IAB,Law.com CSM,Edit,Read,None,Edit
001Px00000VvhtrIAB,005Px00000Bnj46IAB,Law.com CSM,Edit,Read,None,Edit
001Px00000VvhuHIAR,005Px00000Bnj46IAB,Law.com CSM,Edit,Read,None,Edit
001Px00000VvhuIIAR,005Px00000Bnj46IAB,Law.com CSM,Edit,Read,None,Edit
001Px00000VvhuKIAR,005Px00000Bnj46IAB,Law.com CSM,Edit,Read,None,Edit
001Px00000VvhzZIAR,005Px00000Bnj46IAB,Law.com CSM,Edit,Read,None,Edit
001Px00000VvhzyIAB,005Px00000Bnj46IAB,Law.com CSM,Edit,Read,None,Edit
001Px00000Vvi0JIAR,005Px00000Bnj46IAB,Law.com CSM,Edit,Read,None,Edit
001Px00000Vvi0ZIAR,005Px00000Bnj46IAB,Law.com CSM,Edit,Read,None,Edit
001Px00000Vvi0jIAB,005Px00000Bnj46IAB,Law.com CSM,Edit,Read,None,Edit
001Px00000Vvi14IAB,005Px00000Bnj46IAB,Law.com CSM,Edit,Read,None,Edit
001Px00000Vvi1EIAR,005Px00000Bnj46IAB,Law.com CSM,Edit,Read,None,Edit
001Px00000Vvi1ZIAR,005Px00000Bnj46IAB,Law.com CSM,Edit,Read,None,Edit
001Px00000Vvi1cIAB,005Px00000Bnj46IAB,Law.com CSM,Edit,Read,None,Edit
001Px00000Vvi5zIAB,005Px00000Bnj46IAB,Law.com CSM,Edit,Read,None,Edit
001Px00000Vvi60IAB,005Px00000Bnj46IAB,Law.com CSM,Edit,Read,None,Edit
001Px00000Vvi62IAB,005Px00000Bnj46IAB,Law.com CSM,Edit,Read,None,Edit
001Px00000Vvi65IAB,005Px00000Bnj46IAB,Law.com CSM,Edit,Read,None,Edit
001Px00000Vvi6DIAR,005Px00000Bnj46IAB,Law.com CSM,Edit,Read,None,Edit
001Px00000Vvi6FIAR,005Px00000Bnj46IAB,Law.com CSM,Edit,Read,None,Edit
001Px00000Vvi6QIAR,005Px00000Bnj46IAB,Law.com CSM,Edit,Read,None,Edit
001Px00000Vvi6eIAB,005Px00000Bnj46IAB,Law.com CSM,Edit,Read,None,Edit
001Px00000Vvi72IAB,005Px00000Bnj46IAB,Law.com CSM,Edit,Read,None,Edit
001Px00000Vvi7kIAB,005Px00000Bnj46IAB,Law.com CSM,Edit,Read,None,Edit
001Px00000VviU1IAJ,005Px00000Bnj46IAB,Law.com CSM,Edit,Read,None,Edit
001Px00000VviU6IAJ,005Px00000Bnj46IAB,Law.com CSM,Edit,Read,None,Edit
001Px00000VviUHIAZ,005Px00000Bnj46IAB,Law.com CSM,Edit,Read,None,Edit
001Px00000VviUNIAZ,005Px00000Bnj46IAB,Law.com CSM,Edit,Read,None,Edit
001Px00000VviUWIAZ,005Px00000Bnj46IAB,Law.com CSM,Edit,Read,None,Edit
001Px00000VviUcIAJ,005Px00000Bnj46IAB,Law.com CSM,Edit,Read,None,Edit
001Px00000VviUfIAJ,005Px00000Bnj46IAB,Law.com CSM,Edit,Read,None,Edit
001Px00000VviUvIAJ,005Px00000Bnj46IAB,Law.com CSM,Edit,Read,None,Edit
001Px00000Vvic9IAB,005Px00000Bnj46IAB,Law.com CSM,Edit,Read,None,Edit
001Px00000VvicJIAR,005Px00000Bnj46IAB,Law.com CSM,Edit,Read,None,Edit
001Px00000VvicLIAR,005Px00000Bnj46IAB,Law.com CSM,Edit,Read,None,Edit
001Px00000VvicRIAR,005Px00000BnqaDIAR,E&I CSM,Edit,Read,None,Edit
001Px00000VvicUIAR,005Px00000Bnj46IAB,Law.com CSM,Edit,Read,None,Edit
001Px00000VviczIAB,005Px00000Bnj46IAB,Law.com CSM,Edit,Read,None,Edit
001Px00000Vvid3IAB,005Px00000Bnj46IAB,Law.com CSM,Edit,Read,None,Edit
001Px00000Vvid9IAB,005Px00000Bnj46IAB,Law.com CSM,Edit,Read,None,Edit
001Px00000VvidDIAR,005Px00000Bnj46IAB,Law.com CSM,Edit,Read,None,Edit
001Px00000VvidIIAR,005Px00000Bnj46IAB,Law.com CSM,Edit,Read,None,Edit
001Px00000VvieIIAR,005Px00000Bnj46IAB,Law.com CSM,Edit,Read,None,Edit
001Px00000VvierIAB,005Px00000Bnj46IAB,Law.com CSM,Edit,Read,None,Edit
001Px00000VvifdIAB,005Px00000Bnj46IAB,Law.com CSM,Edit,Read,None,Edit
001Px00000Vvih6IAB,005Px00000Bnj46IAB,Law.com CSM,Edit,Read,None,Edit
001Px00000VviiBIAR,005Px00000Bnj46IAB,Law.com CSM,Edit,Read,None,Edit
001Px00000Vvj9xIAB,005Px00000Bnj46IAB,Law.com CSM,Edit,Read,None,Edit
001Px00000VvjAQIAZ,005Px00000Bnj46IAB,Law.com CSM,Edit,Read,None,Edit
001Px00000VvjAVIAZ,005Px00000Bnj46IAB,Law.com CSM,Edit,Read,None,Edit
001Px00000VvjAZIAZ,005Px00000Bnj46IAB,Law.com CSM,Edit,Read,None,Edit
001Px00000VvjAaIAJ,005Px00000Bnj46IAB,Law.com CSM,Edit,Read,None,Edit
001Px00000VvjAcIAJ,005Px00000Bnj46IAB,Law.com CSM,Edit,Read,None,Edit
001Px00000VvjAiIAJ,005Px00000Bnj46IAB,Law.com CSM,Edit,Read,None,Edit
001Px00000VvjAjIAJ,005Px00000Bnj46IAB,Law.com CSM,Edit,Read,None,Edit
001Px00000VvjBEIAZ,005Px00000Bnj46IAB,Law.com CSM,Edit,Read,None,Edit
001Px00000VvjBHIAZ,005Px00000BnqaDIAR,E&I CSM,Edit,Read,None,Edit
001Px00000VvjE5IAJ,005Px00000Bnj46IAB,Law.com CSM,Edit,Read,None,Edit
001Px00000VvjQ3IAJ,005Px00000Bnj46IAB,Law.com CSM,Edit,Read,None,Edit
001Px00000VvjT7IAJ,005Px00000Bnj46IAB,Law.com CSM,Edit,Read,None,Edit
001Px00000VvjopIAB,005Px00000Bnl4HIAR,PI CSM,Edit,Read,None,Edit
001Px00000VvjyFIAR,005Px00000BnqaDIAR,E&I CSM,Edit,Read,None,Edit
001Px00000VvjypIAB,005Px00000Bnj46IAB,Law.com CSM,Edit,Read,None,Edit
001Px00000VvjzIIAR,005Px00000Bnj46IAB,Law.com CSM,Edit,Read,None,Edit
001Px00000Vvk1DIAR,005Px00000Bnj46IAB,Law.com CSM,Edit,Read,None,Edit
001Px00000Vvk1GIAR,005Px00000Bnj46IAB,Law.com CSM,Edit,Read,None,Edit
001Px00000Vvk1KIAR,005Px00000Bnj46IAB,Law.com CSM,Edit,Read,None,Edit
001Px00000Vvk1VIAR,005Px00000Bnl4HIAR,PI CSM,Edit,Read,None,Edit
001Px00000Vvk23IAB,005Px00000Bnj46IAB,Law.com CSM,Edit,Read,None,Edit
001Px00000Vvk24IAB,005Px00000BnqaDIAR,E&I CSM,Edit,Read,None,Edit
001Px00000Vvk2IIAR,005Px00000Bnj46IAB,Law.com CSM,Edit,Read,None,Edit
001Px00000Vvk2MIAR,005Px00000Bnj46IAB,Law.com CSM,Edit,Read,None,Edit
001Px00000Vvk2SIAR,005Px00000Bnj46IAB,Law.com CSM,Edit,Read,None,Edit
001Px00000Vvk2VIAR,005Px00000Bnj46IAB,Law.com CSM,Edit,Read,None,Edit
001Px00000Vvk2XIAR,005Px00000Bnj46IAB,Law.com CSM,Edit,Read,None,Edit
001Px00000VvkNoIAJ,005Px00000Bnj46IAB,Law.com CSM,Edit,Read,None,Edit
001Px00000VvkRjIAJ,005Px00000Bnj46IAB,Law.com CSM,Edit,Read,None,Edit
001Px00000VvkRyIAJ,005Px00000Bnj46IAB,Law.com CSM,Edit,Read,None,Edit
001Px00000VvkTUIAZ,005Px00000Bnj46IAB,Law.com CSM,Edit,Read,None,Edit
001Px00000VvkTeIAJ,005Px00000Bnl4HIAR,PI CSM,Edit,Read,None,Edit
001Px00000VvkWXIAZ,005Px00000Bnl4HIAR,PI CSM,Edit,Read,None,Edit
001Px00000VvkhIIAR,005Px00000Bnj46IAB,Law.com CSM,Edit,Read,None,Edit
001Px00000VvkhmIAB,005Px00000Bnj46IAB,Law.com CSM,Edit,Read,None,Edit
001Px00000Vvl16IAB,005Px00000Bnj46IAB,Law.com CSM,Edit,Read,None,Edit
001Px00000Vvl81IAB,005Px00000Bnj46IAB,Law.com CSM,Edit,Read,None,Edit
001Px00000VvlIPIAZ,005Px00000Bnj46IAB,Law.com CSM,Edit,Read,None,Edit
001Px00000VvlIXIAZ,005Px00000Bnj46IAB,Law.com CSM,Edit,Read,None,Edit
001Px00000VvlIeIAJ,005Px00000Bnj46IAB,Law.com CSM,Edit,Read,None,Edit
001Px00000VvlIhIAJ,005Px00000Bnj46IAB,Law.com CSM,Edit,Read,None,Edit
001Px00000VvlJWIAZ,005Px00000Bnj46IAB,Law.com CSM,Edit,Read,None,Edit
001Px00000VvlJbIAJ,005Px00000Bnj46IAB,Law.com CSM,Edit,Read,None,Edit
001Px00000VvlpyIAB,005Px00000Bnj46IAB,Law.com CSM,Edit,Read,None,Edit
001Px00000Vvm4UIAR,005Px00000Bnj46IAB,Law.com CSM,Edit,Read,None,Edit
001Px00000Vvm4UIAR,005Px00000Bnl4HIAR,PI CSM,Edit,Read,None,Edit
001Px00000VvmBEIAZ,005Px00000Bnj46IAB,Law.com CSM,Edit,Read,None,Edit
001Px00000VvmBzIAJ,005Px00000Bnj46IAB,Law.com CSM,Edit,Read,None,Edit
001Px00000VvmBzIAJ,005Px00000BnqaDIAR,E&I CSM,Edit,Read,None,Edit
001Px00000VvmHiIAJ,005Px00000Bnl4HIAR,PI CSM,Edit,Read,None,Edit
001Px00000VvmKdIAJ,005Px00000Bnj46IAB,Law.com CSM,Edit,Read,None,Edit
001Px00000VvmKfIAJ,005Px00000Bnj46IAB,Law.com CSM,Edit,Read,None,Edit
001Px00000VvmSxIAJ,005Px00000Bnl4HIAR,PI CSM,Edit,Read,None,Edit
001Px00000VvmTHIAZ,005Px00000Bnj46IAB,Law.com CSM,Edit,Read,None,Edit
001Px00000VvmU1IAJ,005Px00000Bnj46IAB,Law.com CSM,Edit,Read,None,Edit
001Px00000VvmXWIAZ,005Px00000Bnj46IAB,Law.com CSM,Edit,Read,None,Edit
001Px00000VvmXaIAJ,005Px00000Bnj46IAB,Law.com CSM,Edit,Read,None,Edit
001Px00000Vvmi9IAB,005Px00000Bnj46IAB,Law.com CSM,Edit,Read,None,Edit
001Px00000VvmiTIAR,005Px00000Bnj46IAB,Law.com CSM,Edit,Read,None,Edit
001Px00000Vvmn9IAB,005Px00000Bnj46IAB,Law.com CSM,Edit,Read,None,Edit
001Px00000VvmsvIAB,005Px00000Bnj46IAB,Law.com CSM,Edit,Read,None,Edit
001Px00000VvmtoIAB,005Px00000Bnj46IAB,Law.com CSM,Edit,Read,None,Edit
001Px00000Vvn6yIAB,005Px00000Bnj46IAB,Law.com CSM,Edit,Read,None,Edit
001Px00000VvnDRIAZ,005Px00000Bnj46IAB,Law.com CSM,Edit,Read,None,Edit
001Px00000VvnDVIAZ,005Px00000Bnj46IAB,Law.com CSM,Edit,Read,None,Edit
001Px00000VvnKMIAZ,005Px00000Bnj46IAB,Law.com CSM,Edit,Read,None,Edit
001Px00000VvnLQIAZ,005Px00000Bnj46IAB,Law.com CSM,Edit,Read,None,Edit
001Px00000VvndeIAB,005Px00000Bnj46IAB,Law.com CSM,Edit,Read,None,Edit
001Px00000Vvne3IAB,005Px00000Bnj46IAB,Law.com CSM,Edit,Read,None,Edit
001Px00000VvngVIAR,005Px00000Bnj46IAB,Law.com CSM,Edit,Read,None,Edit
001Px00000Vvo2jIAB,005Px00000Bnj46IAB,Law.com CSM,Edit,Read,None,Edit
001Px00000Vvo4iIAB,005Px00000Bnj46IAB,Law.com CSM,Edit,Read,None,Edit
001Px00000Vvo89IAB,005Px00000Bnj46IAB,Law.com CSM,Edit,Read,None,Edit
001Px00000Vvo8SIAR,005Px00000Bnl4HIAR,PI CSM,Edit,Read,None,Edit
001Px00000Vvo94IAB,005Px00000Bnj46IAB,Law.com CSM,Edit,Read,None,Edit
001Px00000VvoGIIAZ,005Px00000BnqaDIAR,E&I CSM,Edit,Read,None,Edit
001Px00000VvoGPIAZ,005Px00000Bnj46IAB,Law.com CSM,Edit,Read,None,Edit
001Px00000VvoGnIAJ,005Px00000Bnj46IAB,Law.com CSM,Edit,Read,None,Edit
001Px00000VvoKuIAJ,005Px00000Bnj46IAB,Law.com CSM,Edit,Read,None,Edit
001Px00000VvoQ4IAJ,005Px00000Bnj46IAB,Law.com CSM,Edit,Read,None,Edit
001Px00000VvoSrIAJ,005Px00000Bnj46IAB,Law.com CSM,Edit,Read,None,Edit
001Px00000VvoedIAB,005Px00000Bnj46IAB,Law.com CSM,Edit,Read,None,Edit
001Px00000VvokBIAR,005Px00000Bnj46IAB,Law.com CSM,Edit,Read,None,Edit
001Px00000VvolEIAR,005Px00000Bnl4HIAR,PI CSM,Edit,Read,None,Edit
001Px00000VvotjIAB,005Px00000Bnl4HIAR,PI CSM,Edit,Read,None,Edit
001Px00000VvottIAB,005Px00000Bnj46IAB,Law.com CSM,Edit,Read,None,Edit
001Px00000Vvp5eIAB,005Px00000Bnj46IAB,Law.com CSM,Edit,Read,None,Edit
001Px00000Vvp5yIAB,005Px00000Bnj46IAB,Law.com CSM,Edit,Read,None,Edit
001Px00000Vvp6rIAB,005Px00000Bnj46IAB,Law.com CSM,Edit,Read,None,Edit
001Px00000Vvp77IAB,005Px00000Bnj46IAB,Law.com CSM,Edit,Read,None,Edit
001Px00000VvpEYIAZ,005Px00000Bnj46IAB,Law.com CSM,Edit,Read,None,Edit
001Px00000VvpElIAJ,005Px00000Bnj46IAB,Law.com CSM,Edit,Read,None,Edit
001Px00000VvpEsIAJ,005Px00000Bnj46IAB,Law.com CSM,Edit,Read,None,Edit
001Px00000VvpKaIAJ,005Px00000BnqaDIAR,E&I CSM,Edit,Read,None,Edit
001Px00000VvpKgIAJ,005Px00000Bnj46IAB,Law.com CSM,Edit,Read,None,Edit
001Px00000VvpOGIAZ,005Px00000Bnj46IAB,Law.com CSM,Edit,Read,None,Edit
001Px00000VvpRjIAJ,005Px00000BnqaDIAR,E&I CSM,Edit,Read,None,Edit
001Px00000VvpU3IAJ,005Px00000Bnj46IAB,Law.com CSM,Edit,Read,None,Edit
001Px00000VvpUFIAZ,005Px00000Bnj46IAB,Law.com CSM,Edit,Read,None,Edit
001Px00000VvpUcIAJ,005Px00000Bnj46IAB,Law.com CSM,Edit,Read,None,Edit
001Px00000VvpUvIAJ,005Px00000Bnj46IAB,Law.com CSM,Edit,Read,None,Edit
001Px00000VvpV6IAJ,005Px00000Bnj46IAB,Law.com CSM,Edit,Read,None,Edit
001Px00000VvpWPIAZ,005Px00000Bnj46IAB,Law.com CSM,Edit,Read,None,Edit
001Px00000VvpZYIAZ,005Px00000Bnl4HIAR,PI CSM,Edit,Read,None,Edit
001Px00000VvpbzIAB,005Px00000Bnj46IAB,Law.com CSM,Edit,Read,None,Edit
001Px00000VvpdPIAR,005Px00000Bnj46IAB,Law.com CSM,Edit,Read,None,Edit
001Px00000VvpenIAB,005Px00000Bnj46IAB,Law.com CSM,Edit,Read,None,Edit
001Px00000VvpglIAB,005Px00000Bnl4HIAR,PI CSM,Edit,Read,None,Edit
001Px00000VvphCIAR,005Px00000Bnj46IAB,Law.com CSM,Edit,Read,None,Edit
001Px00000VvptbIAB,005Px00000Bnj46IAB,Law.com CSM,Edit,Read,None,Edit
001Px00000VvptoIAB,005Px00000Bnj46IAB,Law.com CSM,Edit,Read,None,Edit
001Px00000VvpuPIAR,005Px00000Bnl4HIAR,PI CSM,Edit,Read,None,Edit
001Px00000VvpvDIAR,005Px00000Bnj46IAB,Law.com CSM,Edit,Read,None,Edit
001Px00000VvpwKIAR,005Px00000Bnj46IAB,Law.com CSM,Edit,Read,None,Edit
001Px00000VvpwsIAB,005Px00000Bnj46IAB,Law.com CSM,Edit,Read,None,Edit
001Px00000Vvpx9IAB,005Px00000Bnj46IAB,Law.com CSM,Edit,Read,None,Edit
001Px00000VvpxUIAR,005Px00000Bnj46IAB,Law.com CSM,Edit,Read,None,Edit
001Px00000VvpxpIAB,005Px00000Bnj46IAB,Law.com CSM,Edit,Read,None,Edit
001Px00000Vvq3FIAR,005Px00000Bnj46IAB,Law.com CSM,Edit,Read,None,Edit
001Px00000Vvq5oIAB,005Px00000Bnj46IAB,Law.com CSM,Edit,Read,None,Edit
001Px00000Vvq6TIAR,005Px00000Bnl4HIAR,PI CSM,Edit,Read,None,Edit
001Px00000VvqG9IAJ,005Px00000Bnj46IAB,Law.com CSM,Edit,Read,None,Edit
001Px00000VvqQAIAZ,005Px00000BnqaDIAR,E&I CSM,Edit,Read,None,Edit
001Px00000VvqT3IAJ,005Px00000Bnj46IAB,Law.com CSM,Edit,Read,None,Edit
001Px00000VvramIAB,005Px00000Bnj46IAB,Law.com CSM,Edit,Read,None,Edit
001Px00000VvrbmIAB,005Px00000Bnj46IAB,Law.com CSM,Edit,Read,None,Edit
001Px00000VvrbmIAB,005Px00000Bnl4HIAR,PI CSM,Edit,Read,None,Edit
001Px00000VvrmnIAB,005Px00000Bnj46IAB,Law.com CSM,Edit,Read,None,Edit
001Px00000VvrnBIAR,005Px00000Bnj46IAB,Law.com CSM,Edit,Read,None,Edit
001Px00000VvrnFIAR,005Px00000Bnj46IAB,Law.com CSM,Edit,Read,None,Edit
001Px00000VvrpdIAB,005Px00000Bnj46IAB,Law.com CSM,Edit,Read,None,Edit
001Px00000VvrpiIAB,005Px00000Bnj46IAB,Law.com CSM,Edit,Read,None,Edit
001Px00000VvrqCIAR,005Px00000Bnj46IAB,Law.com CSM,Edit,Read,None,Edit
001Px00000VvruCIAR,005Px00000Bnl4HIAR,PI CSM,Edit,Read,None,Edit
001Px00000VvrzLIAR,005Px00000Bnj46IAB,Law.com CSM,Edit,Read,None,Edit
001Px00000VvrztIAB,005Px00000Bnj46IAB,Law.com CSM,Edit,Read,None,Edit
001Px00000Vvs5nIAB,005Px00000Bnj46IAB,Law.com CSM,Edit,Read,None,Edit
001Px00000Vvs5pIAB,005Px00000Bnl4HIAR,PI CSM,Edit,Read,None,Edit
001Px00000Vvs5uIAB,005Px00000Bnl4HIAR,PI CSM,Edit,Read,None,Edit
001Px00000Vvs9wIAB,005Px00000Bnj46IAB,Law.com CSM,Edit,Read,None,Edit
001Px00000VvsBlIAJ,005Px00000Bnj46IAB,Law.com CSM,Edit,Read,None,Edit
001Px00000VvsCbIAJ,005Px00000Bnj46IAB,Law.com CSM,Edit,Read,None,Edit
001Px00000VvsCvIAJ,005Px00000Bnj46IAB,Law.com CSM,Edit,Read,None,Edit
001Px00000VvsEFIAZ,005Px00000Bnj46IAB,Law.com CSM,Edit,Read,None,Edit
001Px00000VvsEXIAZ,005Px00000Bnj46IAB,Law.com CSM,Edit,Read,None,Edit
001Px00000VvsGZIAZ,005Px00000Bnl4HIAR,PI CSM,Edit,Read,None,Edit
001Px00000VvsMYIAZ,005Px00000Bnj46IAB,Law.com CSM,Edit,Read,None,Edit
001Px00000VvsfaIAB,005Px00000Bnj46IAB,Law.com CSM,Edit,Read,None,Edit
001Px00000Vvsp8IAB,005Px00000BnqaDIAR,E&I CSM,Edit,Read,None,Edit
001Px00000Vvsy9IAB,005Px00000Bnl4HIAR,PI CSM,Edit,Read,None,Edit
001Px00000VvtMTIAZ,005Px00000Bnl4HIAR,PI CSM,Edit,Read,None,Edit
001Px00000VvtMVIAZ,005Px00000BnqaDIAR,E&I CSM,Edit,Read,None,Edit
001Px00000VvtN9IAJ,005Px00000BnqaDIAR,E&I CSM,Edit,Read,None,Edit
001Px00000VvtRrIAJ,005Px00000Bnl4HIAR,PI CSM,Edit,Read,None,Edit
001Px00000VvtXwIAJ,005Px00000Bnj46IAB,Law.com CSM,Edit,Read,None,Edit
001Px00000VvtYXIAZ,005Px00000BnqaDIAR,E&I CSM,Edit,Read,None,Edit
001Px00000Vvu2BIAR,005Px00000Bnj46IAB,Law.com CSM,Edit,Read,None,Edit
001Px00000VvuLmIAJ,005Px00000Bnj46IAB,Law.com CSM,Edit,Read,None,Edit
001Px00000VvuLqIAJ,005Px00000Bnj46IAB,Law.com CSM,Edit,Read,None,Edit
001Px00000VvuM0IAJ,005Px00000Bnj46IAB,Law.com CSM,Edit,Read,None,Edit
001Px00000VvuMDIAZ,005Px00000Bnj46IAB,Law.com CSM,Edit,Read,None,Edit
001Px00000VvuS2IAJ,005Px00000Bnj46IAB,Law.com CSM,Edit,Read,None,Edit
001Px00000VvuSYIAZ,005Px00000Bnj46IAB,Law.com CSM,Edit,Read,None,Edit
001Px00000VvuSgIAJ,005Px00000Bnj46IAB,Law.com CSM,Edit,Read,None,Edit
001Px00000VvufmIAB,005Px00000Bnl4HIAR,PI CSM,Edit,Read,None,Edit
001Px00000Vvv3QIAR,005Px00000Bnj46IAB,Law.com CSM,Edit,Read,None,Edit
001Px00000Vvv4CIAR,005Px00000Bnj46IAB,Law.com CSM,Edit,Read,None,Edit
001Px00000VvvErIAJ,005Px00000Bnj46IAB,Law.com CSM,Edit,Read,None,Edit
001Px00000VvvF9IAJ,005Px00000Bnj46IAB,Law.com CSM,Edit,Read,None,Edit
001Px00000VvvNCIAZ,005Px00000Bnj46IAB,Law.com CSM,Edit,Read,None,Edit
001Px00000VvvWTIAZ,005Px00000Bnj46IAB,Law.com CSM,Edit,Read,None,Edit
001Px00000VvvWlIAJ,005Px00000Bnj46IAB,Law.com CSM,Edit,Read,None,Edit
001Px00000VvvXVIAZ,005Px00000Bnj46IAB,Law.com CSM,Edit,Read,None,Edit
001Px00000VvvZZIAZ,005Px00000Bnj46IAB,Law.com CSM,Edit,Read,None,Edit
001Px00000VvviLIAR,005Px00000Bnj46IAB,Law.com CSM,Edit,Read,None,Edit
001Px00000VvvibIAB,005Px00000Bnj46IAB,Law.com CSM,Edit,Read,None,Edit
001Px00000VvvilIAB,005Px00000Bnj46IAB,Law.com CSM,Edit,Read,None,Edit
001Px00000VvvjyIAB,005Px00000Bnj46IAB,Law.com CSM,Edit,Read,None,Edit
001Px00000Vvw3pIAB,005Px00000Bnj46IAB,Law.com CSM,Edit,Read,None,Edit
001Px00000VvwAHIAZ,005Px00000Bnj46IAB,Law.com CSM,Edit,Read,None,Edit
001Px00000VvwD1IAJ,005Px00000Bnl4HIAR,PI CSM,Edit,Read,None,Edit
001Px00000VvwD6IAJ,005Px00000Bnj46IAB,Law.com CSM,Edit,Read,None,Edit
001Px00000VvwGhIAJ,005Px00000Bnj46IAB,Law.com CSM,Edit,Read,None,Edit
001Px00000VvwVZIAZ,005Px00000Bnj46IAB,Law.com CSM,Edit,Read,None,Edit
001Px00000VvwVcIAJ,005Px00000Bnj46IAB,Law.com CSM,Edit,Read,None,Edit
001Px00000VvwWvIAJ,005Px00000Bnj46IAB,Law.com CSM,Edit,Read,None,Edit
001Px00000VvwX4IAJ,005Px00000Bnj46IAB,Law.com CSM,Edit,Read,None,Edit
001Px00000VvwkDIAR,005Px00000Bnj46IAB,Law.com CSM,Edit,Read,None,Edit
001Px00000VvwnmIAB,005Px00000Bnj46IAB,Law.com CSM,Edit,Read,None,Edit
001Px00000Vvx1VIAR,005Px00000Bnj46IAB,Law.com CSM,Edit,Read,None,Edit
001Px00000Vvx3NIAR,005Px00000Bnj46IAB,Law.com CSM,Edit,Read,None,Edit
001Px00000Vvx3OIAR,005Px00000Bnj46IAB,Law.com CSM,Edit,Read,None,Edit
001Px00000Vvx3VIAR,005Px00000Bnj46IAB,Law.com CSM,Edit,Read,None,Edit
001Px00000Vvx3gIAB,005Px00000BnqaDIAR,E&I CSM,Edit,Read,None,Edit
001Px00000VvxJHIAZ,005Px00000Bnj46IAB,Law.com CSM,Edit,Read,None,Edit
001Px00000VvxJJIAZ,005Px00000BnqaDIAR,E&I CSM,Edit,Read,None,Edit
001Px00000VvxJKIAZ,005Px00000BnqaDIAR,E&I CSM,Edit,Read,None,Edit
001Px00000VvxR3IAJ,005Px00000Bnj46IAB,Law.com CSM,Edit,Read,None,Edit
001Px00000VvxStIAJ,005Px00000Bnj46IAB,Law.com CSM,Edit,Read,None,Edit
001Px00000VvxceIAB,005Px00000Bnj46IAB,Law.com CSM,Edit,Read,None,Edit
001Px00000VvyCDIAZ,005Px00000Bnj46IAB,Law.com CSM,Edit,Read,None,Edit
001Px00000VvynYIAR,005Px00000Bnj46IAB,Law.com CSM,Edit,Read,None,Edit
001Px00000Vw0I0IAJ,005Px00000Bnj46IAB,Law.com CSM,Edit,Read,None,Edit
001Px00000Vw2rKIAR,005Px00000Bnj46IAB,Law.com CSM,Edit,Read,None,Edit
001Px00000Vw73CIAR,005Px00000Bnj46IAB,Law.com CSM,Edit,Read,None,Edit
001Px00000VwJUBIA3,005Px00000Bnj46IAB,Law.com CSM,Edit,Read,None,Edit
001Px00000VwJUDIA3,005Px00000Bnj46IAB,Law.com CSM,Edit,Read,None,Edit
001Px00000VwJUHIA3,005Px00000Bnj46IAB,Law.com CSM,Edit,Read,None,Edit
001Px00000VwJUTIA3,005Px00000Bnj46IAB,Law.com CSM,Edit,Read,None,Edit
001Px00000VwJUXIA3,005Px00000Bnj46IAB,Law.com CSM,Edit,Read,None,Edit
001Px00000VwK10IAF,005Px00000Bnj46IAB,Law.com CSM,Edit,Read,None,Edit
001Px00000VwMKzIAN,005Px00000Bnj46IAB,Law.com CSM,Edit,Read,None,Edit
001Px00000VwMLxIAN,005Px00000Bnj46IAB,Law.com CSM,Edit,Read,None,Edit
001Px00000VwMUTIA3,005Px00000Bnj46IAB,Law.com CSM,Edit,Read,None,Edit
001Px00000VwMiCIAV,005Px00000Bnj46IAB,Law.com CSM,Edit,Read,None,Edit
001Px00000VwMijIAF,005Px00000Bnj46IAB,Law.com CSM,Edit,Read,None,Edit
001Px00000VwMilIAF,005Px00000Bnj46IAB,Law.com CSM,Edit,Read,None,Edit
001Px00000VwMwRIAV,005Px00000Bnj46IAB,Law.com CSM,Edit,Read,None,Edit
001Px00000VwMxYIAV,005Px00000BnqaDIAR,E&I CSM,Edit,Read,None,Edit
001Px00000VwOt2IAF,005Px00000Bnj46IAB,Law.com CSM,Edit,Read,None,Edit
001Px00000VwOt4IAF,005Px00000Bnj46IAB,Law.com CSM,Edit,Read,None,Edit
001Px00000VwOtDIAV,005Px00000Bnj46IAB,Law.com CSM,Edit,Read,None,Edit
001Px00000VwP1tIAF,005Px00000Bnl4HIAR,PI CSM,Edit,Read,None,Edit
001Px00000VwPS9IAN,005Px00000Bnj46IAB,Law.com CSM,Edit,Read,None,Edit
001Px00000VwSCaIAN,005Px00000Bnj46IAB,Law.com CSM,Edit,Read,None,Edit
001Px00000VwWE3IAN,005Px00000Bnj46IAB,Law.com CSM,Edit,Read,None,Edit
001Px00000VwWENIA3,005Px00000BnqaDIAR,E&I CSM,Edit,Read,None,Edit
001Px00000VwWF9IAN,005Px00000Bnj46IAB,Law.com CSM,Edit,Read,None,Edit
001Px00000VwWLpIAN,005Px00000Bnl4HIAR,PI CSM,Edit,Read,None,Edit
001Px00000VwWPJIA3,005Px00000Bnj46IAB,Law.com CSM,Edit,Read,None,Edit
001Px00000VwWPUIA3,005Px00000Bnj46IAB,Law.com CSM,Edit,Read,None,Edit
001Px00000VwWQaIAN,005Px00000Bnj46IAB,Law.com CSM,Edit,Read,None,Edit
001Px00000VwWSbIAN,005Px00000Bnj46IAB,Law.com CSM,Edit,Read,None,Edit
001Px00000VwWSkIAN,005Px00000Bnj46IAB,Law.com CSM,Edit,Read,None,Edit
001Px00000VwY3jIAF,005Px00000Bnj46IAB,Law.com CSM,Edit,Read,None,Edit
001Px00000VwYKVIA3,005Px00000Bnj46IAB,Law.com CSM,Edit,Read,None,Edit
001Px00000VwYVBIA3,005Px00000Bnj46IAB,Law.com CSM,Edit,Read,None,Edit
001Px00000VwYpcIAF,005Px00000Bnj46IAB,Law.com CSM,Edit,Read,None,Edit
001Px00000VwZk5IAF,005Px00000Bnj46IAB,Law.com CSM,Edit,Read,None,Edit
001Px00000VwbgHIAR,005Px00000Bnj46IAB,Law.com CSM,Edit,Read,None,Edit
001Px00000Vwc72IAB,005Px00000Bnj46IAB,Law.com CSM,Edit,Read,None,Edit
001Px00000Vwe5OIAR,005Px00000Bnj46IAB,Law.com CSM,Edit,Read,None,Edit
001Px00000VweN9IAJ,005Px00000Bnj46IAB,Law.com CSM,Edit,Read,None,Edit
001Px00000Vwgt5IAB,005Px00000Bnj46IAB,Law.com CSM,Edit,Read,None,Edit
001Px00000Vwh9wIAB,005Px00000Bnj46IAB,Law.com CSM,Edit,Read,None,Edit
001Px00000VwhJiIAJ,005Px00000Bnj46IAB,Law.com CSM,Edit,Read,None,Edit
001Px00000VwiKIIAZ,005Px00000Bnj46IAB,Law.com CSM,Edit,Read,None,Edit
001Px00000VwiLGIAZ,005Px00000BnqaDIAR,E&I CSM,Edit,Read,None,Edit
001Px00000VxYQGIA3,005Px00000Bnj46IAB,Law.com CSM,Edit,Read,None,Edit
001Px00000Vy2d8IAB,005Px00000BnqaDIAR,E&I CSM,Edit,Read,None,Edit
001Px00000Vy4obIAB,005Px00000Bnl4HIAR,PI CSM,Edit,Read,None,Edit
001Px00000Vy9HlIAJ,005Px00000Bnj46IAB,Law.com CSM,Edit,Read,None,Edit
001Px00000VyAtuIAF,005Px00000BnqaDIAR,E&I CSM,Edit,Read,None,Edit
001Px00000VyEkoIAF,005Px00000Bnj46IAB,Law.com CSM,Edit,Read,None,Edit
001Px00000VyIdNIAV,005Px00000Bnj46IAB,Law.com CSM,Edit,Read,None,Edit
001Px00000VyKoEIAV,005Px00000Bnj46IAB,Law.com CSM,Edit,Read,None,Edit
001Px00000VyKoFIAV,005Px00000Bnj46IAB,Law.com CSM,Edit,Read,None,Edit
001Px00000VyMWIIA3,005Px00000Bnj46IAB,Law.com CSM,Edit,Read,None,Edit
001Px00000VyNGIIA3,005Px00000Bnl4HIAR,PI CSM,Edit,Read,None,Edit
001Px00000VyNGgIAN,005Px00000Bnj46IAB,Law.com CSM,Edit,Read,None,Edit
001Px00000VyNGiIAN,005Px00000Bnj46IAB,Law.com CSM,Edit,Read,None,Edit
001Px00000VyPsaIAF,005Px00000Bnj46IAB,Law.com CSM,Edit,Read,None,Edit
001Px00000W0KVoIAN,005Px00000Bnl4HIAR,PI CSM,Edit,Read,None,Edit
001Px00000WkN5KIAV,005Px00000Bnj46IAB,Law.com CSM,Edit,Read,None,Edit
001Px00000WkS28IAF,005Px00000Bnl4HIAR,PI CSM,Edit,Read,None,Edit
001Px00000WkhfRIAR,005Px00000Bnj46IAB,Law.com CSM,Edit,Read,None,Edit
001Px00000WxNflIAF,005Px00000Bnl4HIAR,PI CSM,Edit,Read,None,Edit
001Px00000XM8onIAD,005Px00000Bnl4HIAR,PI CSM,Edit,Read,None,Edit
001Px00000XOIvIIAX,005Px00000Bnl4HIAR,PI CSM,Edit,Read,None,Edit
001Px00000XOof0IAD,005Px00000Bnl4HIAR,PI CSM,Edit,Read,None,Edit
001Px00000XVeMPIA1,005Px00000Bnl4HIAR,PI CSM,Edit,Read,None,Edit
001Px00000XiYHXIA3,005Px00000Bnl4HIAR,PI CSM,Edit,Read,None,Edit
001Px00000Xs1UiIAJ,005Px00000Bnj46IAB,Law.com CSM,Edit,Read,None,Edit
001Px00000Xs1UmIAJ,005Px00000Bnj46IAB,Law.com CSM,Edit,Read,None,Edit
001Px00000Xs1UnIAJ,005Px00000Bnj46IAB,Law.com CSM,Edit,Read,None,Edit
001Px00000Xs1VPIAZ,005Px00000Bnj46IAB,Law.com CSM,Edit,Read,None,Edit
001Px00000Xs1VWIAZ,005Px00000Bnj46IAB,Law.com CSM,Edit,Read,None,Edit
001Px00000Xs1VXIAZ,005Px00000Bnj46IAB,Law.com CSM,Edit,Read,None,Edit
001Px00000Xs1hAIAR,005Px00000Bnj46IAB,Law.com CSM,Edit,Read,None,Edit
001Px00000Xs1hHIAR,005Px00000Bnj46IAB,Law.com CSM,Edit,Read,None,Edit
001Px00000Xs1hNIAR,005Px00000Bnj46IAB,Law.com CSM,Edit,Read,None,Edit
001Px00000Xs1hnIAB,005Px00000Bnj46IAB,Law.com CSM,Edit,Read,None,Edit
001Px00000Xs1i6IAB,005Px00000Bnj46IAB,Law.com CSM,Edit,Read,None,Edit
001Px00000Xs1iAIAR,005Px00000Bnj46IAB,Law.com CSM,Edit,Read,None,Edit
001Px00000Xs1iCIAR,005Px00000Bnj46IAB,Law.com CSM,Edit,Read,None,Edit
001Px00000Xs1iFIAR,005Px00000Bnj46IAB,Law.com CSM,Edit,Read,None,Edit
001Px00000Xs1iKIAR,005Px00000Bnj46IAB,Law.com CSM,Edit,Read,None,Edit
001Px00000Xs1iLIAR,005Px00000Bnj46IAB,Law.com CSM,Edit,Read,None,Edit
001Px00000Xs1iNIAR,005Px00000Bnj46IAB,Law.com CSM,Edit,Read,None,Edit
001Px00000XsUMaIAN,005Px00000Bnj46IAB,Law.com CSM,Edit,Read,None,Edit
001Px00000XsUMcIAN,005Px00000Bnj46IAB,Law.com CSM,Edit,Read,None,Edit
001Px00000XsUMeIAN,005Px00000Bnj46IAB,Law.com CSM,Edit,Read,None,Edit
001Px00000XsUN6IAN,005Px00000Bnj46IAB,Law.com CSM,Edit,Read,None,Edit
001Px00000XsUNCIA3,005Px00000Bnj46IAB,Law.com CSM,Edit,Read,None,Edit
001Px00000XsUNHIA3,005Px00000Bnj46IAB,Law.com CSM,Edit,Read,None,Edit
001Px00000XsUNQIA3,005Px00000Bnj46IAB,Law.com CSM,Edit,Read,None,Edit
001Px00000XsUNcIAN,005Px00000Bnj46IAB,Law.com CSM,Edit,Read,None,Edit
001Px00000XsUNeIAN,005Px00000Bnj46IAB,Law.com CSM,Edit,Read,None,Edit
001Px00000XsUeCIAV,005Px00000Bnj46IAB,Law.com CSM,Edit,Read,None,Edit
001Px00000XsUeFIAV,005Px00000Bnj46IAB,Law.com CSM,Edit,Read,None,Edit
001Px00000XsUeLIAV,005Px00000Bnj46IAB,Law.com CSM,Edit,Read,None,Edit
001Px00000XsUeMIAV,005Px00000Bnj46IAB,Law.com CSM,Edit,Read,None,Edit
001Px00000XsUePIAV,005Px00000Bnj46IAB,Law.com CSM,Edit,Read,None,Edit
001Px00000XsUeYIAV,005Px00000Bnj46IAB,Law.com CSM,Edit,Read,None,Edit
001Px00000XsUeeIAF,005Px00000Bnj46IAB,Law.com CSM,Edit,Read,None,Edit
001Px00000XsUenIAF,005Px00000Bnj46IAB,Law.com CSM,Edit,Read,None,Edit
001Px00000XsUeoIAF,005Px00000Bnj46IAB,Law.com CSM,Edit,Read,None,Edit
001Px00000XsUf1IAF,005Px00000Bnj46IAB,Law.com CSM,Edit,Read,None,Edit
001Px00000XsUfBIAV,005Px00000Bnj46IAB,Law.com CSM,Edit,Read,None,Edit
001Px00000XsUfaIAF,005Px00000Bnj46IAB,Law.com CSM,Edit,Read,None,Edit
001Px00000XsUfcIAF,005Px00000Bnj46IAB,Law.com CSM,Edit,Read,None,Edit
001Px00000XsUpiIAF,005Px00000Bnj46IAB,Law.com CSM,Edit,Read,None,Edit
001Px00000XsUpjIAF,005Px00000Bnj46IAB,Law.com CSM,Edit,Read,None,Edit
001Px00000XsUplIAF,005Px00000Bnl4HIAR,PI CSM,Edit,Read,None,Edit
001Px00000XsUppIAF,005Px00000Bnj46IAB,Law.com CSM,Edit,Read,None,Edit
001Px00000XsUpwIAF,005Px00000Bnj46IAB,Law.com CSM,Edit,Read,None,Edit
001Px00000XsUpzIAF,005Px00000Bnj46IAB,Law.com CSM,Edit,Read,None,Edit
001Px00000XsUq5IAF,005Px00000Bnj46IAB,Law.com CSM,Edit,Read,None,Edit
001Px00000XsUq6IAF,005Px00000Bnj46IAB,Law.com CSM,Edit,Read,None,Edit
001Px00000XsUq9IAF,005Px00000Bnj46IAB,Law.com CSM,Edit,Read,None,Edit
001Px00000XsUqGIAV,005Px00000Bnj46IAB,Law.com CSM,Edit,Read,None,Edit
001Px00000XsUqLIAV,005Px00000Bnj46IAB,Law.com CSM,Edit,Read,None,Edit
001Px00000XsUqMIAV,005Px00000Bnj46IAB,Law.com CSM,Edit,Read,None,Edit
001Px00000XsUqiIAF,005Px00000Bnj46IAB,Law.com CSM,Edit,Read,None,Edit
001Px00000XsUqoIAF,005Px00000BnqaDIAR,E&I CSM,Edit,Read,None,Edit
001Px00000XsUqtIAF,005Px00000Bnj46IAB,Law.com CSM,Edit,Read,None,Edit
001Px00000XsUstIAF,005Px00000Bnj46IAB,Law.com CSM,Edit,Read,None,Edit
001Px00000XsUt1IAF,005Px00000Bnj46IAB,Law.com CSM,Edit,Read,None,Edit
001Px00000XsUt3IAF,005Px00000Bnj46IAB,Law.com CSM,Edit,Read,None,Edit
001Px00000XsUt4IAF,005Px00000Bnj46IAB,Law.com CSM,Edit,Read,None,Edit
001Px00000XsUtfIAF,005Px00000Bnj46IAB,Law.com CSM,Edit,Read,None,Edit
001Px00000XsUtkIAF,005Px00000Bnj46IAB,Law.com CSM,Edit,Read,None,Edit
001Px00000XsUtzIAF,005Px00000Bnj46IAB,Law.com CSM,Edit,Read,None,Edit
001Px00000XsUu3IAF,005Px00000Bnj46IAB,Law.com CSM,Edit,Read,None,Edit
001Px00000XsUu5IAF,005Px00000Bnj46IAB,Law.com CSM,Edit,Read,None,Edit
001Px00000XsVddIAF,005Px00000Bnj46IAB,Law.com CSM,Edit,Read,None,Edit
001Px00000XsVdhIAF,005Px00000Bnj46IAB,Law.com CSM,Edit,Read,None,Edit
001Px00000XsVdsIAF,005Px00000Bnj46IAB,Law.com CSM,Edit,Read,None,Edit
001Px00000XsVduIAF,005Px00000Bnj46IAB,Law.com CSM,Edit,Read,None,Edit
001Px00000XsVdvIAF,005Px00000Bnj46IAB,Law.com CSM,Edit,Read,None,Edit
001Px00000XsVe8IAF,005Px00000Bnj46IAB,Law.com CSM,Edit,Read,None,Edit
001Px00000XsVeHIAV,005Px00000Bnj46IAB,Law.com CSM,Edit,Read,None,Edit
001Px00000XsVeZIAV,005Px00000Bnj46IAB,Law.com CSM,Edit,Read,None,Edit
001Px00000XsVenIAF,005Px00000Bnj46IAB,Law.com CSM,Edit,Read,None,Edit
001Px00000XsVeoIAF,005Px00000Bnj46IAB,Law.com CSM,Edit,Read,None,Edit
001Px00000XsVhBIAV,005Px00000Bnj46IAB,Law.com CSM,Edit,Read,None,Edit
001Px00000XsVhUIAV,005Px00000Bnj46IAB,Law.com CSM,Edit,Read,None,Edit
001Px00000XsVhmIAF,005Px00000Bnj46IAB,Law.com CSM,Edit,Read,None,Edit
001Px00000XsVhqIAF,005Px00000Bnj46IAB,Law.com CSM,Edit,Read,None,Edit
001Px00000XsVi1IAF,005Px00000Bnj46IAB,Law.com CSM,Edit,Read,None,Edit
001Px00000XsVi6IAF,005Px00000Bnj46IAB,Law.com CSM,Edit,Read,None,Edit
001Px00000XsVi7IAF,005Px00000Bnj46IAB,Law.com CSM,Edit,Read,None,Edit
001Px00000XsVi8IAF,005Px00000Bnj46IAB,Law.com CSM,Edit,Read,None,Edit
001Px00000XsaDUIAZ,005Px00000Bnj46IAB,Law.com CSM,Edit,Read,None,Edit
001Px00000XsaDaIAJ,005Px00000Bnj46IAB,Law.com CSM,Edit,Read,None,Edit
001Px00000XsaDlIAJ,005Px00000Bnj46IAB,Law.com CSM,Edit,Read,None,Edit
001Px00000XsaDvIAJ,005Px00000Bnj46IAB,Law.com CSM,Edit,Read,None,Edit
001Px00000XsaESIAZ,005Px00000Bnj46IAB,Law.com CSM,Edit,Read,None,Edit
001Px00000XsaEdIAJ,005Px00000Bnj46IAB,Law.com CSM,Edit,Read,None,Edit
001Px00000XsbrIIAR,005Px00000Bnj46IAB,Law.com CSM,Edit,Read,None,Edit
001Px00000XsbrkIAB,005Px00000Bnj46IAB,Law.com CSM,Edit,Read,None,Edit
001Px00000Xsbs5IAB,005Px00000Bnj46IAB,Law.com CSM,Edit,Read,None,Edit
001Px00000Xsbs6IAB,005Px00000Bnj46IAB,Law.com CSM,Edit,Read,None,Edit
001Px00000Xsbs7IAB,005Px00000Bnj46IAB,Law.com CSM,Edit,Read,None,Edit
001Px00000Xsbs9IAB,005Px00000Bnj46IAB,Law.com CSM,Edit,Read,None,Edit
001Px00000XsbsAIAR,005Px00000Bnj46IAB,Law.com CSM,Edit,Read,None,Edit
001Px00000XscvFIAR,005Px00000Bnj46IAB,Law.com CSM,Edit,Read,None,Edit
001Px00000XscvSIAR,005Px00000Bnj46IAB,Law.com CSM,Edit,Read,None,Edit
001Px00000XscvYIAR,005Px00000Bnj46IAB,Law.com CSM,Edit,Read,None,Edit
001Px00000XscvaIAB,005Px00000Bnj46IAB,Law.com CSM,Edit,Read,None,Edit
001Px00000XscvbIAB,005Px00000Bnj46IAB,Law.com CSM,Edit,Read,None,Edit
001Px00000XscvuIAB,005Px00000Bnj46IAB,Law.com CSM,Edit,Read,None,Edit
001Px00000Xscw1IAB,005Px00000Bnj46IAB,Law.com CSM,Edit,Read,None,Edit
001Px00000Xscw5IAB,005Px00000Bnj46IAB,Law.com CSM,Edit,Read,None,Edit
001Px00000XscwKIAR,005Px00000Bnj46IAB,Law.com CSM,Edit,Read,None,Edit
001Px00000XscwRIAR,005Px00000Bnj46IAB,Law.com CSM,Edit,Read,None,Edit
001Px00000XscwUIAR,005Px00000Bnj46IAB,Law.com CSM,Edit,Read,None,Edit
001Px00000Xsg19IAB,005Px00000Bnj46IAB,Law.com CSM,Edit,Read,None,Edit
001Px00000Xsg1RIAR,005Px00000Bnj46IAB,Law.com CSM,Edit,Read,None,Edit
001Px00000Xsg1SIAR,005Px00000Bnj46IAB,Law.com CSM,Edit,Read,None,Edit
001Px00000Xsg1UIAR,005Px00000Bnj46IAB,Law.com CSM,Edit,Read,None,Edit
001Px00000Xsg1eIAB,005Px00000Bnj46IAB,Law.com CSM,Edit,Read,None,Edit
001Px00000Xsg1nIAB,005Px00000Bnj46IAB,Law.com CSM,Edit,Read,None,Edit
001Px00000Xsg1vIAB,005Px00000Bnj46IAB,Law.com CSM,Edit,Read,None,Edit
001Px00000Xsg1wIAB,005Px00000Bnj46IAB,Law.com CSM,Edit,Read,None,Edit
001Px00000Xsg22IAB,005Px00000Bnj46IAB,Law.com CSM,Edit,Read,None,Edit
001Px00000Xsg2DIAR,005Px00000Bnj46IAB,Law.com CSM,Edit,Read,None,Edit
001Px00000Xsg2NIAR,005Px00000Bnj46IAB,Law.com CSM,Edit,Read,None,Edit
001Px00000XsgCSIAZ,005Px00000Bnj46IAB,Law.com CSM,Edit,Read,None,Edit
001Px00000XsgCyIAJ,005Px00000Bnj46IAB,Law.com CSM,Edit,Read,None,Edit
001Px00000XsgD0IAJ,005Px00000Bnj46IAB,Law.com CSM,Edit,Read,None,Edit
001Px00000XsgDKIAZ,005Px00000Bnj46IAB,Law.com CSM,Edit,Read,None,Edit
001Px00000XsgDMIAZ,005Px00000Bnj46IAB,Law.com CSM,Edit,Read,None,Edit
001Px00000XsgDTIAZ,005Px00000Bnj46IAB,Law.com CSM,Edit,Read,None,Edit
001Px00000XsgDWIAZ,005Px00000Bnj46IAB,Law.com CSM,Edit,Read,None,Edit
001Px00000Xsi4NIAR,005Px00000Bnj46IAB,Law.com CSM,Edit,Read,None,Edit
001Px00000Xsi4OIAR,005Px00000Bnj46IAB,Law.com CSM,Edit,Read,None,Edit
001Px00000Xsi4WIAR,005Px00000Bnj46IAB,Law.com CSM,Edit,Read,None,Edit
001Px00000Xsi4YIAR,005Px00000Bnj46IAB,Law.com CSM,Edit,Read,None,Edit
001Px00000Xsi4gIAB,005Px00000Bnj46IAB,Law.com CSM,Edit,Read,None,Edit
001Px00000Xsi4rIAB,005Px00000Bnj46IAB,Law.com CSM,Edit,Read,None,Edit
001Px00000Xsi52IAB,005Px00000Bnj46IAB,Law.com CSM,Edit,Read,None,Edit
001Px00000Xsi5kIAB,005Px00000Bnj46IAB,Law.com CSM,Edit,Read,None,Edit
001Px00000XsiZ2IAJ,005Px00000Bnj46IAB,Law.com CSM,Edit,Read,None,Edit
001Px00000XsiZ4IAJ,005Px00000Bnj46IAB,Law.com CSM,Edit,Read,None,Edit
001Px00000XsiZTIAZ,005Px00000Bnj46IAB,Law.com CSM,Edit,Read,None,Edit
001Px00000XsiZVIAZ,005Px00000Bnj46IAB,Law.com CSM,Edit,Read,None,Edit
001Px00000XsiZuIAJ,005Px00000Bnj46IAB,Law.com CSM,Edit,Read,None,Edit
001Px00000XsiaQIAR,005Px00000Bnj46IAB,Law.com CSM,Edit,Read,None,Edit
001Px00000XskcSIAR,005Px00000Bnj46IAB,Law.com CSM,Edit,Read,None,Edit
001Px00000Xske4IAB,005Px00000Bnj46IAB,Law.com CSM,Edit,Read,None,Edit
001Px00000XskeCIAR,005Px00000Bnj46IAB,Law.com CSM,Edit,Read,None,Edit
001Px00000XskeDIAR,005Px00000Bnj46IAB,Law.com CSM,Edit,Read,None,Edit
001Px00000XskhFIAR,005Px00000Bnj46IAB,Law.com CSM,Edit,Read,None,Edit
001Px00000XskhMIAR,005Px00000Bnj46IAB,Law.com CSM,Edit,Read,None,Edit
001Px00000XskisIAB,005Px00000Bnj46IAB,Law.com CSM,Edit,Read,None,Edit
001Px00000XskndIAB,005Px00000Bnj46IAB,Law.com CSM,Edit,Read,None,Edit
001Px00000XskngIAB,005Px00000Bnj46IAB,Law.com CSM,Edit,Read,None,Edit
001Px00000XskpHIAR,005Px00000Bnj46IAB,Law.com CSM,Edit,Read,None,Edit
001Px00000XskquIAB,005Px00000Bnj46IAB,Law.com CSM,Edit,Read,None,Edit
001Px00000Xsku7IAB,005Px00000Bnj46IAB,Law.com CSM,Edit,Read,None,Edit
001Px00000XskuGIAR,005Px00000Bnj46IAB,Law.com CSM,Edit,Read,None,Edit
001Px00000XskyzIAB,005Px00000Bnj46IAB,Law.com CSM,Edit,Read,None,Edit
001Px00000Xskz6IAB,005Px00000Bnj46IAB,Law.com CSM,Edit,Read,None,Edit
001Px00000Xsl0cIAB,005Px00000Bnj46IAB,Law.com CSM,Edit,Read,None,Edit
001Px00000Xsl0dIAB,005Px00000Bnj46IAB,Law.com CSM,Edit,Read,None,Edit
001Px00000Xsl0eIAB,005Px00000Bnj46IAB,Law.com CSM,Edit,Read,None,Edit
001Px00000Xsl2IIAR,005Px00000Bnj46IAB,Law.com CSM,Edit,Read,None,Edit
001Px00000Xsl2NIAR,005Px00000Bnj46IAB,Law.com CSM,Edit,Read,None,Edit
001Px00000Xsl5TIAR,005Px00000Bnj46IAB,Law.com CSM,Edit,Read,None,Edit
001Px00000XsnNPIAZ,005Px00000Bnl4HIAR,PI CSM,Edit,Read,None,Edit
001Px00000YAPBXIA5,005Px00000Bnl4HIAR,PI CSM,Edit,Read,None,Edit
001Px00000YET1nIAH,005Px00000Bnl4HIAR,PI CSM,Edit,Read,None,Edit
001Px00000YiH83IAF,005Px00000Bnl4HIAR,PI CSM,Edit,Read,None,Edit
001Px00000Yx2QUIAZ,005Px00000BnqaDIAR,E&I CSM,Edit,Read,None,Edit
001Px00000ZAbTbIAL,005Px00000Bnl4HIAR,PI CSM,Edit,Read,None,Edit
001Px00000ZAsnpIAD,005Px00000Bnj46IAB,Law.com CSM,Edit,Read,None,Edit
001Px00000ZD8bVIAT,005Px00000Bnl4HIAR,PI CSM,Edit,Read,None,Edit
001Px00000ZOPVuIAP,005Px00000Bnl4HIAR,PI CSM,Edit,Read,None,Edit
001Px00000ZZ7sAIAT,005Px00000Bnl4HIAR,PI CSM,Edit,Read,None,Edit
001Px00000a3JROIA2,005Px00000Bnl4HIAR,PI CSM,Edit,Read,None,Edit
001Px00000a9UJtIAM,005Px00000Bnl4HIAR,PI CSM,Edit,Read,None,Edit
001Px00000aC5lcIAC,005Px00000Bnl4HIAR,PI CSM,Edit,Read,None,Edit
001Px00000apgRxIAI,005Px00000Bnl4HIAR,PI CSM,Edit,Read,None,Edit
001Px00000bGCb1IAG,005Px00000Bnj46IAB,Law.com CSM,Edit,Read,None,Edit
001Px00000cAI9VIAW,005Px00000Bnj46IAB,Law.com CSM,Edit,Read,None,Edit
001Tm000000TvKgIAK,005Px00000BnqaDIAR,E&I CSM,Edit,Read,None,Edit
001Tm000000f9trIAA,005Px00000BnqaDIAR,E&I CSM,Edit,Read,None,Edit
001Tm000000juxKIAQ,005Px00000Bnl4HIAR,PI CSM,Edit,Read,None,Edit
001Tm000000lt9CIAQ,005Px00000BnqaDIAR,E&I CSM,Edit,Read,None,Edit
001Tm000000nDVcIAM,005Px00000Bnl4HIAR,PI CSM,Edit,Read,None,Edit
001Tm000000ri69IAA,005Px00000Bnl4HIAR,PI CSM,Edit,Read,None,Edit
001Tm00000165J3IAI,005Px00000Bnl4HIAR,PI CSM,Edit,Read,None,Edit
001Tm000001MEtQIAW,005Px00000BnqaDIAR,E&I CSM,Edit,Read,None,Edit
001Tm000001T31xIAC,005Px00000Bnl4HIAR,PI CSM,Edit,Read,None,Edit
001Tm000001djRPIAY,005Px00000BnqaDIAR,E&I CSM,Edit,Read,None,Edit
001Tm000001iT90IAE,005Px00000Bnl4HIAR,PI CSM,Edit,Read,None,Edit
001Tm000001ijwvIAA,005Px00000BnqaDIAR,E&I CSM,Edit,Read,None,Edit
001Tm000001lu34IAA,005Px00000Bnl4HIAR,PI CSM,Edit,Read,None,Edit
001Tm000001m4AQIAY,005Px00000Bnl4HIAR,PI CSM,Edit,Read,None,Edit
001Tm000001sKsQIAU,005Px00000BnqaDIAR,E&I CSM,Edit,Read,None,Edit
001Tm00000243KoIAI,005Px00000Bnl4HIAR,PI CSM,Edit,Read,None,Edit
001Tm000002ZDMDIA4,005Px00000BnqaDIAR,E&I CSM,Edit,Read,None,Edit
001Tm000002dlZ0IAI,005Px00000Bnl4HIAR,PI CSM,Edit,Read,None,Edit
001Tm000002xx9OIAQ,005Px00000Bnl4HIAR,PI CSM,Edit,Read,None,Edit
001Tm000002xx9OIAQ,005Px00000BnqaDIAR,E&I CSM,Edit,Read,None,Edit
001Tm0000035EtRIAU,005Px00000Bnl4HIAR,PI CSM,Edit,Read,None,Edit
001Tm0000037f1XIAQ,005Px00000Bnl4HIAR,PI CSM,Edit,Read,None,Edit
001Tm00000391XuIAI,005Px00000Bnl4HIAR,PI CSM,Edit,Read,None,Edit
001Tm000003AzdGIAS,005Px00000Bnl4HIAR,PI CSM,Edit,Read,None,Edit
001Tm000003BNUFIA4,005Px00000Bnl4HIAR,PI CSM,Edit,Read,None,Edit
001Tm000003DHZBIA4,005Px00000BnqaDIAR,E&I CSM,Edit,Read,None,Edit
001Tm000003DoRvIAK,005Px00000Bnl4HIAR,PI CSM,Edit,Read,None,Edit
001Tm000003Dy9WIAS,005Px00000BnqaDIAR,E&I CSM,Edit,Read,None,Edit
001Tm000003GAzRIAW,005Px00000BnqaDIAR,E&I CSM,Edit,Read,None,Edit
001Tm000003PtXSIA0,005Px00000BnqaDIAR,E&I CSM,Edit,Read,None,Edit
001Tm000003QWvRIAW,005Px00000Bnl4HIAR,PI CSM,Edit,Read,None,Edit
001Tm000003TTRVIA4,005Px00000Bnl4HIAR,PI CSM,Edit,Read,None,Edit
001Tm000003VYjeIAG,005Px00000Bnl4HIAR,PI CSM,Edit,Read,None,Edit
001Tm000003dnbpIAA,005Px00000Bnl4HIAR,PI CSM,Edit,Read,None,Edit
001Tm000003fYooIAE,005Px00000Bnl4HIAR,PI CSM,Edit,Read,None,Edit
001Tm000003huoTIAQ,005Px00000Bnl4HIAR,PI CSM,Edit,Read,None,Edit
001Tm000003lrtcIAA,005Px00000Bnl4HIAR,PI CSM,Edit,Read,None,Edit
001Tm000003mBsIIAU,005Px00000Bnl4HIAR,PI CSM,Edit,Read,None,Edit
001Tm000003qrjGIAQ,005Px00000BnqaDIAR,E&I CSM,Edit,Read,None,Edit
001Tm00000481RIIAY,005Px00000BnqaDIAR,E&I CSM,Edit,Read,None,Edit
001Tm000004ABSvIAO,005Px00000Bnl4HIAR,PI CSM,Edit,Read,None,Edit
001Tm000004BKsOIAW,005Px00000BnqaDIAR,E&I CSM,Edit,Read,None,Edit
001Tm000004EBRAIA4,005Px00000Bnl4HIAR,PI CSM,Edit,Read,None,Edit
001Tm000004JUksIAG,005Px00000Bnl4HIAR,PI CSM,Edit,Read,None,Edit
001Tm000004JUksIAG,005Px00000BnqaDIAR,E&I CSM,Edit,Read,None,Edit
001Tm000004QLrJIAW,005Px00000Bnl4HIAR,PI CSM,Edit,Read,None,Edit
001Tm000004QTIdIAO,005Px00000Bnl4HIAR,PI CSM,Edit,Read,None,Edit
001Tm000004QVYvIAO,005Px00000Bnl4HIAR,PI CSM,Edit,Read,None,Edit
001Tm000004RhOQIA0,005Px00000Bnl4HIAR,PI CSM,Edit,Read,None,Edit
001Tm000004aYTvIAM,005Px00000BnqaDIAR,E&I CSM,Edit,Read,None,Edit
001Tm000004ddjxIAA,005Px00000BnqaDIAR,E&I CSM,Edit,Read,None,Edit
001Tm000004hHgpIAE,005Px00000Bnl4HIAR,PI CSM,Edit,Read,None,Edit
001Tm000004ho8vIAA,005Px00000Bnl4HIAR,PI CSM,Edit,Read,None,Edit
001Tm000004lvJwIAI,005Px00000Bnl4HIAR,PI CSM,Edit,Read,None,Edit
001Tm000004qOCLIA2,005Px00000BnqaDIAR,E&I CSM,Edit,Read,None,Edit
001Tm000004qgIiIAI,005Px00000Bnl4HIAR,PI CSM,Edit,Read,None,Edit
001Tm000004qgIiIAI,005Px00000BnqaDIAR,E&I CSM,Edit,Read,None,Edit
001Tm000004qjjYIAQ,005Px00000BnqaDIAR,E&I CSM,Edit,Read,None,Edit
001Tm000004qqRuIAI,005Px00000BnqaDIAR,E&I CSM,Edit,Read,None,Edit
001Tm000004r04QIAQ,005Px00000Bnl4HIAR,PI CSM,Edit,Read,None,Edit
001Tm000004sj4OIAQ,005Px00000Bnj46IAB,Law.com CSM,Edit,Read,None,Edit
001Tm000004yiNIIAY,005Px00000Bnl4HIAR,PI CSM,Edit,Read,None,Edit
001Tm0000056GnCIAU,005Px00000BnqaDIAR,E&I CSM,Edit,Read,None,Edit
001Tm000005Hwb0IAC,005Px00000Bnl4HIAR,PI CSM,Edit,Read,None,Edit
001Tm000005K3MAIA0,005Px00000Bnl4HIAR,PI CSM,Edit,Read,None,Edit
001Tm000005ifFuIAI,005Px00000Bnl4HIAR,PI CSM,Edit,Read,None,Edit
001Tm000005ijjJIAQ,005Px00000Bnl4HIAR,PI CSM,Edit,Read,None,Edit
001Tm000005kyvxIAA,005Px00000Bnl4HIAR,PI CSM,Edit,Read,None,Edit
001Tm000005p7J8IAI,005Px00000Bnl4HIAR,PI CSM,Edit,Read,None,Edit
001Tm000005tosYIAQ,005Px00000Bnl4HIAR,PI CSM,Edit,Read,None,Edit
001Tm000005uzxDIAQ,005Px00000Bnl4HIAR,PI CSM,Edit,Read,None,Edit
001Tm0000063DlGIAU,005Px00000BnqaDIAR,E&I CSM,Edit,Read,None,Edit
001Tm000006B9hMIAS,005Px00000Bnl4HIAR,PI CSM,Edit,Read,None,Edit
001Tm000006DCstIAG,005Px00000Bnl4HIAR,PI CSM,Edit,Read,None,Edit
001Tm000006NfBtIAK,005Px00000Bnl4HIAR,PI CSM,Edit,Read,None,Edit
001Tm000006POjeIAG,005Px00000BnqaDIAR,E&I CSM,Edit,Read,None,Edit
001Tm000006ULTNIA4,005Px00000Bnl4HIAR,PI CSM,Edit,Read,None,Edit
001Tm000006UPnZIAW,005Px00000Bnl4HIAR,PI CSM,Edit,Read,None,Edit
001Tm000006UW8hIAG,005Px00000Bnl4HIAR,PI CSM,Edit,Read,None,Edit
001Tm000006Up9lIAC,005Px00000Bnl4HIAR,PI CSM,Edit,Read,None,Edit
001Tm000006dcLKIAY,005Px00000Bnl4HIAR,PI CSM,Edit,Read,None,Edit
001Tm000006kvSrIAI,005Px00000BnqaDIAR,E&I CSM,Edit,Read,None,Edit
001Tm000006x2FRIAY,005Px00000Bnl4HIAR,PI CSM,Edit,Read,None,Edit
001Tm000006xy6LIAQ,005Px00000Bnl4HIAR,PI CSM,Edit,Read,None,Edit
001Tm00000702YsIAI,005Px00000BnqaDIAR,E&I CSM,Edit,Read,None,Edit
001Tm0000077KKaIAM,005Px00000BnqaDIAR,E&I CSM,Edit,Read,None,Edit
001Tm0000078ePHIAY,005Px00000BnqaDIAR,E&I CSM,Edit,Read,None,Edit
001Tm000007BjHDIA0,005Px00000Bnl4HIAR,PI CSM,Edit,Read,None,Edit
001Tm000007Bvv3IAC,005Px00000Bnl4HIAR,PI CSM,Edit,Read,None,Edit
001Tm000007DXBpIAO,005Px00000BnqaDIAR,E&I CSM,Edit,Read,None,Edit
001Tm000007KinGIAS,005Px00000Bnl4HIAR,PI CSM,Edit,Read,None,Edit
001Tm000007NknlIAC,005Px00000Bnl4HIAR,PI CSM,Edit,Read,None,Edit
001Tm000007SAzvIAG,005Px00000BnqaDIAR,E&I CSM,Edit,Read,None,Edit
001Tm000007WvOwIAK,005Px00000BnqaDIAR,E&I CSM,Edit,Read,None,Edit
001Tm000007XCSzIAO,005Px00000BnqaDIAR,E&I CSM,Edit,Read,None,Edit
001Tm000007XIerIAG,005Px00000BnqaDIAR,E&I CSM,Edit,Read,None,Edit
001Tm000007oQL4IAM,005Px00000BnqaDIAR,E&I CSM,Edit,Read,None,Edit
001Tm000007p34gIAA,005Px00000Bnl4HIAR,PI CSM,Edit,Read,None,Edit
001Tm000007pNcrIAE,005Px00000BnqaDIAR,E&I CSM,Edit,Read,None,Edit
001Tm000007pzrpIAA,005Px00000Bnl4HIAR,PI CSM,Edit,Read,None,Edit
001Tm000007toD6IAI,005Px00000BnqaDIAR,E&I CSM,Edit,Read,None,Edit
001Tm0000082FO9IAM,005Px00000Bnl4HIAR,PI CSM,Edit,Read,None,Edit
001Tm0000082mVNIAY,005Px00000Bnl4HIAR,PI CSM,Edit,Read,None,Edit
001Tm000008MHYiIAO,005Px00000Bnl4HIAR,PI CSM,Edit,Read,None,Edit
001Tm000008MffpIAC,005Px00000Bnl4HIAR,PI CSM,Edit,Read,None,Edit
001Tm000008PIegIAG,005Px00000Bnl4HIAR,PI CSM,Edit,Read,None,Edit
001Tm000008RY10IAG,005Px00000Bnl4HIAR,PI CSM,Edit,Read,None,Edit
001Tm000008WiULIA0,005Px00000BnqaDIAR,E&I CSM,Edit,Read,None,Edit
001Tm000008dWUrIAM,005Px00000BnqaDIAR,E&I CSM,Edit,Read,None,Edit
001Tm000008et2qIAA,005Px00000BnqaDIAR,E&I CSM,Edit,Read,None,Edit
001Tm000008lYb9IAE,005Px00000BnqaDIAR,E&I CSM,Edit,Read,None,Edit
001Tm000008rCxkIAE,005Px00000Bnl4HIAR,PI CSM,Edit,Read,None,Edit
001Tm000008wNUKIA2,005Px00000BnqaDIAR,E&I CSM,Edit,Read,None,Edit
001Tm0000091AZdIAM,005Px00000Bnl4HIAR,PI CSM,Edit,Read,None,Edit
001Tm00000926ybIAA,005Px00000Bnl4HIAR,PI CSM,Edit,Read,None,Edit
001Tm0000094WU7IAM,005Px00000BnqaDIAR,E&I CSM,Edit,Read,None,Edit
001Tm0000094sflIAA,005Px00000Bnl4HIAR,PI CSM,Edit,Read,None,Edit
001Tm0000099RgbIAE,005Px00000BnqaDIAR,E&I CSM,Edit,Read,None,Edit
001Tm000009ADyBIAW,005Px00000Bnl4HIAR,PI CSM,Edit,Read,None,Edit
001Tm000009GcSMIA0,005Px00000Bnl4HIAR,PI CSM,Edit,Read,None,Edit
001Tm000009LOi6IAG,005Px00000BnqaDIAR,E&I CSM,Edit,Read,None,Edit
001Tm000009OFNNIA4,005Px00000Bnl4HIAR,PI CSM,Edit,Read,None,Edit
001Tm000009OSdtIAG,005Px00000Bnl4HIAR,PI CSM,Edit,Read,None,Edit
001Tm000009PzG3IAK,005Px00000BnqaDIAR,E&I CSM,Edit,Read,None,Edit
001Tm000009QEodIAG,005Px00000BnqaDIAR,E&I CSM,Edit,Read,None,Edit
001Tm000009QRKWIA4,005Px00000BnqaDIAR,E&I CSM,Edit,Read,None,Edit
001Tm000009jZEAIA2,005Px00000Bnl4HIAR,PI CSM,Edit,Read,None,Edit
001Tm000009oDhiIAE,005Px00000BnqaDIAR,E&I CSM,Edit,Read,None,Edit
001Tm000009zoh5IAA,005Px00000Bnl4HIAR,PI CSM,Edit,Read,None,Edit
001Tm00000A4QsdIAF,005Px00000BnqaDIAR,E&I CSM,Edit,Read,None,Edit
001Tm00000A94ZhIAJ,005Px00000Bnl4HIAR,PI CSM,Edit,Read,None,Edit
001Tm00000AFhEzIAL,005Px00000BnqaDIAR,E&I CSM,Edit,Read,None,Edit
001Tm00000AGSYuIAP,005Px00000BnqaDIAR,E&I CSM,Edit,Read,None,Edit
001Tm00000AN1VZIA1,005Px00000BnqaDIAR,E&I CSM,Edit,Read,None,Edit
001Tm00000AR3IqIAL,005Px00000BnqaDIAR,E&I CSM,Edit,Read,None,Edit
001Tm00000ARDhpIAH,005Px00000Bnl4HIAR,PI CSM,Edit,Read,None,Edit
001Tm00000AU0OSIA1,005Px00000Bnl4HIAR,PI CSM,Edit,Read,None,Edit
001Tm00000AYGCfIAP,005Px00000Bnl4HIAR,PI CSM,Edit,Read,None,Edit
001Tm00000AYcOWIA1,005Px00000BnqaDIAR,E&I CSM,Edit,Read,None,Edit
001Tm00000AYuRsIAL,005Px00000Bnl4HIAR,PI CSM,Edit,Read,None,Edit
001Tm00000AbCNsIAN,005Px00000BnqaDIAR,E&I CSM,Edit,Read,None,Edit
001Tm00000AbWj7IAF,005Px00000Bnl4HIAR,PI CSM,Edit,Read,None,Edit
001Tm00000AkJRhIAN,005Px00000Bnl4HIAR,PI CSM,Edit,Read,None,Edit
001Tm00000Am4hHIAR,005Px00000Bnl4HIAR,PI CSM,Edit,Read,None,Edit
001Tm00000Ay0ieIAB,005Px00000Bnl4HIAR,PI CSM,Edit,Read,None,Edit
001Tm00000Azq2MIAR,005Px00000Bnl4HIAR,PI CSM,Edit,Read,None,Edit
001Tm00000B38XQIAZ,005Px00000BnqaDIAR,E&I CSM,Edit,Read,None,Edit
001Tm00000B4sjRIAR,005Px00000BnqaDIAR,E&I CSM,Edit,Read,None,Edit
001Tm00000BBr2gIAD,005Px00000BnqaDIAR,E&I CSM,Edit,Read,None,Edit
001Tm00000BFwbgIAD,005Px00000BnqaDIAR,E&I CSM,Edit,Read,None,Edit
001Tm00000BGGowIAH,005Px00000BnqaDIAR,E&I CSM,Edit,Read,None,Edit
001Tm00000BHNOTIA5,005Px00000BnqaDIAR,E&I CSM,Edit,Read,None,Edit
001Tm00000BIA4GIAX,005Px00000BnqaDIAR,E&I CSM,Edit,Read,None,Edit
001Tm00000BIRBVIA5,005Px00000BnqaDIAR,E&I CSM,Edit,Read,None,Edit
001Tm00000BIsd8IAD,005Px00000BnqaDIAR,E&I CSM,Edit,Read,None,Edit
001Tm00000BJ5KEIA1,005Px00000BnqaDIAR,E&I CSM,Edit,Read,None,Edit
001Tm00000BJMRXIA5,005Px00000BnqaDIAR,E&I CSM,Edit,Read,None,Edit
001Tm00000BOqrzIAD,005Px00000Bnl4HIAR,PI CSM,Edit,Read,None,Edit
001Tm00000BPX5mIAH,005Px00000BnqaDIAR,E&I CSM,Edit,Read,None,Edit
001Tm00000BTNFsIAP,005Px00000BnqaDIAR,E&I CSM,Edit,Read,None,Edit
001Tm00000BUerLIAT,005Px00000BnqaDIAR,E&I CSM,Edit,Read,None,Edit
001Tm00000BUrQLIA1,005Px00000BnqaDIAR,E&I CSM,Edit,Read,None,Edit
001Tm00000BXIUTIA5,005Px00000BnqaDIAR,E&I CSM,Edit,Read,None,Edit
001Tm00000BXbQhIAL,005Px00000BnqaDIAR,E&I CSM,Edit,Read,None,Edit
001Tm00000BXpQQIA1,005Px00000Bnl4HIAR,PI CSM,Edit,Read,None,Edit
001Tm00000BXqBCIA1,005Px00000BnqaDIAR,E&I CSM,Edit,Read,None,Edit
001Tm00000BY0VWIA1,005Px00000Bnl4HIAR,PI CSM,Edit,Read,None,Edit
001Tm00000Bh2GPIAZ,005Px00000BnqaDIAR,E&I CSM,Edit,Read,None,Edit
001Tm00000Bp6pwIAB,005Px00000Bnl4HIAR,PI CSM,Edit,Read,None,Edit
001Tm00000BpJqPIAV,005Px00000BnqaDIAR,E&I CSM,Edit,Read,None,Edit
001Tm00000BrlVZIAZ,005Px00000BnqaDIAR,E&I CSM,Edit,Read,None,Edit
001Tm00000BuDnRIAV,005Px00000Bnl4HIAR,PI CSM,Edit,Read,None,Edit
001Tm00000BxrpzIAB,005Px00000Bnl4HIAR,PI CSM,Edit,Read,None,Edit
001Tm00000C2MwnIAF,005Px00000BnqaDIAR,E&I CSM,Edit,Read,None,Edit
001Tm00000C34Y3IAJ,005Px00000Bnl4HIAR,PI CSM,Edit,Read,None,Edit
001Tm00000C40P9IAJ,005Px00000Bnl4HIAR,PI CSM,Edit,Read,None,Edit
001Tm00000C5MXGIA3,005Px00000Bnl4HIAR,PI CSM,Edit,Read,None,Edit
001Tm00000C7bAPIAZ,005Px00000Bnl4HIAR,PI CSM,Edit,Read,None,Edit
001Tm00000C7okMIAR,005Px00000Bnl4HIAR,PI CSM,Edit,Read,None,Edit
001Tm00000CA57aIAD,005Px00000Bnl4HIAR,PI CSM,Edit,Read,None,Edit
001Tm00000CBeWOIA1,005Px00000Bnl4HIAR,PI CSM,Edit,Read,None,Edit
001Tm00000CHDpxIAH,005Px00000BnqaDIAR,E&I CSM,Edit,Read,None,Edit
001Tm00000CLHqAIAX,005Px00000Bnl4HIAR,PI CSM,Edit,Read,None,Edit
001Tm00000CUfN7IAL,005Px00000Bnl4HIAR,PI CSM,Edit,Read,None,Edit
001Tm00000CYTK1IAP,005Px00000BnqaDIAR,E&I CSM,Edit,Read,None,Edit
001Tm00000CbpHcIAJ,005Px00000BnqaDIAR,E&I CSM,Edit,Read,None,Edit
001Tm00000CcXSOIA3,005Px00000BnqaDIAR,E&I CSM,Edit,Read,None,Edit
001Tm00000CnIrNIAV,005Px00000Bnl4HIAR,PI CSM,Edit,Read,None,Edit
001Tm00000CpvrmIAB,005Px00000Bnl4HIAR,PI CSM,Edit,Read,None,Edit
001Tm00000CzA1xIAF,005Px00000BnqaDIAR,E&I CSM,Edit,Read,None,Edit
001Tm00000D4VCKIA3,005Px00000Bnl4HIAR,PI CSM,Edit,Read,None,Edit
001Tm00000D4wnVIAR,005Px00000Bnl4HIAR,PI CSM,Edit,Read,None,Edit
001Tm00000D9L49IAF,005Px00000Bnl4HIAR,PI CSM,Edit,Read,None,Edit
001Tm00000DAfTpIAL,005Px00000BnqaDIAR,E&I CSM,Edit,Read,None,Edit
001Tm00000DDrv6IAD,005Px00000BnqaDIAR,E&I CSM,Edit,Read,None,Edit
001Tm00000DH80wIAD,005Px00000Bnl4HIAR,PI CSM,Edit,Read,None,Edit
001Tm00000DMlFJIA1,005Px00000BnqaDIAR,E&I CSM,Edit,Read,None,Edit
001Tm00000DMls2IAD,005Px00000BnqaDIAR,E&I CSM,Edit,Read,None,Edit
001Tm00000DMm3KIAT,005Px00000BnqaDIAR,E&I CSM,Edit,Read,None,Edit
001Tm00000DV3GhIAL,005Px00000Bnl4HIAR,PI CSM,Edit,Read,None,Edit
001Tm00000DsfEqIAJ,005Px00000BnqaDIAR,E&I CSM,Edit,Read,None,Edit
001Tm00000E4ildIAB,005Px00000Bnl4HIAR,PI CSM,Edit,Read,None,Edit
001Tm00000E4pqLIAR,005Px00000Bnl4HIAR,PI CSM,Edit,Read,None,Edit
001Tm00000E79kxIAB,005Px00000Bnl4HIAR,PI CSM,Edit,Read,None,Edit
001Tm00000EBGsdIAH,005Px00000Bnl4HIAR,PI CSM,Edit,Read,None,Edit
001Tm00000ED0YQIA1,005Px00000Bnl4HIAR,PI CSM,Edit,Read,None,Edit
001Tm00000EDPlPIAX,005Px00000Bnl4HIAR,PI CSM,Edit,Read,None,Edit
001Tm00000EDQKsIAP,005Px00000BnqaDIAR,E&I CSM,Edit,Read,None,Edit
001Tm00000EGqQoIAL,005Px00000BnqaDIAR,E&I CSM,Edit,Read,None,Edit
001Tm00000EHA1KIAX,005Px00000Bnl4HIAR,PI CSM,Edit,Read,None,Edit
001Tm00000EHNmbIAH,005Px00000Bnl4HIAR,PI CSM,Edit,Read,None,Edit
001Tm00000EHVfHIAX,005Px00000Bnl4HIAR,PI CSM,Edit,Read,None,Edit
001Tm00000EiwOXIAZ,005Px00000Bnl4HIAR,PI CSM,Edit,Read,None,Edit
001Tm00000EjwfnIAB,005Px00000Bnl4HIAR,PI CSM,Edit,Read,None,Edit
001Tm00000EjyL0IAJ,005Px00000Bnl4HIAR,PI CSM,Edit,Read,None,Edit
001Tm00000EkD8fIAF,005Px00000Bnl4HIAR,PI CSM,Edit,Read,None,Edit
001Tm00000EmMUTIA3,005Px00000Bnl4HIAR,PI CSM,Edit,Read,None,Edit
001Tm00000Emd73IAB,005Px00000BnqaDIAR,E&I CSM,Edit,Read,None,Edit
001Tm00000EqaFWIAZ,005Px00000Bnl4HIAR,PI CSM,Edit,Read,None,Edit
001Tm00000FBviIIAT,005Px00000BnqaDIAR,E&I CSM,Edit,Read,None,Edit
001Tm00000FO77qIAD,005Px00000BnqaDIAR,E&I CSM,Edit,Read,None,Edit
001Tm00000FOjMjIAL,005Px00000BnqaDIAR,E&I CSM,Edit,Read,None,Edit
001Tm00000FT7QcIAL,005Px00000BnqaDIAR,E&I CSM,Edit,Read,None,Edit
001Tm00000FUcgmIAD,005Px00000BnqaDIAR,E&I CSM,Edit,Read,None,Edit
001Tm00000FUvUrIAL,005Px00000Bnl4HIAR,PI CSM,Edit,Read,None,Edit
001Tm00000Fb8CVIAZ,005Px00000Bnl4HIAR,PI CSM,Edit,Read,None,Edit
001Tm00000FbjQZIAZ,005Px00000Bnl4HIAR,PI CSM,Edit,Read,None,Edit
001Tm00000Fc0o0IAB,005Px00000BnqaDIAR,E&I CSM,Edit,Read,None,Edit
001Tm00000FiqwjIAB,005Px00000Bnl4HIAR,PI CSM,Edit,Read,None,Edit
001Tm00000FuCM7IAN,005Px00000BnqaDIAR,E&I CSM,Edit,Read,None,Edit
001Tm00000FuHf3IAF,005Px00000Bnl4HIAR,PI CSM,Edit,Read,None,Edit
001Tm00000G3MinIAF,005Px00000Bnl4HIAR,PI CSM,Edit,Read,None,Edit
001Tm00000G3QpZIAV,005Px00000Bnl4HIAR,PI CSM,Edit,Read,None,Edit
001Tm00000G3x8sIAB,005Px00000BnqaDIAR,E&I CSM,Edit,Read,None,Edit
001Tm00000G5F8UIAV,005Px00000BnqaDIAR,E&I CSM,Edit,Read,None,Edit
001Tm00000G9UvNIAV,005Px00000Bnl4HIAR,PI CSM,Edit,Read,None,Edit
001Tm00000GA3xxIAD,005Px00000Bnl4HIAR,PI CSM,Edit,Read,None,Edit
001Tm00000GED10IAH,005Px00000Bnl4HIAR,PI CSM,Edit,Read,None,Edit
001Tm00000GEftLIAT,005Px00000BnqaDIAR,E&I CSM,Edit,Read,None,Edit
001Tm00000GF5mAIAT,005Px00000Bnl4HIAR,PI CSM,Edit,Read,None,Edit
001Tm00000GHBp6IAH,005Px00000Bnl4HIAR,PI CSM,Edit,Read,None,Edit
001Tm00000GI6sCIAT,005Px00000Bnl4HIAR,PI CSM,Edit,Read,None,Edit
001Tm00000GINplIAH,005Px00000Bnl4HIAR,PI CSM,Edit,Read,None,Edit
001Tm00000GVFJWIA5,005Px00000BnqaDIAR,E&I CSM,Edit,Read,None,Edit
001Tm00000Gd8BDIAZ,005Px00000BnqaDIAR,E&I CSM,Edit,Read,None,Edit
001Tm00000GdpCkIAJ,005Px00000Bnl4HIAR,PI CSM,Edit,Read,None,Edit
001Tm00000GeKhyIAF,005Px00000BnqaDIAR,E&I CSM,Edit,Read,None,Edit
001Tm00000GekEDIAZ,005Px00000BnqaDIAR,E&I CSM,Edit,Read,None,Edit
001Tm00000Gv1uEIAR,005Px00000Bnl4HIAR,PI CSM,Edit,Read,None,Edit
001Tm00000H0CM9IAN,005Px00000BnqaDIAR,E&I CSM,Edit,Read,None,Edit
001Tm00000H2OpIIAV,005Px00000Bnl4HIAR,PI CSM,Edit,Read,None,Edit
001Tm00000H989RIAR,005Px00000BnqaDIAR,E&I CSM,Edit,Read,None,Edit
001Tm00000HDcgrIAD,005Px00000Bnl4HIAR,PI CSM,Edit,Read,None,Edit
001Tm00000HG4KQIA1,005Px00000Bnl4HIAR,PI CSM,Edit,Read,None,Edit
001Tm00000HG6XXIA1,005Px00000Bnl4HIAR,PI CSM,Edit,Read,None,Edit
001Tm00000HQakPIAT,005Px00000BnqaDIAR,E&I CSM,Edit,Read,None,Edit
001Tm00000HXezPIAT,005Px00000Bnl4HIAR,PI CSM,Edit,Read,None,Edit
001Tm00000HcFKQIA3,005Px00000Bnl4HIAR,PI CSM,Edit,Read,None,Edit
001Tm00000HdyQnIAJ,005Px00000BnqaDIAR,E&I CSM,Edit,Read,None,Edit
001Tm00000HhHezIAF,005Px00000Bnl4HIAR,PI CSM,Edit,Read,None,Edit
001Tm00000HqJOEIA3,005Px00000Bnl4HIAR,PI CSM,Edit,Read,None,Edit
001Tm00000HqiklIAB,005Px00000Bnl4HIAR,PI CSM,Edit,Read,None,Edit
001Tm00000HrmKrIAJ,005Px00000BnqaDIAR,E&I CSM,Edit,Read,None,Edit
001Tm00000HtKm0IAF,005Px00000Bnl4HIAR,PI CSM,Edit,Read,None,Edit
001Tm00000Hy3MDIAZ,005Px00000Bnl4HIAR,PI CSM,Edit,Read,None,Edit
001Tm00000I29UgIAJ,005Px00000BnqaDIAR,E&I CSM,Edit,Read,None,Edit
001Tm00000I5dG7IAJ,005Px00000BnqaDIAR,E&I CSM,Edit,Read,None,Edit
001Tm00000IBOzDIAX,005Px00000Bnl4HIAR,PI CSM,Edit,Read,None,Edit
001Tm00000IBvrsIAD,005Px00000BnqaDIAR,E&I CSM,Edit,Read,None,Edit
001Tm00000ICn4EIAT,005Px00000Bnl4HIAR,PI CSM,Edit,Read,None,Edit
001Tm00000IFadWIAT,005Px00000Bnl4HIAR,PI CSM,Edit,Read,None,Edit
001Tm00000IFgXfIAL,005Px00000Bnl4HIAR,PI CSM,Edit,Read,None,Edit
001Tm00000IFnkRIAT,005Px00000Bnl4HIAR,PI CSM,Edit,Read,None,Edit
001Tm00000IPavbIAD,005Px00000Bnl4HIAR,PI CSM,Edit,Read,None,Edit
001Tm00000IWxVgIAL,005Px00000Bnl4HIAR,PI CSM,Edit,Read,None,Edit
001Tm00000IfhzbIAB,005Px00000Bnl4HIAR,PI CSM,Edit,Read,None,Edit
001Tm00000Ifw2YIAR,005Px00000Bnl4HIAR,PI CSM,Edit,Read,None,Edit
001Tm00000IiCBDIA3,005Px00000Bnl4HIAR,PI CSM,Edit,Read,None,Edit
001Tm00000IlAeJIAV,005Px00000Bnl4HIAR,PI CSM,Edit,Read,None,Edit
001Tm00000IrfgzIAB,005Px00000Bnl4HIAR,PI CSM,Edit,Read,None,Edit
001Tm00000Iwd6hIAB,005Px00000Bnl4HIAR,PI CSM,Edit,Read,None,Edit
001Tm00000J1yP7IAJ,005Px00000Bnl4HIAR,PI CSM,Edit,Read,None,Edit
001Tm00000J2U7BIAV,005Px00000Bnl4HIAR,PI CSM,Edit,Read,None,Edit
001Tm00000J2vYjIAJ,005Px00000Bnl4HIAR,PI CSM,Edit,Read,None,Edit
001Tm00000J8ag5IAB,005Px00000Bnl4HIAR,PI CSM,Edit,Read,None,Edit
001Tm00000J9JyFIAV,005Px00000BnqaDIAR,E&I CSM,Edit,Read,None,Edit
001Tm00000JGGNnIAP,005Px00000BnqaDIAR,E&I CSM,Edit,Read,None,Edit
001Tm00000JGS3sIAH,005Px00000BnqaDIAR,E&I CSM,Edit,Read,None,Edit
001Tm00000JGYUGIA5,005Px00000Bnl4HIAR,PI CSM,Edit,Read,None,Edit
001Tm00000JR749IAD,005Px00000Bnl4HIAR,PI CSM,Edit,Read,None,Edit
001Tm00000JX8f2IAD,005Px00000BnqaDIAR,E&I CSM,Edit,Read,None,Edit
001Tm00000JcGC8IAN,005Px00000Bnl4HIAR,PI CSM,Edit,Read,None,Edit
001Tm00000JciUyIAJ,005Px00000BnqaDIAR,E&I CSM,Edit,Read,None,Edit
001Tm00000JejBgIAJ,005Px00000Bnl4HIAR,PI CSM,Edit,Read,None,Edit
001Tm00000JtVUuIAN,005Px00000Bnl4HIAR,PI CSM,Edit,Read,None,Edit
001Tm00000JtakgIAB,005Px00000Bnl4HIAR,PI CSM,Edit,Read,None,Edit
001Tm00000Jzx53IAB,005Px00000Bnl4HIAR,PI CSM,Edit,Read,None,Edit
001Tm00000K3hL6IAJ,005Px00000Bnl4HIAR,PI CSM,Edit,Read,None,Edit
001Tm00000K4tIXIAZ,005Px00000BnqaDIAR,E&I CSM,Edit,Read,None,Edit
001Tm00000K7wdHIAR,005Px00000BnqaDIAR,E&I CSM,Edit,Read,None,Edit
001Tm00000KN3swIAD,005Px00000Bnl4HIAR,PI CSM,Edit,Read,None,Edit
001Tm00000KN8pRIAT,005Px00000Bnl4HIAR,PI CSM,Edit,Read,None,Edit
001Tm00000KNfIJIA1,005Px00000Bnl4HIAR,PI CSM,Edit,Read,None,Edit
001Tm00000KNfIJIA1,005Px00000BnqaDIAR,E&I CSM,Edit,Read,None,Edit
001Tm00000KTYkMIAX,005Px00000Bnl4HIAR,PI CSM,Edit,Read,None,Edit
001Tm00000KknNBIAZ,005Px00000Bnl4HIAR,PI CSM,Edit,Read,None,Edit
001Tm00000Kl5AUIAZ,005Px00000Bnl4HIAR,PI CSM,Edit,Read,None,Edit
001Tm00000KlZQIIA3,005Px00000Bnl4HIAR,PI CSM,Edit,Read,None,Edit
001Tm00000KnUXrIAN,005Px00000Bnl4HIAR,PI CSM,Edit,Read,None,Edit
001Tm00000L4Aj4IAF,005Px00000Bnl4HIAR,PI CSM,Edit,Read,None,Edit
001Tm00000LHjhVIAT,005Px00000Bnl4HIAR,PI CSM,Edit,Read,None,Edit
001Tm00000LJNo6IAH,005Px00000Bnl4HIAR,PI CSM,Edit,Read,None,Edit
001Tm00000LKD1sIAH,005Px00000Bnl4HIAR,PI CSM,Edit,Read,None,Edit
001Tm00000LNivXIAT,005Px00000Bnl4HIAR,PI CSM,Edit,Read,None,Edit
001Tm00000LTK2TIAX,005Px00000Bnl4HIAR,PI CSM,Edit,Read,None,Edit
001Tm00000LTTXBIA5,005Px00000Bnl4HIAR,PI CSM,Edit,Read,None,Edit
001Tm00000LfmJEIAZ,005Px00000Bnl4HIAR,PI CSM,Edit,Read,None,Edit
001Tm00000LhtGVIAZ,005Px00000BnqaDIAR,E&I CSM,Edit,Read,None,Edit
001Tm00000LriYIIAZ,005Px00000BnqaDIAR,E&I CSM,Edit,Read,None,Edit
001Tm00000LyNVXIA3,005Px00000Bnl4HIAR,PI CSM,Edit,Read,None,Edit
001Tm00000M2BKVIA3,005Px00000Bnl4HIAR,PI CSM,Edit,Read,None,Edit
001Tm00000M2gbGIAR,005Px00000Bnl4HIAR,PI CSM,Edit,Read,None,Edit
001Tm00000M3G0MIAV,005Px00000Bnl4HIAR,PI CSM,Edit,Read,None,Edit
001Tm00000M3JflIAF,005Px00000Bnl4HIAR,PI CSM,Edit,Read,None,Edit
001Tm00000ME7ZrIAL,005Px00000Bnj46IAB,Law.com CSM,Edit,Read,None,Edit
001Tm00000MEAuKIAX,005Px00000Bnj46IAB,Law.com CSM,Edit,Read,None,Edit
001Tm00000MEBDvIAP,005Px00000Bnj46IAB,Law.com CSM,Edit,Read,None,Edit
001Tm00000MEBbrIAH,005Px00000Bnj46IAB,Law.com CSM,Edit,Read,None,Edit
001Tm00000MEBd4IAH,005Px00000Bnj46IAB,Law.com CSM,Edit,Read,None,Edit
001Tm00000MEBn2IAH,005Px00000Bnj46IAB,Law.com CSM,Edit,Read,None,Edit
001Tm00000MEBoNIAX,005Px00000Bnj46IAB,Law.com CSM,Edit,Read,None,Edit
001Tm00000MECnLIAX,005Px00000Bnj46IAB,Law.com CSM,Edit,Read,None,Edit
001Tm00000MED2TIAX,005Px00000Bnj46IAB,Law.com CSM,Edit,Read,None,Edit
001Tm00000MEDUOIA5,005Px00000Bnj46IAB,Law.com CSM,Edit,Read,None,Edit
001Tm00000MEFPUIA5,005Px00000Bnj46IAB,Law.com CSM,Edit,Read,None,Edit
001Tm00000MEFyaIAH,005Px00000Bnj46IAB,Law.com CSM,Edit,Read,None,Edit
001Tm00000MEG93IAH,005Px00000Bnj46IAB,Law.com CSM,Edit,Read,None,Edit
001Tm00000MEG9GIAX,005Px00000Bnj46IAB,Law.com CSM,Edit,Read,None,Edit
001Tm00000MEG9JIAX,005Px00000Bnj46IAB,Law.com CSM,Edit,Read,None,Edit
001Tm00000MEGejIAH,005Px00000Bnj46IAB,Law.com CSM,Edit,Read,None,Edit
001Tm00000MEGf0IAH,005Px00000Bnj46IAB,Law.com CSM,Edit,Read,None,Edit
001Tm00000MEIZyIAP,005Px00000Bnj46IAB,Law.com CSM,Edit,Read,None,Edit
001Tm00000MEIarIAH,005Px00000Bnj46IAB,Law.com CSM,Edit,Read,None,Edit
001Tm00000MEKKkIAP,005Px00000Bnj46IAB,Law.com CSM,Edit,Read,None,Edit
001Tm00000MEKRpIAP,005Px00000Bnj46IAB,Law.com CSM,Edit,Read,None,Edit
001Tm00000MELPvIAP,005Px00000Bnj46IAB,Law.com CSM,Edit,Read,None,Edit
001Tm00000MEM6oIAH,005Px00000Bnj46IAB,Law.com CSM,Edit,Read,None,Edit
001Tm00000MEM8KIAX,005Px00000Bnj46IAB,Law.com CSM,Edit,Read,None,Edit
001Tm00000MEMAfIAP,005Px00000Bnj46IAB,Law.com CSM,Edit,Read,None,Edit
001Tm00000MEMAsIAP,005Px00000Bnj46IAB,Law.com CSM,Edit,Read,None,Edit
001Tm00000MEMAuIAP,005Px00000Bnj46IAB,Law.com CSM,Edit,Read,None,Edit
001Tm00000MEMBcIAP,005Px00000Bnj46IAB,Law.com CSM,Edit,Read,None,Edit
001Tm00000MEMaMIAX,005Px00000Bnj46IAB,Law.com CSM,Edit,Read,None,Edit
001Tm00000MEMbCIAX,005Px00000Bnj46IAB,Law.com CSM,Edit,Read,None,Edit
001Tm00000MEMgqIAH,005Px00000Bnj46IAB,Law.com CSM,Edit,Read,None,Edit
001Tm00000MEMhfIAH,005Px00000Bnj46IAB,Law.com CSM,Edit,Read,None,Edit
001Tm00000MEMzvIAH,005Px00000Bnj46IAB,Law.com CSM,Edit,Read,None,Edit
001Tm00000MEN3VIAX,005Px00000Bnj46IAB,Law.com CSM,Edit,Read,None,Edit
001Tm00000MENLYIA5,005Px00000Bnj46IAB,Law.com CSM,Edit,Read,None,Edit
001Tm00000MEOZsIAP,005Px00000Bnj46IAB,Law.com CSM,Edit,Read,None,Edit
001Tm00000MEOo5IAH,005Px00000Bnj46IAB,Law.com CSM,Edit,Read,None,Edit
001Tm00000MEOv2IAH,005Px00000Bnj46IAB,Law.com CSM,Edit,Read,None,Edit
001Tm00000MEP1QIAX,005Px00000Bnj46IAB,Law.com CSM,Edit,Read,None,Edit
001Tm00000MEP2VIAX,005Px00000Bnj46IAB,Law.com CSM,Edit,Read,None,Edit
001Tm00000MEPYqIAP,005Px00000Bnj46IAB,Law.com CSM,Edit,Read,None,Edit
001Tm00000MEPaJIAX,005Px00000Bnj46IAB,Law.com CSM,Edit,Read,None,Edit
001Tm00000MEPgKIAX,005Px00000Bnj46IAB,Law.com CSM,Edit,Read,None,Edit
001Tm00000MEPmLIAX,005Px00000Bnj46IAB,Law.com CSM,Edit,Read,None,Edit
001Tm00000MEQ5RIAX,005Px00000Bnj46IAB,Law.com CSM,Edit,Read,None,Edit
001Tm00000MEROpIAP,005Px00000Bnj46IAB,Law.com CSM,Edit,Read,None,Edit
001Tm00000MERP2IAP,005Px00000Bnj46IAB,Law.com CSM,Edit,Read,None,Edit
001Tm00000MERpiIAH,005Px00000Bnj46IAB,Law.com CSM,Edit,Read,None,Edit
001Tm00000MESE6IAP,005Px00000Bnj46IAB,Law.com CSM,Edit,Read,None,Edit
001Tm00000MESELIA5,005Px00000Bnj46IAB,Law.com CSM,Edit,Read,None,Edit
001Tm00000MESEoIAP,005Px00000Bnj46IAB,Law.com CSM,Edit,Read,None,Edit
001Tm00000MESFqIAP,005Px00000Bnj46IAB,Law.com CSM,Edit,Read,None,Edit
001Tm00000MESQfIAP,005Px00000Bnj46IAB,Law.com CSM,Edit,Read,None,Edit
001Tm00000MESmXIAX,005Px00000Bnj46IAB,Law.com CSM,Edit,Read,None,Edit
001Tm00000MESmwIAH,005Px00000Bnj46IAB,Law.com CSM,Edit,Read,None,Edit
001Tm00000MESpHIAX,005Px00000Bnj46IAB,Law.com CSM,Edit,Read,None,Edit
001Tm00000MET8xIAH,005Px00000Bnj46IAB,Law.com CSM,Edit,Read,None,Edit
001Tm00000METNKIA5,005Px00000Bnj46IAB,Law.com CSM,Edit,Read,None,Edit
001Tm00000METO6IAP,005Px00000Bnj46IAB,Law.com CSM,Edit,Read,None,Edit
001Tm00000METObIAP,005Px00000Bnj46IAB,Law.com CSM,Edit,Read,None,Edit
001Tm00000METXkIAP,005Px00000Bnj46IAB,Law.com CSM,Edit,Read,None,Edit
001Tm00000METXrIAP,005Px00000Bnj46IAB,Law.com CSM,Edit,Read,None,Edit
001Tm00000METn6IAH,005Px00000Bnj46IAB,Law.com CSM,Edit,Read,None,Edit
001Tm00000METruIAH,005Px00000Bnj46IAB,Law.com CSM,Edit,Read,None,Edit
001Tm00000METyVIAX,005Px00000Bnj46IAB,Law.com CSM,Edit,Read,None,Edit
001Tm00000MEU7OIAX,005Px00000Bnj46IAB,Law.com CSM,Edit,Read,None,Edit
001Tm00000MEUJRIA5,005Px00000Bnj46IAB,Law.com CSM,Edit,Read,None,Edit
001Tm00000MEUJaIAP,005Px00000Bnj46IAB,Law.com CSM,Edit,Read,None,Edit
001Tm00000MEUKVIA5,005Px00000Bnj46IAB,Law.com CSM,Edit,Read,None,Edit
001Tm00000MEUUJIA5,005Px00000Bnj46IAB,Law.com CSM,Edit,Read,None,Edit
001Tm00000MEUbhIAH,005Px00000Bnj46IAB,Law.com CSM,Edit,Read,None,Edit
001Tm00000MEV2TIAX,005Px00000Bnj46IAB,Law.com CSM,Edit,Read,None,Edit
001Tm00000MEV7cIAH,005Px00000Bnj46IAB,Law.com CSM,Edit,Read,None,Edit
001Tm00000MEV90IAH,005Px00000Bnj46IAB,Law.com CSM,Edit,Read,None,Edit
001Tm00000MEVAuIAP,005Px00000Bnj46IAB,Law.com CSM,Edit,Read,None,Edit
001Tm00000MEVBUIA5,005Px00000Bnj46IAB,Law.com CSM,Edit,Read,None,Edit
001Tm00000MEVC7IAP,005Px00000Bnj46IAB,Law.com CSM,Edit,Read,None,Edit
001Tm00000MEVH1IAP,005Px00000Bnj46IAB,Law.com CSM,Edit,Read,None,Edit
001Tm00000MEVO4IAP,005Px00000Bnj46IAB,Law.com CSM,Edit,Read,None,Edit
001Tm00000MEVOkIAP,005Px00000Bnj46IAB,Law.com CSM,Edit,Read,None,Edit
001Tm00000MEVfKIAX,005Px00000Bnj46IAB,Law.com CSM,Edit,Read,None,Edit
001Tm00000MEVfsIAH,005Px00000Bnj46IAB,Law.com CSM,Edit,Read,None,Edit
001Tm00000MEVgAIAX,005Px00000Bnj46IAB,Law.com CSM,Edit,Read,None,Edit
001Tm00000MEVhbIAH,005Px00000Bnj46IAB,Law.com CSM,Edit,Read,None,Edit
001Tm00000MEWLYIA5,005Px00000Bnj46IAB,Law.com CSM,Edit,Read,None,Edit
001Tm00000MEWLxIAP,005Px00000Bnj46IAB,Law.com CSM,Edit,Read,None,Edit
001Tm00000MEWMFIA5,005Px00000Bnj46IAB,Law.com CSM,Edit,Read,None,Edit
001Tm00000MEWVyIAP,005Px00000Bnj46IAB,Law.com CSM,Edit,Read,None,Edit
001Tm00000MH6PKIA1,005Px00000Bnl4HIAR,PI CSM,Edit,Read,None,Edit
001Tm00000MJpS5IAL,005Px00000Bnl4HIAR,PI CSM,Edit,Read,None,Edit
001Tm00000MKZcuIAH,005Px00000Bnj46IAB,Law.com CSM,Edit,Read,None,Edit
001Tm00000MOCUqIAP,005Px00000Bnl4HIAR,PI CSM,Edit,Read,None,Edit
001Tm00000MVm3iIAD,005Px00000Bnl4HIAR,PI CSM,Edit,Read,None,Edit
001Tm00000MeacoIAB,005Px00000BnqaDIAR,E&I CSM,Edit,Read,None,Edit
001Tm00000MtHBEIA3,005Px00000Bnj46IAB,Law.com CSM,Edit,Read,None,Edit
001Tm00000MtJnWIAV,005Px00000Bnj46IAB,Law.com CSM,Edit,Read,None,Edit
001Tm00000MtJnwIAF,005Px00000BnqaDIAR,E&I CSM,Edit,Read,None,Edit
001Tm00000MtMASIA3,005Px00000Bnj46IAB,Law.com CSM,Edit,Read,None,Edit
001Tm00000MtO3FIAV,005Px00000Bnj46IAB,Law.com CSM,Edit,Read,None,Edit
001Tm00000MtRaQIAV,005Px00000Bnj46IAB,Law.com CSM,Edit,Read,None,Edit
001Tm00000MtRalIAF,005Px00000Bnj46IAB,Law.com CSM,Edit,Read,None,Edit
001Tm00000MtVYrIAN,005Px00000Bnj46IAB,Law.com CSM,Edit,Read,None,Edit
001Tm00000MtWIWIA3,005Px00000Bnj46IAB,Law.com CSM,Edit,Read,None,Edit
001Tm00000MtXOSIA3,005Px00000Bnj46IAB,Law.com CSM,Edit,Read,None,Edit
001Tm00000MtXRmIAN,005Px00000Bnj46IAB,Law.com CSM,Edit,Read,None,Edit
001Tm00000MxdbmIAB,005Px00000BnqaDIAR,E&I CSM,Edit,Read,None,Edit
001Tm00000N91qwIAB,005Px00000Bnl4HIAR,PI CSM,Edit,Read,None,Edit
001Tm00000N96u3IAB,005Px00000Bnl4HIAR,PI CSM,Edit,Read,None,Edit
001Tm00000NMNTlIAP,005Px00000Bnl4HIAR,PI CSM,Edit,Read,None,Edit
001Tm00000NNA37IAH,005Px00000Bnl4HIAR,PI CSM,Edit,Read,None,Edit
001Tm00000NftMgIAJ,005Px00000Bnl4HIAR,PI CSM,Edit,Read,None,Edit
001Tm00000NrK6cIAF,005Px00000Bnl4HIAR,PI CSM,Edit,Read,None,Edit
001Tm00000NxYzkIAF,005Px00000Bnl4HIAR,PI CSM,Edit,Read,None,Edit
001Tm00000O1kRJIAZ,005Px00000Bnl4HIAR,PI CSM,Edit,Read,None,Edit
001Tm00000O3Ps7IAF,005Px00000Bnl4HIAR,PI CSM,Edit,Read,None,Edit
001Tm00000O4tszIAB,005Px00000BnqaDIAR,E&I CSM,Edit,Read,None,Edit
001Tm00000O7bwRIAR,005Px00000Bnl4HIAR,PI CSM,Edit,Read,None,Edit
001Tm00000O93TyIAJ,005Px00000BnqaDIAR,E&I CSM,Edit,Read,None,Edit
001Tm00000OAFftIAH,005Px00000Bnl4HIAR,PI CSM,Edit,Read,None,Edit
001Tm00000ORVRmIAP,005Px00000Bnl4HIAR,PI CSM,Edit,Read,None,Edit
001Tm00000PY2FWIA1,005Px00000Bnl4HIAR,PI CSM,Edit,Read,None,Edit
