Id,AccountId,TeamMemberRole
01MPx00000OHEqNMAX,0014L00000VwNGdQAN,PI CSM
01MPx00000OHFXvMAP,0016g00001ANls9AAD,PI CSM
01MPx00000OHGDsMAP,0016g00001AO0FCAA1,PI CSM
01MPx00000OHGDtMAP,0016g00001AO0UKAA1,E&I CSM
01MPx00000OHGDwMAP,001Px00000VvpenIAB,Law.com CSM
01MPx00000OHGDxMAP,0016g00001ANzvzAAD,PI CSM
01MPx00000OHGDzMAP,0016g00001AO0BdAAL,E&I CSM
01MPx00000OHGE4MAP,0016g00001AO07vAAD,PI CSM
01MPx00000OHGE5MAP,0016g00001AO0TgAAL,PI CSM
01MPx00000OHGE7MAP,0016g00001ANztcAAD,PI CSM
01MPx00000OHGE8MAP,0016g00001ANzhhAAD,E&I CSM
01MPx00000OHGE9MAP,0016g00001AO0LhAAL,E&I CSM
01MPx00000OHGEAMA5,0016g00001AO0NEAA1,E&I CSM
01MPx00000OHGEBMA5,0016g00001AO0GDAA1,E&I CSM
01MPx00000OHGEDMA5,001Tm00000MEP2VIAX,Law.com CSM
01MPx00000OHGEFMA5,0014L00000lO54DQAS,Law.com CSM
01MPx00000OHGEGMA5,0016g00001AO01TAAT,PI CSM
01MPx00000OHGEHMA5,001Px00000VvTioIAF,Law.com CSM
01MPx00000OHGEJMA5,001Px00000VvjAjIAJ,Law.com CSM
01MPx00000OHGELMA5,0016g00001AO0XDAA1,E&I CSM
01MPx00000OHGEMMA5,0016g00001AO0IOAA1,PI CSM
01MPx00000OHGENMA5,001Px00000XVeMPIA1,PI CSM
01MPx00000OHGEOMA5,0016g00001AO0GKAA1,PI CSM
01MPx00000OHGEPMA5,0016g00001AO0JuAAL,PI CSM
01MPx00000OHGEQMA5,0016g00001ANzzmAAD,E&I CSM
01MPx00000OHGERMA5,0016g00001AO045AAD,E&I CSM
01MPx00000OHGETMA5,001Px00000XscvFIAR,Law.com CSM
01MPx00000OHGEUMA5,001Px00000YiH83IAF,PI CSM
01MPx00000OHGEVMA5,0016g00001ANzt0AAD,E&I CSM
01MPx00000OHGEWMA5,0016g00001AO01PAAT,E&I CSM
01MPx00000OHGEXMA5,001Px00000ZZ7sAIAT,PI CSM
01MPx00000OHGEYMA5,0016g00001ANzjaAAD,E&I CSM
01MPx00000OHGEZMA5,0016g00001AO07cAAD,PI CSM
01MPx00000OHGEaMAP,0016g00001ANzreAAD,PI CSM
01MPx00000OHGEcMAP,0016g00001ANmZzAAL,PI CSM
01MPx00000OHGEgMAP,0016g00001AO051AAD,PI CSM
01MPx00000OHGEhMAP,0016g00001AO0UdAAL,E&I CSM
01MPx00000OHGEjMAP,001Px00000Vvd3ZIAR,Law.com CSM
01MPx00000OHGEkMAP,001Px00000Vvpx9IAB,Law.com CSM
01MPx00000OHGElMAP,0016g00001AO09hAAD,PI CSM
01MPx00000OHGEmMAP,001Px00000VvaukIAB,Law.com CSM
01MPx00000OHGEoMAP,0016g00001AO0CIAA1,PI CSM
01MPx00000OHGEpMAP,001Tm00000MEBn2IAH,Law.com CSM
01MPx00000OHGErMAP,0016g00001AO0IHAA1,E&I CSM
01MPx00000OHGEsMAP,001Tm0000094WU7IAM,E&I CSM
01MPx00000OHGEtMAP,0016g00001AO09WAAT,E&I CSM
01MPx00000OHGEuMAP,001Px00000VyIdNIAV,Law.com CSM
01MPx00000OHGEvMAP,0016g00001AO0EIAA1,E&I CSM
01MPx00000OHGEwMAP,0016g00001AOPEVAA5,PI CSM
01MPx00000OHGExMAP,001Tm00000GHBp6IAH,PI CSM
01MPx00000OHGEyMAP,0016g00001AO0YTAA1,PI CSM
01MPx00000OHGEzMAP,0016g00001AO6uAAAT,E&I CSM
01MPx00000OHGF0MAP,0016g00001AO0EmAAL,E&I CSM
01MPx00000OHGF3MAP,0016g00001ANzg2AAD,PI CSM
01MPx00000OHGF5MAP,001Px00000VvQnnIAF,Law.com CSM
01MPx00000OHGF6MAP,0016g00001ANzqwAAD,E&I CSM
01MPx00000OHGF8MAP,0016g00001ANzlxAAD,E&I CSM
01MPx00000OHGF9MAP,001Px00000VvZRQIA3,Law.com CSM
01MPx00000OHGFBMA5,0016g00001ANznFAAT,PI CSM
01MPx00000OHGFDMA5,001Px00000VvZYDIA3,Law.com CSM
01MPx00000OHGFEMA5,0016g00001AO0EiAAL,PI CSM
01MPx00000OHGFGMA5,0016g00001AO02fAAD,E&I CSM
01MPx00000OHGFHMA5,001Tm00000EGqQoIAL,E&I CSM
01MPx00000OHGFIMA5,001Px00000VvjE5IAJ,Law.com CSM
01MPx00000OHGFJMA5,001Tm00000ORVRmIAP,PI CSM
01MPx00000OHGFKMA5,0016g00001AO05WAAT,PI CSM
01MPx00000OHGFMMA5,001Px00000VvbdYIAR,Law.com CSM
01MPx00000OHGFOMA5,0016g00001ANzuOAAT,PI CSM
01MPx00000OHGFQMA5,001Px00000VvQvWIAV,Law.com CSM
01MPx00000OHGdlMAH,0016g00001AOE9sAAH,PI CSM
01MPx00000OHGdmMAH,0016g00001AOFJ4AAP,E&I CSM
01MPx00000OHGdoMAH,001Px00000VwiLGIAZ,E&I CSM
01MPx00000OHGdpMAH,0016g00001AOFJ7AAP,E&I CSM
01MPx00000OHGdqMAH,0016g00001AOFdVAAX,E&I CSM
01MPx00000OHGdrMAH,0016g00001AOFWwAAP,PI CSM
01MPx00000OHGdsMAH,001Px00000VvV2lIAF,Law.com CSM
01MPx00000OHGdwMAH,0016g00001AOEwAAAX,PI CSM
01MPx00000OHGdzMAH,001Px00000VvVfaIAF,Law.com CSM
01MPx00000OHGe0MAH,0016g00001AOFbtAAH,E&I CSM
01MPx00000OHGe1MAH,001Px00000VvidIIAR,Law.com CSM
01MPx00000OHGe2MAH,001Px00000VvXomIAF,E&I CSM
01MPx00000OHGe3MAH,001Px00000VvgI7IAJ,Law.com CSM
01MPx00000OHGe4MAH,001Px00000Xs1i6IAB,Law.com CSM
01MPx00000OHGe5MAH,001Tm00000EBGsdIAH,PI CSM
01MPx00000OHGe6MAH,001Px00000VveteIAB,Law.com CSM
01MPx00000OHGe7MAH,0016g00001AOFItAAP,E&I CSM
01MPx00000OHGe8MAH,001Px00000VvMHlIAN,Law.com CSM
01MPx00000OHGe9MAH,001Px00000VvsCvIAJ,Law.com CSM
01MPx00000OHGeAMAX,0016g00001AOZ54AAH,E&I CSM
01MPx00000OHGeBMAX,001Px00000VvbdNIAR,Law.com CSM
01MPx00000OHGeCMAX,001Px00000Yx2QUIAZ,E&I CSM
01MPx00000OHGeEMAX,001Px00000VvynYIAR,Law.com CSM
01MPx00000OHGeFMAX,001Px00000Xs1iCIAR,Law.com CSM
01MPx00000OHGeGMAX,001Px00000Xs1iFIAR,Law.com CSM
01MPx00000OHGeHMAX,001Px00000Xs1hnIAB,Law.com CSM
01MPx00000OHGeIMAX,001Px00000Vvs9wIAB,Law.com CSM
01MPx00000OHGeJMAX,0016g00001AOFiAAAX,PI CSM
01MPx00000OHGeKMAX,0016g00001AOFeuAAH,E&I CSM
01MPx00000OHGeLMAX,001Px00000VvalmIAB,Law.com CSM
01MPx00000OHGeMMAX,001Px00000VvSLLIA3,Law.com CSM
01MPx00000OHGeNMAX,001Px00000VvpEYIAZ,Law.com CSM
01MPx00000OHGeOMAX,0016g00001AOFgFAAX,E&I CSM
01MPx00000OHGeQMAX,001Px00000VvPVxIAN,Law.com CSM
01MPx00000OHGeRMAX,0016g00001AOFYOAA5,PI CSM
01MPx00000OHGeSMAX,001Tm00000BGGowIAH,E&I CSM
01MPx00000OHGeTMAX,0016g00001AOF0tAAH,PI CSM
01MPx00000OHGeUMAX,0016g00001AOF9NAAX,PI CSM
01MPx00000OHGeVMAX,0016g00001AOEuwAAH,PI CSM
01MPx00000OHGeWMAX,0016g00001AOEyYAAX,PI CSM
01MPx00000OHGeYMAX,001Px00000VvjAVIAZ,Law.com CSM
01MPx00000OHGeZMAX,001Tm00000MEUUJIA5,Law.com CSM
01MPx00000OHGeaMAH,0016g00001AOKWZAA5,E&I CSM
01MPx00000OHGebMAH,0014L00000K6rM5QAJ,PI CSM
01MPx00000OHGecMAH,001Px00000VvPVMIA3,Law.com CSM
01MPx00000OHGedMAH,001Px00000VvfkcIAB,Law.com CSM
01MPx00000OHGefMAH,001Px00000Vvi72IAB,Law.com CSM
01MPx00000OHGegMAH,001Px00000VvwVcIAJ,Law.com CSM
01MPx00000OHGehMAH,001Px00000VvwWvIAJ,Law.com CSM
01MPx00000OHGeiMAH,0016g00001AOFYXAA5,PI CSM
01MPx00000OHGejMAH,001Px00000VwJUBIA3,Law.com CSM
01MPx00000OHGekMAH,001Px00000Xs1iKIAR,Law.com CSM
01MPx00000OHGemMAH,001Tm00000MEP1QIAX,Law.com CSM
01MPx00000OHGenMAH,0016g00001AOFXVAA5,E&I CSM
01MPx00000OHGeoMAH,001Px00000VviUNIAZ,Law.com CSM
01MPx00000OHGepMAH,001Px00000VvZRqIAN,Law.com CSM
01MPx00000OHGeqMAH,001Px00000VveHXIAZ,Law.com CSM
01MPx00000OHGetMAH,001Px00000Vvp5yIAB,Law.com CSM
01MPx00000OHGeuMAH,001Px00000VvieIIAR,Law.com CSM
01MPx00000OHGevMAH,0016g00001AOEskAAH,PI CSM
01MPx00000OHGewMAH,0016g00001AOFLIAA5,E&I CSM
01MPx00000OHGexMAH,001Tm00000JtVUuIAN,PI CSM
01MPx00000OHGeyMAH,001Px00000VvjAZIAZ,Law.com CSM
01MPx00000OHGezMAH,0016g00001AOGJLAA5,E&I CSM
01MPx00000OHGf0MAH,0016g00001AOEyAAAX,E&I CSM
01MPx00000OHGf2MAH,001Px00000VvQqYIAV,Law.com CSM
01MPx00000OHGf3MAH,001Px00000VvjQ3IAJ,Law.com CSM
01MPx00000OHGf4MAH,0016g00001AOfshAAD,E&I CSM
01MPx00000OHGf5MAH,001Px00000VvngVIAR,Law.com CSM
01MPx00000OHGf6MAH,001Px00000Xs1iAIAR,Law.com CSM
01MPx00000OHGf7MAH,001Px00000Vvu2BIAR,Law.com CSM
01MPx00000OHGf8MAH,0016g00001AOEtaAAH,E&I CSM
01MPx00000OHGfAMAX,0016g00001AOFdDAAX,E&I CSM
01MPx00000OHGfBMAX,0016g00001AOF6iAAH,PI CSM
01MPx00000OHGfCMAX,0016g00001AOF6EAAX,PI CSM
01MPx00000OHGfDMAX,001Px00000Vvo4iIAB,Law.com CSM
01MPx00000OHGizMAH,001Px00000VvalkIAB,Law.com CSM
01MPx00000OHGj0MAH,0016g00001AOaCZAA1,PI CSM
01MPx00000OHGj1MAH,0016g00001AOaE2AAL,E&I CSM
01MPx00000OHGj4MAH,001Px00000VvOGOIA3,Law.com CSM
01MPx00000OHGj5MAH,001Px00000XsbrkIAB,Law.com CSM
01MPx00000OHGj6MAH,0016g00001AOZXvAAP,PI CSM
01MPx00000OHGj7MAH,0016g00001AOZMVAA5,PI CSM
01MPx00000OHGj8MAH,0016g00001AOZVYAA5,E&I CSM
01MPx00000OHGjBMAX,0014L00000k4pWvQAI,PI CSM
01MPx00000OHGjDMAX,0016g00001AOZpEAAX,PI CSM
01MPx00000OHGjEMAX,001Px00000VveWyIAJ,Law.com CSM
01MPx00000OHGjFMAX,0016g00001AOZozAAH,E&I CSM
01MPx00000OHGjGMAX,001Tm00000MEVOkIAP,Law.com CSM
01MPx00000OHGjIMAX,0016g00001AOaQXAA1,PI CSM
01MPx00000OHGjJMAX,0016g00001AOaKGAA1,PI CSM
01MPx00000OHGjKMAX,0016g00001AOa40AAD,Law.com CSM
01MPx00000OHGjMMAX,0016g00001AOaJsAAL,PI CSM
01MPx00000OHGjNMAX,001Px00000VvjAcIAJ,Law.com CSM
01MPx00000OHGjOMAX,001Px00000VvPqaIAF,Law.com CSM
01MPx00000OHGjPMAX,0016g00001AOaE1AAL,PI CSM
01MPx00000OHGjQMAX,0014L00000mAOUpQAO,PI CSM
01MPx00000OHGjSMAX,001Tm00000MEVO4IAP,Law.com CSM
01MPx00000OHGjTMAX,0014L00000TyOsLQAV,E&I CSM
01MPx00000OHGjUMAX,0016g00001AOa33AAD,PI CSM
01MPx00000OHGjVMAX,0014L00000k4qatQAA,PI CSM
01MPx00000OHGjXMAX,0014L00000lO1QEQA0,E&I CSM
01MPx00000OHGjYMAX,0014L00000TwPJUQA3,E&I CSM
01MPx00000OHGjaMAH,0016g00001AOZT1AAP,E&I CSM
01MPx00000OHGjbMAH,0016g00001AOaHoAAL,PI CSM
01MPx00000OHGjdMAH,0014L00000bF37RQAS,PI CSM
01MPx00000OHGjeMAH,0016g00001AOZw3AAH,PI CSM
01MPx00000OHGjgMAH,001Tm00000CA57aIAD,PI CSM
01MPx00000OHGjhMAH,001Px00000Vvk2VIAR,Law.com CSM
01MPx00000OHGjiMAH,0016g00001AOZbZAAX,PI CSM
01MPx00000OHGjjMAH,0016g00001AOZhnAAH,PI CSM
01MPx00000OHGjkMAH,0016g00001AOZiOAAX,PI CSM
01MPx00000OHGjmMAH,0016g00001AOa03AAD,PI CSM
01MPx00000OHGjnMAH,0016g00001AO6HhAAL,E&I CSM
01MPx00000OHGjoMAH,0016g00001ANlSIAA1,E&I CSM
01MPx00000OHGjpMAH,0016g00001AOZxSAAX,PI CSM
01MPx00000OHGjqMAH,001Px00000Vvu2hIAB,Law.com CSM
01MPx00000OHGjrMAH,0016g00001AOaGfAAL,PI CSM
01MPx00000OHGjsMAH,0016g00001AOaNYAA1,PI CSM
01MPx00000OHGjtMAH,0016g00001AOZkhAAH,PI CSM
01MPx00000OHGjuMAH,001Px00000VvchDIAR,Law.com CSM
01MPx00000OHGjvMAH,001Tm00000O3Ps7IAF,PI CSM
01MPx00000OHGjxMAH,0014L00000FFpZgQAL,E&I CSM
01MPx00000OHGjzMAH,0016g00001AOaCnAAL,PI CSM
01MPx00000OHGk0MAH,0016g00001AOa5GAAT,PI CSM
01MPx00000OHGk1MAH,0016g00001AOaLIAA1,PI CSM
01MPx00000OHGk2MAH,0016g00001ANowGAAT,PI CSM
01MPx00000OHGk3MAH,0016g00001AOZlXAAX,PI CSM
01MPx00000OHHI2MAP,0016g00001AOhEeAAL,PI CSM
01MPx00000OHHI7MAP,001Tm00000GED10IAH,PI CSM
01MPx00000OHHI8MAP,0016g00001AOhBAAA1,PI CSM
01MPx00000OHHIAMA5,001Px00000VvtMVIAZ,E&I CSM
01MPx00000OHHIBMA5,001Px00000VvfAjIAJ,Law.com CSM
01MPx00000OHHIDMA5,0016g00001AOgzYAAT,E&I CSM
01MPx00000OHHIEMA5,0016g00001AO6DSAA1,PI CSM
01MPx00000OHHIFMA5,001Px00000VvbOcIAJ,Law.com CSM
01MPx00000OHHIKMA5,001Tm000002xx9OIAQ,PI CSM
01MPx00000OHHILMA5,0016g00001AOghhAAD,PI CSM
01MPx00000OHHIPMA5,0016g00001AOhEvAAL,PI CSM
01MPx00000OHHIRMA5,0016g00001AOgkoAAD,PI CSM
01MPx00000OHHITMA5,0016g00001AOgk6AAD,PI CSM
01MPx00000OHHIUMA5,001Px00000VvolEIAR,PI CSM
01MPx00000OHHIVMA5,0014L00000mAbiOQAS,E&I CSM
01MPx00000OHHIWMA5,0016g00001AOh17AAD,PI CSM
01MPx00000OHHIYMA5,0016g00001AOgjOAAT,E&I CSM
01MPx00000OHHIbMAP,0014L00000gkLHoQAM,E&I CSM
01MPx00000OHHIeMAP,001Px00000VvgtRIAR,Law.com CSM
01MPx00000OHHIfMAP,0014L00000nqdT9QAI,PI CSM
01MPx00000OHHIgMAP,0016g00001AOhAaAAL,E&I CSM
01MPx00000OHHIhMAP,0016g00001AOgisAAD,PI CSM
01MPx00000OHHIiMAP,0016g00001AOgjTAAT,E&I CSM
01MPx00000OHHIjMAP,001Px00000VvmBzIAJ,Law.com CSM
01MPx00000OHHIkMAP,0016g00001AOgqlAAD,PI CSM
01MPx00000OHHIuMAP,0016g00001AOgnzAAD,E&I CSM
01MPx00000OHHIzMAP,001Px00000Vvi6eIAB,Law.com CSM
01MPx00000OHHJ0MAP,0016g00001AOh60AAD,PI CSM
01MPx00000OHHJ1MAP,0016g00001AOh4hAAD,E&I CSM
01MPx00000OHHJ2MAP,0014L00000FFJr4QAH,PI CSM
01MPx00000OHHJ5MAP,0016g00001AOgimAAD,E&I CSM
01MPx00000OHHJ6MAP,0016g00001AOgyvAAD,PI CSM
01MPx00000OHHJ8MAP,0016g00001AOgeQAAT,E&I CSM
01MPx00000OHHJAMA5,001Px00000VvRp9IAF,PI CSM
01MPx00000OHHJCMA5,001Px00000VvgsoIAB,Law.com CSM
01MPx00000OHHJDMA5,0016g00001AOh2AAAT,PI CSM
01MPx00000OHHJEMA5,0016g00001AOgjeAAD,PI CSM
01MPx00000OHHJGMA5,001Tm00000LHjhVIAT,PI CSM
01MPx00000OHHJJMA5,0016g00001AOgllAAD,E&I CSM
01MPx00000OHHJKMA5,001Px00000VZQqgIAH,PI CSM
01MPx00000OHHJNMA5,001Tm00000DAfTpIAL,E&I CSM
01MPx00000OHHJOMA5,0016g00001AOh9UAAT,PI CSM
01MPx00000OHHJPMA5,0016g00001AOhFXAA1,PI CSM
01MPx00000OHHJQMA5,0016g00001AOgx7AAD,E&I CSM
01MPx00000OHHJSMA5,0016g00001AOgj5AAD,PI CSM
01MPx00000OHHJTMA5,0014L00000lQO7XQAW,PI CSM
01MPx00000OHHJUMA5,0016g00001AOhGEAA1,E&I CSM
01MPx00000OHHJVMA5,0016g00001AOgtYAAT,PI CSM
01MPx00000OHHJWMA5,0016g00001AOhH8AAL,E&I CSM
01MPx00000OHICZMA5,0016g00001AO4xOAAT,PI CSM
01MPx00000OHICaMAP,0016g00001AO4eLAAT,E&I CSM
01MPx00000OHICbMAP,0016g00001AO4o3AAD,PI CSM
01MPx00000OHICcMAP,0016g00001AO4isAAD,E&I CSM
01MPx00000OHIChMAP,0016g00001AO50KAAT,E&I CSM
01MPx00000OHICjMAP,0016g00001AO4P6AAL,PI CSM
01MPx00000OHICkMAP,0016g00001AO4imAAD,Law.com CSM
01MPx00000OHIClMAP,0014L00000AymGVQAZ,E&I CSM
01MPx00000OHICoMAP,0016g00001AO4zcAAD,PI CSM
01MPx00000OHICpMAP,0016g00001AO4yUAAT,PI CSM
01MPx00000OHICqMAP,001Px00000XsUstIAF,Law.com CSM
01MPx00000OHICsMAP,001Tm000001lu34IAA,PI CSM
01MPx00000OHICtMAP,0016g00001AO4W4AAL,E&I CSM
01MPx00000OHICuMAP,0016g00001AO4HqAAL,PI CSM
01MPx00000OHICwMAP,0016g00001AO4kGAAT,PI CSM
01MPx00000OHICxMAP,001Px00000Vvh2sIAB,Law.com CSM
01MPx00000OHICyMAP,0016g00001AO4cLAAT,E&I CSM
01MPx00000OHICzMAP,0016g00001AO4vmAAD,E&I CSM
01MPx00000OHID0MAP,001Px00000VvpUcIAJ,Law.com CSM
01MPx00000OHID2MAP,001Px00000VvbbiIAB,Law.com CSM
01MPx00000OHID3MAP,0016g00001AO4yBAAT,E&I CSM
01MPx00000OHIDAMA5,0016g00001AO4m5AAD,PI CSM
01MPx00000OHIDBMA5,001Tm00000Iwd6hIAB,PI CSM
01MPx00000OHIDCMA5,001Tm000005p7J8IAI,PI CSM
01MPx00000OHIDDMA5,0016g00001AO4dGAAT,PI CSM
01MPx00000OHIDFMA5,0016g00001AO4paAAD,PI CSM
01MPx00000OHIDGMA5,0014L00000k3dLSQAY,PI CSM
01MPx00000OHIDHMA5,0016g00001ANthHAAT,E&I CSM
01MPx00000OHIDIMA5,0014L00000Nb6ihQAB,PI CSM
01MPx00000OHIDJMA5,0016g00001AOJOrAAP,PI CSM
01MPx00000OHIDKMA5,0016g00001AO4RgAAL,PI CSM
01MPx00000OHIDLMA5,001Tm00000CHDpxIAH,E&I CSM
01MPx00000OHIDNMA5,0016g00001AO4hzAAD,PI CSM
01MPx00000OHIDOMA5,0016g00001AO4nTAAT,PI CSM
01MPx00000OHIDPMA5,0014L00000XOy9eQAD,PI CSM
01MPx00000OHIDQMA5,0016g00001AO4wZAAT,PI CSM
01MPx00000OHIDSMA5,0014L00000OFKJEQA5,PI CSM
01MPx00000OHIDUMA5,0016g00001AO4GWAA1,PI CSM
01MPx00000OHIDVMA5,001Px00000VvpdPIAR,Law.com CSM
01MPx00000OHIDWMA5,001Px00000XsUt4IAF,Law.com CSM
01MPx00000OHIDXMA5,0016g00001ANqGzAAL,E&I CSM
01MPx00000OHIDYMA5,0016g00001AO4eZAAT,PI CSM
01MPx00000OHIDZMA5,0016g00001AO4YlAAL,E&I CSM
01MPx00000OHIDaMAP,001Px00000XsUt1IAF,Law.com CSM
01MPx00000OHIDbMAP,0016g00001AO53wAAD,E&I CSM
01MPx00000OHIDcMAP,0016g00001AO4SRAA1,PI CSM
01MPx00000OHIDdMAP,0016g00001AO4fnAAD,PI CSM
01MPx00000OHIDeMAP,0016g00001AO4S9AAL,PI CSM
01MPx00000OHIDfMAP,001Px00000XsUt3IAF,Law.com CSM
01MPx00000OHIDhMAP,0014L00000f4v2nQAA,E&I CSM
01MPx00000OHIDjMAP,001Tm00000MEPgKIAX,Law.com CSM
01MPx00000OHIDkMAP,0016g00001AO4n5AAD,PI CSM
01MPx00000OHIDlMAP,0016g00001AO4bLAAT,PI CSM
01MPx00000OHIDoMAP,0016g00001AO4L8AAL,PI CSM
01MPx00000OHIDqMAP,0016g00001AO4mxAAD,PI CSM
01MPx00000OHIDrMAP,0016g00001AO4odAAD,PI CSM
01MPx00000OHIDsMAP,0016g00001AO4yhAAD,E&I CSM
01MPx00000OHIDtMAP,001Tm000008MHYiIAO,PI CSM
01MPx00000OHIDvMAP,001Px00000VvmKfIAJ,Law.com CSM
01MPx00000OHIDwMAP,001Px00000Vvk1DIAR,Law.com CSM
01MPx00000OHIDxMAP,0016g00001AO4hiAAD,PI CSM
01MPx00000OHIDyMAP,001Px00000VvpZYIAZ,PI CSM
01MPx00000OHIDzMAP,001Px00000VvXPnIAN,E&I CSM
01MPx00000OHIQzMAP,0016g00001AOCUIAA5,PI CSM
01MPx00000OHIR0MAP,0016g00001AOCgRAAX,PI CSM
01MPx00000OHIR1MAP,0016g00001AOCXsAAP,PI CSM
01MPx00000OHIR2MAP,0016g00001AOD7SAAX,PI CSM
01MPx00000OHIR3MAP,0016g00001AOBHvAAP,PI CSM
01MPx00000OHIR4MAP,001Px00000VvZRrIAN,Law.com CSM
01MPx00000OHIR5MAP,001Px00000UndWsIAJ,E&I CSM
01MPx00000OHIR6MAP,0016g00001AOCVMAA5,PI CSM
01MPx00000OHIR7MAP,001Px00000Xsi52IAB,Law.com CSM
01MPx00000OHIR8MAP,0014L00000npO9JQAU,PI CSM
01MPx00000OHIRAMA5,001Tm00000BrlVZIAZ,E&I CSM
01MPx00000OHIRCMA5,0016g00001AODFUAA5,PI CSM
01MPx00000OHIREMA5,001Px00000VvavNIAR,Law.com CSM
01MPx00000OHIRFMA5,001Px00000WkhfRIAR,Law.com CSM
01MPx00000OHIRGMA5,0016g00001AOCCfAAP,PI CSM
01MPx00000OHIRHMA5,001Tm00000BXpQQIA1,PI CSM
01MPx00000OHIRJMA5,0016g00001AOEMSAA5,PI CSM
01MPx00000OHIRLMA5,0016g00001AOCXqAAP,PI CSM
01MPx00000OHIRMMA5,001Px00000VvicRIAR,E&I CSM
01MPx00000OHIRNMA5,0014L00000FFw4bQAD,PI CSM
01MPx00000OHIRPMA5,001Px00000Vvw3pIAB,Law.com CSM
01MPx00000OHIRQMA5,001Px00000VvQqrIAF,Law.com CSM
01MPx00000OHIRRMA5,0016g00001AOD4vAAH,PI CSM
01MPx00000OHIRSMA5,0016g00001AOCQVAA5,E&I CSM
01MPx00000OHIRUMA5,001Px00000Xsi4rIAB,Law.com CSM
01MPx00000OHIRVMA5,001Px00000XiYHXIA3,PI CSM
01MPx00000OHIRWMA5,001Px00000VvbdgIAB,Law.com CSM
01MPx00000OHIRXMA5,0016g00001AOCaNAAX,E&I CSM
01MPx00000OHIRaMAP,001Px00000VvZUOIA3,PI CSM
01MPx00000OHIRcMAP,0016g00001AOCSIAA5,E&I CSM
01MPx00000OHIRdMAP,001Px00000VvaldIAB,Law.com CSM
01MPx00000OHIReMAP,001Px00000VvSKqIAN,Law.com CSM
01MPx00000OHIRfMAP,001Tm00000METyVIAX,Law.com CSM
01MPx00000OHIRgMAP,0016g00001AOCobAAH,E&I CSM
01MPx00000OHIRhMAP,0016g00001AOCYjAAP,PI CSM
01MPx00000OHIRiMAP,0016g00001AOCqfAAH,E&I CSM
01MPx00000OHIRjMAP,0014L00000m9MjXQAU,PI CSM
01MPx00000OHIRkMAP,0016g00001AO4s0AAD,PI CSM
01MPx00000OHIRlMAP,001Px00000VvjBEIAZ,Law.com CSM
01MPx00000OHIRmMAP,001Tm00000MEAuKIAX,Law.com CSM
01MPx00000OHIRnMAP,001Tm00000HG4KQIA1,PI CSM
01MPx00000OHIRoMAP,001Tm00000FuHf3IAF,PI CSM
01MPx00000OHIRqMAP,0016g00001AOCYsAAP,PI CSM
01MPx00000OHIRrMAP,001Px00000VwWSbIAN,Law.com CSM
01MPx00000OHIRsMAP,0016g00001AOCcZAAX,E&I CSM
01MPx00000OHIRuMAP,0016g00001AOD2ZAAX,PI CSM
01MPx00000OHIRvMAP,001Tm00000M2BKVIA3,PI CSM
01MPx00000OHIRwMAP,0016g00001AOCqOAAX,PI CSM
01MPx00000OHIRxMAP,001Tm00000HqJOEIA3,PI CSM
01MPx00000OHIRyMAP,001Px00000VvPVyIAN,Law.com CSM
01MPx00000OHIRzMAP,0014L00000k3dRFQAY,PI CSM
01MPx00000OHIS0MAP,001Px00000VvNVjIAN,E&I CSM
01MPx00000OHIS1MAP,0016g00001AOClIAAX,PI CSM
01MPx00000OHIS2MAP,0016g00001AODA9AAP,E&I CSM
01MPx00000OHIS3MAP,0016g00001AOD9lAAH,PI CSM
01MPx00000OHIS5MAP,0016g00001AOCwFAAX,E&I CSM
01MPx00000OHIS6MAP,001Px00000VvlJbIAJ,Law.com CSM
01MPx00000OHIS8MAP,001Tm00000M3JflIAF,PI CSM
01MPx00000OHIS9MAP,0016g00001AOCJyAAP,PI CSM
01MPx00000OHISCMA5,0016g00001AOCqvAAH,PI CSM
01MPx00000OHISDMA5,0016g00001AOCfVAAX,PI CSM
01MPx00000OHISFMA5,001Tm00000926ybIAA,PI CSM
01MPx00000OHISHMA5,0016g00001AOC9AAAX,PI CSM
01MPx00000OHISIMA5,0014L00000k4o5vQAA,PI CSM
01MPx00000OHISJMA5,0016g00001AO5kyAAD,E&I CSM
01MPx00000OHISKMA5,0016g00001AOCuLAAX,PI CSM
01MPx00000OHISLMA5,001Px00000VvXLHIA3,Law.com CSM
01MPx00000OHISMMA5,001Px00000Vvh5wIAB,Law.com CSM
01MPx00000OHISOMA5,0016g00001AOCTaAAP,PI CSM
01MPx00000OHISQMA5,001Px00000VvVuFIAV,Law.com CSM
01MPx00000OHISRMA5,001Px00000VvptbIAB,Law.com CSM
01MPx00000OHISTMA5,001Tm000007XCSzIAO,E&I CSM
01MPx00000OHISUMA5,001Px00000VvXwtIAF,Law.com CSM
01MPx00000OHISVMA5,001Px00000VwYKVIA3,Law.com CSM
01MPx00000OHISWMA5,0014L00000hwwXJQAY,PI CSM
01MPx00000OHJtHMAX,001Px00000VvbbWIAR,Law.com CSM
01MPx00000OHJyAMAX,0014L00000mAUzxQAG,E&I CSM
01MPx00000OHKUNMA5,0016g00001ANlc1AAD,PI CSM
01MPx00000OHKisMAH,0016g00001AOEDgAAP,E&I CSM
01MPx00000OHKitMAH,0016g00001AOEQLAA5,PI CSM
01MPx00000OHKiwMAH,001Px00000VvQqTIAV,Law.com CSM
01MPx00000OHKj0MAH,0016g00001AOEbBAAX,PI CSM
01MPx00000OHKj1MAH,001Px00000VvVJ4IAN,Law.com CSM
01MPx00000OHKj2MAH,001Tm00000MEOv2IAH,Law.com CSM
01MPx00000OHKj4MAH,0016g00001AOEF2AAP,E&I CSM
01MPx00000OHKj5MAH,0014L00000Az7V4QAJ,E&I CSM
01MPx00000OHKj6MAH,0016g00001ANzr7AAD,PI CSM
01MPx00000OHKj7MAH,0016g00001AOER3AAP,PI CSM
01MPx00000OHKj8MAH,001Px00000VvjyFIAR,E&I CSM
01MPx00000OHKj9MAH,0016g00001AOEZ5AAP,E&I CSM
01MPx00000OHKjAMAX,0016g00001AOEUzAAP,E&I CSM
01MPx00000OHKjBMAX,001Px00000Vvd9WIAR,Law.com CSM
01MPx00000OHKjDMAX,0016g00001AOEiWAAX,PI CSM
01MPx00000OHKjEMAX,0016g00001AOEM5AAP,PI CSM
01MPx00000OHKjFMAX,0016g00001AOET0AAP,E&I CSM
01MPx00000OHKjGMAX,0016g00001AOEEeAAP,PI CSM
01MPx00000OHKjJMAX,0014L00000OFMpCQAX,E&I CSM
01MPx00000OHKjKMAX,0016g00001AOEdZAAX,E&I CSM
01MPx00000OHKjOMAX,001Px00000Vvs5nIAB,Law.com CSM
01MPx00000OHKjQMAX,001Px00000VvicLIAR,Law.com CSM
01MPx00000OHKjRMAX,001Px00000VvVIbIAN,Law.com CSM
01MPx00000OHKjTMAX,0016g00001AOEmQAAX,E&I CSM
01MPx00000OHKjUMAX,001Px00000VvHLeIAN,PI CSM
01MPx00000OHKjVMAX,0016g00001AOElvAAH,PI CSM
01MPx00000OHKjWMAX,0016g00001AOEZoAAP,PI CSM
01MPx00000OHKjXMAX,0016g00001AODqRAAX,E&I CSM
01MPx00000OHKjYMAX,0014L00000OF9FxQAL,PI CSM
01MPx00000OHKjZMAX,0016g00001AOEimAAH,PI CSM
01MPx00000OHKjaMAH,0016g00001AOEk2AAH,PI CSM
01MPx00000OHKjbMAH,0016g00001AOEXNAA5,PI CSM
01MPx00000OHKjdMAH,0016g00001AOEOHAA5,PI CSM
01MPx00000OHKjeMAH,0014L00000OFlPnQAL,E&I CSM
01MPx00000OHKjfMAH,0016g00001AOEMWAA5,E&I CSM
01MPx00000OHKjiMAH,0014L00000f4Mh3QAE,E&I CSM
01MPx00000OHKjkMAH,0016g00001AOEatAAH,E&I CSM
01MPx00000OHKjlMAH,0016g00001AOEYLAA5,PI CSM
01MPx00000OHKjoMAH,001Tm000003qrjGIAQ,E&I CSM
01MPx00000OHKjpMAH,0016g00001AODRdAAP,PI CSM
01MPx00000OHKjqMAH,001Px00000Vvbw9IAB,E&I CSM
01MPx00000OHKjtMAH,0016g00001AOEaiAAH,E&I CSM
01MPx00000OHKjuMAH,001Px00000VviUWIAZ,Law.com CSM
01MPx00000OHKjvMAH,0016g00001AOEa9AAH,E&I CSM
01MPx00000OHKjwMAH,0016g00001AOSybAAH,E&I CSM
01MPx00000OHKjzMAH,001Px00000Xs1hNIAR,Law.com CSM
01MPx00000OHKk0MAH,0016g00001AOECCAA5,E&I CSM
01MPx00000OHKk1MAH,001Px00000Xs1hHIAR,Law.com CSM
01MPx00000OHKk2MAH,0016g00001AOEnjAAH,E&I CSM
01MPx00000OHKk3MAH,0016g00001AOEQmAAP,PI CSM
01MPx00000OHKk5MAH,001Tm00000MtVYrIAN,Law.com CSM
01MPx00000OHKk6MAH,001Px00000Vvh2hIAB,Law.com CSM
01MPx00000OHKk7MAH,001Px00000VvvWlIAJ,Law.com CSM
01MPx00000OHKk8MAH,0016g00001AOE9wAAH,E&I CSM
01MPx00000OHKkBMAX,0016g00001AOEKWAA5,PI CSM
01MPx00000OHKkEMAX,0016g00001AOEg4AAH,PI CSM
01MPx00000OHKkFMAX,0014L00000bEgk7QAC,PI CSM
01MPx00000OHKkGMAX,0014L00000XPnSYQA1,PI CSM
01MPx00000OHKkHMAX,0016g00001AOEXQAA5,PI CSM
01MPx00000OHKkJMAX,0016g00001AOEGyAAP,E&I CSM
01MPx00000OHKkKMAX,0016g00001AOEe0AAH,PI CSM
01MPx00000OHKkLMAX,0016g00001AOaSIAA1,E&I CSM
01MPx00000OHKkNMAX,0016g00001AOErfAAH,E&I CSM
01MPx00000OHKkOMAX,0014L00000klYIQQA2,E&I CSM
01MPx00000OHKkPMAX,0016g00001AOEsJAAX,E&I CSM
01MPx00000OHKkQMAX,0016g00001AOEe9AAH,E&I CSM
01MPx00000OHKkRMAX,0016g00001AOEdUAAX,PI CSM
01MPx00000OHLINMA5,001Px00000VvbcrIAB,Law.com CSM
01MPx00000OHLIPMA5,0014L00000it0txQAA,PI CSM
01MPx00000OHLIRMA5,0016g00001AO5L2AAL,E&I CSM
01MPx00000OHLITMA5,001Px00000XsVhqIAF,Law.com CSM
01MPx00000OHLIUMA5,0014L00000TxFU8QAN,E&I CSM
01MPx00000OHLIVMA5,0016g00001AOVwtAAH,PI CSM
01MPx00000OHLIWMA5,0016g00001AOVMWAA5,E&I CSM
01MPx00000OHLIXMA5,0016g00001AOVLsAAP,PI CSM
01MPx00000OHLIZMA5,0016g00001AOWYFAA5,E&I CSM
01MPx00000OHLIaMAP,0016g00001AOWHMAA5,PI CSM
01MPx00000OHLIbMAP,001Px00000XsVhBIAV,Law.com CSM
01MPx00000OHLIdMAP,001Px00000VvaQcIAJ,Law.com CSM
01MPx00000OHLIeMAP,0016g00001AOVytAAH,PI CSM
01MPx00000OHLIfMAP,0016g00001AOWYrAAP,PI CSM
01MPx00000OHLIgMAP,0016g00001AOWCXAA5,PI CSM
01MPx00000OHLIhMAP,001Tm000009QEodIAG,E&I CSM
01MPx00000OHLIjMAP,0016g00001AOVWuAAP,E&I CSM
01MPx00000OHLIkMAP,0016g00001AOVihAAH,E&I CSM
01MPx00000OHLImMAP,0014L00000Djhr1QAB,PI CSM
01MPx00000OHLInMAP,0016g00001AOXIxAAP,E&I CSM
01MPx00000OHLIoMAP,0014L00000glH2QQAU,E&I CSM
01MPx00000OHLIpMAP,001Px00000VvsBlIAJ,Law.com CSM
01MPx00000OHLIqMAP,0016g00001AOWJLAA5,PI CSM
01MPx00000OHLIsMAP,0016g00001AOW3dAAH,PI CSM
01MPx00000OHLItMAP,0016g00001AOW6nAAH,E&I CSM
01MPx00000OHLIuMAP,001Tm00000CzA1xIAF,E&I CSM
01MPx00000OHLIvMAP,0016g00001AOW28AAH,PI CSM
01MPx00000OHLIxMAP,0014L00000k4oUJQAY,PI CSM
01MPx00000OHLIyMAP,001Px00000VvoSrIAJ,Law.com CSM
01MPx00000OHLIzMAP,001Tm00000ME7ZrIAL,Law.com CSM
01MPx00000OHLJ0MAP,0016g00001AOVT3AAP,E&I CSM
01MPx00000OHLJ1MAP,0016g00001AOWPDAA5,PI CSM
01MPx00000OHLJ2MAP,001Px00000VvcYuIAJ,Law.com CSM
01MPx00000OHLJ4MAP,0016g00001AOVVgAAP,E&I CSM
01MPx00000OHLJ8MAP,0016g00001AOc9AAAT,PI CSM
01MPx00000OHLJ9MAP,001Px00000Vvi5zIAB,Law.com CSM
01MPx00000OHLJAMA5,0016g00001AOOcQAAX,PI CSM
01MPx00000OHLJBMA5,0016g00001AOfILAA1,E&I CSM
01MPx00000OHLJCMA5,001Px00000VvTiMIAV,Law.com CSM
01MPx00000OHLJEMA5,001Px00000VvmBEIAZ,Law.com CSM
01MPx00000OHLJFMA5,001Px00000VvifdIAB,Law.com CSM
01MPx00000OHLJGMA5,0016g00001AOVnuAAH,PI CSM
01MPx00000OHLJHMA5,0016g00001AOWMXAA5,PI CSM
01MPx00000OHLJIMA5,0016g00001AOWPkAAP,PI CSM
01MPx00000OHLJJMA5,0016g00001AOVuRAAX,E&I CSM
01MPx00000OHLJLMA5,0014L00000bEZtIQAW,PI CSM
01MPx00000OHLJMMA5,0016g00001AOYb0AAH,PI CSM
01MPx00000OHLJNMA5,001Px00000XsVhmIAF,Law.com CSM
01MPx00000OHLJOMA5,0016g00001AOWGtAAP,PI CSM
01MPx00000OHLJPMA5,0016g00001AOWFUAA5,E&I CSM
01MPx00000OHLJRMA5,001Px00000XsVhUIAV,Law.com CSM
01MPx00000OHLJTMA5,0016g00001AOVN0AAP,PI CSM
01MPx00000OHLJUMA5,0016g00001ANnWpAAL,PI CSM
01MPx00000OHLJVMA5,0016g00001AOW0MAAX,E&I CSM
01MPx00000OHLJWMA5,0016g00001AOWWnAAP,PI CSM
01MPx00000OHLJYMA5,0016g00001WnLyWAAV,PI CSM
01MPx00000OHLJZMA5,001Px00000VvdUmIAJ,Law.com CSM
01MPx00000OHLJdMAP,0016g00001AOWWcAAP,PI CSM
01MPx00000OHLJeMAP,0016g00001AOVfDAAX,PI CSM
01MPx00000OHLJfMAP,0014L00000npJCoQAM,E&I CSM
01MPx00000OHLJgMAP,0016g00001AOVWRAA5,PI CSM
01MPx00000OHLJiMAP,001Px00000VvkWXIAZ,PI CSM
01MPx00000OHLJjMAP,001Px00000VvQrFIAV,Law.com CSM
01MPx00000OHLJkMAP,001Px00000VveymIAB,Law.com CSM
01MPx00000OHLJlMAP,0016g00001AOVYlAAP,E&I CSM
01MPx00000OHLJmMAP,0014L00000giQEUQA2,PI CSM
01MPx00000OHLJnMAP,0016g00001AOVyBAAX,PI CSM
01MPx00000OHLJqMAP,001Px00000VvfsMIAR,Law.com CSM
01MPx00000OHLJsMAP,0016g00001AOWAwAAP,PI CSM
01MPx00000OHLJtMAP,001Tm000004qjjYIAQ,E&I CSM
01MPx00000OHLJuMAP,001Px00000VvwD1IAJ,PI CSM
01MPx00000OHLJvMAP,0016g00001AOVRHAA5,E&I CSM
01MPx00000OHLOsMAP,001Px00000XsUeFIAV,Law.com CSM
01MPx00000OHLQNMA5,001Px00000VvhlrIAB,Law.com CSM
01MPx00000OHLQOMA5,0016g00001ANm8eAAD,E&I CSM
01MPx00000OHLTiMAP,0016g00001ANrP4AAL,E&I CSM
01MPx00000OHLTjMAP,001Px00000VvQo1IAF,Law.com CSM
01MPx00000OHLTkMAP,0016g00001ANrNCAA1,E&I CSM
01MPx00000OHLTnMAP,001Px00000XsUfcIAF,Law.com CSM
01MPx00000OHLToMAP,0016g00001ANrkxAAD,E&I CSM
01MPx00000OHLTpMAP,001Px00000Vvd3aIAB,Law.com CSM
01MPx00000OHLTqMAP,0016g00001ANu1qAAD,E&I CSM
01MPx00000OHLTrMAP,0016g00001ANrOyAAL,E&I CSM
01MPx00000OHLTsMAP,0016g00001ANrl4AAD,E&I CSM
01MPx00000OHLTtMAP,0016g00001ANrXfAAL,PI CSM
01MPx00000OHLTuMAP,001Px00000VwJUXIA3,Law.com CSM
01MPx00000OHLTwMAP,001Px00000VvOmRIAV,Law.com CSM
01MPx00000OHLTxMAP,0016g00001ANrefAAD,E&I CSM
01MPx00000OHLTyMAP,0016g00001ANrC0AAL,PI CSM
01MPx00000OHLTzMAP,0016g00001ANrIUAA1,PI CSM
01MPx00000OHLU0MAP,0016g00001ANrXkAAL,PI CSM
01MPx00000OHLU1MAP,0016g00001ANr4aAAD,PI CSM
01MPx00000OHLU2MAP,0016g00001ANriNAAT,PI CSM
01MPx00000OHLU3MAP,0014L00000TNlVFQA1,E&I CSM
01MPx00000OHLU6MAP,001Px00000Vvi6QIAR,Law.com CSM
01MPx00000OHLU7MAP,001Px00000VvQoFIAV,Law.com CSM
01MPx00000OHLU8MAP,0016g00001ANrOWAA1,PI CSM
01MPx00000OHLUAMA5,001Px00000VvpvDIAR,Law.com CSM
01MPx00000OHLUBMA5,0016g00001ANrdWAAT,PI CSM
01MPx00000OHLUCMA5,0014L00000k4qAzQAI,PI CSM
01MPx00000OHLUDMA5,0016g00001ANre8AAD,PI CSM
01MPx00000OHLUEMA5,0016g00001ANrEfAAL,E&I CSM
01MPx00000OHLUFMA5,001Px00000VvuM0IAJ,Law.com CSM
01MPx00000OHLUGMA5,0016g00001ANr89AAD,PI CSM
01MPx00000OHLUHMA5,0016g00001ANrS2AAL,E&I CSM
01MPx00000OHLUIMA5,0016g00001ANrCeAAL,E&I CSM
01MPx00000OHLUKMA5,0016g00001ANrE3AAL,E&I CSM
01MPx00000OHLULMA5,0016g00001ANrXdAAL,PI CSM
01MPx00000OHLUNMA5,0016g00001ANrA7AAL,E&I CSM
01MPx00000OHLUQMA5,001Px00000VvicUIAR,Law.com CSM
01MPx00000OHLUSMA5,0016g00001ANr2aAAD,PI CSM
01MPx00000OHLUTMA5,0016g00001ANr4RAAT,PI CSM
01MPx00000OHLUUMA5,0016g00001AOVCuAAP,E&I CSM
01MPx00000OHLUVMA5,001Tm00000BOqrzIAD,PI CSM
01MPx00000OHLUWMA5,0016g00001ANrbEAAT,E&I CSM
01MPx00000OHLUXMA5,0016g00001ANscxAAD,PI CSM
01MPx00000OHLUYMA5,001Tm00000MEDUOIA5,Law.com CSM
01MPx00000OHLUZMA5,0016g00001ANrJMAA1,PI CSM
01MPx00000OHLUbMAP,0014L00000WFAw7QAH,PI CSM
01MPx00000OHLUcMAP,0016g00001ANr9DAAT,E&I CSM
01MPx00000OHLUdMAP,0016g00001ANr4OAAT,E&I CSM
01MPx00000OHLUfMAP,0014L00000nqQxfQAE,PI CSM
01MPx00000OHLUgMAP,0014L00000bEQ7LQAW,PI CSM
01MPx00000OHLUhMAP,001Px00000VwWPJIA3,Law.com CSM
01MPx00000OHLUjMAP,001Tm00000G9UvNIAV,PI CSM
01MPx00000OHLUkMAP,001Px00000VvQoHIAV,Law.com CSM
01MPx00000OHLUlMAP,001Tm000003fYooIAE,PI CSM
01MPx00000OHLUnMAP,001Px00000VvZ4yIAF,Law.com CSM
01MPx00000OHLUpMAP,0014L00000IK5S1QAL,E&I CSM
01MPx00000OHLUrMAP,001Tm00000GeKhyIAF,E&I CSM
01MPx00000OHLUsMAP,0016g00001ANrClAAL,E&I CSM
01MPx00000OHLUvMAP,001Px00000VvhzyIAB,Law.com CSM
01MPx00000OHLUwMAP,0016g00001ANrKWAA1,E&I CSM
01MPx00000OHLUxMAP,0016g00001ANreoAAD,PI CSM
01MPx00000OHLUyMAP,0014L00000pB1m0QAC,PI CSM
01MPx00000OHLUzMAP,0014L00000dluuiQAA,PI CSM
01MPx00000OHLV0MAP,001Px00000VvMGsIAN,PI CSM
01MPx00000OHLV2MAP,0016g00001ANrT8AAL,E&I CSM
01MPx00000OHLV3MAP,001Px00000VvXyEIAV,PI CSM
01MPx00000OHLV4MAP,001Px00000XsUfaIAF,Law.com CSM
01MPx00000OHLV5MAP,0016g00001ANr2GAAT,PI CSM
01MPx00000OHLV6MAP,0016g00001ANrC4AAL,E&I CSM
01MPx00000OHLV7MAP,0016g00001ANrN0AAL,PI CSM
01MPx00000OHLV8MAP,001Px00000Vvs5pIAB,PI CSM
01MPx00000OHLVAMA5,0016g00001ANqlpAAD,PI CSM
01MPx00000OHLVCMA5,0016g00001ANrNZAA1,PI CSM
01MPx00000OHLVDMA5,0016g00001ANrcNAAT,PI CSM
01MPx00000OHLaAMAX,001Tm00000MEVH1IAP,Law.com CSM
01MPx00000OHLaBMAX,0016g00001AOP87AAH,PI CSM
01MPx00000OHLaCMAX,0016g00001AOONWAA5,PI CSM
01MPx00000OHLaDMAX,0016g00001AOOz3AAH,PI CSM
01MPx00000OHLaEMAX,0016g00001AOP3qAAH,E&I CSM
01MPx00000OHLaFMAX,0016g00001AOOnUAAX,PI CSM
01MPx00000OHLaHMAX,001Tm00000MEG9JIAX,Law.com CSM
01MPx00000OHLaIMAX,0016g00001AOONoAAP,PI CSM
01MPx00000OHLaJMAX,001Tm00000MEG9GIAX,Law.com CSM
01MPx00000OHLaKMAX,0016g00001AOOrUAAX,PI CSM
01MPx00000OHLaLMAX,0016g00001AOOCQAA5,E&I CSM
01MPx00000OHLaMMAX,001Tm000003mBsIIAU,PI CSM
01MPx00000OHLaNMAX,0016g00001AOOMgAAP,PI CSM
01MPx00000OHLaOMAX,001Tm00000J2vYjIAJ,PI CSM
01MPx00000OHLaQMAX,0016g00001AOOfSAAX,PI CSM
01MPx00000OHLaRMAX,001Px00000Vvcr9IAB,Law.com CSM
01MPx00000OHLaSMAX,0016g00001AOOpvAAH,PI CSM
01MPx00000OHLaUMAX,0016g00001AOOIpAAP,PI CSM
01MPx00000OHLaWMAX,0016g00001AOOwuAAH,PI CSM
01MPx00000OHLaYMAX,001Tm00000C34Y3IAJ,PI CSM
01MPx00000OHLaZMAX,001Px00000VvwD6IAJ,Law.com CSM
01MPx00000OHLaaMAH,0016g00001AOOCOAA5,E&I CSM
01MPx00000OHLabMAH,001Px00000VvXy7IAF,PI CSM
01MPx00000OHLadMAH,0016g00001AOOfgAAH,PI CSM
01MPx00000OHLafMAH,0014L00000k4pdeQAA,PI CSM
01MPx00000OHLahMAH,001Px00000Xsg1UIAR,Law.com CSM
01MPx00000OHLajMAH,0016g00001AOOWHAA5,E&I CSM
01MPx00000OHLalMAH,0016g00001AOPCnAAP,PI CSM
01MPx00000OHLamMAH,0016g00001AOOUPAA5,PI CSM
01MPx00000OHLanMAH,0016g00001AOQwNAAX,PI CSM
01MPx00000OHLaoMAH,0016g00001AOPDmAAP,PI CSM
01MPx00000OHLaqMAH,0016g00001AOOGoAAP,PI CSM
01MPx00000OHLarMAH,0016g00001AOObzAAH,PI CSM
01MPx00000OHLasMAH,0016g00001AOPCzAAP,PI CSM
01MPx00000OHLauMAH,0016g00001AOOM4AAP,PI CSM
01MPx00000OHLavMAH,0016g00001AOOEsAAP,PI CSM
01MPx00000OHLawMAH,001Px00000VvalbIAB,Law.com CSM
01MPx00000OHLaxMAH,0014L00000FFWKsQAP,E&I CSM
01MPx00000OHLayMAH,001Px00000Xsg1RIAR,Law.com CSM
01MPx00000OHLazMAH,0016g00001AOOPjAAP,E&I CSM
01MPx00000OHLb2MAH,0016g00001AOOdDAAX,E&I CSM
01MPx00000OHLb3MAH,0016g00001AOOjQAAX,PI CSM
01MPx00000OHLb5MAH,0016g00001AOP9EAAX,PI CSM
01MPx00000OHLb6MAH,001Px00000VvXqbIAF,PI CSM
01MPx00000OHLb7MAH,0014L00000nrr10QAA,PI CSM
01MPx00000OHLb8MAH,0016g00001AO20nAAD,PI CSM
01MPx00000OHLb9MAH,0016g00001AOOC9AAP,E&I CSM
01MPx00000OHLbBMAX,0016g00001AOOMRAA5,PI CSM
01MPx00000OHLbCMAX,0016g00001AOOzrAAH,E&I CSM
01MPx00000OHLbEMAX,0016g00001AOORXAA5,E&I CSM
01MPx00000OHLbFMAX,0014L00000k4DukQAE,PI CSM
01MPx00000OHLbGMAX,0016g00001AOP03AAH,E&I CSM
01MPx00000OHLbHMAX,0016g00001AOOkUAAX,PI CSM
01MPx00000OHLbIMAX,0016g00001AOP4GAAX,PI CSM
01MPx00000OHLbJMAX,0016g00001AOOaqAAH,E&I CSM
01MPx00000OHLbKMAX,001Px00000VwOtDIAV,Law.com CSM
01MPx00000OHLbMMAX,0016g00001AOOZVAA5,E&I CSM
01MPx00000OHLbNMAX,0016g00001AOOrpAAH,PI CSM
01MPx00000OHLbOMAX,0016g00001AOPBLAA5,E&I CSM
01MPx00000OHLbQMAX,001Px00000VvY8tIAF,Law.com CSM
01MPx00000OHLbRMAX,001Px00000Vwgt5IAB,Law.com CSM
01MPx00000OHLbTMAX,001Tm00000JR749IAD,PI CSM
01MPx00000OHLbUMAX,0016g00001ANrsJAAT,PI CSM
01MPx00000OHLbVMAX,0016g00001AOOdSAAX,PI CSM
01MPx00000OHLbXMAX,001Px00000VvPVFIA3,Law.com CSM
01MPx00000OHLbYMAX,0016g00001AORhSAAX,PI CSM
01MPx00000OHLbaMAH,0016g00001AOOKUAA5,PI CSM
01MPx00000OHLbbMAH,0014L00000hwztpQAA,PI CSM
01MPx00000OHLbdMAH,001Px00000Xsg1SIAR,Law.com CSM
01MPx00000OHLbeMAH,0016g00001AOOC2AAP,PI CSM
01MPx00000OHLbgMAH,0016g00001AOOiiAAH,PI CSM
01MPx00000OHLrrMAH,001Px00000VvqG9IAJ,Law.com CSM
01MPx00000OHLrtMAH,0016g00001AODJCAA5,PI CSM
01MPx00000OHLruMAH,0016g00001AODJrAAP,E&I CSM
01MPx00000OHLrvMAH,0016g00001AOE8ZAAX,E&I CSM
01MPx00000OHLrwMAH,0016g00001AODVJAA5,E&I CSM
01MPx00000OHLrxMAH,0016g00001AODnqAAH,PI CSM
01MPx00000OHLryMAH,001Px00000Xsi5kIAB,Law.com CSM
01MPx00000OHLrzMAH,0016g00001AODCPAA5,E&I CSM
01MPx00000OHLs0MAH,0016g00001AODy3AAH,E&I CSM
01MPx00000OHLs1MAH,0016g00001AODq9AAH,PI CSM
01MPx00000OHLs2MAH,0016g00001AODrPAAX,PI CSM
01MPx00000OHLs3MAH,0016g00001AOE8pAAH,PI CSM
01MPx00000OHLs5MAH,0016g00001AOE0KAAX,E&I CSM
01MPx00000OHLs6MAH,001Px00000VyEkoIAF,Law.com CSM
01MPx00000OHLs7MAH,001Px00000VvZMvIAN,Law.com CSM
01MPx00000OHLs8MAH,001Px00000VvIMJIA3,Law.com CSM
01MPx00000OHLs9MAH,0016g00001AODzoAAH,E&I CSM
01MPx00000OHLsBMAX,001Px00000VvsfaIAB,Law.com CSM
01MPx00000OHLsCMAX,0016g00001AODSiAAP,PI CSM
01MPx00000OHLsEMAX,0014L00000WFAdeQAH,PI CSM
01MPx00000OHLsFMAX,0014L00000WEDyoQAH,PI CSM
01MPx00000OHLsGMAX,0016g00001AODCgAAP,E&I CSM
01MPx00000OHLsHMAX,0016g00001AODCmAAP,PI CSM
01MPx00000OHLsKMAX,0016g00001AODEvAAP,PI CSM
01MPx00000OHLsLMAX,001Px00000Vvp6rIAB,Law.com CSM
01MPx00000OHLsMMAX,0016g00001AODdnAAH,PI CSM
01MPx00000OHLsNMAX,0016g00001AODffAAH,PI CSM
01MPx00000OHLsOMAX,001Px00000VvwAHIAZ,Law.com CSM
01MPx00000OHLsPMAX,0016g00001AODrmAAH,E&I CSM
01MPx00000OHLsQMAX,0016g00001AODRAAA5,PI CSM
01MPx00000OHLsRMAX,001Tm00000ARDhpIAH,PI CSM
01MPx00000OHLsTMAX,001Px00000VvfrmIAB,Law.com CSM
01MPx00000OHLsWMAX,0014L00000Nag6EQAR,E&I CSM
01MPx00000OHLsXMAX,0016g00001AODViAAP,E&I CSM
01MPx00000OHLsZMAX,0014L00000K8h1AQAR,E&I CSM
01MPx00000OHLsbMAH,001Tm00000Fb8CVIAZ,PI CSM
01MPx00000OHLscMAH,0014L00000XPaZAQA1,PI CSM
01MPx00000OHLseMAH,0016g00001AODkeAAH,PI CSM
01MPx00000OHLsfMAH,0016g00001AOE3yAAH,PI CSM
01MPx00000OHLsgMAH,001Tm00000MESQfIAP,Law.com CSM
01MPx00000OHLshMAH,0016g00001AODQcAAP,E&I CSM
01MPx00000OHLsiMAH,0014L00000XObgDQAT,E&I CSM
01MPx00000OHLsjMAH,0016g00001AODaeAAH,E&I CSM
01MPx00000OHLsmMAH,0016g00001AODFCAA5,PI CSM
01MPx00000OHLsqMAH,0016g00001AODaqAAH,E&I CSM
01MPx00000OHLsrMAH,0016g00001AODjwAAH,E&I CSM
01MPx00000OHLstMAH,001Px00000VvavmIAB,Law.com CSM
01MPx00000OHLsuMAH,0016g00001AOEvGAAX,E&I CSM
01MPx00000OHLsvMAH,0016g00001AODiNAAX,E&I CSM
01MPx00000OHLswMAH,0016g00001AODlRAAX,E&I CSM
01MPx00000OHLsxMAH,0016g00001AODzTAAX,E&I CSM
01MPx00000OHLsyMAH,0014L00000IJLAFQA5,PI CSM
01MPx00000OHLszMAH,0016g00001AONvtAAH,E&I CSM
01MPx00000OHLt0MAH,0014L00000j3nB3QAI,E&I CSM
01MPx00000OHLt3MAH,001Px00000Vwe5OIAR,Law.com CSM
01MPx00000OHLt4MAH,001Tm00000FUcgmIAD,E&I CSM
01MPx00000OHLt6MAH,0016g00001AODXHAA5,PI CSM
01MPx00000OHLt7MAH,0016g00001AODQpAAP,PI CSM
01MPx00000OHLt8MAH,001Px00000Xs1hAIAR,Law.com CSM
01MPx00000OHLt9MAH,001Tm00000CpvrmIAB,PI CSM
01MPx00000OHLtAMAX,0016g00001AODqvAAH,E&I CSM
01MPx00000OHLtBMAX,0014L00000TOZw5QAH,PI CSM
01MPx00000OHLtCMAX,0016g00001AODXJAA5,E&I CSM
01MPx00000OHLtDMAX,001Px00000VvfPWIAZ,PI CSM
01MPx00000OHLtFMAX,001Px00000VvVeyIAF,Law.com CSM
01MPx00000OHLtHMAX,0016g00001AODN5AAP,PI CSM
01MPx00000OHLtIMAX,0016g00001AODvdAAH,PI CSM
01MPx00000OHLtKMAX,001Tm000004hHgpIAE,PI CSM
01MPx00000OHLtLMAX,001Tm00000GdpCkIAJ,PI CSM
01MPx00000OHLtMMAX,0016g00001AODSPAA5,PI CSM
01MPx00000OHLtNMAX,0016g00001AODp2AAH,PI CSM
01MPx00000OHMHgMAP,0016g00001ANropAAD,E&I CSM
01MPx00000OHMHiMAP,0016g00001ANrt0AAD,E&I CSM
01MPx00000OHMHjMAP,0016g00001ANsgBAAT,E&I CSM
01MPx00000OHMHkMAP,001Px00000VvmHiIAJ,PI CSM
01MPx00000OHMHoMAP,0016g00001ANrtkAAD,E&I CSM
01MPx00000OHMHpMAP,001Px00000XsUppIAF,Law.com CSM
01MPx00000OHMHqMAP,0016g00001ANsSHAA1,PI CSM
01MPx00000OHMHrMAP,001Px00000Vvi65IAB,Law.com CSM
01MPx00000OHMHsMAP,001Px00000VvhzZIAR,Law.com CSM
01MPx00000OHMHtMAP,001Px00000VvcSQIAZ,Law.com CSM
01MPx00000OHMHvMAP,001Px00000XsUpjIAF,Law.com CSM
01MPx00000OHMHxMAP,0016g00001ANsMIAA1,PI CSM
01MPx00000OHMHyMAP,0016g00001AOYZGAA5,PI CSM
01MPx00000OHMHzMAP,0016g00001ANsaLAAT,E&I CSM
01MPx00000OHMI0MAP,0016g00001ANsloAAD,PI CSM
01MPx00000OHMI1MAP,0016g00001ANs5UAAT,PI CSM
01MPx00000OHMI3MAP,0016g00001ANsSwAAL,PI CSM
01MPx00000OHMI5MAP,0016g00001ANsbnAAD,PI CSM
01MPx00000OHMI6MAP,001Tm00000BJ5KEIA1,E&I CSM
01MPx00000OHMI8MAP,0014L00000k4o61QAA,PI CSM
01MPx00000OHMI9MAP,0016g00001ANsp1AAD,PI CSM
01MPx00000OHMIAMA5,001Tm00000M2gbGIAR,PI CSM
01MPx00000OHMIBMA5,001Px00000VvWxXIAV,Law.com CSM
01MPx00000OHMIFMA5,001Px00000VvVdmIAF,PI CSM
01MPx00000OHMIGMA5,001Px00000ZAsnpIAD,Law.com CSM
01MPx00000OHMIHMA5,0016g00001ANshTAAT,PI CSM
01MPx00000OHMIIMA5,0016g00001ANscaAAD,E&I CSM
01MPx00000OHMIJMA5,0016g00001ANsjsAAD,E&I CSM
01MPx00000OHMIKMA5,0016g00001ANsO8AAL,PI CSM
01MPx00000OHMILMA5,001Tm000009ADyBIAW,PI CSM
01MPx00000OHMIMMA5,0016g00001ANslbAAD,PI CSM
01MPx00000OHMINMA5,001Px00000VvflCIAR,Law.com CSM
01MPx00000OHMIPMA5,0016g00001ANsPUAA1,PI CSM
01MPx00000OHMIQMA5,0016g00001ANsn0AAD,E&I CSM
01MPx00000OHMIRMA5,001Tm0000094sflIAA,PI CSM
01MPx00000OHMISMA5,0016g00001ANsiCAAT,PI CSM
01MPx00000OHMITMA5,0016g00001ANsjSAAT,PI CSM
01MPx00000OHMIUMA5,0016g00001AO2wjAAD,PI CSM
01MPx00000OHMIWMA5,0016g00001ANsAxAAL,PI CSM
01MPx00000OHMIXMA5,0016g00001ANsV0AAL,PI CSM
01MPx00000OHMIYMA5,0016g00001ANsPQAA1,E&I CSM
01MPx00000OHMIZMA5,0016g00001ANqcYAAT,E&I CSM
01MPx00000OHMIaMAP,001Px00000VvhXIIAZ,Law.com CSM
01MPx00000OHMIcMAP,0016g00001ANsZdAAL,PI CSM
01MPx00000OHMIdMAP,0016g00001ANsnDAAT,PI CSM
01MPx00000OHMIeMAP,0016g00001ANs4sAAD,PI CSM
01MPx00000OHMIiMAP,0016g00001ANsCTAA1,PI CSM
01MPx00000OHMIkMAP,001Px00000XsUpiIAF,Law.com CSM
01MPx00000OHMImMAP,0016g00001ANrutAAD,PI CSM
01MPx00000OHMIoMAP,001Px00000XsUplIAF,PI CSM
01MPx00000OHMIpMAP,0016g00001ANsUrAAL,E&I CSM
01MPx00000OHMIsMAP,0016g00001ANshYAAT,PI CSM
01MPx00000OHMItMAP,001Tm000003VYjeIAG,PI CSM
01MPx00000OHMIuMAP,0016g00001ANsVMAA1,PI CSM
01MPx00000OHMIvMAP,0016g00001ANs3QAAT,E&I CSM
01MPx00000OHMIwMAP,0016g00001ANsjEAAT,PI CSM
01MPx00000OHMJ0MAP,001Px00000cAI9VIAW,Law.com CSM
01MPx00000OHMJ2MAP,0016g00001ANsa8AAD,PI CSM
01MPx00000OHMJ3MAP,001Px00000VveHMIAZ,Law.com CSM
01MPx00000OHMJ5MAP,0016g00001ANsOuAAL,PI CSM
01MPx00000OHMJ6MAP,001Tm000003DHZBIA4,E&I CSM
01MPx00000OHMJ7MAP,0014L00000lPf1WQAS,PI CSM
01MPx00000OHMJ8MAP,0016g00001ANsneAAD,PI CSM
01MPx00000OHMJ9MAP,001Px00000VvxJHIAZ,Law.com CSM
01MPx00000OHMJCMA5,0016g00001chGKLAA2,E&I CSM
01MPx00000OHMJDMA5,001Px00000XsUpwIAF,Law.com CSM
01MPx00000OHMj1MAH,0016g00001AONseAAH,Law.com CSM
01MPx00000OHMj2MAH,0016g00001AONpdAAH,PI CSM
01MPx00000OHNQjMAP,0016g00001AO8mWAAT,PI CSM
01MPx00000OHNQkMAP,001Tm000003lrtcIAA,PI CSM
01MPx00000OHNQmMAP,0016g00001AO9NQAA1,E&I CSM
01MPx00000OHNQnMAP,0016g00001AO8usAAD,E&I CSM
01MPx00000OHNQoMAP,0016g00001AO96OAAT,PI CSM
01MPx00000OHNQrMAP,0014L00000k4oh0QAA,PI CSM
01MPx00000OHNQsMAP,0016g00001AO9QaAAL,E&I CSM
01MPx00000OHNQtMAP,001Px00000Vvl16IAB,Law.com CSM
01MPx00000OHNQvMAP,0016g00001AO9AoAAL,E&I CSM
01MPx00000OHNQxMAP,0016g00001AO9ENAA1,E&I CSM
01MPx00000OHNQyMAP,001Px00000VvXL3IAN,Law.com CSM
01MPx00000OHNQzMAP,0016g00001AO93bAAD,Law.com CSM
01MPx00000OHNR0MAP,001Tm0000056GnCIAU,E&I CSM
01MPx00000OHNR3MAP,001Tm00000NNA37IAH,PI CSM
01MPx00000OHNR4MAP,001Px00000VvpRjIAJ,E&I CSM
01MPx00000OHNR5MAP,0016g00001AO8pxAAD,PI CSM
01MPx00000OHNR8MAP,0016g00001AO9FgAAL,PI CSM
01MPx00000OHNR9MAP,0016g00001AO98zAAD,Law.com CSM
01MPx00000OHNRAMA5,0016g00001AO8qsAAD,PI CSM
01MPx00000OHNRCMA5,0016g00001AO8wLAAT,PI CSM
01MPx00000OHNRFMA5,001Px00000Vvb7iIAB,Law.com CSM
01MPx00000OHNRHMA5,001Px00000VvOGTIA3,Law.com CSM
01MPx00000OHNRIMA5,001Px00000VvrpdIAB,Law.com CSM
01MPx00000OHNRJMA5,001Px00000Vvb7xIAB,Law.com CSM
01MPx00000OHNROMA5,0016g00001AO9EUAA1,PI CSM
01MPx00000OHNRRMA5,0016g00001AODdsAAH,PI CSM
01MPx00000OHNRSMA5,001Px00000VvZ3WIAV,PI CSM
01MPx00000OHNRTMA5,0016g00001AO91qAAD,PI CSM
01MPx00000OHNRVMA5,001Px00000VveFbIAJ,Law.com CSM
01MPx00000OHNRZMA5,001Tm000006Up9lIAC,PI CSM
01MPx00000OHNRaMAP,0016g00001AO8qgAAD,E&I CSM
01MPx00000OHNRdMAP,0016g00001AO8gkAAD,E&I CSM
01MPx00000OHNReMAP,001Tm00000JX8f2IAD,E&I CSM
01MPx00000OHNRfMAP,0016g00001AO8kPAAT,PI CSM
01MPx00000OHNRkMAP,001Tm00000METn6IAH,Law.com CSM
01MPx00000OHNRmMAP,0016g00001AO93jAAD,PI CSM
01MPx00000OHNRnMAP,0016g00001AO8yTAAT,PI CSM
01MPx00000OHNRoMAP,001Px00000VvVtgIAF,Law.com CSM
01MPx00000OHNRuMAP,0016g00001AO9JJAA1,PI CSM
01MPx00000OHNRyMAP,001Px00000XsgDMIAZ,Law.com CSM
01MPx00000OHNS0MAP,001Px00000VviUHIAZ,Law.com CSM
01MPx00000OHNS1MAP,001Px00000Vvx3NIAR,Law.com CSM
01MPx00000OHNS2MAP,001Px00000XsgDTIAZ,Law.com CSM
01MPx00000OHNS5MAP,0016g00001AO8oMAAT,E&I CSM
01MPx00000OHNS7MAP,0016g00001AO8qMAAT,E&I CSM
01MPx00000OHNS8MAP,001Px00000XsgDKIAZ,Law.com CSM
01MPx00000OHNSAMA5,0016g00001AO94iAAD,E&I CSM
01MPx00000OHO4yMAH,0016g00001ANlaiAAD,PI CSM
01MPx00000OHOBSMA5,0016g00001AO2zqAAD,PI CSM
01MPx00000OHOBTMA5,001Tm00000J9JyFIAV,E&I CSM
01MPx00000OHOBVMA5,001Px00000VvWxMIAV,Law.com CSM
01MPx00000OHOBWMA5,001Px00000VvcSHIAZ,Law.com CSM
01MPx00000OHOBYMA5,0016g00001AO1pmAAD,PI CSM
01MPx00000OHOBZMA5,0016g00001AO221AAD,PI CSM
01MPx00000OHOBaMAP,001Px00000VvO87IAF,Law.com CSM
01MPx00000OHOBcMAP,0016g00001AO2q9AAD,E&I CSM
01MPx00000OHOBdMAP,0016g00001AO2j7AAD,PI CSM
01MPx00000OHOBeMAP,001Tm000004qgIiIAI,PI CSM
01MPx00000OHOBfMAP,001Tm00000MeacoIAB,E&I CSM
01MPx00000OHOBiMAP,0016g00001AO30cAAD,PI CSM
01MPx00000OHOBjMAP,001Px00000VvjAiIAJ,Law.com CSM
01MPx00000OHOBmMAP,0016g00001AO2s7AAD,E&I CSM
01MPx00000OHOBnMAP,001Tm000009QRKWIA4,E&I CSM
01MPx00000OHOBpMAP,0014L00000k2m9KQAQ,PI CSM
01MPx00000OHOBqMAP,0016g00001AOXXqAAP,PI CSM
01MPx00000OHOBrMAP,001Tm000003DoRvIAK,PI CSM
01MPx00000OHOBsMAP,001Px00000VvgemIAB,Law.com CSM
01MPx00000OHOBtMAP,0016g00001AO2MAAA1,PI CSM
01MPx00000OHOBuMAP,001Tm00000MET8xIAH,Law.com CSM
01MPx00000OHOBxMAP,0016g00001AO3D7AAL,PI CSM
01MPx00000OHOByMAP,0016g00001AO3EGAA1,PI CSM
01MPx00000OHOBzMAP,001Px00000XscvuIAB,Law.com CSM
01MPx00000OHOC1MAP,0016g00001AO1ibAAD,PI CSM
01MPx00000OHOC2MAP,001Px00000VvdlXIAR,PI CSM
01MPx00000OHOC3MAP,001Tm00000BIA4GIAX,E&I CSM
01MPx00000OHOC4MAP,001Px00000Xscw5IAB,Law.com CSM
01MPx00000OHOC5MAP,0016g00001AO2T3AAL,PI CSM
01MPx00000OHOC6MAP,0016g00001AO2m1AAD,PI CSM
01MPx00000OHOC8MAP,0014L00000hycCWQAY,PI CSM
01MPx00000OHOCAMA5,0016g00001AO1kKAAT,E&I CSM
01MPx00000OHOCBMA5,0016g00001AO20DAAT,E&I CSM
01MPx00000OHOCCMA5,001Tm00000KNfIJIA1,PI CSM
01MPx00000OHOCGMA5,0016g00001AO1zrAAD,PI CSM
01MPx00000OHOCHMA5,0016g00001AO1ybAAD,E&I CSM
01MPx00000OHOCIMA5,0014L00000nqdCMQAY,PI CSM
01MPx00000OHOCJMA5,0016g00001AO1vaAAD,E&I CSM
01MPx00000OHOCLMA5,0016g00001AO2tKAAT,E&I CSM
01MPx00000OHOCOMA5,0016g00001AO2kKAAT,PI CSM
01MPx00000OHOCPMA5,0016g00001AO2UGAA1,PI CSM
01MPx00000OHOCQMA5,0016g00001AO1vQAAT,E&I CSM
01MPx00000OHOCSMA5,0016g00001AO1xFAAT,PI CSM
01MPx00000OHOCTMA5,0016g00001AO1jMAAT,E&I CSM
01MPx00000OHOCUMA5,0016g00001AO20dAAD,PI CSM
01MPx00000OHOCVMA5,0016g00001AO2PeAAL,PI CSM
01MPx00000OHOCWMA5,0016g00001AO2lKAAT,E&I CSM
01MPx00000OHOCYMA5,001Px00000VvrqCIAR,Law.com CSM
01MPx00000OHOCZMA5,0016g00001AO20OAAT,PI CSM
01MPx00000OHOCaMAP,0016g00001AO2Z7AAL,PI CSM
01MPx00000OHOCbMAP,0016g00001AO2JjAAL,E&I CSM
01MPx00000OHOCcMAP,001Px00000Xscw1IAB,Law.com CSM
01MPx00000OHOCdMAP,0016g00001AO2hPAAT,E&I CSM
01MPx00000OHOCeMAP,0016g00001AO24hAAD,PI CSM
01MPx00000OHOCgMAP,0016g00001AO20WAAT,PI CSM
01MPx00000OHOChMAP,001Tm000009GcSMIA0,PI CSM
01MPx00000OHOCiMAP,0014L00000GnyKMQAZ,E&I CSM
01MPx00000OHOCkMAP,0016g00001AO1luAAD,PI CSM
01MPx00000OHOClMAP,001Px00000VvpxUIAR,Law.com CSM
01MPx00000OHOCnMAP,0016g00001AO3ECAA1,PI CSM
01MPx00000OHOCoMAP,0016g00001ANqzWAAT,E&I CSM
01MPx00000OHOCpMAP,0016g00001AO2kDAAT,E&I CSM
01MPx00000OHOCqMAP,0016g00001AO2vsAAD,PI CSM
01MPx00000OHOCrMAP,001Tm00000DH80wIAD,PI CSM
01MPx00000OHOCsMAP,0016g00001AO2buAAD,E&I CSM
01MPx00000OHOCtMAP,0016g00001AO3CuAAL,PI CSM
01MPx00000OHOCuMAP,0016g00001AO22vAAD,PI CSM
01MPx00000OHOCvMAP,001Tm00000IFgXfIAL,PI CSM
01MPx00000OHOCwMAP,0016g00001AO1meAAD,PI CSM
01MPx00000OHOY2MAP,0014L00000hyx6RQAQ,E&I CSM
01MPx00000OHOoAMAX,0016g00001ANzzuAAD,PI CSM
01MPx00000OHOswMAH,0016g00001AO3uZAAT,PI CSM
01MPx00000OHOt1MAH,001Tm00000E4ildIAB,PI CSM
01MPx00000OHOt2MAH,0016g00001ANsFfAAL,PI CSM
01MPx00000OHOt3MAH,0016g00001AO3IoAAL,E&I CSM
01MPx00000OHOt4MAH,001Px00000VWEuBIAX,PI CSM
01MPx00000OHOt6MAH,0016g00001AO3n3AAD,E&I CSM
01MPx00000OHOt7MAH,0016g00001AO3aQAAT,E&I CSM
01MPx00000OHOt8MAH,0016g00001AO4ApAAL,PI CSM
01MPx00000OHOtAMAX,0016g00001AO3wqAAD,PI CSM
01MPx00000OHOtCMAX,0016g00001AO40lAAD,E&I CSM
01MPx00000OHOtEMAX,0016g00001AO3wbAAD,E&I CSM
01MPx00000OHOtFMAX,0014L00000VY9ffQAD,PI CSM
01MPx00000OHOtIMAX,001Tm00000IFnkRIAT,PI CSM
01MPx00000OHOtKMAX,0016g00001AO3IJAA1,E&I CSM
01MPx00000OHOtLMAX,0016g00001AO414AAD,E&I CSM
01MPx00000OHOtMMAX,0016g00001AO3UTAA1,E&I CSM
01MPx00000OHOtNMAX,0016g00001AO4BCAA1,PI CSM
01MPx00000OHOtQMAX,001Px00000VvbklIAB,Law.com CSM
01MPx00000OHOtRMAX,0016g00001AO3xTAAT,E&I CSM
01MPx00000OHOtSMAX,0016g00001AO48aAAD,PI CSM
01MPx00000OHOtUMAX,001Px00000VvjAaIAJ,Law.com CSM
01MPx00000OHOtVMAX,0016g00001AO3iJAAT,PI CSM
01MPx00000OHOtWMAX,0016g00001AO3M7AAL,PI CSM
01MPx00000OHOtaMAH,0016g00001AO3yUAAT,PI CSM
01MPx00000OHOtbMAH,0016g00001AO3bTAAT,PI CSM
01MPx00000OHOtdMAH,0016g00001AO3xHAAT,PI CSM
01MPx00000OHOteMAH,0016g00001AO3SuAAL,E&I CSM
01MPx00000OHOtfMAH,0016g00001AO40gAAD,PI CSM
01MPx00000OHOtgMAH,001Px00000XscwKIAR,Law.com CSM
01MPx00000OHOtiMAH,0016g00001AO49dAAD,PI CSM
01MPx00000OHOtjMAH,001Px00000VvsCbIAJ,Law.com CSM
01MPx00000OHOtlMAH,0016g00001AO3xKAAT,E&I CSM
01MPx00000OHOtnMAH,001Px00000VvRLHIA3,Law.com CSM
01MPx00000OHOtqMAH,0016g00001AO41kAAD,PI CSM
01MPx00000OHOtrMAH,001Px00000VyPsaIAF,Law.com CSM
01MPx00000OHOtuMAH,0016g00001AO3ZJAA1,PI CSM
01MPx00000OHOtzMAH,0016g00001AO3iiAAD,PI CSM
01MPx00000OHOu1MAH,001Px00000VvZS8IAN,Law.com CSM
01MPx00000OHOu2MAH,0016g00001AO3o4AAD,PI CSM
01MPx00000OHOu4MAH,0016g00001AOAa1AAH,PI CSM
01MPx00000OHOu5MAH,0016g00001AO4BnAAL,PI CSM
01MPx00000OHOu6MAH,001Px00000VvOYyIAN,Law.com CSM
01MPx00000OHOu8MAH,0016g00001AO3uFAAT,PI CSM
01MPx00000OHOu9MAH,001Px00000VvbOpIAJ,E&I CSM
01MPx00000OHOuAMAX,0016g00001AO3Y3AAL,PI CSM
01MPx00000OHOuBMAX,001Px00000XscwRIAR,Law.com CSM
01MPx00000OHOuIMAX,001Px00000VvtRVIAZ,Law.com CSM
01MPx00000OHOuJMAX,001Px00000VvotjIAB,PI CSM
01MPx00000OHOuKMAX,0016g00001AO3ukAAD,E&I CSM
01MPx00000OHOuLMAX,0016g00001AO42bAAD,PI CSM
01MPx00000OHOuMMAX,001Px00000XscwUIAR,Law.com CSM
01MPx00000OHOuNMAX,001Px00000VvOlyIAF,Law.com CSM
01MPx00000OHOuQMAX,0016g00001AO3lUAAT,Law.com CSM
01MPx00000OHOuSMAX,0016g00001AO4AQAA1,E&I CSM
01MPx00000OHOuUMAX,0016g00001AO440AAD,PI CSM
01MPx00000OHP7VMAX,0014L00000k4q1zQAA,PI CSM
01MPx00000OHP7XMAX,0014L00000XQkgAQAT,PI CSM
01MPx00000OHP7ZMAX,0016g00001AOXIcAAP,E&I CSM
01MPx00000OHP7fMAH,0016g00001AOX5lAAH,PI CSM
01MPx00000OHP7lMAH,001Tm000006POjeIAG,E&I CSM
01MPx00000OHP7nMAH,0016g00001AOXGoAAP,PI CSM
01MPx00000OHP7pMAH,0016g00001AOWxiAAH,E&I CSM
01MPx00000OHP7qMAH,001Px00000Vvm4UIAR,PI CSM
01MPx00000OHP7sMAH,001Px00000VwMLxIAN,Law.com CSM
01MPx00000OHP7uMAH,0016g00001AOWhFAAX,E&I CSM
01MPx00000OHP7xMAH,0014L00000VYGsPQAX,PI CSM
01MPx00000OHP7yMAH,001Tm00000GF5mAIAT,PI CSM
01MPx00000OHP7zMAH,0016g00001AOWnyAAH,E&I CSM
01MPx00000OHP80MAH,0016g00001AOWkjAAH,PI CSM
01MPx00000OHP81MAH,0016g00001AOX8mAAH,PI CSM
01MPx00000OHP82MAH,001Tm000000nDVcIAM,PI CSM
01MPx00000OHP83MAH,0016g00001AOWgCAAX,E&I CSM
01MPx00000OHP84MAH,0016g00001AOX2UAAX,PI CSM
01MPx00000OHP85MAH,0016g00001AOX9TAAX,PI CSM
01MPx00000OHP87MAH,001Px00000VvoGPIAZ,Law.com CSM
01MPx00000OHP88MAH,001Tm000000juxKIAQ,PI CSM
01MPx00000OHP89MAH,001Px00000VvhWzIAJ,PI CSM
01MPx00000OHP8AMAX,001Px00000VveApIAJ,Law.com CSM
01MPx00000OHP8BMAX,0016g00001AOXELAA5,E&I CSM
01MPx00000OHP8CMAX,0016g00001AOWnaAAH,E&I CSM
01MPx00000OHP8DMAX,001Tm00000JGYUGIA5,PI CSM
01MPx00000OHP8FMAX,001Px00000VvR5fIAF,Law.com CSM
01MPx00000OHP8GMAX,001Px00000VvrnFIAR,Law.com CSM
01MPx00000OHP8HMAX,0016g00001AOWhpAAH,PI CSM
01MPx00000OHP8IMAX,001Tm00000GI6sCIAT,PI CSM
01MPx00000OHP8JMAX,0016g00001AOXJQAA5,PI CSM
01MPx00000OHP8KMAX,0016g00001AOXAHAA5,PI CSM
01MPx00000OHP8LMAX,0016g00001AOWgcAAH,PI CSM
01MPx00000OHP8MMAX,0016g00001AOWiTAAX,PI CSM
01MPx00000OHP8OMAX,0016g00001AOWkkAAH,E&I CSM
01MPx00000OHP8RMAX,001Px00000Vvh2fIAB,Law.com CSM
01MPx00000OHP8TMAX,0016g00001AOXE9AAP,E&I CSM
01MPx00000OHP8XMAX,0016g00001AOWvzAAH,PI CSM
01MPx00000OHP8ZMAX,001Tm00000MEBbrIAH,Law.com CSM
01MPx00000OHP8bMAH,001Px00000Vvx3OIAR,Law.com CSM
01MPx00000OHP8cMAH,0016g00001AOX9aAAH,PI CSM
01MPx00000OHP8dMAH,001Px00000VwP1tIAF,PI CSM
01MPx00000OHP8eMAH,0016g00001AOWeaAAH,PI CSM
01MPx00000OHP8gMAH,0014L00000nrr07QAA,E&I CSM
01MPx00000OHP8hMAH,0016g00001AOX3wAAH,E&I CSM
01MPx00000OHP8iMAH,001Tm000004RhOQIA0,PI CSM
01MPx00000OHP8jMAH,0016g00001AOWfXAAX,PI CSM
01MPx00000OHP8kMAH,0016g00001AOXGaAAP,PI CSM
01MPx00000OHP8lMAH,0016g00001AOX5nAAH,E&I CSM
01MPx00000OHP8mMAH,0016g00001AOX9PAAX,PI CSM
01MPx00000OHP8nMAH,0016g00001AOX9DAAX,E&I CSM
01MPx00000OHP8oMAH,0014L00000k4Me6QAE,Law.com CSM
01MPx00000OHP8pMAH,001Px00000VvlIXIAZ,Law.com CSM
01MPx00000OHP8rMAH,001Px00000Vvh4NIAR,Law.com CSM
01MPx00000OHP8tMAH,001Px00000VvXwwIAF,Law.com CSM
01MPx00000OHP8uMAH,0014L000002hY15QAE,PI CSM
01MPx00000OHP8vMAH,0016g00001AOXHEAA5,E&I CSM
01MPx00000OHP8wMAH,0016g00001AOWv7AAH,PI CSM
01MPx00000OHP8xMAH,0016g00001AOWk8AAH,PI CSM
01MPx00000OHP8yMAH,001Px00000VvZXKIA3,E&I CSM
01MPx00000OHP8zMAH,0016g00001AOWiOAAX,PI CSM
01MPx00000OHP90MAH,0016g00001AOWwEAAX,PI CSM
01MPx00000OHPH9MAP,001Px00000VvfsZIAR,Law.com CSM
01MPx00000OHPHAMA5,0014L00000VZIzlQAH,PI CSM
01MPx00000OHPHBMA5,0016g00001ANnq0AAD,PI CSM
01MPx00000OHPHCMA5,0016g00001ANnt1AAD,E&I CSM
01MPx00000OHPHDMA5,001Px00000XsUeYIAV,Law.com CSM
01MPx00000OHPHIMA5,0016g00001ANnuSAAT,E&I CSM
01MPx00000OHPHKMA5,0016g00001ANnegAAD,PI CSM
01MPx00000OHPHLMA5,001Tm00000O1kRJIAZ,PI CSM
01MPx00000OHPHMMA5,001Px00000VvXqOIAV,E&I CSM
01MPx00000OHPHOMA5,001Px00000Vvg6VIAR,Law.com CSM
01MPx00000OHPHPMA5,0014L00000m8yDtQAI,PI CSM
01MPx00000OHPHRMA5,001Px00000VyKoFIAV,Law.com CSM
01MPx00000OHPHSMA5,001Px00000Vvd46IAB,Law.com CSM
01MPx00000OHPHVMA5,001Px00000VvkTeIAJ,PI CSM
01MPx00000OHPHWMA5,0016g00001ANn6rAAD,PI CSM
01MPx00000OHPHXMA5,0016g00001ANnwFAAT,PI CSM
01MPx00000OHPHaMAP,0016g00001ANnyAAAT,PI CSM
01MPx00000OHPHbMAP,0016g00001ANnhDAAT,PI CSM
01MPx00000OHPHfMAP,0014L00000TyXZbQAN,PI CSM
01MPx00000OHPHgMAP,0014L00000mA9ZTQA0,E&I CSM
01MPx00000OHPHjMAP,0016g00001ANnSdAAL,PI CSM
01MPx00000OHPHkMAP,0016g00001ANnTEAA1,PI CSM
01MPx00000OHPHlMAP,0016g00001ANnVmAAL,PI CSM
01MPx00000OHPHmMAP,0016g00001ANnEMAA1,PI CSM
01MPx00000OHPHpMAP,0016g00001ANnspAAD,E&I CSM
01MPx00000OHPHqMAP,0014L00000TwJl6QAF,PI CSM
01MPx00000OHPHrMAP,001Tm00000LhtGVIAZ,E&I CSM
01MPx00000OHPHsMAP,0016g00001ANnKDAA1,E&I CSM
01MPx00000OHPHyMAP,001Px00000VvdHaIAJ,PI CSM
01MPx00000OHPI0MAP,0016g00001ANncWAAT,PI CSM
01MPx00000OHPI2MAP,001Px00000VvptoIAB,Law.com CSM
01MPx00000OHPI6MAP,001Px00000VwWLpIAN,PI CSM
01MPx00000OHPI8MAP,001Px00000VvOjYIAV,Law.com CSM
01MPx00000OHPIAMA5,001Tm00000I29UgIAJ,E&I CSM
01MPx00000OHPIBMA5,0016g00001ANndmAAD,Law.com CSM
01MPx00000OHPIDMA5,0016g00001ANnZ1AAL,PI CSM
01MPx00000OHPIEMA5,0016g00001ANnJvAAL,PI CSM
01MPx00000OHPIFMA5,0014L00000k2llcQAA,E&I CSM
01MPx00000OHPIGMA5,001Tm000006kvSrIAI,E&I CSM
01MPx00000OHPIHMA5,0014L00000hz1FxQAI,E&I CSM
01MPx00000OHPIKMA5,001Px00000VvU8uIAF,Law.com CSM
01MPx00000OHPILMA5,0016g00001ANnJ2AAL,E&I CSM
01MPx00000OHPIMMA5,0014L00000k4p1lQAA,PI CSM
01MPx00000OHPINMA5,001Px00000Vy2d8IAB,E&I CSM
01MPx00000OHPIOMA5,0016g00001ANnzzAAD,E&I CSM
01MPx00000OHPIPMA5,001Tm00000AbCNsIAN,E&I CSM
01MPx00000OHPIRMA5,001Px00000VvcT3IAJ,Law.com CSM
01MPx00000OHPIVMA5,0016g00001ANnQIAA1,PI CSM
01MPx00000OHPIWMA5,0016g00001ANngPAAT,E&I CSM
01MPx00000OHPIYMA5,0014L00000CMPd8QAH,E&I CSM
01MPx00000OHPIbMAP,001Px00000VwMxYIAV,E&I CSM
01MPx00000OHPIeMAP,001Tm00000BxrpzIAB,PI CSM
01MPx00000OHPIfMAP,0016g00001ANnB3AAL,E&I CSM
01MPx00000OHPQrMAP,0016g00001ANlaBAAT,E&I CSM
01MPx00000OHQQ6MAP,0016g00001ANzAxAAL,E&I CSM
01MPx00000OHQYIMA5,0016g00001ANlWFAA1,E&I CSM
01MPx00000OHQmhMAH,001Px00000VyKoEIAV,Law.com CSM
01MPx00000OHQmiMAH,0016g00001ANlcXAAT,PI CSM
01MPx00000OHRPTMA5,001Px00000VvZUfIAN,Law.com CSM
01MPx00000OHRPVMA5,0016g00001AOPRxAAP,E&I CSM
01MPx00000OHRPYMA5,001Px00000Vvf9gIAB,Law.com CSM
01MPx00000OHRPaMAP,0016g00001AOPvdAAH,PI CSM
01MPx00000OHRPbMAP,0016g00001AOPtsAAH,E&I CSM
01MPx00000OHRPcMAP,0016g00001AOPHeAAP,PI CSM
01MPx00000OHRPdMAP,001Px00000VwPS9IAN,Law.com CSM
01MPx00000OHRPeMAP,001Tm00000NftMgIAJ,PI CSM
01MPx00000OHRPfMAP,001Tm00000Ay0ieIAB,PI CSM
01MPx00000OHRPgMAP,0016g00001AOPXpAAP,E&I CSM
01MPx00000OHRPhMAP,001Px00000Vvbd1IAB,Law.com CSM
01MPx00000OHRPiMAP,001Px00000VwWQaIAN,Law.com CSM
01MPx00000OHRPkMAP,001Px00000Xsg1eIAB,Law.com CSM
01MPx00000OHRPlMAP,0016g00001AOPbqAAH,E&I CSM
01MPx00000OHRPmMAP,0016g00001AOPJLAA5,PI CSM
01MPx00000OHRPnMAP,0016g00001AOPt7AAH,Law.com CSM
01MPx00000OHRPoMAP,0016g00001AOPdaAAH,E&I CSM
01MPx00000OHRPrMAP,001Px00000VvwkDIAR,Law.com CSM
01MPx00000OHRPsMAP,001Tm00000METO6IAP,Law.com CSM
01MPx00000OHRPtMAP,0014L00000KAStHQAX,E&I CSM
01MPx00000OHRPvMAP,0016g00001ANqQTAA1,E&I CSM
01MPx00000OHRPwMAP,0016g00001AOPWSAA5,PI CSM
01MPx00000OHRPxMAP,0016g00001AOQ2HAAX,E&I CSM
01MPx00000OHRPyMAP,001Px00000VvXxfIAF,Law.com CSM
01MPx00000OHRPzMAP,0016g00001AOPXUAA5,PI CSM
01MPx00000OHRQ0MAP,001Px00000Vvfl5IAB,Law.com CSM
01MPx00000OHRQ1MAP,0016g00001AOPH1AAP,PI CSM
01MPx00000OHRQ2MAP,0014L00000lNtOJQA0,PI CSM
01MPx00000OHRQ3MAP,0016g00001AOPN3AAP,PI CSM
01MPx00000OHRQ4MAP,001Tm00000EmMUTIA3,PI CSM
01MPx00000OHRQ6MAP,0016g00001AOQ1CAAX,E&I CSM
01MPx00000OHRQ7MAP,0016g00001AOPrFAAX,PI CSM
01MPx00000OHRQ8MAP,0016g00001AOPOAAA5,PI CSM
01MPx00000OHRQAMA5,001Px00000Vvb86IAB,Law.com CSM
01MPx00000OHRQBMA5,0016g00001AOPUaAAP,PI CSM
01MPx00000OHRQCMA5,0016g00001AOPgdAAH,E&I CSM
01MPx00000OHRQDMA5,001Px00000Xsg22IAB,Law.com CSM
01MPx00000OHRQFMA5,0016g00001AOPHDAA5,E&I CSM
01MPx00000OHRQGMA5,001Px00000Vvic9IAB,Law.com CSM
01MPx00000OHRQJMA5,0014L00000KAcJvQAL,E&I CSM
01MPx00000OHRQKMA5,0016g00001AOPkCAAX,E&I CSM
01MPx00000OHRQLMA5,001Px00000VvmSxIAJ,PI CSM
01MPx00000OHRQNMA5,001Px00000Xsg1wIAB,Law.com CSM
01MPx00000OHRQPMA5,001Px00000Vy9HlIAJ,Law.com CSM
01MPx00000OHRQQMA5,001Px00000VvhXWIAZ,Law.com CSM
01MPx00000OHRQRMA5,0016g00001AOPQJAA5,PI CSM
01MPx00000OHRQSMA5,0016g00001AOQ1iAAH,E&I CSM
01MPx00000OHRQUMA5,0014L00000TzOJsQAN,PI CSM
01MPx00000OHRQVMA5,001Px00000VvgeOIAR,PI CSM
01MPx00000OHRQWMA5,001Tm000005K3MAIA0,PI CSM
01MPx00000OHRQXMA5,001Px00000Vvne3IAB,Law.com CSM
01MPx00000OHRQYMA5,001Px00000VvjT7IAJ,Law.com CSM
01MPx00000OHRQaMAP,001Px00000Xsg1nIAB,Law.com CSM
01MPx00000OHRQbMAP,0016g00001AOPewAAH,E&I CSM
01MPx00000OHRQcMAP,0016g00001AOPYsAAP,PI CSM
01MPx00000OHRQdMAP,0016g00001AOPhAAAX,PI CSM
01MPx00000OHRQfMAP,001Px00000Xsg1vIAB,Law.com CSM
01MPx00000OHRQgMAP,001Tm00000METObIAP,Law.com CSM
01MPx00000OHRQhMAP,001Px00000Vvg7wIAB,Law.com CSM
01MPx00000OHRQiMAP,0016g00001AOPl3AAH,E&I CSM
01MPx00000OHRQjMAP,001Tm000007SAzvIAG,E&I CSM
01MPx00000OHRQkMAP,0016g00001AOPGxAAP,PI CSM
01MPx00000OHRQlMAP,0014L00000gjsTBQAY,PI CSM
01MPx00000OHRQmMAP,0016g00001AOPyNAAX,PI CSM
01MPx00000OHRQoMAP,0016g00001AOVguAAH,PI CSM
01MPx00000OHRQqMAP,001Tm00000MED2TIAX,Law.com CSM
01MPx00000OHRQrMAP,001Tm000008RY10IAG,PI CSM
01MPx00000OHRQsMAP,001Px00000VvOYnIAN,Law.com CSM
01MPx00000OHRQtMAP,0016g00001AOQ4VAAX,PI CSM
01MPx00000OHRQuMAP,0016g00001AOPJQAA5,PI CSM
01MPx00000OHRQvMAP,0014L00000k4r6zQAA,PI CSM
01MPx00000OHRQwMAP,0016g00001AOPPwAAP,PI CSM
01MPx00000OHRQxMAP,001Tm00000METNKIA5,Law.com CSM
01MPx00000OHRUNMA5,0016g00001ANlqFAAT,PI CSM
01MPx00000OHRnbMAH,0016g00001ANlqiAAD,PI CSM
01MPx00000OHRpGMAX,001Px00000Vw2rKIAR,Law.com CSM
01MPx00000OHRpHMAX,001Tm0000091AZdIAM,PI CSM
01MPx00000OHRpIMAX,0016g00001ANuGhAAL,PI CSM
01MPx00000OHRpJMAX,0016g00001ANumUAAT,E&I CSM
01MPx00000OHRpKMAX,0016g00001ANujpAAD,PI CSM
01MPx00000OHRpLMAX,0016g00001ANtc5AAD,E&I CSM
01MPx00000OHRpOMAX,0016g00001ANtqrAAD,PI CSM
01MPx00000OHRpPMAX,0016g00001ANubBAAT,PI CSM
01MPx00000OHRpQMAX,0016g00001ANrXxAAL,PI CSM
01MPx00000OHRpRMAX,001Px00000VvidDIAR,Law.com CSM
01MPx00000OHRpTMAX,0016g00001ANtqOAAT,E&I CSM
01MPx00000OHRpWMAX,0016g00001ANtzCAAT,PI CSM
01MPx00000OHRpYMAX,001Px00000VvpOGIAZ,Law.com CSM
01MPx00000OHRpZMAX,0016g00001ANuW1AAL,E&I CSM
01MPx00000OHRpbMAH,001Tm00000AR3IqIAL,E&I CSM
01MPx00000OHRpcMAH,0016g00001ANuM5AAL,PI CSM
01MPx00000OHRpeMAH,001Px00000VvgunIAB,Law.com CSM
01MPx00000OHRpfMAH,001Px00000Vvd2wIAB,PI CSM
01MPx00000OHRphMAH,0016g00001ANtlXAAT,E&I CSM
01MPx00000OHRpjMAH,0016g00001ANuIZAA1,PI CSM
01MPx00000OHRpkMAH,001Px00000VvYpTIAV,Law.com CSM
01MPx00000OHRplMAH,001Px00000UrmA8IAJ,PI CSM
01MPx00000OHRpmMAH,0016g00001ANuJAAA1,E&I CSM
01MPx00000OHRpnMAH,0016g00001ANuQEAA1,E&I CSM
01MPx00000OHRpoMAH,0014L00000k580KQAQ,PI CSM
01MPx00000OHRppMAH,0014L00000WENjXQAX,E&I CSM
01MPx00000OHRpqMAH,0016g00001ANtsYAAT,E&I CSM
01MPx00000OHRpsMAH,0016g00001ANtzNAAT,PI CSM
01MPx00000OHRpuMAH,001Px00000VvQnYIAV,Law.com CSM
01MPx00000OHRpvMAH,0016g00001ANu0aAAD,E&I CSM
01MPx00000OHRpwMAH,0014L00000lOUFHQA4,PI CSM
01MPx00000OHRpxMAH,001Px00000XsUqMIAV,Law.com CSM
01MPx00000OHRpyMAH,0016g00001ANuitAAD,E&I CSM
01MPx00000OHRpzMAH,001Px00000VweN9IAJ,Law.com CSM
01MPx00000OHRq1MAH,0016g00001ANtuBAAT,E&I CSM
01MPx00000OHRq2MAH,001Px00000VvPFbIAN,PI CSM
01MPx00000OHRq3MAH,0016g00001AOVZyAAP,PI CSM
01MPx00000OHRq5MAH,0016g00001ANu2bAAD,PI CSM
01MPx00000OHRq7MAH,0016g00001ANtstAAD,Law.com CSM
01MPx00000OHRq8MAH,001Tm00000E4pqLIAR,PI CSM
01MPx00000OHRq9MAH,001Px00000VvXxxIAF,PI CSM
01MPx00000OHRqAMAX,0016g00001ANtppAAD,PI CSM
01MPx00000OHRqBMAX,0016g00001ANuciAAD,PI CSM
01MPx00000OHRqEMAX,0016g00001ANuQTAA1,PI CSM
01MPx00000OHRqFMAX,0016g00001ANuXlAAL,PI CSM
01MPx00000OHRqHMAX,0016g00001ANtfcAAD,E&I CSM
01MPx00000OHRqJMAX,001Px00000XsUqLIAV,Law.com CSM
01MPx00000OHRqKMAX,001Px00000VvZVLIA3,Law.com CSM
01MPx00000OHRqLMAX,0016g00001ANtqDAAT,PI CSM
01MPx00000OHRqMMAX,001Tm00000MKZcuIAH,Law.com CSM
01MPx00000OHRqNMAX,0016g00001ANu3AAAT,E&I CSM
01MPx00000OHRqOMAX,001Px00000VvfTkIAJ,Law.com CSM
01MPx00000OHRqPMAX,0016g00001ANtinAAD,E&I CSM
01MPx00000OHRqRMAX,0016g00001ANueQAAT,PI CSM
01MPx00000OHRqTMAX,001Px00000VvSLAIA3,Law.com CSM
01MPx00000OHRqUMAX,0016g00001AOOXIAA5,E&I CSM
01MPx00000OHRqVMAX,0016g00001ANtv7AAD,PI CSM
01MPx00000OHRqYMAX,0016g00001ANtd6AAD,PI CSM
01MPx00000OHRqZMAX,001Px00000VvPFEIA3,Law.com CSM
01MPx00000OHRqaMAH,0016g00001ANuV2AAL,E&I CSM
01MPx00000OHRqcMAH,0016g00001ANth4AAD,PI CSM
01MPx00000OHRqdMAH,0016g00001ANtmyAAD,E&I CSM
01MPx00000OHRqeMAH,0016g00001ANu1kAAD,PI CSM
01MPx00000OHRqgMAH,0016g00001ANtrqAAD,E&I CSM
01MPx00000OHRqiMAH,0016g00001ANtp1AAD,E&I CSM
01MPx00000OHRqmMAH,0016g00001ANufaAAD,PI CSM
01MPx00000OHS0VMAX,001Px00000Xsbs6IAB,Law.com CSM
01MPx00000OHS0WMAX,0016g00001AOaQkAAL,PI CSM
01MPx00000OHS0XMAX,001Px00000VvvjyIAB,Law.com CSM
01MPx00000OHS0YMAX,0016g00001AObKWAA1,PI CSM
01MPx00000OHS0aMAH,001Px00000Xsbs9IAB,Law.com CSM
01MPx00000OHS0bMAH,001Px00000Vvam0IAB,Law.com CSM
01MPx00000OHS0cMAH,001Px00000VvwGhIAJ,Law.com CSM
01MPx00000OHS0dMAH,0016g00001AObNXAA1,PI CSM
01MPx00000OHS0eMAH,0016g00001AOauKAAT,E&I CSM
01MPx00000OHS0gMAH,001Px00000VvpU3IAJ,Law.com CSM
01MPx00000OHS0hMAH,0016g00001AOb7NAAT,PI CSM
01MPx00000OHS0jMAH,0016g00001AOahxAAD,PI CSM
01MPx00000OHS0kMAH,0016g00001AOb5LAAT,PI CSM
01MPx00000OHS0lMAH,001Tm00000MEWLYIA5,Law.com CSM
01MPx00000OHS0nMAH,0016g00001ANuJbAAL,PI CSM
01MPx00000OHS0oMAH,001Tm00000AYGCfIAP,PI CSM
01MPx00000OHS0pMAH,001Tm00000Gv1uEIAR,PI CSM
01MPx00000OHS0qMAH,0016g00001AOatgAAD,PI CSM
01MPx00000OHS0rMAH,0016g00001AObFQAA1,PI CSM
01MPx00000OHS0sMAH,0016g00001dJPRvAAO,PI CSM
01MPx00000OHS0tMAH,001Tm00000MtXRmIAN,Law.com CSM
01MPx00000OHS0uMAH,001Tm00000MEMAsIAP,Law.com CSM
01MPx00000OHS0vMAH,0014L00000nroImQAI,E&I CSM
01MPx00000OHS0wMAH,0014L00000dnLSQQA2,PI CSM
01MPx00000OHS0xMAH,001Tm00000MEWMFIA5,Law.com CSM
01MPx00000OHS10MAH,0014L00000AyzpmQAB,PI CSM
01MPx00000OHS11MAH,0016g00001AOadgAAD,PI CSM
01MPx00000OHS12MAH,001Px00000XsbsAIAR,Law.com CSM
01MPx00000OHS13MAH,001Px00000VwJUDIA3,Law.com CSM
01MPx00000OHS16MAH,0016g00001AOaWeAAL,PI CSM
01MPx00000OHS17MAH,001Tm00000MtXOSIA3,Law.com CSM
01MPx00000OHS18MAH,0016g00001AObAnAAL,E&I CSM
01MPx00000OHS19MAH,001Px00000VvYVqIAN,Law.com CSM
01MPx00000OHS1CMAX,0016g00001ANlYhAAL,PI CSM
01MPx00000OHS1DMAX,001Tm00000MEMAfIAP,Law.com CSM
01MPx00000OHS1EMAX,0016g00001AOauUAAT,E&I CSM
01MPx00000OHS1HMAX,001Px00000apgRxIAI,PI CSM
01MPx00000OHS1IMAX,001Tm000003PtXSIA0,E&I CSM
01MPx00000OHS1KMAX,0016g00001AOb18AAD,PI CSM
01MPx00000OHS1LMAX,0016g00001AObJlAAL,E&I CSM
01MPx00000OHS1RMAX,0016g00001AOb3bAAD,PI CSM
01MPx00000OHS1SMAX,0016g00001AOaWWAA1,E&I CSM
01MPx00000OHS1TMAX,0016g00001AOaYtAAL,E&I CSM
01MPx00000OHS1UMAX,0014L00000lPJYLQA4,E&I CSM
01MPx00000OHS1VMAX,001Tm00000IiCBDIA3,PI CSM
01MPx00000OHS1XMAX,0016g00001AOajgAAD,PI CSM
01MPx00000OHS1YMAX,001Tm00000MEWLxIAP,Law.com CSM
01MPx00000OHS1ZMAX,001Tm00000MEMAuIAP,Law.com CSM
01MPx00000OHS1aMAH,0016g00001AObXxAAL,PI CSM
01MPx00000OHS1bMAH,0016g00001AOabcAAD,PI CSM
01MPx00000OHS1cMAH,0016g00001ANwsLAAT,E&I CSM
01MPx00000OHS1fMAH,001Px00000VvQrBIAV,Law.com CSM
01MPx00000OHS1gMAH,001Tm00000391XuIAI,PI CSM
01MPx00000OHS1hMAH,001Px00000VvnKMIAZ,Law.com CSM
01MPx00000OHS1iMAH,0016g00001AOauuAAD,PI CSM
01MPx00000OHS1jMAH,0016g00001AOaw7AAD,PI CSM
01MPx00000OHS1kMAH,0016g00001ANxXaAAL,PI CSM
01MPx00000OHS1mMAH,001Px00000VvggbIAB,Law.com CSM
01MPx00000OHS1nMAH,001Px00000Vwh9wIAB,Law.com CSM
01MPx00000OHS1oMAH,0016g00001AOav7AAD,PI CSM
01MPx00000OHS1pMAH,001Px00000Xsbs7IAB,Law.com CSM
01MPx00000OHS1qMAH,0016g00001AOak3AAD,PI CSM
01MPx00000OHS1rMAH,0016g00001AOaZvAAL,E&I CSM
01MPx00000OHS1sMAH,0016g00001AOaxuAAD,E&I CSM
01MPx00000OHS1vMAH,0016g00001AObMbAAL,E&I CSM
01MPx00000OHS1wMAH,0016g00001AObDpAAL,Law.com CSM
01MPx00000OHS1yMAH,0016g00001ANvukAAD,PI CSM
01MPx00000OHS1zMAH,001Px00000VveXeIAJ,Law.com CSM
01MPx00000OHS21MAH,001Px00000VwMijIAF,Law.com CSM
01MPx00000OHS22MAH,0016g00001AOaaNAAT,E&I CSM
01MPx00000OHS24MAH,001Tm00000HG6XXIA1,PI CSM
01MPx00000OHSOmMAP,0016g00001AOLwxAAH,PI CSM
01MPx00000OHSOsMAP,0016g00001AOLjNAAX,E&I CSM
01MPx00000OHSOtMAP,0016g00001AON2iAAH,PI CSM
01MPx00000OHSOuMAP,0016g00001AOLn0AAH,E&I CSM
01MPx00000OHSOvMAP,001Px00000VvlpyIAB,Law.com CSM
01MPx00000OHSOxMAP,0016g00001AOMHTAA5,E&I CSM
01MPx00000OHSP0MAP,0016g00001AOMpvAAH,E&I CSM
01MPx00000OHSP1MAP,001Px00000VvgIfIAJ,Law.com CSM
01MPx00000OHSP2MAP,0014L00000k4qGwQAI,PI CSM
01MPx00000OHSP3MAP,0016g00001AOMH5AAP,E&I CSM
01MPx00000OHSP4MAP,0016g00001AOMMkAAP,PI CSM
01MPx00000OHSP5MAP,0016g00001AOMhXAAX,E&I CSM
01MPx00000OHSP6MAP,0016g00001AOMkkAAH,PI CSM
01MPx00000OHSP7MAP,001Px00000VvZ3OIAV,Law.com CSM
01MPx00000OHSP8MAP,0016g00001AOMAAAA5,E&I CSM
01MPx00000OHSPBMA5,001Px00000VvMzFIAV,Law.com CSM
01MPx00000OHSPCMA5,0016g00001AOG5oAAH,PI CSM
01MPx00000OHSPDMA5,0014L00000CKOnrQAH,PI CSM
01MPx00000OHSPEMA5,0016g00001AOM2RAAX,E&I CSM
01MPx00000OHSPHMA5,001Px00000Vvq6TIAR,PI CSM
01MPx00000OHSPIMA5,001Px00000VvamJIAR,Law.com CSM
01MPx00000OHSPJMA5,001Px00000VviUcIAJ,Law.com CSM
01MPx00000OHSPKMA5,001Tm00000EqaFWIAZ,PI CSM
01MPx00000OHSPLMA5,0016g00001AOMSSAA5,E&I CSM
01MPx00000OHSPMMA5,0016g00001AOLjJAAX,E&I CSM
01MPx00000OHSPNMA5,0016g00001AOLkaAAH,PI CSM
01MPx00000OHSPOMA5,001Px00000VvQrEIAV,Law.com CSM
01MPx00000OHSPPMA5,001Tm00000NMNTlIAP,PI CSM
01MPx00000OHSPQMA5,0016g00001AOM7yAAH,PI CSM
01MPx00000OHSPRMA5,0016g00001AOMzkAAH,PI CSM
01MPx00000OHSPSMA5,0016g00001AOMnmAAH,PI CSM
01MPx00000OHSPTMA5,0016g00001AON3TAAX,PI CSM
01MPx00000OHSPUMA5,0014L00000TyorfQAB,PI CSM
01MPx00000OHSPWMA5,0016g00001ANuvtAAD,E&I CSM
01MPx00000OHSPYMA5,0016g00001AO2zfAAD,PI CSM
01MPx00000OHSPZMA5,001Px00000V38buIAB,PI CSM
01MPx00000OHSPaMAP,001Tm00000FuCM7IAN,E&I CSM
01MPx00000OHSPbMAP,0014L00000IL5lGQAT,PI CSM
01MPx00000OHSPcMAP,001Px00000VvOymIAF,Law.com CSM
01MPx00000OHSPdMAP,001Px00000XsiZuIAJ,Law.com CSM
01MPx00000OHSPeMAP,001Tm00000GVFJWIA5,E&I CSM
01MPx00000OHSPhMAP,0014L00000TP2d0QAD,PI CSM
01MPx00000OHSPiMAP,001Px00000Vvht4IAB,Law.com CSM
01MPx00000OHSPkMAP,001Px00000VwOt4IAF,Law.com CSM
01MPx00000OHSPmMAP,001Tm00000LKD1sIAH,PI CSM
01MPx00000OHSPnMAP,0016g00001AOM5UAAX,PI CSM
01MPx00000OHSPsMAP,001Px00000VvhsuIAB,Law.com CSM
01MPx00000OHSPuMAP,0016g00001AOMi0AAH,PI CSM
01MPx00000OHSPvMAP,001Tm00000MEV7cIAH,Law.com CSM
01MPx00000OHSPwMAP,0016g00001AOMJsAAP,PI CSM
01MPx00000OHSPyMAP,0016g00001AOMegAAH,PI CSM
01MPx00000OHSQ0MAP,0016g00001AOMM7AAP,PI CSM
01MPx00000OHSQ1MAP,001Tm00000G3MinIAF,PI CSM
01MPx00000OHSQ2MAP,0016g00001AON3PAAX,PI CSM
01MPx00000OHSQ4MAP,001Px00000VvxR3IAJ,Law.com CSM
01MPx00000OHSQ5MAP,001Px00000VvhuHIAR,Law.com CSM
01MPx00000OHSQ6MAP,001Px00000VvfQVIAZ,PI CSM
01MPx00000OHSQ7MAP,0016g00001AOM5kAAH,E&I CSM
01MPx00000OHSQ8MAP,001Px00000Vvb8UIAR,Law.com CSM
01MPx00000OHSQAMA5,001Px00000VvdoqIAB,Law.com CSM
01MPx00000OHSQBMA5,001Px00000VvgseIAB,Law.com CSM
01MPx00000OHSQCMA5,001Px00000Vvg5mIAB,Law.com CSM
01MPx00000OHSQDMA5,0016g00001AOMxZAAX,PI CSM
01MPx00000OHSQEMA5,0014L00000WGDGqQAP,PI CSM
01MPx00000OHSQFMA5,0016g00001AORzsAAH,PI CSM
01MPx00000OHSQGMA5,001Tm00000B4sjRIAR,E&I CSM
01MPx00000OHSRvMAP,0016g00001ANylsAAD,PI CSM
01MPx00000OHSRxMAP,001Px00000XskeCIAR,Law.com CSM
01MPx00000OHSRyMAP,001Px00000VvSLCIA3,PI CSM
01MPx00000OHSS0MAP,0016g00001ANykMAAT,PI CSM
01MPx00000OHSS1MAP,001Tm00000BUerLIAT,E&I CSM
01MPx00000OHSS3MAP,0016g00001ANyoaAAD,PI CSM
01MPx00000OHSS4MAP,0016g00001ANyEpAAL,E&I CSM
01MPx00000OHSS5MAP,0014L00000f2f9ZQAQ,PI CSM
01MPx00000OHSS7MAP,001Tm000007toD6IAI,E&I CSM
01MPx00000OHSS9MAP,0016g00001AOh3IAAT,E&I CSM
01MPx00000OHSSAMA5,0016g00001ANz0yAAD,E&I CSM
01MPx00000OHSSBMA5,001Px00000VvxceIAB,Law.com CSM
01MPx00000OHSSCMA5,0016g00001ANyxwAAD,E&I CSM
01MPx00000OHSSDMA5,0016g00001ANzZdAAL,E&I CSM
01MPx00000OHSSGMA5,0016g00001ANzSoAAL,PI CSM
01MPx00000OHSSIMA5,001Px00000VvpglIAB,PI CSM
01MPx00000OHSSKMA5,001Tm000004yiNIIAY,PI CSM
01MPx00000OHSSLMA5,0016g00001ANzYaAAL,E&I CSM
01MPx00000OHSSMMA5,0016g00001ANzZKAA1,PI CSM
01MPx00000OHSSNMA5,001Tm000005kyvxIAA,PI CSM
01MPx00000OHSSOMA5,0016g00001ANz4HAAT,E&I CSM
01MPx00000OHSSPMA5,0016g00001ANysGAAT,E&I CSM
01MPx00000OHSSRMA5,0016g00001ANz0aAAD,PI CSM
01MPx00000OHSSUMA5,001Px00000VvR6LIAV,Law.com CSM
01MPx00000OHSSWMA5,001Tm00000KTYkMIAX,PI CSM
01MPx00000OHSSXMA5,001Px00000XskeDIAR,Law.com CSM
01MPx00000OHSSYMA5,0014L00000f452BQAQ,E&I CSM
01MPx00000OHSSZMA5,001Px00000VviczIAB,Law.com CSM
01MPx00000OHSSaMAP,0016g00001ANzbRAAT,PI CSM
01MPx00000OHSSfMAP,0016g00001ANyptAAD,PI CSM
01MPx00000OHSSgMAP,001Tm00000BUrQLIA1,E&I CSM
01MPx00000OHSSiMAP,001Tm00000OAFftIAH,PI CSM
01MPx00000OHSSkMAP,0014L00000WENtwQAH,PI CSM
01MPx00000OHSSlMAP,0014L00000lO2plQAC,PI CSM
01MPx00000OHSSmMAP,0016g00001ANzBXAA1,PI CSM
01MPx00000OHSSoMAP,0016g00001ANzsBAAT,PI CSM
01MPx00000OHSSqMAP,0016g00001ANzG1AAL,E&I CSM
01MPx00000OHSStMAP,0016g00001ANzQcAAL,PI CSM
01MPx00000OHSSuMAP,001Px00000VvXvRIAV,Law.com CSM
01MPx00000OHSSwMAP,001Px00000Vvk23IAB,Law.com CSM
01MPx00000OHSSxMAP,0016g00001ANywbAAD,PI CSM
01MPx00000OHSSzMAP,001Px00000VvvibIAB,Law.com CSM
01MPx00000OHST1MAP,0016g00001ANzdDAAT,PI CSM
01MPx00000OHST3MAP,0016g00001ANyvHAAT,PI CSM
01MPx00000OHST4MAP,0014L00000mArIkQAK,E&I CSM
01MPx00000OHST6MAP,0016g00001ANzDiAAL,PI CSM
01MPx00000OHST7MAP,001Px00000VvVtbIAF,Law.com CSM
01MPx00000OHST9MAP,001Tm000005ijjJIAQ,PI CSM
01MPx00000OHSTAMA5,0016g00001ANzGrAAL,E&I CSM
01MPx00000OHSTBMA5,001Tm000004qOCLIA2,E&I CSM
01MPx00000OHSTCMA5,0016g00001ANzdNAAT,PI CSM
01MPx00000OHSTDMA5,0016g00001ANrfhAAD,PI CSM
01MPx00000OHSTEMA5,001Px00000VvoGnIAJ,Law.com CSM
01MPx00000OHSTGMA5,0016g00001ANymvAAD,E&I CSM
01MPx00000OHSTHMA5,0016g00001ANykKAAT,E&I CSM
01MPx00000OHSTIMA5,0016g00001ANzDrAAL,E&I CSM
01MPx00000OHSTJMA5,0016g00001ANynEAAT,PI CSM
01MPx00000OHSTKMA5,0016g00001ANzOEAA1,E&I CSM
01MPx00000OHSTMMA5,001Px00000Xske4IAB,Law.com CSM
01MPx00000OHSTNMA5,0016g00001ANz2WAAT,PI CSM
01MPx00000OHSTOMA5,0016g00001ANzG6AAL,E&I CSM
01MPx00000OHSTPMA5,001Px00000VvR5cIAF,Law.com CSM
01MPx00000OHSTQMA5,0016g00001ANzMYAA1,PI CSM
01MPx00000OHTBDMA5,0016g00001ANxVbAAL,PI CSM
01MPx00000OHTBEMA5,0014L00000bEb8TQAS,PI CSM
01MPx00000OHTBFMA5,0014L00000nqddoQAA,PI CSM
01MPx00000OHTBGMA5,0016g00001ANxdWAAT,E&I CSM
01MPx00000OHTBHMA5,001Px00000Vvk1KIAR,Law.com CSM
01MPx00000OHTBJMA5,0016g00001ANx8uAAD,PI CSM
01MPx00000OHTBLMA5,0016g00001ANx59AAD,PI CSM
01MPx00000OHTBMMA5,001Tm00000Bp6pwIAB,PI CSM
01MPx00000OHTBNMA5,0016g00001ANxMBAA1,PI CSM
01MPx00000OHTBOMA5,0014L00000k54KiQAI,PI CSM
01MPx00000OHTBPMA5,0016g00001ANxLgAAL,PI CSM
01MPx00000OHTBQMA5,0016g00001ANxLUAA1,E&I CSM
01MPx00000OHTBRMA5,0016g00001ANxjkAAD,PI CSM
01MPx00000OHTBSMA5,0016g00001ANxXGAA1,PI CSM
01MPx00000OHTBTMA5,0016g00001ANxQOAA1,PI CSM
01MPx00000OHTBUMA5,001Px00000VvR8jIAF,Law.com CSM
01MPx00000OHTBVMA5,0016g00001ANxBDAA1,PI CSM
01MPx00000OHTBWMA5,001Px00000VvZ3fIAF,Law.com CSM
01MPx00000OHTBXMA5,0016g00001ANxX2AAL,PI CSM
01MPx00000OHTBZMA5,001Px00000VvfUeIAJ,Law.com CSM
01MPx00000OHTBaMAP,0016g00001ANxFhAAL,PI CSM
01MPx00000OHTBbMAP,001Px00000Xs1UnIAJ,Law.com CSM
01MPx00000OHTBcMAP,0014L00000cuazWQAQ,PI CSM
01MPx00000OHTBeMAP,001Tm000006UPnZIAW,PI CSM
01MPx00000OHTBfMAP,001Px00000Xs1UmIAJ,Law.com CSM
01MPx00000OHTBgMAP,001Px00000VvZYIIA3,PI CSM
01MPx00000OHTBhMAP,0016g00001ANx6vAAD,PI CSM
01MPx00000OHTBjMAP,0016g00001ANxKuAAL,PI CSM
01MPx00000OHTBkMAP,0016g00001ANxXTAA1,PI CSM
01MPx00000OHTBlMAP,0016g00001ANxlGAAT,E&I CSM
01MPx00000OHTBmMAP,0016g00001ANxjaAAD,PI CSM
01MPx00000OHTBoMAP,001Px00000VvbObIAJ,PI CSM
01MPx00000OHTBpMAP,0016g00001ANxNKAA1,PI CSM
01MPx00000OHTBqMAP,0014L00000AzCV6QAN,PI CSM
01MPx00000OHTBrMAP,0014L00000k4q6VQAQ,PI CSM
01MPx00000OHTBtMAP,001Px00000VvMmWIAV,Law.com CSM
01MPx00000OHTBuMAP,001Px00000Xs1UiIAJ,Law.com CSM
01MPx00000OHTBvMAP,0016g00001ANx3AAAT,E&I CSM
01MPx00000OHTBxMAP,001Tm0000082mVNIAY,PI CSM
01MPx00000OHTBzMAP,0016g00001ANxXCAA1,PI CSM
01MPx00000OHTC0MAP,0016g00001ANxWSAA1,PI CSM
01MPx00000OHTC2MAP,0014L00000ity5TQAQ,PI CSM
01MPx00000OHTC3MAP,0016g00001ANxF4AAL,PI CSM
01MPx00000OHTC5MAP,0016g00001ANxCqAAL,PI CSM
01MPx00000OHTC7MAP,0016g00001ANx9aAAD,PI CSM
01MPx00000OHTC8MAP,0016g00001ANxb3AAD,PI CSM
01MPx00000OHTC9MAP,001Px00000VvVjQIAV,Law.com CSM
01MPx00000OHTCAMA5,0016g00001ANx6kAAD,E&I CSM
01MPx00000OHTCBMA5,0016g00001edDp2AAE,PI CSM
01MPx00000OHTCCMA5,0016g00001ANxHtAAL,E&I CSM
01MPx00000OHTCDMA5,0016g00001ANxmVAAT,PI CSM
01MPx00000OHTCEMA5,0016g00001ANxfUAAT,E&I CSM
01MPx00000OHTCFMA5,0016g00001ANxIjAAL,E&I CSM
01MPx00000OHTCGMA5,0016g00001ANxkaAAD,PI CSM
01MPx00000OHTCHMA5,0016g00001ANxAvAAL,PI CSM
01MPx00000OHTCIMA5,0016g00001ANxF9AAL,E&I CSM
01MPx00000OHTCJMA5,0016g00001ANx3bAAD,E&I CSM
01MPx00000OHTCLMA5,0016g00001ANxLcAAL,E&I CSM
01MPx00000OHTCNMA5,0016g00001ANxlgAAD,PI CSM
01MPx00000OHTCOMA5,0016g00001ANxBgAAL,E&I CSM
01MPx00000OHTCPMA5,0016g00001ANxCZAA1,PI CSM
01MPx00000OHTCQMA5,0016g00001ANxXXAA1,PI CSM
01MPx00000OHTCRMA5,0016g00001ANxB1AAL,PI CSM
01MPx00000OHTCSMA5,001Px00000VvW3LIAV,Law.com CSM
01MPx00000OHTCTMA5,0016g00001ANxNzAAL,PI CSM
01MPx00000OHTCVMA5,0016g00001ANxXpAAL,PI CSM
01MPx00000OHTCWMA5,001Tm000001ijwvIAA,E&I CSM
01MPx00000OHTCXMA5,0014L00000IJ1TIQA1,E&I CSM
01MPx00000OHTCYMA5,001Tm00000MESFqIAP,Law.com CSM
01MPx00000OHTCZMA5,001Tm00000IBvrsIAD,E&I CSM
01MPx00000OHTCaMAP,001Tm00000EDPlPIAX,PI CSM
01MPx00000OHTCbMAP,001Px00000VvhtdIAB,Law.com CSM
01MPx00000OHTCdMAP,001Px00000Vvo94IAB,Law.com CSM
01MPx00000OHTCeMAP,0016g00001AOU8JAAX,PI CSM
01MPx00000OHTChMAP,0016g00001ANm2iAAD,PI CSM
01MPx00000OHTCiMAP,0016g00001ANlxUAAT,E&I CSM
01MPx00000OHTCjMAP,001Px00000VvXPxIAN,Law.com CSM
01MPx00000OHTClMAP,0016g00001ANm12AAD,PI CSM
01MPx00000OHTCnMAP,0014L00000lPmpFQAS,E&I CSM
01MPx00000OHTCoMAP,001Tm00000AGSYuIAP,E&I CSM
01MPx00000OHTCpMAP,0016g00001ANlzKAAT,E&I CSM
01MPx00000OHTCqMAP,0016g00001ANyWfAAL,PI CSM
01MPx00000OHTCtMAP,0016g00001ANyF8AAL,E&I CSM
01MPx00000OHTCuMAP,001Px00000Vvam9IAB,Law.com CSM
01MPx00000OHTCwMAP,001Tm00000IrfgzIAB,PI CSM
01MPx00000OHTCxMAP,0016g00001ANyK9AAL,PI CSM
01MPx00000OHTCyMAP,001Tm000004QVYvIAO,PI CSM
01MPx00000OHTD0MAP,001Px00000Xs1VWIAZ,Law.com CSM
01MPx00000OHTD1MAP,0016g00001ANyDAAA1,PI CSM
01MPx00000OHTD2MAP,0014L00000hzn17QAA,PI CSM
01MPx00000OHTD3MAP,001Tm00000MEPmLIAX,Law.com CSM
01MPx00000OHTD4MAP,0016g00001ANyZpAAL,E&I CSM
01MPx00000OHTD5MAP,001Tm00000FiqwjIAB,PI CSM
01MPx00000OHTD6MAP,0016g00001ANy9vAAD,PI CSM
01MPx00000OHTD7MAP,0016g00001ANyDPAA1,PI CSM
01MPx00000OHTDBMA5,0016g00001ANyS5AAL,E&I CSM
01MPx00000OHTDCMA5,0016g00001ANyL7AAL,PI CSM
01MPx00000OHTDDMA5,001Px00000VviUfIAJ,Law.com CSM
01MPx00000OHTDGMA5,001Px00000VvVF8IAN,Law.com CSM
01MPx00000OHTDJMA5,001Tm00000NrK6cIAF,PI CSM
01MPx00000OHTDLMA5,0016g00001AOAeEAAX,PI CSM
01MPx00000OHTDNMA5,0016g00001ANwEgAAL,E&I CSM
01MPx00000OHTDOMA5,001Px00000Xs1VXIAZ,Law.com CSM
01MPx00000OHTDPMA5,0016g00001ANyDwAAL,PI CSM
01MPx00000OHTDRMA5,0016g00001ANy9BAAT,PI CSM
01MPx00000OHTDSMA5,0016g00001ANyMkAAL,PI CSM
01MPx00000OHTDTMA5,0016g00001ANy41AAD,PI CSM
01MPx00000OHTDVMA5,0016g00001ANyabAAD,PI CSM
01MPx00000OHTDWMA5,0014L00000k3wtqQAA,PI CSM
01MPx00000OHTDXMA5,0016g00001ANyI6AAL,PI CSM
01MPx00000OHTDYMA5,001Tm0000063DlGIAU,E&I CSM
01MPx00000OHTDbMAP,0016g00001AOS9TAAX,PI CSM
01MPx00000OHTDgMAP,0016g00001ANyeHAAT,PI CSM
01MPx00000OHTDhMAP,0016g00001ANyZwAAL,PI CSM
01MPx00000OHTDiMAP,0016g00001ANyIaAAL,PI CSM
01MPx00000OHTDkMAP,0016g00001ANuXgAAL,E&I CSM
01MPx00000OHTDlMAP,001Tm00000CcXSOIA3,E&I CSM
01MPx00000OHTDmMAP,0014L00000IIkI1QAL,PI CSM
01MPx00000OHTDoMAP,001Px00000VvfAQIAZ,Law.com CSM
01MPx00000OHTDpMAP,001Px00000VvR69IAF,Law.com CSM
01MPx00000OHTDqMAP,001Px00000VvdHRIAZ,Law.com CSM
01MPx00000OHTDrMAP,001Px00000VvZ4xIAF,Law.com CSM
01MPx00000OHTDsMAP,0016g00001ANxxUAAT,E&I CSM
01MPx00000OHTDtMAP,0016g00001ANyaOAAT,E&I CSM
01MPx00000OHTDuMAP,001Tm00000LfmJEIAZ,PI CSM
01MPx00000OHTDvMAP,0016g00001ANyk5AAD,PI CSM
01MPx00000OHTDxMAP,0016g00001ANyGFAA1,E&I CSM
01MPx00000OHTDyMAP,001Px00000VvPUxIAN,Law.com CSM
01MPx00000OHTDzMAP,0014L00000mAGYdQAO,PI CSM
01MPx00000OHTE0MAP,0016g00001ANy9aAAD,E&I CSM
01MPx00000OHTE1MAP,0016g00001ANyePAAT,E&I CSM
01MPx00000OHTE3MAP,0016g00001ANyFIAA1,PI CSM
01MPx00000OHTE4MAP,001Px00000Vvb8CIAR,Law.com CSM
01MPx00000OHTE5MAP,001Tm00000EHVfHIAX,PI CSM
01MPx00000OHTE6MAP,0016g00001ANyJgAAL,PI CSM
01MPx00000OHTE8MAP,0016g00001ANxz3AAD,E&I CSM
01MPx00000OHTEAMA5,001Tm00000MtMASIA3,Law.com CSM
01MPx00000OHTECMA5,001Tm00000PY2FWIA1,PI CSM
01MPx00000OHTEEMA5,0016g00001ANy1uAAD,E&I CSM
01MPx00000OHTEFMA5,0016g00001ANy2VAAT,E&I CSM
01MPx00000OHTEGMA5,0016g00001ANyEtAAL,PI CSM
01MPx00000OHTKpMAP,001Tm000009oDhiIAE,E&I CSM
01MPx00000OHTKqMAP,001Tm0000078ePHIAY,E&I CSM
01MPx00000OHTKrMAP,0016g00001AOJsJAAX,PI CSM
01MPx00000OHTKsMAP,001Px00000VvpwKIAR,Law.com CSM
01MPx00000OHTKuMAP,0016g00001AOK2qAAH,PI CSM
01MPx00000OHTKvMAP,001Px00000VvOYtIAN,Law.com CSM
01MPx00000OHTKwMAP,0016g00001AO6RAAA1,PI CSM
01MPx00000OHTKxMAP,0016g00001AOJiSAAX,E&I CSM
01MPx00000OHTKyMAP,001Px00000XsiZ2IAJ,Law.com CSM
01MPx00000OHTL1MAP,0016g00001AOJmQAAX,PI CSM
01MPx00000OHTL4MAP,0016g00001AOJe3AAH,Law.com CSM
01MPx00000OHTL5MAP,0016g00001AOKZXAA5,PI CSM
01MPx00000OHTL6MAP,0014L00000OFQmkQAH,PI CSM
01MPx00000OHTL7MAP,0016g00001AOK5xAAH,E&I CSM
01MPx00000OHTL9MAP,0016g00001AOKFxAAP,E&I CSM
01MPx00000OHTLAMA5,0016g00001AOK1QAAX,PI CSM
01MPx00000OHTLBMA5,0016g00001AOJhIAAX,E&I CSM
01MPx00000OHTLCMA5,001Tm00000Kl5AUIAZ,PI CSM
01MPx00000OHTLDMA5,0016g00001AOKbaAAH,PI CSM
01MPx00000OHTLEMA5,0016g00001AOKVpAAP,PI CSM
01MPx00000OHTLFMA5,001Tm00000LriYIIAZ,E&I CSM
01MPx00000OHTLJMA5,001Tm00000AFhEzIAL,E&I CSM
01MPx00000OHTLMMA5,0014L00000f3304QAA,E&I CSM
01MPx00000OHTLNMA5,001Tm00000AYuRsIAL,PI CSM
01MPx00000OHTLOMA5,0016g00001AOJc3AAH,PI CSM
01MPx00000OHTLPMA5,0014L00000KARm4QAH,PI CSM
01MPx00000OHTLQMA5,001Px00000VvkRyIAJ,Law.com CSM
01MPx00000OHTLRMA5,001Px00000VvhX2IAJ,Law.com CSM
01MPx00000OHTLSMA5,0016g00001ANyKkAAL,PI CSM
01MPx00000OHTLTMA5,001Px00000VyNGiIAN,Law.com CSM
01MPx00000OHTLUMA5,0016g00001AOK1dAAH,PI CSM
01MPx00000OHTLVMA5,0016g00001AOKacAAH,Law.com CSM
01MPx00000OHTLWMA5,0016g00001AOKFFAA5,PI CSM
01MPx00000OHTLXMA5,0016g00001AOJbmAAH,E&I CSM
01MPx00000OHTLYMA5,001Px00000Vvq3FIAR,Law.com CSM
01MPx00000OHTLZMA5,0014L00000K7k4IQAR,PI CSM
01MPx00000OHTLaMAP,0016g00001AOKKpAAP,E&I CSM
01MPx00000OHTLbMAP,001Tm00000BXbQhIAL,E&I CSM
01MPx00000OHTLcMAP,001Px00000VvrzLIAR,Law.com CSM
01MPx00000OHTLdMAP,0016g00001AOJmlAAH,E&I CSM
01MPx00000OHTLfMAP,001Px00000ZAbTbIAL,PI CSM
01MPx00000OHTLgMAP,0016g00001AOK5dAAH,PI CSM
01MPx00000OHTLhMAP,001Tm00000MtRalIAF,Law.com CSM
01MPx00000OHTLjMAP,0016g00001AOY7PAAX,PI CSM
01MPx00000OHTLlMAP,0016g00001AOK5jAAH,PI CSM
01MPx00000OHTLmMAP,0014L00000WFUquQAH,Law.com CSM
01MPx00000OHTLnMAP,001Px00000VvZRyIAN,Law.com CSM
01MPx00000OHTLoMAP,0016g00001AOKM6AAP,E&I CSM
01MPx00000OHTLqMAP,001Tm000007Bvv3IAC,PI CSM
01MPx00000OHTLsMAP,0016g00001AOKOZAA5,PI CSM
01MPx00000OHTLtMAP,001Px00000Vvg5bIAB,Law.com CSM
01MPx00000OHTLvMAP,001Px00000VvPW3IAN,Law.com CSM
01MPx00000OHTLwMAP,001Tm00000FO77qIAD,E&I CSM
01MPx00000OHTLxMAP,0016g00001AOJfDAAX,PI CSM
01MPx00000OHTLzMAP,0016g00001AOJd0AAH,E&I CSM
01MPx00000OHTM0MAP,001Px00000VveHoIAJ,Law.com CSM
01MPx00000OHTM1MAP,001Px00000VvqT3IAJ,Law.com CSM
01MPx00000OHTM3MAP,0016g00001AOKYCAA5,E&I CSM
01MPx00000OHTM4MAP,001Tm000007oQL4IAM,E&I CSM
01MPx00000OHTM5MAP,0016g00001AOJlfAAH,PI CSM
01MPx00000OHTM6MAP,001Px00000XsiZ4IAJ,Law.com CSM
01MPx00000OHTM8MAP,0016g00001AOKG4AAP,E&I CSM
01MPx00000OHTM9MAP,001Px00000Vvb8IIAR,Law.com CSM
01MPx00000OHTMBMA5,0016g00001AOK1nAAH,PI CSM
01MPx00000OHTMCMA5,0016g00001AOK2LAAX,PI CSM
01MPx00000OHTMDMA5,0014L00000k2d41QAA,E&I CSM
01MPx00000OHTMEMA5,0016g00001AOK69AAH,PI CSM
01MPx00000OHTMGMA5,001Tm00000MtWIWIA3,Law.com CSM
01MPx00000OHTMHMA5,001Px00000Vvi6FIAR,Law.com CSM
01MPx00000OHTMJMA5,0016g00001AO8vmAAD,PI CSM
01MPx00000OHTMKMA5,0016g00001AOKOgAAP,E&I CSM
01MPx00000OHTfqMAH,001Px00000Uoh6vIAB,PI CSM
01MPx00000OHTfrMAH,001Px00000VvOZkIAN,Law.com CSM
01MPx00000OHTfsMAH,0016g00001AOD5nAAH,E&I CSM
01MPx00000OHTftMAH,0016g00001AOI83AAH,PI CSM
01MPx00000OHTfuMAH,0016g00001AOII2AAP,E&I CSM
01MPx00000OHTfvMAH,0016g00001AOF8ZAAX,E&I CSM
01MPx00000OHTfwMAH,0014L00000ILZ2vQAH,PI CSM
01MPx00000OHTfxMAH,0016g00001AOIWSAA5,E&I CSM
01MPx00000OHTfyMAH,001Px00000Vvih6IAB,Law.com CSM
01MPx00000OHTfzMAH,001Tm00000BY0VWIA1,PI CSM
01MPx00000OHTg0MAH,0016g00001AOIeZAAX,E&I CSM
01MPx00000OHTg1MAH,0014L00000pBIBcQAO,E&I CSM
01MPx00000OHTg2MAH,001Px00000VvOYmIAN,Law.com CSM
01MPx00000OHTg3MAH,0014L00000AzCQvQAN,PI CSM
01MPx00000OHTg4MAH,001Px00000Vvmi9IAB,Law.com CSM
01MPx00000OHTg5MAH,0016g00001AOIFcAAP,PI CSM
01MPx00000OHTg7MAH,0016g00001AOIAzAAP,PI CSM
01MPx00000OHTg9MAH,0014L00000IJ3bWQAT,E&I CSM
01MPx00000OHTgAMAX,0016g00001AOIN3AAP,E&I CSM
01MPx00000OHTgCMAX,001Px00000VvuS2IAJ,Law.com CSM
01MPx00000OHTgDMAX,0016g00001AOIXlAAP,E&I CSM
01MPx00000OHTgEMAX,0016g00001AOIRyAAP,PI CSM
01MPx00000OHTgFMAX,0016g00001AOIRmAAP,PI CSM
01MPx00000OHTgGMAX,001Px00000Vvid3IAB,Law.com CSM
01MPx00000OHTgHMAX,0016g00001AOINRAA5,E&I CSM
01MPx00000OHTgIMAX,001Px00000Vvid9IAB,Law.com CSM
01MPx00000OHTgMMAX,0016g00001AOILWAA5,PI CSM
01MPx00000OHTgNMAX,001Tm000001MEtQIAW,E&I CSM
01MPx00000OHTgPMAX,001Px00000VvmsvIAB,Law.com CSM
01MPx00000OHTgQMAX,0016g00001AOHsvAAH,E&I CSM
01MPx00000OHTgRMAX,001Tm00000JciUyIAJ,E&I CSM
01MPx00000OHTgSMAX,0016g00001AOIY3AAP,PI CSM
01MPx00000OHTgTMAX,0016g00001AOHyJAAX,E&I CSM
01MPx00000OHTgUMAX,0016g00001AOI89AAH,PI CSM
01MPx00000OHTgVMAX,0016g00001AOIENAA5,PI CSM
01MPx00000OHTgWMAX,0016g00001AOICkAAP,E&I CSM
01MPx00000OHTgXMAX,0016g00001AOIDaAAP,PI CSM
01MPx00000OHTgZMAX,001Px00000Vvk24IAB,E&I CSM
01MPx00000OHTgbMAH,001Px00000XsVeHIAV,Law.com CSM
01MPx00000OHTgeMAH,0016g00001AOHwMAAX,PI CSM
01MPx00000OHTgfMAH,0016g00001AOIN7AAP,PI CSM
01MPx00000OHTghMAH,0016g00001AOIRhAAP,PI CSM
01MPx00000OHTgiMAH,0016g00001AOIAoAAP,E&I CSM
01MPx00000OHTgjMAH,001Tm00000AbWj7IAF,PI CSM
01MPx00000OHTgkMAH,0016g00001AOICIAA5,E&I CSM
01MPx00000OHTglMAH,0016g00001AOIg2AAH,PI CSM
01MPx00000OHTgmMAH,001Tm00000MEPYqIAP,Law.com CSM
01MPx00000OHTgnMAH,0016g00001AOICTAA5,E&I CSM
01MPx00000OHTgoMAH,0016g00001AOHvCAAX,PI CSM
01MPx00000OHTgpMAH,001Px00000VvPqjIAF,Law.com CSM
01MPx00000OHTgqMAH,001Px00000Vvmn9IAB,Law.com CSM
01MPx00000OHTgrMAH,0016g00001AOIJ7AAP,E&I CSM
01MPx00000OHTgsMAH,001Px00000Vva8SIAR,Law.com CSM
01MPx00000OHTgtMAH,0014L00000XNyFTQA1,PI CSM
01MPx00000OHTguMAH,0014L00000iu3OUQAY,E&I CSM
01MPx00000OHTgvMAH,0016g00001AOIMdAAP,PI CSM
01MPx00000OHTgwMAH,0016g00001AOISlAAP,E&I CSM
01MPx00000OHTgxMAH,0016g00001AOIE1AAP,PI CSM
01MPx00000OHTgyMAH,0014L00000IJvlEQAT,E&I CSM
01MPx00000OHTgzMAH,0016g00001AOIZIAA5,E&I CSM
01MPx00000OHTh0MAH,0016g00001AOIZuAAP,PI CSM
01MPx00000OHTh1MAH,0016g00001AOIcLAAX,E&I CSM
01MPx00000OHTh4MAH,0014L00000WuIQfQAN,PI CSM
01MPx00000OHTh5MAH,0014L00000mBdufQAC,E&I CSM
01MPx00000OHTh8MAH,0016g00001AOINhAAP,E&I CSM
01MPx00000OHTh9MAH,0014L00000K9a9EQAR,E&I CSM
01MPx00000OHThBMAX,0016g00001AOI6gAAH,E&I CSM
01MPx00000OHThCMAX,001Tm00000MENLYIA5,Law.com CSM
01MPx00000OHThDMAX,0016g00001AOIYdAAP,PI CSM
01MPx00000OHThEMAX,0016g00001AO53GAAT,E&I CSM
01MPx00000OHThFMAX,001Tm00000BIsd8IAD,E&I CSM
01MPx00000OHThGMAX,0016g00001AOIYaAAP,E&I CSM
01MPx00000OHThHMAX,0016g00001AOIJfAAP,E&I CSM
01MPx00000OHThIMAX,001Tm000006xy6LIAQ,PI CSM
01MPx00000OHU2MMAX,001Px00000XsUeCIAV,Law.com CSM
01MPx00000OHU8rMAH,0016g00001ANlu2AAD,PI CSM
01MPx00000OHU8sMAH,0016g00001ANt3wAAD,PI CSM
01MPx00000OHU8uMAH,0016g00001ANtHkAAL,PI CSM
01MPx00000OHU8vMAH,001Px00000VvFYlIAN,Law.com CSM
01MPx00000OHU8wMAH,001Px00000VviU6IAJ,Law.com CSM
01MPx00000OHU8xMAH,0016g00001ANtKVAA1,PI CSM
01MPx00000OHU90MAH,001Px00000VvalXIAR,Law.com CSM
01MPx00000OHU91MAH,0016g00001ANszwAAD,E&I CSM
01MPx00000OHU92MAH,0016g00001ANtWcAAL,PI CSM
01MPx00000OHU93MAH,0016g00001ANtMiAAL,PI CSM
01MPx00000OHU95MAH,0016g00001ANrNIAA1,PI CSM
01MPx00000OHU98MAH,0016g00001ANt12AAD,PI CSM
01MPx00000OHU9DMAX,0016g00001ANta5AAD,PI CSM
01MPx00000OHU9HMAX,001Px00000XsUq5IAF,Law.com CSM
01MPx00000OHU9IMAX,001Px00000VvgtZIAR,Law.com CSM
01MPx00000OHU9JMAX,0014L00000Nag28QAB,E&I CSM
01MPx00000OHU9LMAX,0016g00001ANtAhAAL,E&I CSM
01MPx00000OHU9MMAX,0016g00001ANtbUAAT,PI CSM
01MPx00000OHU9NMAX,001Px00000Vvh2RIAR,Law.com CSM
01MPx00000OHU9OMAX,0016g00001ANsv7AAD,PI CSM
01MPx00000OHU9RMAX,0016g00001ANsvLAAT,PI CSM
01MPx00000OHU9TMAX,0016g00001ANtOpAAL,PI CSM
01MPx00000OHU9WMAX,0016g00001ANtCfAAL,PI CSM
01MPx00000OHU9ZMAX,001Px00000XsUqGIAV,Law.com CSM
01MPx00000OHU9bMAH,0016g00001ANswZAAT,PI CSM
01MPx00000OHU9cMAH,001Px00000XsUq6IAF,Law.com CSM
01MPx00000OHU9dMAH,0016g00001ANtVqAAL,PI CSM
01MPx00000OHU9iMAH,0014L00000lOusDQAS,PI CSM
01MPx00000OHU9jMAH,0014L00000Dj7RDQAZ,E&I CSM
01MPx00000OHU9nMAH,0016g00001ANszVAAT,E&I CSM
01MPx00000OHU9qMAH,0016g00001ANtYLAA1,E&I CSM
01MPx00000OHU9rMAH,0016g00001ANt4WAAT,E&I CSM
01MPx00000OHU9sMAH,0016g00001ANt4rAAD,PI CSM
01MPx00000OHU9uMAH,001Px00000VvLdIIAV,Law.com CSM
01MPx00000OHU9wMAH,001Px00000XsUq9IAF,Law.com CSM
01MPx00000OHU9xMAH,001Px00000Vvn6yIAB,Law.com CSM
01MPx00000OHU9zMAH,0016g00001ANt9FAAT,E&I CSM
01MPx00000OHUA0MAP,0016g00001ANtJcAAL,PI CSM
01MPx00000OHUA1MAP,0016g00001ANsuxAAD,PI CSM
01MPx00000OHUA4MAP,001Px00000XsUpzIAF,Law.com CSM
01MPx00000OHUA5MAP,0016g00001AOaY0AAL,E&I CSM
01MPx00000OHUA6MAP,001Tm000007pNcrIAE,E&I CSM
01MPx00000OHUA7MAP,001Px00000XOof0IAD,PI CSM
01MPx00000OHUA9MAP,0016g00001ANszsAAD,E&I CSM
01MPx00000OHUAAMA5,001Tm000005uzxDIAQ,PI CSM
01MPx00000OHUABMA5,001Px00000VvgJUIAZ,Law.com CSM
01MPx00000OHUACMA5,001Px00000VwMiCIAV,Law.com CSM
01MPx00000OHUADMA5,0016g00001ANsuOAAT,PI CSM
01MPx00000OHUAEMA5,0016g00001ANtb8AAD,E&I CSM
01MPx00000OHUAFMA5,0016g00001ANt2BAAT,E&I CSM
01MPx00000OHUAHMA5,0014L00000mAotHQAS,E&I CSM
01MPx00000OHUAKMA5,0016g00001ANszUAAT,E&I CSM
01MPx00000OHUgdMAH,0014L00000XQJI5QAP,PI CSM
01MPx00000OHUgeMAH,001Px00000VwWENIA3,E&I CSM
01MPx00000OHUgfMAH,0016g00001AOfS6AAL,PI CSM
01MPx00000OHUggMAH,0016g00001AOeqeAAD,PI CSM
01MPx00000OHUghMAH,0016g00001AOffLAAT,PI CSM
01MPx00000OHUgiMAH,001Tm00000O93TyIAJ,E&I CSM
01MPx00000OHUgjMAH,0014L00000nrj4HQAQ,PI CSM
01MPx00000OHUgkMAH,0016g00001AOfXAAA1,PI CSM
01MPx00000OHUglMAH,0014L00000klv8IQAQ,PI CSM
01MPx00000OHUgmMAH,0016g00001AOf5BAAT,E&I CSM
01MPx00000OHUgnMAH,0016g00001AOfCAAA1,E&I CSM
01MPx00000OHUgoMAH,001Tm00000EkD8fIAF,PI CSM
01MPx00000OHUgpMAH,0016g00001AOf5FAAT,PI CSM
01MPx00000OHUgqMAH,0014L00000VwwohQAB,PI CSM
01MPx00000OHUgrMAH,0016g00001AOfIYAA1,PI CSM
01MPx00000OHUgsMAH,001Tm00000CnIrNIAV,PI CSM
01MPx00000OHUgtMAH,0014L00000IIWpnQAH,E&I CSM
01MPx00000OHUgwMAH,001Px00000VvhWLIAZ,Law.com CSM
01MPx00000OHUgxMAH,0016g00001AOfAvAAL,PI CSM
01MPx00000OHUh1MAH,0014L00000FHzm8QAD,E&I CSM
01MPx00000OHUh4MAH,0016g00001AOf4YAAT,E&I CSM
01MPx00000OHUh5MAH,001Px00000VvgspIAB,Law.com CSM
01MPx00000OHUh6MAH,0014L00000K87sBQAR,PI CSM
01MPx00000OHUhAMAX,0016g00001AOfVDAA1,E&I CSM
01MPx00000OHUhCMAX,0016g00001AOfQvAAL,PI CSM
01MPx00000OHUhDMAX,0016g00001AOezhAAD,E&I CSM
01MPx00000OHUhEMAX,0016g00001AOfCbAAL,E&I CSM
01MPx00000OHUhGMAX,0016g00001AOezYAAT,Law.com CSM
01MPx00000OHUhHMAX,0016g00001AOf6VAAT,E&I CSM
01MPx00000OHUhIMAX,0016g00001AOfRuAAL,PI CSM
01MPx00000OHUhJMAX,0016g00001AOfXqAAL,E&I CSM
01MPx00000OHUhKMAX,001Tm00000C5MXGIA3,PI CSM
01MPx00000OHUhLMAX,0016g00001AOf7RAAT,PI CSM
01MPx00000OHUhMMAX,0016g00001AOfKtAAL,PI CSM
01MPx00000OHUhNMAX,001Px00000VvhssIAB,Law.com CSM
01MPx00000OHUhOMAX,0016g00001AOfgcAAD,PI CSM
01MPx00000OHUhPMAX,0016g00001AOfRGAA1,PI CSM
01MPx00000OHUhQMAX,0016g00001AOfbIAAT,E&I CSM
01MPx00000OHUhTMAX,001Tm000008dWUrIAM,E&I CSM
01MPx00000OHUhUMAX,0016g00001AOevUAAT,PI CSM
01MPx00000OHUhVMAX,0016g00001AOeyoAAD,E&I CSM
01MPx00000OHUhZMAX,0016g00001AOf37AAD,PI CSM
01MPx00000OHUhaMAH,0016g00001AOf6DAAT,PI CSM
01MPx00000OHUhbMAH,001Tm00000JcGC8IAN,PI CSM
01MPx00000OHUhcMAH,001Tm00000G5F8UIAV,E&I CSM
01MPx00000OHUhdMAH,001Px00000VvYdIIAV,Law.com CSM
01MPx00000OHUheMAH,0014L00000lQAC4QAO,PI CSM
01MPx00000OHUhfMAH,0016g00001AOMFgAAP,PI CSM
01MPx00000OHUhgMAH,001Px00000VvbcmIAB,Law.com CSM
01MPx00000OHUhiMAH,0016g00001AOeyCAAT,E&I CSM
01MPx00000OHUhjMAH,0016g00001AOfDqAAL,E&I CSM
01MPx00000OHUhkMAH,0016g00001AOfZ1AAL,PI CSM
01MPx00000OHUhlMAH,0016g00001AOfbSAAT,PI CSM
01MPx00000OHUhpMAH,001Tm00000MEIZyIAP,Law.com CSM
01MPx00000OHUhrMAH,0016g00001AOfVuAAL,PI CSM
01MPx00000OHUhsMAH,0016g00001AOfWVAA1,PI CSM
01MPx00000OHUhtMAH,0016g00001AOfh9AAD,PI CSM
01MPx00000OHUhuMAH,001Tm00000MJpS5IAL,PI CSM
01MPx00000OHUhvMAH,0016g00001AOfgqAAD,PI CSM
01MPx00000OHUhwMAH,0016g00001AOfhZAAT,PI CSM
01MPx00000OHUhxMAH,0016g00001AOfiDAAT,E&I CSM
01MPx00000OHUhyMAH,001Tm000005Hwb0IAC,PI CSM
01MPx00000OHUhzMAH,0016g00001AOfXdAAL,PI CSM
01MPx00000OHUi0MAH,0016g00001AOfEyAAL,E&I CSM
01MPx00000OHUi1MAH,0016g00001AOf2DAAT,E&I CSM
01MPx00000OHUi2MAH,0014L00000dmzruQAA,PI CSM
01MPx00000OHUi3MAH,0016g00001AOfA3AAL,PI CSM
01MPx00000OHUi4MAH,0016g00001AOfOSAA1,E&I CSM
01MPx00000OHUi5MAH,0016g00001AOfIrAAL,E&I CSM
01MPx00000OHUi8MAH,0016g00001AOfGnAAL,PI CSM
01MPx00000OHUi9MAH,001Px00000Vvav2IAB,Law.com CSM
01MPx00000OHUvBMAX,0016g00001ANp6PAAT,E&I CSM
01MPx00000OHUvCMAX,001Px00000VvTiSIAV,Law.com CSM
01MPx00000OHUvDMAX,001Px00000VvbOrIAJ,E&I CSM
01MPx00000OHUvEMAX,001Px00000XsUf1IAF,Law.com CSM
01MPx00000OHUvFMAX,0016g00001ANp5cAAD,PI CSM
01MPx00000OHUvGMAX,001Tm000003Dy9WIAS,E&I CSM
01MPx00000OHUvHMAX,0016g00001ANpUJAA1,PI CSM
01MPx00000OHUvIMAX,0016g00001ANpswAAD,PI CSM
01MPx00000OHUvJMAX,001Px00000VvvWTIAZ,Law.com CSM
01MPx00000OHUvKMAX,0014L00000WFw3yQAD,PI CSM
01MPx00000OHUvLMAX,0016g00001ANpDkAAL,E&I CSM
01MPx00000OHUvNMAX,001Tm00000GEftLIAT,E&I CSM
01MPx00000OHUvOMAX,0016g00001ANpneAAD,PI CSM
01MPx00000OHUvQMAX,001Px00000VvZO8IAN,Law.com CSM
01MPx00000OHUvSMAX,001Tm00000MERP2IAP,Law.com CSM
01MPx00000OHUvTMAX,001Tm00000EiwOXIAZ,PI CSM
01MPx00000OHUvUMAX,001Tm00000K3hL6IAJ,PI CSM
01MPx00000OHUvVMAX,0016g00001ANpSmAAL,E&I CSM
01MPx00000OHUvWMAX,0016g00001ANpjUAAT,PI CSM
01MPx00000OHUvXMAX,0016g00001AOATyAAP,PI CSM
01MPx00000OHUvYMAX,0016g00001ANpNpAAL,E&I CSM
01MPx00000OHUvZMAX,001Px00000VvOZzIAN,Law.com CSM
01MPx00000OHUvaMAH,0016g00001ANpU2AAL,PI CSM
01MPx00000OHUvbMAH,0016g00001ANpMhAAL,PI CSM
01MPx00000OHUvcMAH,0016g00001ANpZJAA1,E&I CSM
01MPx00000OHUvdMAH,001Px00000WkS28IAF,PI CSM
01MPx00000OHUveMAH,0016g00001ANprjAAD,PI CSM
01MPx00000OHUvhMAH,0016g00001ANpsWAAT,PI CSM
01MPx00000OHUviMAH,0016g00001ANpD9AAL,PI CSM
01MPx00000OHUvjMAH,0014L00000Wu1dzQAB,PI CSM
01MPx00000OHUvkMAH,0016g00001ANp5kAAD,PI CSM
01MPx00000OHUvlMAH,0016g00001ANpfZAAT,PI CSM
01MPx00000OHUvnMAH,0016g00001ANpDTAA1,PI CSM
01MPx00000OHUvpMAH,001Px00000VvdHSIAZ,Law.com CSM
01MPx00000OHUvqMAH,0016g00001ANpMoAAL,PI CSM
01MPx00000OHUvrMAH,0016g00001ANpfHAAT,PI CSM
01MPx00000OHUvsMAH,001Px00000Vvsy9IAB,PI CSM
01MPx00000OHUvtMAH,001Px00000VvcYtIAJ,Law.com CSM
01MPx00000OHUvvMAH,001Px00000Vvgt7IAB,Law.com CSM
01MPx00000OHUvwMAH,001Px00000VvtMTIAZ,PI CSM
01MPx00000OHUvxMAH,001Px00000XsUfBIAV,Law.com CSM
01MPx00000OHUvyMAH,0016g00001ANp2cAAD,E&I CSM
01MPx00000OHUvzMAH,0016g00001ANp9uAAD,E&I CSM
01MPx00000OHUw2MAH,0016g00001ANpgaAAD,PI CSM
01MPx00000OHUw3MAH,0016g00001ANpgLAAT,E&I CSM
01MPx00000OHUw4MAH,0016g00001WDxX9AAL,E&I CSM
01MPx00000OHUw6MAH,001Px00000Vvi6DIAR,Law.com CSM
01MPx00000OHUwAMAX,0016g00001ANpojAAD,PI CSM
01MPx00000OHUwFMAX,0016g00001ANpoXAAT,PI CSM
01MPx00000OHUwHMAX,0016g00001ANpWsAAL,PI CSM
01MPx00000OHUwIMAX,001Px00000VvtN9IAJ,E&I CSM
01MPx00000OHUwKMAX,0016g00001ANplrAAD,PI CSM
01MPx00000OHUwLMAX,0016g00001ANpNAAA1,PI CSM
01MPx00000OHUwMMAX,0016g00001ANpCnAAL,E&I CSM
01MPx00000OHUwOMAX,001Tm00000A94ZhIAJ,PI CSM
01MPx00000OHUwPMAX,0016g00001ANp6NAAT,E&I CSM
01MPx00000OHUwQMAX,0016g00001ANprfAAD,PI CSM
01MPx00000OHUwSMAX,0016g00001ANpgTAAT,PI CSM
01MPx00000OHUwTMAX,0016g00001AORawAAH,E&I CSM
01MPx00000OHUwUMAX,0016g00001ANpCWAA1,E&I CSM
01MPx00000OHUwVMAX,001Px00000VvNVDIA3,E&I CSM
01MPx00000OHUwWMAX,0014L00000VYo9NQAT,PI CSM
01MPx00000OHUwXMAX,0016g00001AOaGTAA1,PI CSM
01MPx00000OHUwYMAX,0016g00001ANpLvAAL,PI CSM
01MPx00000OHUwZMAX,0014L00000XQUv7QAH,PI CSM
01MPx00000OHUwaMAH,0014L00000k3pSOQAY,PI CSM
01MPx00000OHUwbMAH,0014L00000TyjrPQAR,E&I CSM
01MPx00000OHUwdMAH,0016g00001ANpOFAA1,PI CSM
01MPx00000OHV4pMAH,0016g00001ANlbEAAT,E&I CSM
01MPx00000OHVOBMA5,0016g00001AOQMdAAP,PI CSM
01MPx00000OHVOCMA5,001Tm00000IPavbIAD,PI CSM
01MPx00000OHVOHMA5,001Px00000VvcSKIAZ,Law.com CSM
01MPx00000OHVOIMA5,0016g00001AOQ8QAAX,PI CSM
01MPx00000OHVOKMA5,0016g00001AOQRfAAP,PI CSM
01MPx00000OHVOLMA5,0016g00001AOQRlAAP,PI CSM
01MPx00000OHVOMMA5,0016g00001AOQSJAA5,E&I CSM
01MPx00000OHVOOMA5,001Px00000VvhtXIAR,Law.com CSM
01MPx00000OHVOPMA5,0016g00001AOQfFAAX,E&I CSM
01MPx00000OHVOQMA5,0016g00001AOVz6AAH,E&I CSM
01MPx00000OHVORMA5,0016g00001AOQZXAA5,PI CSM
01MPx00000OHVOTMA5,0016g00001AOR2IAAX,PI CSM
01MPx00000OHVOVMA5,0016g00001AOQkgAAH,PI CSM
01MPx00000OHVOXMA5,001Px00000Xsg2DIAR,Law.com CSM
01MPx00000OHVOYMA5,0016g00001AOAfYAAX,E&I CSM
01MPx00000OHVOZMA5,001Px00000Vvc5UIAR,Law.com CSM
01MPx00000OHVObMAP,0016g00001AORlHAAX,E&I CSM
01MPx00000OHVOdMAP,0016g00001AOQokAAH,E&I CSM
01MPx00000OHVOfMAP,001Tm00000IFadWIAT,PI CSM
01MPx00000OHVOgMAP,0016g00001AOR3MAAX,PI CSM
01MPx00000OHVOiMAP,0014L00000lPWFjQAO,E&I CSM
01MPx00000OHVOjMAP,001Tm00000Gd8BDIAZ,E&I CSM
01MPx00000OHVOlMAP,001Tm00000LyNVXIA3,PI CSM
01MPx00000OHVOmMAP,0016g00001AOQ6mAAH,PI CSM
01MPx00000OHVOnMAP,0014L00000XQ2B9QAL,E&I CSM
01MPx00000OHVOoMAP,0016g00001AOR44AAH,E&I CSM
01MPx00000OHVOpMAP,0016g00001AOQEJAA5,E&I CSM
01MPx00000OHVOuMAP,0016g00001AOaLhAAL,PI CSM
01MPx00000OHVOvMAP,001Px00000VvpKgIAJ,Law.com CSM
01MPx00000OHVOwMAP,001Px00000Xsku7IAB,Law.com CSM
01MPx00000OHVOxMAP,001Px00000Xsg2NIAR,Law.com CSM
01MPx00000OHVOyMAP,0016g00001AOQ9oAAH,E&I CSM
01MPx00000OHVOzMAP,0016g00001ANxtdAAD,PI CSM
01MPx00000OHVP0MAP,001Px00000VvkRjIAJ,Law.com CSM
01MPx00000OHVP1MAP,001Px00000VvpKaIAJ,E&I CSM
01MPx00000OHVP2MAP,0016g00001AOQf5AAH,E&I CSM
01MPx00000OHVP3MAP,0016g00001AOQGZAA5,PI CSM
01MPx00000OHVP4MAP,0016g00001AOQseAAH,PI CSM
01MPx00000OHVP6MAP,001Px00000VvThtIAF,Law.com CSM
01MPx00000OHVP7MAP,0016g00001AOQwGAAX,PI CSM
01MPx00000OHVP8MAP,0016g00001AOQkCAAX,PI CSM
01MPx00000OHVP9MAP,0016g00001AOQKuAAP,E&I CSM
01MPx00000OHVPAMA5,0016g00001AOQllAAH,E&I CSM
01MPx00000OHVPBMA5,0014L00000m9kVqQAI,PI CSM
01MPx00000OHVPDMA5,001Tm00000MEM8KIAX,Law.com CSM
01MPx00000OHVPEMA5,0016g00001AOQXAAA5,PI CSM
01MPx00000OHVPGMA5,0016g00001AOQdcAAH,PI CSM
01MPx00000OHVPHMA5,0014L00000FFmMkQAL,E&I CSM
01MPx00000OHVPIMA5,0016g00001AOQCJAA5,E&I CSM
01MPx00000OHVPJMA5,0016g00001AOQIUAA5,PI CSM
01MPx00000OHVPKMA5,0016g00001AOQIgAAP,PI CSM
01MPx00000OHVPLMA5,0016g00001AO1IbAAL,E&I CSM
01MPx00000OHVPMMA5,0014L000002hY5gQAE,PI CSM
01MPx00000OHVPNMA5,0016g00001AOR36AAH,PI CSM
01MPx00000OHVPOMA5,0016g00001AOR3RAAX,E&I CSM
01MPx00000OHVPPMA5,0016g00001AOQn7AAH,E&I CSM
01MPx00000OHVPSMA5,0016g00001AOR1oAAH,PI CSM
01MPx00000OHVPTMA5,0016g00001AOQX6AAP,E&I CSM
01MPx00000OHVPWMA5,0016g00001AOQgWAAX,E&I CSM
01MPx00000OHVPZMA5,0016g00001AOQs2AAH,E&I CSM
01MPx00000OHVPaMAP,0016g00001AO1gfAAD,PI CSM
01MPx00000OHVPbMAP,0016g00001AOR4kAAH,PI CSM
01MPx00000OHVPcMAP,001Px00000VvcSjIAJ,Law.com CSM
01MPx00000OHVPdMAP,0016g00001AORaMAAX,PI CSM
01MPx00000OHVPeMAP,0016g00001AOQceAAH,E&I CSM
01MPx00000OHVWEMA5,0016g00001AO6UaAAL,PI CSM
01MPx00000OHVWHMA5,001Tm00000LTK2TIAX,PI CSM
01MPx00000OHVWIMA5,0016g00001AO68dAAD,E&I CSM
01MPx00000OHVWJMA5,001Px00000VvdVYIAZ,Law.com CSM
01MPx00000OHVWKMA5,001Px00000VvhCRIAZ,Law.com CSM
01MPx00000OHVWLMA5,001Px00000VvMMSIA3,Law.com CSM
01MPx00000OHVWMMA5,0016g00001AO6aFAAT,PI CSM
01MPx00000OHVWNMA5,0016g00001AO6epAAD,E&I CSM
01MPx00000OHVWPMA5,001Px00000XsUtkIAF,Law.com CSM
01MPx00000OHVWQMA5,0016g00001AO6cPAAT,E&I CSM
01MPx00000OHVWRMA5,0014L00000k4r85QAA,PI CSM
01MPx00000OHVWTMA5,001Px00000XsUtzIAF,Law.com CSM
01MPx00000OHVWUMA5,001Tm000004QLrJIAW,PI CSM
01MPx00000OHVWVMA5,0016g00001AO6CIAA1,E&I CSM
01MPx00000OHVWWMA5,001Tm00000FBviIIAT,E&I CSM
01MPx00000OHVWXMA5,0016g00001AO6M9AAL,E&I CSM
01MPx00000OHVWYMA5,0016g00001AO6aIAAT,PI CSM
01MPx00000OHVWZMA5,0016g00001AO6E4AAL,PI CSM
01MPx00000OHVWaMAP,001Px00000VvTeCIAV,Law.com CSM
01MPx00000OHVWbMAP,0016g00001AO6jgAAD,PI CSM
01MPx00000OHVWcMAP,0016g00001AO6CKAA1,E&I CSM
01MPx00000OHVWeMAP,001Px00000VvbMKIAZ,E&I CSM
01MPx00000OHVWfMAP,0016g00001AO6bUAAT,PI CSM
01MPx00000OHVWkMAP,0016g00001AOd7NAAT,PI CSM
01MPx00000OHVWmMAP,0016g00001AO1dSAAT,PI CSM
01MPx00000OHVWnMAP,0014L00000j2tZZQAY,E&I CSM
01MPx00000OHVWpMAP,0016g00001AO6LJAA1,PI CSM
01MPx00000OHVWrMAP,001Px00000VvUjtIAF,Law.com CSM
01MPx00000OHVWsMAP,0016g00001YhIg4AAF,PI CSM
01MPx00000OHVWtMAP,0016g00001AO6S0AAL,E&I CSM
01MPx00000OHVWuMAP,0016g00001AO6KHAA1,PI CSM
01MPx00000OHVWvMAP,0016g00001AOOaUAAX,PI CSM
01MPx00000OHVWxMAP,001Px00000XsUtfIAF,Law.com CSM
01MPx00000OHVWyMAP,001Tm00000KN3swIAD,PI CSM
01MPx00000OHVWzMAP,001Tm00000MERpiIAH,Law.com CSM
01MPx00000OHVX0MAP,001Px00000VvbcdIAB,E&I CSM
01MPx00000OHVX1MAP,0016g00001AO5zXAAT,PI CSM
01MPx00000OHVX2MAP,001Tm00000MEOZsIAP,Law.com CSM
01MPx00000OHVX3MAP,001Tm00000H0CM9IAN,E&I CSM
01MPx00000OHVX4MAP,0016g00001AO68PAAT,PI CSM
01MPx00000OHVX5MAP,001Px00000Vvg76IAB,Law.com CSM
01MPx00000OHVX6MAP,0016g00001AO6ReAAL,PI CSM
01MPx00000OHVX7MAP,001Px00000VyNGgIAN,Law.com CSM
01MPx00000OHVX8MAP,0014L00000WF59BQAT,PI CSM
01MPx00000OHVX9MAP,0016g00001AO6e9AAD,PI CSM
01MPx00000OHVXAMA5,001Px00000Vwc72IAB,Law.com CSM
01MPx00000OHVXBMA5,0014L00000lOBZqQAO,PI CSM
01MPx00000OHVXCMA5,0016g00001AO6EZAA1,PI CSM
01MPx00000OHVXDMA5,0016g00001AO6JlAAL,PI CSM
01MPx00000OHVXEMA5,001Px00000VvU8qIAF,Law.com CSM
01MPx00000OHVXGMA5,0016g00001AO6RBAA1,E&I CSM
01MPx00000OHVXIMA5,0016g00001AO5zeAAD,PI CSM
01MPx00000OHVXJMA5,0016g00001ANlSLAA1,PI CSM
01MPx00000OHVXMMA5,0016g00001AO5yAAAT,E&I CSM
01MPx00000OHVXNMA5,0016g00001AO5y3AAD,PI CSM
01MPx00000OHVXPMA5,0016g00001AO60NAAT,PI CSM
01MPx00000OHVXQMA5,001Px00000VvkhmIAB,Law.com CSM
01MPx00000OHVXSMA5,001Tm000007KinGIAS,PI CSM
01MPx00000OHVXUMA5,001Px00000VvmU1IAJ,Law.com CSM
01MPx00000OHVXVMA5,001Tm00000EDQKsIAP,E&I CSM
01MPx00000OHVXWMA5,0016g00001AO6M2AAL,E&I CSM
01MPx00000OHVXXMA5,001Px00000VvLcyIAF,Law.com CSM
01MPx00000OHVXYMA5,0016g00001AO6MbAAL,PI CSM
01MPx00000OHVXaMAP,0016g00001AO6iKAAT,PI CSM
01MPx00000OHVXcMAP,0016g00001AO61yAAD,PI CSM
01MPx00000OHVXdMAP,0016g00001AO7PqAAL,E&I CSM
01MPx00000OHVXeMAP,0016g00001AO6GiAAL,E&I CSM
01MPx00000OHVXfMAP,0016g00001AO6UDAA1,E&I CSM
01MPx00000OHVXhMAP,001Px00000VvcS7IAJ,Law.com CSM
01MPx00000OHVXiMAP,0016g00001AO62iAAD,PI CSM
01MPx00000OHVeIMAX,001Tm00000MELPvIAP,Law.com CSM
01MPx00000OHVeJMAX,0016g00001AOC7OAAX,PI CSM
01MPx00000OHVeLMAX,0016g00001AOB1CAAX,PI CSM
01MPx00000OHVeNMAX,0016g00001AOAgmAAH,E&I CSM
01MPx00000OHVeOMAX,0016g00001AOBsOAAX,PI CSM
01MPx00000OHVePMAX,0016g00001AOAn7AAH,PI CSM
01MPx00000OHVeQMAX,0014L00000hyc98QAA,PI CSM
01MPx00000OHVeTMAX,0016g00001AOC7LAAX,PI CSM
01MPx00000OHVeUMAX,0016g00001AOAqDAAX,PI CSM
01MPx00000OHVeVMAX,001Tm00000FOjMjIAL,E&I CSM
01MPx00000OHVeXMAX,0016g00001AOAbCAAX,PI CSM
01MPx00000OHVeYMAX,001Tm00000MVm3iIAD,PI CSM
01MPx00000OHVeZMAX,001Px00000Xsi4gIAB,Law.com CSM
01MPx00000OHVeaMAH,001Tm00000Azq2MIAR,PI CSM
01MPx00000OHVebMAH,0016g00001AOBpWAAX,PI CSM
01MPx00000OHVecMAH,0016g00001AOB4gAAH,PI CSM
01MPx00000OHVedMAH,0016g00001AOBulAAH,PI CSM
01MPx00000OHVeeMAH,0016g00001AOBuVAAX,PI CSM
01MPx00000OHVefMAH,001Px00000Vvg8ZIAR,Law.com CSM
01MPx00000OHVegMAH,001Px00000Xsi4WIAR,Law.com CSM
01MPx00000OHVehMAH,0016g00001AOBlOAAX,E&I CSM
01MPx00000OHVeiMAH,001Px00000VvoQ4IAJ,Law.com CSM
01MPx00000OHVejMAH,0016g00001AOAkzAAH,E&I CSM
01MPx00000OHVekMAH,0016g00001AOAfaAAH,E&I CSM
01MPx00000OHVelMAH,0016g00001AOAfmAAH,E&I CSM
01MPx00000OHVemMAH,0016g00001AOArEAAX,PI CSM
01MPx00000OHVeoMAH,0016g00001AOAvdAAH,PI CSM
01MPx00000OHVepMAH,001Px00000VvNcsIAF,PI CSM
01MPx00000OHVeqMAH,0016g00001AOBGjAAP,PI CSM
01MPx00000OHVerMAH,0016g00001AOAfpAAH,PI CSM
01MPx00000OHVesMAH,0016g00001AOC0UAAX,PI CSM
01MPx00000OHVetMAH,0014L00000BSF4fQAH,E&I CSM
01MPx00000OHVeuMAH,0016g00001AOA7vAAH,PI CSM
01MPx00000OHVevMAH,0014L00000XNQAsQAP,PI CSM
01MPx00000OHVewMAH,001Px00000VvSPyIAN,Law.com CSM
01MPx00000OHVexMAH,0016g00001AOBf8AAH,E&I CSM
01MPx00000OHVeyMAH,0016g00001AODX4AAP,PI CSM
01MPx00000OHVezMAH,0014L00000IKCXgQAP,PI CSM
01MPx00000OHVf1MAH,0016g00001AOAaGAAX,E&I CSM
01MPx00000OHVf2MAH,001Tm00000FbjQZIAZ,PI CSM
01MPx00000OHVf3MAH,0016g00001AOC6cAAH,E&I CSM
01MPx00000OHVf5MAH,001Tm00000IWxVgIAL,PI CSM
01MPx00000OHVf6MAH,0016g00001AOAbDAAX,PI CSM
01MPx00000OHVf7MAH,0016g00001AOBjTAAX,PI CSM
01MPx00000OHVf8MAH,0016g00001ANn9zAAD,PI CSM
01MPx00000OHVf9MAH,0016g00001AOBCmAAP,PI CSM
01MPx00000OHVfAMAX,0016g00001AOBoIAAX,PI CSM
01MPx00000OHVfBMAX,0016g00001AOBtgAAH,PI CSM
01MPx00000OHVfCMAX,0016g00001AOBLDAA5,PI CSM
01MPx00000OHVfDMAX,0016g00001AOB1EAAX,PI CSM
01MPx00000OHVfEMAX,0016g00001AOBK4AAP,PI CSM
01MPx00000OHVfGMAX,0016g00001AOBGLAA5,PI CSM
01MPx00000OHVfHMAX,0016g00001AOVLuAAP,PI CSM
01MPx00000OHVfIMAX,0016g00001AOBHkAAP,PI CSM
01MPx00000OHVfKMAX,0016g00001AOAftAAH,E&I CSM
01MPx00000OHVfLMAX,001Px00000Vvs5uIAB,PI CSM
01MPx00000OHVfMMAX,001Tm000008wNUKIA2,E&I CSM
01MPx00000OHVfNMAX,0016g00001AOBl8AAH,E&I CSM
01MPx00000OHVfOMAX,001Tm000009OSdtIAG,PI CSM
01MPx00000OHVfPMAX,0016g00001AOBRlAAP,E&I CSM
01MPx00000OHVfQMAX,0016g00001AOBHCAA5,PI CSM
01MPx00000OHVfRMAX,0016g00001WDxWZAA1,PI CSM
01MPx00000OHVfUMAX,0014L00000Twc0NQAR,E&I CSM
01MPx00000OHVfVMAX,0014L00000k4IJDQA2,PI CSM
01MPx00000OHVfWMAX,0016g00001AOAc4AAH,E&I CSM
01MPx00000OHVfXMAX,0016g00001AOAxTAAX,PI CSM
01MPx00000OHVfcMAH,0016g00001AOAq2AAH,E&I CSM
01MPx00000OHVfdMAH,001Tm000004ABSvIAO,PI CSM
01MPx00000OHVfeMAH,0016g00001AOBcmAAH,PI CSM
01MPx00000OHVffMAH,001Tm000006ULTNIA4,PI CSM
01MPx00000OHVfgMAH,0014L00000Tyk6tQAB,PI CSM
01MPx00000OHVfhMAH,0014L00000nqXbwQAE,PI CSM
01MPx00000OHVfiMAH,001Px00000Xsi4YIAR,Law.com CSM
01MPx00000OHVfjMAH,0014L00000mBaaHQAS,PI CSM
01MPx00000OHVflMAH,0016g00001AOBSFAA5,PI CSM
01MPx00000OHVfmMAH,0016g00001ANzbMAAT,PI CSM
01MPx00000OHVfnMAH,0016g00001AOdxwAAD,PI CSM
01MPx00000OHVfpMAH,0016g00001AOBEhAAP,PI CSM
01MPx00000OHWx0MAH,001Tm00000BXIUTIA5,E&I CSM
01MPx00000OHXGHMA5,0016g00001ANlhtAAD,E&I CSM
01MPx00000OHXGIMA5,0016g00001ANlZVAA1,PI CSM
01MPx00000OHXHtMAP,0016g00001ANlTkAAL,PI CSM
01MPx00000OHXJVMA5,001Tm000009LOi6IAG,E&I CSM
01MPx00000OHXLBMA5,0016g00001AOUrlAAH,E&I CSM
01MPx00000OHXLCMA5,001Px00000VvQrdIAF,Law.com CSM
01MPx00000OHXLDMA5,0016g00001AOVCWAA5,PI CSM
01MPx00000OHXLEMA5,0016g00001AOV6rAAH,PI CSM
01MPx00000OHXLGMA5,0016g00001AOV39AAH,PI CSM
01MPx00000OHXLHMA5,001Px00000Vvh2uIAB,Law.com CSM
01MPx00000OHXLIMA5,0016g00001AOV81AAH,PI CSM
01MPx00000OHXLJMA5,001Px00000VvgIGIAZ,PI CSM
01MPx00000OHXLKMA5,001Px00000VvZ50IAF,Law.com CSM
01MPx00000OHXLLMA5,0016g00001AOUhPAAX,E&I CSM
01MPx00000OHXLMMA5,0016g00001AOVCdAAP,PI CSM
01MPx00000OHXLNMA5,0016g00001AOUR3AAP,E&I CSM
01MPx00000OHXLOMA5,001Tm00000HXezPIAT,PI CSM
01MPx00000OHXLPMA5,001Px00000Vvl81IAB,Law.com CSM
01MPx00000OHXLQMA5,0016g00001AOUQgAAP,E&I CSM
01MPx00000OHXLRMA5,0016g00001AOUzqAAH,E&I CSM
01MPx00000OHXLSMA5,0016g00001AOUTRAA5,PI CSM
01MPx00000OHXLTMA5,0016g00001AOUryAAH,PI CSM
01MPx00000OHXLVMA5,001Px00000Vvx3VIAR,Law.com CSM
01MPx00000OHXLWMA5,001Tm000007XIerIAG,E&I CSM
01MPx00000OHXLXMA5,0016g00001AOUf3AAH,E&I CSM
01MPx00000OHXLYMA5,001Tm00000BIRBVIA5,E&I CSM
01MPx00000OHXLaMAP,0016g00001AOVG3AAP,E&I CSM
01MPx00000OHXLbMAP,0016g00001AOUUyAAP,PI CSM
01MPx00000OHXLcMAP,001Px00000VvoKuIAJ,Law.com CSM
01MPx00000OHXLdMAP,001Tm00000C40P9IAJ,PI CSM
01MPx00000OHXLeMAP,001Px00000VvetSIAR,Law.com CSM
01MPx00000OHXLfMAP,001Px00000Xskz6IAB,Law.com CSM
01MPx00000OHXLgMAP,001Px00000VvU8iIAF,Law.com CSM
01MPx00000OHXLkMAP,0016g00001AOVDqAAP,PI CSM
01MPx00000OHXLoMAP,0016g00001AOVEyAAP,E&I CSM
01MPx00000OHXLpMAP,0016g00001AOUUuAAP,PI CSM
01MPx00000OHXLrMAP,0014L00000k4oaUQAQ,PI CSM
01MPx00000OHXLsMAP,0016g00001AOV28AAH,PI CSM
01MPx00000OHXLtMAP,001Px00000VvhPqIAJ,Law.com CSM
01MPx00000OHXLuMAP,0016g00001AOUsnAAH,E&I CSM
01MPx00000OHXLvMAP,0016g00001AOUKHAA5,E&I CSM
01MPx00000OHXLwMAP,0016g00001AOUQbAAP,PI CSM
01MPx00000OHXLxMAP,001Tm000009zoh5IAA,PI CSM
01MPx00000OHXLyMAP,001Tm00000HcFKQIA3,PI CSM
01MPx00000OHXLzMAP,0016g00001WDxXnAAL,E&I CSM
01MPx00000OHXM0MAP,0016g00001AOUZoAAP,PI CSM
01MPx00000OHXM1MAP,0016g00001AOVJwAAP,PI CSM
01MPx00000OHXM8MAP,0016g00001AOVB0AAP,PI CSM
01MPx00000OHXM9MAP,0016g00001AOV3iAAH,PI CSM
01MPx00000OHXMBMA5,0014L00000bEfOeQAK,E&I CSM
01MPx00000OHXMCMA5,001Px00000Vvf9lIAB,PI CSM
01MPx00000OHXMDMA5,0016g00001AOVFpAAP,Law.com CSM
01MPx00000OHXMFMA5,0016g00001AOUiUAAX,PI CSM
01MPx00000OHXMGMA5,0016g00001edm0NAAQ,E&I CSM
01MPx00000OHXMHMA5,0016g00001AOSVPAA5,E&I CSM
01MPx00000OHXMIMA5,0016g00001AOUh8AAH,PI CSM
01MPx00000OHXMJMA5,001Px00000VvZV0IAN,Law.com CSM
01MPx00000OHXMKMA5,0014L00000d7MAJQA2,PI CSM
01MPx00000OHXMLMA5,0014L00000SPlWoQAL,PI CSM
01MPx00000OHXMNMA5,0016g00001AOUUhAAP,E&I CSM
01MPx00000OHXMOMA5,0016g00001AOV8oAAH,E&I CSM
01MPx00000OHXMPMA5,0016g00001AOUlPAAX,PI CSM
01MPx00000OHXMQMA5,001Px00000Vvk1GIAR,Law.com CSM
01MPx00000OHXMSMA5,0016g00001AOUZGAA5,PI CSM
01MPx00000OHXMTMA5,0016g00001AOUmXAAX,E&I CSM
01MPx00000OHXMUMA5,0016g00001AOVEuAAP,E&I CSM
01MPx00000OHXMXMA5,0016g00001AOUIFAA5,PI CSM
01MPx00000OHXMYMA5,0016g00001AOUZkAAP,E&I CSM
01MPx00000OHXMZMA5,001Tm00000MEOo5IAH,Law.com CSM
01MPx00000OHXMaMAP,001Px00000Vvi14IAB,Law.com CSM
01MPx00000OHXMbMAP,0016g00001AOVKVAA5,PI CSM
01MPx00000OHXMdMAP,001Tm00000H2OpIIAV,PI CSM
01MPx00000OHXMeMAP,001Px00000VvQwJIAV,Law.com CSM
01MPx00000OHXMjMAP,0016g00001ANlYPAA1,PI CSM
01MPx00000OHXMkMAP,0016g00001AO0fJAAT,E&I CSM
01MPx00000OHXMlMAP,0016g00001AOX4GAAX,PI CSM
01MPx00000OHXMmMAP,0016g00001AO0kbAAD,E&I CSM
01MPx00000OHXMpMAP,001Tm000004BKsOIAW,E&I CSM
01MPx00000OHXMqMAP,0016g00001AO0e1AAD,PI CSM
01MPx00000OHXMrMAP,001Tm00000MEGejIAH,Law.com CSM
01MPx00000OHXMsMAP,0016g00001AO1dyAAD,PI CSM
01MPx00000OHXMtMAP,0016g00001AO1f2AAD,PI CSM
01MPx00000OHXMwMAP,0016g00001AO0kKAAT,PI CSM
01MPx00000OHXMzMAP,001Tm00000J8ag5IAB,PI CSM
01MPx00000OHXN0MAP,0016g00001AO0lUAAT,E&I CSM
01MPx00000OHXN1MAP,0016g00001AO15GAAT,E&I CSM
01MPx00000OHXN3MAP,0014L00000mv33vQAA,E&I CSM
01MPx00000OHXN4MAP,0016g00001AO14OAAT,PI CSM
01MPx00000OHXN5MAP,0016g00001AO1KfAAL,E&I CSM
01MPx00000OHXN7MAP,0014L00000k40KyQAI,PI CSM
01MPx00000OHXN8MAP,0016g00001AO153AAD,E&I CSM
01MPx00000OHXN9MAP,0016g00001AO0tlAAD,E&I CSM
01MPx00000OHXNAMA5,0016g00001AOKNcAAP,E&I CSM
01MPx00000OHXNBMA5,0016g00001AO1e0AAD,E&I CSM
01MPx00000OHXNDMA5,001Tm00000MEGf0IAH,Law.com CSM
01MPx00000OHXNEMA5,0016g00001AO132AAD,E&I CSM
01MPx00000OHXNFMA5,001Px00000VvbOnIAJ,PI CSM
01MPx00000OHXNGMA5,0016g00001AO0nZAAT,E&I CSM
01MPx00000OHXNHMA5,0016g00001AO1qOAAT,PI CSM
01MPx00000OHXNIMA5,0016g00001ANqxZAAT,PI CSM
01MPx00000OHXNJMA5,001Px00000XscvaIAB,Law.com CSM
01MPx00000OHXNLMA5,0016g00001AO1C5AAL,PI CSM
01MPx00000OHXNNMA5,001Px00000VvZ4eIAF,Law.com CSM
01MPx00000OHXNOMA5,0016g00001AO0pyAAD,E&I CSM
01MPx00000OHXNPMA5,0016g00001AO17OAAT,E&I CSM
01MPx00000OHXNRMA5,001Px00000VvbbIIAR,Law.com CSM
01MPx00000OHXNSMA5,0014L00000nrLIzQAM,PI CSM
01MPx00000OHXNTMA5,0016g00001AO0eSAAT,PI CSM
01MPx00000OHXNWMA5,0016g00001AO1WRAA1,PI CSM
01MPx00000OHXNXMA5,0016g00001AOSsqAAH,E&I CSM
01MPx00000OHXNYMA5,0016g00001AO1ZDAA1,E&I CSM
01MPx00000OHXNZMA5,0016g00001AO1KNAA1,PI CSM
01MPx00000OHXNaMAP,0014L00000nrvhcQAA,E&I CSM
01MPx00000OHXNcMAP,001Tm00000L4Aj4IAF,PI CSM
01MPx00000OHXNdMAP,0016g00001AO0neAAD,E&I CSM
01MPx00000OHXNeMAP,0016g00001AO0iOAAT,E&I CSM
01MPx00000OHXNfMAP,0016g00001AO1Z8AAL,PI CSM
01MPx00000OHXNhMAP,0016g00001AO123AAD,E&I CSM
01MPx00000OHXNiMAP,0016g00001AO0oxAAD,E&I CSM
01MPx00000OHXNlMAP,0016g00001AO1DqAAL,PI CSM
01MPx00000OHXNnMAP,0016g00001AO15nAAD,PI CSM
01MPx00000OHXNoMAP,0016g00001AO17eAAD,E&I CSM
01MPx00000OHXNqMAP,0016g00001AO0stAAD,PI CSM
01MPx00000OHXNrMAP,001Px00000VvuSYIAZ,Law.com CSM
01MPx00000OHXNtMAP,001Tm00000MEBoNIAX,Law.com CSM
01MPx00000OHXNvMAP,0016g00001AO1KMAA1,PI CSM
01MPx00000OHXNwMAP,001Tm000008MffpIAC,PI CSM
01MPx00000OHXNxMAP,001Tm00000HtKm0IAF,PI CSM
01MPx00000OHXNyMAP,0016g00001AO1LsAAL,E&I CSM
01MPx00000OHXNzMAP,0016g00001AO1U7AAL,PI CSM
01MPx00000OHXO0MAP,001Px00000XscvbIAB,Law.com CSM
01MPx00000OHXO2MAP,001Px00000VvbOZIAZ,PI CSM
01MPx00000OHXO4MAP,001Px00000Vvgs0IAB,Law.com CSM
01MPx00000OHXO5MAP,0016g00001AO1AGAA1,E&I CSM
01MPx00000OHXO6MAP,0016g00001AO0rIAAT,PI CSM
01MPx00000OHXO7MAP,0016g00001AO166AAD,PI CSM
01MPx00000OHXO8MAP,0016g00001AO0c2AAD,PI CSM
01MPx00000OHXOBMA5,0016g00001AO1TZAA1,PI CSM
01MPx00000OHXOCMA5,0016g00001AO1XkAAL,PI CSM
01MPx00000OHXODMA5,001Px00000XscvYIAR,Law.com CSM
01MPx00000OHXOEMA5,001Px00000XscvSIAR,Law.com CSM
01MPx00000OHXOFMA5,0016g00001AO0kmAAD,Law.com CSM
01MPx00000OHXOGMA5,0016g00001AO11tAAD,PI CSM
01MPx00000OHXOIMA5,0016g00001AO1ImAAL,E&I CSM
01MPx00000OHXOJMA5,0016g00001AO0jAAAT,PI CSM
01MPx00000OHXOLMA5,0016g00001ANlZ3AAL,PI CSM
01MPx00000OHXPxMAP,001Tm000003BNUFIA4,PI CSM
01MPx00000OHXPyMAP,001Tm00000JGGNnIAP,E&I CSM
01MPx00000OHXPzMAP,001Tm00000AU0OSIA1,PI CSM
01MPx00000OHXQ0MAP,001Px00000VvsEFIAZ,Law.com CSM
01MPx00000OHXQ1MAP,0016g00001AOhP3AAL,PI CSM
01MPx00000OHXQ2MAP,0016g00001AOhbRAAT,PI CSM
01MPx00000OHXQ4MAP,0016g00001hFfPxAAK,E&I CSM
01MPx00000OHXQ5MAP,0016g00001AOhKsAAL,PI CSM
01MPx00000OHXQ6MAP,0016g00001AOhiKAAT,PI CSM
01MPx00000OHXQ7MAP,0016g00001AOhknAAD,E&I CSM
01MPx00000OHXQ8MAP,0016g00001AOhrWAAT,PI CSM
01MPx00000OHXQ9MAP,0016g00001AOhoPAAT,PI CSM
01MPx00000OHXQAMA5,0016g00001AOhUKAA1,PI CSM
01MPx00000OHXQBMA5,0016g00001AOT7FAAX,PI CSM
01MPx00000OHXQDMA5,0016g00001AOi20AAD,PI CSM
01MPx00000OHXQEMA5,0016g00001AOha9AAD,PI CSM
01MPx00000OHXQGMA5,0016g00001AOhglAAD,PI CSM
01MPx00000OHXQHMA5,0016g00001AOhraAAD,PI CSM
01MPx00000OHXQJMA5,0016g00001AOhaaAAD,PI CSM
01MPx00000OHXQKMA5,001Tm0000082FO9IAM,PI CSM
01MPx00000OHXQLMA5,001Px00000VvhWXIAZ,Law.com CSM
01MPx00000OHXQMMA5,0016g00001AOhXRAA1,E&I CSM
01MPx00000OHXQNMA5,0016g00001AOhO2AAL,E&I CSM
01MPx00000OHXQPMA5,0016g00001AOhr7AAD,PI CSM
01MPx00000OHXQQMA5,0016g00001AOi2kAAD,E&I CSM
01MPx00000OHXQSMA5,0016g00001AOhyAAAT,E&I CSM
01MPx00000OHXQTMA5,0016g00001AOhWAAA1,PI CSM
01MPx00000OHXQUMA5,001Tm00000D4VCKIA3,PI CSM
01MPx00000OHXQVMA5,0016g00001AOi14AAD,PI CSM
01MPx00000OHXQWMA5,0016g00001AOhlCAAT,PI CSM
01MPx00000OHXQXMA5,001Px00000VwK10IAF,Law.com CSM
01MPx00000OHXQYMA5,0016g00001AOhjFAAT,PI CSM
01MPx00000OHXQZMA5,0016g00001AOhu6AAD,PI CSM
01MPx00000OHXQbMAP,0016g00001AOheuAAD,PI CSM
01MPx00000OHXQcMAP,0016g00001AOhMXAA1,PI CSM
01MPx00000OHXQdMAP,0014L00000npVIdQAM,PI CSM
01MPx00000OHXQfMAP,0016g00001AOha2AAD,PI CSM
01MPx00000OHXQgMAP,0016g00001AOhfkAAD,PI CSM
01MPx00000OHXQhMAP,0016g00001AOhgUAAT,PI CSM
01MPx00000OHXQiMAP,0014L00000OFf2LQAT,E&I CSM
01MPx00000OHXQkMAP,0016g00001AOhlsAAD,PI CSM
01MPx00000OHXQlMAP,0014L00000lQIxuQAG,E&I CSM
01MPx00000OHXQmMAP,0016g00001AOhptAAD,E&I CSM
01MPx00000OHXQnMAP,0016g00001AOhacAAD,PI CSM
01MPx00000OHXQpMAP,0016g00001AOht7AAD,PI CSM
01MPx00000OHXQqMAP,0016g00001AOi1TAAT,E&I CSM
01MPx00000OHXQrMAP,0016g00001AOhTFAA1,PI CSM
01MPx00000OHXQtMAP,0016g00001AOhjyAAD,E&I CSM
01MPx00000OHXQuMAP,0016g00001AOhkGAAT,PI CSM
01MPx00000OHXQvMAP,001Px00000VvTinIAF,Law.com CSM
01MPx00000OHXQwMAP,0016g00001AOheRAAT,E&I CSM
01MPx00000OHXQxMAP,0016g00001AOi1aAAD,PI CSM
01MPx00000OHXQyMAP,0016g00001AOhR2AAL,PI CSM
01MPx00000OHXQzMAP,0016g00001AOhtAAAT,PI CSM
01MPx00000OHXR0MAP,0014L00000k3qmjQAA,PI CSM
01MPx00000OHXR2MAP,0016g00001AOhoAAAT,PI CSM
01MPx00000OHXR3MAP,0016g00001AOhz8AAD,PI CSM
01MPx00000OHXR4MAP,0016g00001AOf8DAAT,PI CSM
01MPx00000OHXR5MAP,001Px00000VwMKzIAN,Law.com CSM
01MPx00000OHXR6MAP,0016g00001AOhSCAA1,PI CSM
01MPx00000OHXR8MAP,0016g00001ANlWzAAL,Law.com CSM
01MPx00000OHXR9MAP,001Tm000001djRPIAY,E&I CSM
01MPx00000OHXRBMA5,0016g00001AOhZJAA1,PI CSM
01MPx00000OHXRDMA5,001Px00000VvpxpIAB,Law.com CSM
01MPx00000OHXREMA5,0014L00000m9kOhQAI,PI CSM
01MPx00000OHXRFMA5,0016g00001AOhtZAAT,PI CSM
01MPx00000OHXRHMA5,0016g00001AOhc4AAD,E&I CSM
01MPx00000OHXRIMA5,0016g00001AOhxFAAT,PI CSM
01MPx00000OHXRZMA5,001Px00000VveJpIAJ,Law.com CSM
01MPx00000OHXTBMA5,001Px00000VvQqUIAV,Law.com CSM
01MPx00000OHXUnMAP,0016g00001ANleqAAD,E&I CSM
01MPx00000OHXWPMA5,0016g00001ANliRAAT,E&I CSM
01MPx00000OHXY1MAP,0016g00001ANltOAAT,PI CSM
01MPx00000OHXZdMAP,0016g00001ANluLAAT,PI CSM
01MPx00000OHXbFMAX,0014L00000K7L3HQAV,E&I CSM
01MPx00000OHXcrMAH,0016g00001ANvNBAA1,E&I CSM
01MPx00000OHXcsMAH,0016g00001ANmRgAAL,PI CSM
01MPx00000OHXctMAH,0016g00001ANmIBAA1,PI CSM
01MPx00000OHXcuMAH,0016g00001ANmK3AAL,PI CSM
01MPx00000OHXcvMAH,0016g00001ANmKeAAL,PI CSM
01MPx00000OHXcwMAH,001Px00000XsUePIAV,Law.com CSM
01MPx00000OHXcxMAH,001Px00000XsUeMIAV,Law.com CSM
01MPx00000OHXczMAH,0016g00001ANn3mAAD,PI CSM
01MPx00000OHXd1MAH,0016g00001AOGqpAAH,PI CSM
01MPx00000OHXd3MAH,0016g00001ANmcmAAD,E&I CSM
01MPx00000OHXd4MAH,0016g00001ANmkvAAD,PI CSM
01MPx00000OHXd5MAH,0016g00001ANmEvAAL,PI CSM
01MPx00000OHXd6MAH,001Px00000VvbaoIAB,Law.com CSM
01MPx00000OHXd7MAH,0016g00001ANmm5AAD,E&I CSM
01MPx00000OHXd8MAH,001Px00000XsUeLIAV,Law.com CSM
01MPx00000OHXd9MAH,0014L00000hw77yQAA,E&I CSM
01MPx00000OHXdCMAX,0016g00001ANmgFAAT,E&I CSM
01MPx00000OHXdDMAX,0016g00001ANn1KAAT,E&I CSM
01MPx00000OHXdEMAX,0016g00001ANmuWAAT,PI CSM
01MPx00000OHXdFMAX,0016g00001ANmtOAAT,PI CSM
01MPx00000OHXdIMAX,001Tm00000243KoIAI,PI CSM
01MPx00000OHXdJMAX,0014L00000gkoGwQAI,E&I CSM
01MPx00000OHXdKMAX,0016g00001ANmkkAAD,E&I CSM
01MPx00000OHXdLMAX,0014L00000VZGR8QAP,E&I CSM
01MPx00000OHXdMMAX,001Tm00000A4QsdIAF,E&I CSM
01MPx00000OHXdNMAX,0016g00001ANmNzAAL,E&I CSM
01MPx00000OHXdOMAX,0016g00001ANn0RAAT,PI CSM
01MPx00000OHXdRMAX,0016g00001ANme3AAD,E&I CSM
01MPx00000OHXdTMAX,0016g00001ANmI2AAL,PI CSM
01MPx00000OHXdUMAX,001Tm00000C2MwnIAF,E&I CSM
01MPx00000OHXdVMAX,0016g00001ANmcRAAT,PI CSM
01MPx00000OHXdWMAX,0016g00001ANmwhAAD,PI CSM
01MPx00000OHXdXMAX,001Tm00000BPX5mIAH,E&I CSM
01MPx00000OHXdZMAX,0016g00001ANo6KAAT,PI CSM
01MPx00000OHXdbMAH,0016g00001ANm9dAAD,PI CSM
01MPx00000OHXdcMAH,0016g00001AOgiLAAT,PI CSM
01MPx00000OHXddMAH,001Tm00000D4wnVIAR,PI CSM
01MPx00000OHXdeMAH,0016g00001ANmxCAAT,PI CSM
01MPx00000OHXdfMAH,0016g00001ANm4oAAD,PI CSM
01MPx00000OHXdgMAH,0016g00001ANmcXAAT,PI CSM
01MPx00000OHXdhMAH,0016g00001ANmhDAAT,E&I CSM
01MPx00000OHXdiMAH,0016g00001ANmweAAD,PI CSM
01MPx00000OHXdkMAH,0016g00001AOcSxAAL,PI CSM
01MPx00000OHXdlMAH,0016g00001ANmerAAD,PI CSM
01MPx00000OHXdnMAH,0016g00001YfZ8LAAV,PI CSM
01MPx00000OHXdoMAH,0016g00001ANmy3AAD,E&I CSM
01MPx00000OHXdqMAH,0016g00001ANmkUAAT,E&I CSM
01MPx00000OHXdsMAH,001Tm00000N96u3IAB,PI CSM
01MPx00000OHXduMAH,0016g00001AOTEaAAP,PI CSM
01MPx00000OHXdwMAH,0016g00001ANmMjAAL,PI CSM
01MPx00000OHXdxMAH,0016g00001ANmc9AAD,PI CSM
01MPx00000OHXdyMAH,001Tm00000Ifw2YIAR,PI CSM
01MPx00000OHXdzMAH,0016g00001ANmTMAA1,E&I CSM
01MPx00000OHXe0MAH,0014L00000dlWS1QAM,E&I CSM
01MPx00000OHXe1MAH,0016g00001ANmDZAA1,PI CSM
01MPx00000OHXe3MAH,0014L00000TyBm3QAF,PI CSM
01MPx00000OHXe4MAH,0016g00001ANm6FAAT,PI CSM
01MPx00000OHXe7MAH,001Tm000007pzrpIAA,PI CSM
01MPx00000OHXe8MAH,001Px00000VvV2VIAV,Law.com CSM
01MPx00000OHXe9MAH,001Px00000VvuMDIAZ,Law.com CSM
01MPx00000OHXeBMAX,0016g00001ANmvHAAT,PI CSM
01MPx00000OHXeCMAX,0016g00001ANmfuAAD,PI CSM
01MPx00000OHXeDMAX,0016g00001ANmgVAAT,E&I CSM
01MPx00000OHXeFMAX,0016g00001ANm7xAAD,PI CSM
01MPx00000OHXeGMAX,0016g00001ANmoMAAT,E&I CSM
01MPx00000OHXeHMAX,0014L00000f4FBxQAM,PI CSM
01MPx00000OHXeIMAX,0016g00001ANm6mAAD,E&I CSM
01MPx00000OHXeUMAX,0016g00001ANoDQAA1,E&I CSM
01MPx00000OHXeVMAX,0016g00001ANoOKAA1,E&I CSM
01MPx00000OHXeXMAX,001Px00000XsnNPIAZ,PI CSM
01MPx00000OHXeYMAX,0016g00001ANohSAAT,E&I CSM
01MPx00000OHXeZMAX,0016g00001ANlZ4AAL,PI CSM
01MPx00000OHXeaMAH,0016g00001ANoTSAA1,PI CSM
01MPx00000OHXecMAH,0016g00001AOH1VAAX,PI CSM
01MPx00000OHXeeMAH,0016g00001ANoFtAAL,E&I CSM
01MPx00000OHXefMAH,0016g00001ANok2AAD,E&I CSM
01MPx00000OHXegMAH,001Px00000VvZYXIA3,Law.com CSM
01MPx00000OHXeiMAH,001Tm000003AzdGIAS,PI CSM
01MPx00000OHXejMAH,0016g00001ANoLTAA1,Law.com CSM
01MPx00000OHXelMAH,0016g00001ANofSAAT,E&I CSM
01MPx00000OHXemMAH,001Px00000VvdHUIAZ,PI CSM
01MPx00000OHXenMAH,001Px00000VvpuPIAR,PI CSM
01MPx00000OHXeoMAH,0016g00001ANochAAD,PI CSM
01MPx00000OHXeqMAH,001Px00000XsUeoIAF,Law.com CSM
01MPx00000OHXerMAH,0016g00001ANopRAAT,PI CSM
01MPx00000OHXesMAH,0016g00001ANoaNAAT,E&I CSM
01MPx00000OHXetMAH,001Px00000Vvj9xIAB,Law.com CSM
01MPx00000OHXeuMAH,001Px00000VvblfIAB,Law.com CSM
01MPx00000OHXevMAH,001Px00000VvruCIAR,PI CSM
01MPx00000OHXexMAH,0014L00000TNk0kQAD,E&I CSM
01MPx00000OHXeyMAH,0016g00001ANoLVAA1,PI CSM
01MPx00000OHXezMAH,001Px00000VvY9TIAV,Law.com CSM
01MPx00000OHXf2MAH,001Px00000a3JROIA2,PI CSM
01MPx00000OHXf3MAH,001Tm000004QTIdIAO,PI CSM
01MPx00000OHXf4MAH,0014L00000k593xQAA,PI CSM
01MPx00000OHXf5MAH,0016g00001ANm1nAAD,E&I CSM
01MPx00000OHXf7MAH,001Px00000VwY3jIAF,Law.com CSM
01MPx00000OHXf8MAH,0016g00001ANocBAAT,PI CSM
01MPx00000OHXf9MAH,001Px00000VvmiTIAR,Law.com CSM
01MPx00000OHXfAMAX,0016g00001ANoGeAAL,PI CSM
01MPx00000OHXfCMAX,0016g00001ANocSAAT,PI CSM
01MPx00000OHXfEMAX,0014L00000IKMnGQAX,E&I CSM
01MPx00000OHXfHMAX,0016g00001ANoL6AAL,PI CSM
01MPx00000OHXfIMAX,001Px00000VvierIAB,Law.com CSM
01MPx00000OHXfKMAX,001Px00000VvQoOIAV,Law.com CSM
01MPx00000OHXfLMAX,0014L00000nrq0VQAQ,PI CSM
01MPx00000OHXfMMAX,0016g00001ANoFvAAL,PI CSM
01MPx00000OHXfNMAX,0016g00001ANovfAAD,PI CSM
01MPx00000OHXfOMAX,0016g00001ANotYAAT,E&I CSM
01MPx00000OHXfPMAX,0016g00001ANonTAAT,PI CSM
01MPx00000OHXfQMAX,001Px00000VvpElIAJ,Law.com CSM
01MPx00000OHXfRMAX,0016g00001ANoGZAA1,PI CSM
01MPx00000OHXfSMAX,0016g00001WDxYbAAL,PI CSM
01MPx00000OHXfTMAX,0016g00001ANouRAAT,PI CSM
01MPx00000OHXfUMAX,0016g00001ANozTAAT,PI CSM
01MPx00000OHXfVMAX,0016g00001ANoVnAAL,E&I CSM
01MPx00000OHXfWMAX,0016g00001ANoAwAAL,PI CSM
01MPx00000OHXfXMAX,001Tm00000MxdbmIAB,E&I CSM
01MPx00000OHXfYMAX,0016g00001ANokeAAD,PI CSM
01MPx00000OHXfaMAH,001Px00000VvTiqIAF,Law.com CSM
01MPx00000OHXfbMAH,001Px00000VvsEXIAZ,Law.com CSM
01MPx00000OHXfcMAH,001Px00000XsUeeIAF,Law.com CSM
01MPx00000OHXfdMAH,0016g00001ANoHwAAL,PI CSM
01MPx00000OHXfeMAH,0016g00001ANo7sAAD,Law.com CSM
01MPx00000OHXffMAH,0016g00001ANovLAAT,E&I CSM
01MPx00000OHXfgMAH,0016g00001ANoCSAA1,PI CSM
01MPx00000OHXfiMAH,0016g00001ANoStAAL,E&I CSM
01MPx00000OHXfkMAH,0016g00001ANomGAAT,PI CSM
01MPx00000OHXflMAH,001Px00000VvOZLIA3,Law.com CSM
01MPx00000OHXfmMAH,001Px00000VvVzLIAV,Law.com CSM
01MPx00000OHXfnMAH,001Px00000VvRaLIAV,PI CSM
01MPx00000OHXfoMAH,0014L00000CKavmQAD,PI CSM
01MPx00000OHXfpMAH,001Tm00000HdyQnIAJ,E&I CSM
01MPx00000OHXfqMAH,0016g00001ANotrAAD,PI CSM
01MPx00000OHXfrMAH,001Tm00000MEROpIAP,Law.com CSM
01MPx00000OHXfsMAH,001Px00000XsUenIAF,Law.com CSM
01MPx00000OHXftMAH,0016g00001ANom2AAD,PI CSM
01MPx00000OHXfuMAH,0016g00001ANog6AAD,E&I CSM
01MPx00000OHXfvMAH,0014L00000IITBrQAP,E&I CSM
01MPx00000OHXfwMAH,001Tm00000HqiklIAB,PI CSM
01MPx00000OHXfxMAH,0016g00001ANoCtAAL,PI CSM
01MPx00000OHXfyMAH,001Px00000Vvh2eIAB,Law.com CSM
01MPx00000OHXfzMAH,0016g00001ANpAJAA1,E&I CSM
01MPx00000OHXg6MAH,001Tm00000K7wdHIAR,E&I CSM
01MPx00000OHXg7MAH,0016g00001ANqvxAAD,PI CSM
01MPx00000OHXg8MAH,0016g00001ANqB2AAL,E&I CSM
01MPx00000OHXg9MAH,0016g00001ANqy7AAD,E&I CSM
01MPx00000OHXgAMAX,0016g00001ANpz4AAD,PI CSM
01MPx00000OHXgBMAX,0016g00001ANqs2AAD,PI CSM
01MPx00000OHXgDMAX,0014L00000TNiA5QAL,PI CSM
01MPx00000OHXgEMAX,0016g00001ANqHiAAL,E&I CSM
01MPx00000OHXgFMAX,0016g00001ANpwnAAD,E&I CSM
01MPx00000OHXgGMAX,0016g00001ANqPIAA1,PI CSM
01MPx00000OHXgKMAX,001Px00000VvlJWIAZ,Law.com CSM
01MPx00000OHXgLMAX,0016g00001ANqUmAAL,E&I CSM
01MPx00000OHXgOMAX,0016g00001ANqY9AAL,E&I CSM
01MPx00000OHXgQMAX,0016g00001ANqtxAAD,PI CSM
01MPx00000OHXgRMAX,0016g00001ANqbBAAT,E&I CSM
01MPx00000OHXgTMAX,0016g00001ANqb9AAD,PI CSM
01MPx00000OHXgUMAX,0016g00001ANq6SAAT,PI CSM
01MPx00000OHXgVMAX,001Px00000VvQnpIAF,Law.com CSM
01MPx00000OHXgWMAX,0016g00001ANqX2AAL,PI CSM
01MPx00000OHXgYMAX,0016g00001ANr1sAAD,PI CSM
01MPx00000OHXgZMAX,0014L00000K81DDQAZ,PI CSM
01MPx00000OHXgaMAH,0016g00001ANpy6AAD,PI CSM
01MPx00000OHXgcMAH,0016g00001ANqJnAAL,PI CSM
01MPx00000OHXgfMAH,0016g00001ANqPqAAL,PI CSM
01MPx00000OHXghMAH,0014L00000IJoGuQAL,E&I CSM
01MPx00000OHXgiMAH,0016g00001ANqpFAAT,PI CSM
01MPx00000OHXglMAH,0016g00001ANqHGAA1,PI CSM
01MPx00000OHXgmMAH,001Tm000002ZDMDIA4,E&I CSM
01MPx00000OHXgqMAH,001Px00000VveQ4IAJ,Law.com CSM
01MPx00000OHXgrMAH,001Tm00000BTNFsIAP,E&I CSM
01MPx00000OHXgsMAH,0016g00001AOX2dAAH,E&I CSM
01MPx00000OHXgtMAH,0016g00001ANqWyAAL,E&I CSM
01MPx00000OHXguMAH,0016g00001ANqYQAA1,E&I CSM
01MPx00000OHXgvMAH,0014L00000j43vZQAQ,PI CSM
01MPx00000OHXgxMAH,0016g00001ANqOgAAL,PI CSM
01MPx00000OHXgzMAH,001Px00000Vvk1VIAR,PI CSM
01MPx00000OHXh1MAH,0016g00001ANqVMAA1,PI CSM
01MPx00000OHXh5MAH,0016g00001ANqFwAAL,PI CSM
01MPx00000OHXhBMAX,0016g00001ANqyzAAD,PI CSM
01MPx00000OHXhDMAX,0014L00000k25J3QAI,PI CSM
01MPx00000OHXhEMAX,0016g00001ANqkiAAD,E&I CSM
01MPx00000OHXhFMAX,0016g00001ANq9TAAT,PI CSM
01MPx00000OHXhGMAX,0016g00001ANnIdAAL,E&I CSM
01MPx00000OHXhHMAX,0016g00001ANqQbAAL,E&I CSM
01MPx00000OHXhJMAX,0016g00001ANq9bAAD,PI CSM
01MPx00000OHXhLMAX,0016g00001ANqlXAAT,PI CSM
01MPx00000OHXhNMAX,0014L00000OFJJUQA5,PI CSM
01MPx00000OHXhPMAX,0016g00001ANqe6AAD,E&I CSM
01MPx00000OHXhQMAX,0016g00001ANqwUAAT,PI CSM
01MPx00000OHXhRMAX,0016g00001ANqScAAL,PI CSM
01MPx00000OHXhTMAX,0016g00001ANpvpAAD,PI CSM
01MPx00000OHXhUMAX,0016g00001ANq7VAAT,PI CSM
01MPx00000OHXhVMAX,0016g00001ANqQJAA1,E&I CSM
01MPx00000OHXhWMAX,0016g00001ANqdyAAD,E&I CSM
01MPx00000OHXhXMAX,0016g00001ANpwxAAD,PI CSM
01MPx00000OHXhZMAX,001Px00000Vvq5oIAB,Law.com CSM
01MPx00000OHXhaMAH,0016g00001ANq7MAAT,PI CSM
01MPx00000OHXhbMAH,0016g00001ANpxSAAT,E&I CSM
01MPx00000OHXjJMAX,001Px00000VvVz7IAF,Law.com CSM
01MPx00000OHXjKMAX,0016g00001ANt3GAAT,PI CSM
01MPx00000OHXjLMAX,0016g00001ANtFvAAL,PI CSM
01MPx00000OHXjMMAX,0014L00000K8ktUQAR,E&I CSM
01MPx00000OHXkvMAH,001Px00000VvoedIAB,Law.com CSM
01MPx00000OHXmXMAX,0016g00001ANvlRAAT,E&I CSM
01MPx00000OHXmYMAX,001Px00000VwSCaIAN,Law.com CSM
01MPx00000OHXmaMAH,0014L00000AyuPDQAZ,E&I CSM
01MPx00000OHXmbMAH,0016g00001ANvGVAA1,E&I CSM
01MPx00000OHXmcMAH,0014L00000j2iGaQAI,PI CSM
01MPx00000OHXmeMAH,0016g00001ANvnuAAD,PI CSM
01MPx00000OHXmgMAH,0014L00000nq0KAQAY,PI CSM
01MPx00000OHXmhMAH,0016g00001ANvCNAA1,PI CSM
01MPx00000OHXmiMAH,0016g00001ANuzxAAD,E&I CSM
01MPx00000OHXmjMAH,0016g00001ANv3VAAT,E&I CSM
01MPx00000OHXmkMAH,001Px00000VvhtqIAB,Law.com CSM
01MPx00000OHXmmMAH,001Px00000VvU95IAF,Law.com CSM
01MPx00000OHXmnMAH,0016g00001ANvoyAAD,PI CSM
01MPx00000OHXmoMAH,0016g00001ANvTJAA1,PI CSM
01MPx00000OHXmpMAH,0016g00001ANvfYAAT,PI CSM
01MPx00000OHXmqMAH,0014L00000K87mmQAB,PI CSM
01MPx00000OHXmtMAH,0016g00001ANvMRAA1,PI CSM
01MPx00000OHXmuMAH,001Px00000Vvi62IAB,Law.com CSM
01MPx00000OHXmvMAH,0016g00001ANurfAAD,PI CSM
01MPx00000OHXmwMAH,001Px00000VvpwsIAB,Law.com CSM
01MPx00000OHXmxMAH,0016g00001AOeQ1AAL,PI CSM
01MPx00000OHXmyMAH,0016g00001ANurrAAD,E&I CSM
01MPx00000OHXmzMAH,001Px00000XskcSIAR,Law.com CSM
01MPx00000OHXn1MAH,0016g00001ANuo4AAD,PI CSM
01MPx00000OHXn2MAH,0016g00001ANv2KAAT,PI CSM
01MPx00000OHXn4MAH,0016g00001ANvMGAA1,PI CSM
01MPx00000OHXn5MAH,0016g00001ANvHOAA1,E&I CSM
01MPx00000OHXn6MAH,0016g00001ANvitAAD,E&I CSM
01MPx00000OHXn8MAH,0016g00001ANvmdAAD,E&I CSM
01MPx00000OHXn9MAH,001Px00000VvOzMIAV,E&I CSM
01MPx00000OHXnAMAX,001Px00000XsUqtIAF,Law.com CSM
01MPx00000OHXnCMAX,001Px00000VvnDRIAZ,Law.com CSM
01MPx00000OHXnDMAX,0016g00001ANvJkAAL,PI CSM
01MPx00000OHXnEMAX,0016g00001ANvevAAD,PI CSM
01MPx00000OHXnFMAX,001Px00000VvicJIAR,Law.com CSM
01MPx00000OHXnGMAX,0016g00001ANvCdAAL,PI CSM
01MPx00000OHXnHMAX,001Px00000Vvx3gIAB,E&I CSM
01MPx00000OHXnJMAX,001Px00000VvfPvIAJ,Law.com CSM
01MPx00000OHXnKMAX,0016g00001ANuurAAD,PI CSM
01MPx00000OHXnLMAX,001Px00000VvqQAIAZ,E&I CSM
01MPx00000OHXnMMAX,0016g00001ANutFAAT,PI CSM
01MPx00000OHXnNMAX,0016g00001ANvkyAAD,E&I CSM
01MPx00000OHXnOMAX,0016g00001ANvoKAAT,PI CSM
01MPx00000OHXnPMAX,0016g00001ANvnTAAT,E&I CSM
01MPx00000OHXnQMAX,0016g00001ANvA9AAL,E&I CSM
01MPx00000OHXnRMAX,0016g00001ANunvAAD,E&I CSM
01MPx00000OHXnSMAX,001Tm00000I5dG7IAJ,E&I CSM
01MPx00000OHXnTMAX,001Px00000VviUvIAJ,Law.com CSM
01MPx00000OHXnUMAX,0016g00001ANvj4AAD,E&I CSM
01MPx00000OHXnVMAX,001Tm00000G3QpZIAV,PI CSM
01MPx00000OHXnWMAX,001Tm00000MEQ5RIAX,Law.com CSM
01MPx00000OHXnYMAX,0016g00001ANv7tAAD,Law.com CSM
01MPx00000OHXnbMAH,0016g00001ANv1QAAT,E&I CSM
01MPx00000OHXncMAH,0016g00001ANoCBAA1,PI CSM
01MPx00000OHXndMAH,0016g00001ANv6rAAD,E&I CSM
01MPx00000OHXneMAH,0014L00000VwwGVQAZ,PI CSM
01MPx00000OHXnfMAH,001Px00000VxYQGIA3,Law.com CSM
01MPx00000OHXngMAH,001Px00000XsUqiIAF,Law.com CSM
01MPx00000OHXnhMAH,0016g00001ANv1YAAT,PI CSM
01MPx00000OHXniMAH,0016g00001ANvKBAA1,E&I CSM
01MPx00000OHXnkMAH,001Px00000VvaH1IAJ,E&I CSM
01MPx00000OHXnlMAH,001Px00000XsUqoIAF,E&I CSM
01MPx00000OHXnmMAH,001Px00000VvuLqIAJ,Law.com CSM
01MPx00000OHXnnMAH,0016g00001ANvmwAAD,E&I CSM
01MPx00000OHXnoMAH,0016g00001ANv89AAD,Law.com CSM
01MPx00000OHXnrMAH,001Px00000VvkTUIAZ,Law.com CSM
01MPx00000OHXnsMAH,001Px00000VvetfIAB,Law.com CSM
01MPx00000OHXntMAH,0016g00001ANvjQAAT,PI CSM
01MPx00000OHXnwMAH,001Tm00000MEKKkIAP,Law.com CSM
01MPx00000OHXnxMAH,0016g00001ANuyiAAD,PI CSM
01MPx00000OHXnyMAH,0016g00001ANuzeAAD,PI CSM
01MPx00000OHXo0MAH,0016g00001ANvTvAAL,E&I CSM
01MPx00000OHXo1MAH,0016g00001ANv1wAAD,PI CSM
01MPx00000OHXo2MAH,0016g00001ANvpYAAT,PI CSM
01MPx00000OHXo3MAH,001Px00000VMbonIAD,PI CSM
01MPx00000OHXo4MAH,0016g00001ANvj9AAD,E&I CSM
01MPx00000OHXo9MAH,0016g00001ANwmoAAD,PI CSM
01MPx00000OHXoAMAX,001Px00000VvpEsIAJ,Law.com CSM
01MPx00000OHXoBMAX,0016g00001ANwrXAAT,PI CSM
01MPx00000OHXoEMAX,0016g00001ANviDAAT,E&I CSM
01MPx00000OHXoFMAX,0016g00001ANvxIAAT,E&I CSM
01MPx00000OHXoGMAX,0016g00001ANvsqAAD,PI CSM
01MPx00000OHXoHMAX,001Px00000Vvp77IAB,Law.com CSM
01MPx00000OHXoIMAX,0016g00001ANwvFAAT,PI CSM
01MPx00000OHXoJMAX,0016g00001ANwuVAAT,PI CSM
01MPx00000OHXoKMAX,0014L00000nrizbQAA,E&I CSM
01MPx00000OHXoLMAX,0014L00000XQUPLQA5,PI CSM
01MPx00000OHXoMMAX,0016g00001ANwC8AAL,PI CSM
01MPx00000OHXoNMAX,0016g00001ANwmXAAT,PI CSM
01MPx00000OHXoOMAX,0016g00001ANwTEAA1,PI CSM
01MPx00000OHXoPMAX,001Px00000Vvo89IAB,Law.com CSM
01MPx00000OHXoRMAX,0016g00001ANwUMAA1,PI CSM
01MPx00000OHXoTMAX,001Px00000W0KVoIAN,PI CSM
01MPx00000OHXoWMAX,001Px00000VvbmdIAB,Law.com CSM
01MPx00000OHXoXMAX,0016g00001ANwtDAAT,E&I CSM
01MPx00000OHXoYMAX,0016g00001ANwKSAA1,E&I CSM
01MPx00000OHXoZMAX,001Tm00000MESELIA5,Law.com CSM
01MPx00000OHXoaMAH,0016g00001ANwxqAAD,PI CSM
01MPx00000OHXobMAH,0016g00001ANwFNAA1,E&I CSM
01MPx00000OHXocMAH,001Px00000Vvc6PIAR,Law.com CSM
01MPx00000OHXodMAH,001Px00000VwMilIAF,Law.com CSM
01MPx00000OHXoeMAH,0016g00001ANvv2AAD,PI CSM
01MPx00000OHXogMAH,001Tm00000MOCUqIAP,PI CSM
01MPx00000OHXojMAH,001Px00000VvlIhIAJ,Law.com CSM
01MPx00000OHXomMAH,0016g00001ANwmTAAT,PI CSM
01MPx00000OHXonMAH,0016g00001ANwQhAAL,PI CSM
01MPx00000OHXooMAH,0016g00001ANx3XAAT,PI CSM
01MPx00000OHXopMAH,001Px00000VvhWGIAZ,Law.com CSM
01MPx00000OHXoqMAH,0016g00001ANwBjAAL,PI CSM
01MPx00000OHXosMAH,0016g00001ANwQJAA1,PI CSM
01MPx00000OHXotMAH,001Px00000VvhuIIAR,Law.com CSM
01MPx00000OHXoxMAH,0016g00001ANvttAAD,PI CSM
01MPx00000OHXoyMAH,0016g00001ANwFiAAL,E&I CSM
01MPx00000OHXozMAH,001Tm00000KlZQIIA3,PI CSM
01MPx00000OHXp0MAH,0014L00000j4AjfQAE,PI CSM
01MPx00000OHXp1MAH,0016g00001ANwImAAL,E&I CSM
01MPx00000OHXp3MAH,001Px00000Vva0tIAB,Law.com CSM
01MPx00000OHXp4MAH,001Tm00000MECnLIAX,Law.com CSM
01MPx00000OHXp5MAH,001Px00000Vvdp5IAB,Law.com CSM
01MPx00000OHXp6MAH,0016g00001ANwAQAA1,PI CSM
01MPx00000OHXp7MAH,0016g00001ANwAZAA1,PI CSM
01MPx00000OHXp8MAH,001Px00000VvUjHIAV,Law.com CSM
01MPx00000OHXpAMAX,0016g00001ANw4rAAD,PI CSM
01MPx00000OHXpBMAX,0016g00001ANwFRAA1,PI CSM
01MPx00000OHXpDMAX,001Px00000Vvam2IAB,Law.com CSM
01MPx00000OHXpEMAX,001Px00000Vvi0ZIAR,Law.com CSM
01MPx00000OHXpGMAX,001Px00000VvQqsIAF,Law.com CSM
01MPx00000OHXpHMAX,0016g00001ANwoPAAT,PI CSM
01MPx00000OHXpIMAX,0016g00001ANwFIAA1,PI CSM
01MPx00000OHXpJMAX,0016g00001ANwEeAAL,E&I CSM
01MPx00000OHXpLMAX,0016g00001ANwhvAAD,E&I CSM
01MPx00000OHXpMMAX,001Px00000VvWyeIAF,Law.com CSM
01MPx00000OHXpOMAX,001Tm00000MESE6IAP,Law.com CSM
01MPx00000OHXpPMAX,0016g00001ANwE5AAL,E&I CSM
01MPx00000OHXpQMAX,001Tm0000077KKaIAM,E&I CSM
01MPx00000OHXpRMAX,0016g00001ANwCJAA1,PI CSM
01MPx00000OHXpSMAX,0016g00001ANwDyAAL,PI CSM
01MPx00000OHXpTMAX,0016g00001ANwiGAAT,PI CSM
01MPx00000OHXpUMAX,0016g00001ANwmkAAD,E&I CSM
01MPx00000OHXpVMAX,001Tm00000MESEoIAP,Law.com CSM
01MPx00000OHXpWMAX,0016g00001ANwEKAA1,PI CSM
01MPx00000OHXpaMAH,001Px00000YET1nIAH,PI CSM
01MPx00000OHXpcMAH,0016g00001ANwLDAA1,PI CSM
01MPx00000OHXpdMAH,0014L00000VYri1QAD,PI CSM
01MPx00000OHXpeMAH,001Px00000VveXwIAJ,Law.com CSM
01MPx00000OHXphMAH,001Px00000VvramIAB,Law.com CSM
01MPx00000OHXpmMAH,001Px00000VvfrZIAR,Law.com CSM
01MPx00000OHXpnMAH,0016g00001ANxr7AAD,PI CSM
01MPx00000OHXppMAH,0016g00001ANxc3AAD,PI CSM
01MPx00000OHXrNMAX,001Tm000004lvJwIAI,PI CSM
01MPx00000OHXrOMAX,0014L00000ituCIQAY,PI CSM
01MPx00000OHXrRMAX,001Px00000VvrmnIAB,Law.com CSM
01MPx00000OHXrSMAX,001Px00000Xs1VPIAZ,Law.com CSM
01MPx00000OHXrTMAX,001Px00000Vvi0JIAR,Law.com CSM
01MPx00000OHXrUMAX,0016g00001ANy6FAAT,PI CSM
01MPx00000OHXszMAH,0016g00001AO02xAAD,PI CSM
01MPx00000OHXt0MAH,001Px00000Vva0OIAR,PI CSM
01MPx00000OHXwDMAX,0016g00001AO56mAAD,E&I CSM
01MPx00000OHXwEMAX,0016g00001AO4GnAAL,E&I CSM
01MPx00000OHXwGMAX,0016g00001AO4qDAAT,E&I CSM
01MPx00000OHXwHMAX,0016g00001AO50AAAT,PI CSM
01MPx00000OHXxqMAH,0016g00001AO5bkAAD,E&I CSM
01MPx00000OHXxrMAH,0016g00001AO5ZFAA1,E&I CSM
01MPx00000OHXxsMAH,001Px00000Vva8mIAB,Law.com CSM
01MPx00000OHXxtMAH,001Px00000VvOFnIAN,Law.com CSM
01MPx00000OHXxuMAH,0016g00001AO5I4AAL,PI CSM
01MPx00000OHXxvMAH,0014L00000Nb6eLQAR,PI CSM
01MPx00000OHXxwMAH,001Px00000VvfUJIAZ,E&I CSM
01MPx00000OHXxxMAH,0016g00001AO5nxAAD,PI CSM
01MPx00000OHXxyMAH,001Px00000VvflXIAR,Law.com CSM
01MPx00000OHXxzMAH,001Px00000VvwVZIAZ,Law.com CSM
01MPx00000OHXy0MAH,001Tm00000BBr2gIAD,E&I CSM
01MPx00000OHXy2MAH,001Px00000VvPVHIA3,Law.com CSM
01MPx00000OHXy3MAH,001Px00000Vw73CIAR,Law.com CSM
01MPx00000OHXy5MAH,001Px00000VvXPTIA3,Law.com CSM
01MPx00000OHXy6MAH,001Px00000VvpWPIAZ,Law.com CSM
01MPx00000OHXy7MAH,0014L00000C4lABQAZ,E&I CSM
01MPx00000OHXy8MAH,001Tm00000BuDnRIAV,PI CSM
01MPx00000OHXyAMAX,0016g00001AO5o1AAD,E&I CSM
01MPx00000OHXyBMAX,0016g00001AO9vmAAD,PI CSM
01MPx00000OHXyCMAX,0016g00001AO574AAD,PI CSM
01MPx00000OHXyHMAX,0016g00001AO5HZAA1,PI CSM
01MPx00000OHXyIMAX,0016g00001AO5L1AAL,PI CSM
01MPx00000OHXyJMAX,0016g00001AO5UfAAL,PI CSM
01MPx00000OHXyKMAX,0016g00001AO5bQAAT,E&I CSM
01MPx00000OHXyLMAX,0016g00001AO4otAAD,PI CSM
01MPx00000OHXyMMAX,0016g00001AO5czAAD,E&I CSM
01MPx00000OHXyNMAX,0016g00001AO5OdAAL,E&I CSM
01MPx00000OHXyOMAX,0014L00000GkDjPQAV,PI CSM
01MPx00000OHXyQMAX,0016g00001AO5i7AAD,E&I CSM
01MPx00000OHXyTMAX,0016g00001AO8GBAA1,E&I CSM
01MPx00000OHXyVMAX,001Px00000VvOioIAF,Law.com CSM
01MPx00000OHXyYMAX,0016g00001AO5oQAAT,E&I CSM
01MPx00000OHXyZMAX,0016g00001AO5McAAL,PI CSM
01MPx00000OHXyaMAH,0016g00001AO5J4AAL,E&I CSM
01MPx00000OHXybMAH,0016g00001AO5kVAAT,E&I CSM
01MPx00000OHXycMAH,0016g00001AO5AkAAL,PI CSM
01MPx00000OHXyeMAH,0016g00001AO5hhAAD,PI CSM
01MPx00000OHXyhMAH,001Px00000VvoGIIAZ,E&I CSM
01MPx00000OHXykMAH,0016g00001AO5N1AAL,PI CSM
01MPx00000OHXylMAH,0016g00001AO5hRAAT,PI CSM
01MPx00000OHXymMAH,001Px00000VvottIAB,Law.com CSM
01MPx00000OHXynMAH,0016g00001cfGWbAAM,E&I CSM
01MPx00000OHXyoMAH,0014L00000MxtzlQAB,E&I CSM
01MPx00000OHXypMAH,001Px00000VvTjBIAV,Law.com CSM
01MPx00000OHXysMAH,0014L00000f3ijoQAA,PI CSM
01MPx00000OHXytMAH,001Tm000001m4AQIAY,PI CSM
01MPx00000OHXyvMAH,0016g00001AO5fUAAT,PI CSM
01MPx00000OHXywMAH,0016g00001AO5LMAA1,E&I CSM
01MPx00000OHXyxMAH,0016g00001AO56xAAD,E&I CSM
01MPx00000OHXyzMAH,0016g00001AO5reAAD,E&I CSM
01MPx00000OHXz0MAH,0016g00001AO5IOAA1,E&I CSM
01MPx00000OHXz1MAH,001Px00000VvFZkIAN,Law.com CSM
01MPx00000OHXz3MAH,0016g00001Yf2gFAAR,PI CSM
01MPx00000OHXz4MAH,0016g00001AO5BqAAL,PI CSM
01MPx00000OHXz5MAH,0016g00001AO5GcAAL,E&I CSM
01MPx00000OHXz8MAH,001Tm00000O7bwRIAR,PI CSM
01MPx00000OHXz9MAH,0016g00001AO5qwAAD,E&I CSM
01MPx00000OHXzAMAX,0016g00001AO5HvAAL,PI CSM
01MPx00000OHXzBMAX,001Px00000VviiBIAR,Law.com CSM
01MPx00000OHXzEMAX,0016g00001AO5jyAAD,PI CSM
01MPx00000OHXzGMAX,001Px00000VvfeiIAB,Law.com CSM
01MPx00000OHXzIMAX,0016g00001AO5a0AAD,E&I CSM
01MPx00000OHXzJMAX,0016g00001AO5XdAAL,PI CSM
01MPx00000OHXzRMAX,0016g00001AO79bAAD,PI CSM
01MPx00000OHXzSMAX,0014L00000FHYNUQA5,E&I CSM
01MPx00000OHXzTMAX,001Tm00000MEKRpIAP,Law.com CSM
01MPx00000OHXzUMAX,001Px00000VvrpiIAB,Law.com CSM
01MPx00000OHXzXMAX,0016g00001AO7XrAAL,PI CSM
01MPx00000OHXzYMAX,001Px00000VvnDVIAZ,Law.com CSM
01MPx00000OHXzaMAH,0016g00001cfb83AAA,PI CSM
01MPx00000OHXzbMAH,0014L00000XOa0uQAD,E&I CSM
01MPx00000OHXzcMAH,001Px00000XsUu3IAF,Law.com CSM
01MPx00000OHXzdMAH,001Px00000VyNGIIA3,PI CSM
01MPx00000OHXzfMAH,0016g00001ANmNcAAL,PI CSM
01MPx00000OHXzgMAH,001Px00000VvRoJIAV,E&I CSM
01MPx00000OHXzhMAH,0014L00000mAtVNQA0,E&I CSM
01MPx00000OHXzjMAH,0016g00001AO6z1AAD,PI CSM
01MPx00000OHXzlMAH,0016g00001AO6xuAAD,E&I CSM
01MPx00000OHXzmMAH,001Tm000004ddjxIAA,E&I CSM
01MPx00000OHXzoMAH,0016g00001AO7OmAAL,PI CSM
01MPx00000OHXzpMAH,0016g00001AO7WnAAL,PI CSM
01MPx00000OHXzqMAH,001Tm00000AkJRhIAN,PI CSM
01MPx00000OHXzsMAH,001Px00000VvfPdIAJ,Law.com CSM
01MPx00000OHXztMAH,0016g00001AO78CAAT,PI CSM
01MPx00000OHXzvMAH,0016g00001AO75PAAT,PI CSM
01MPx00000OHXzxMAH,0016g00001AO7CRAA1,E&I CSM
01MPx00000OHXzzMAH,001Px00000XskhMIAR,Law.com CSM
01MPx00000OHY00MAH,001Px00000VvPphIAF,Law.com CSM
01MPx00000OHY01MAH,001Px00000Vvk2MIAR,Law.com CSM
01MPx00000OHY04MAH,0014L00000f2YWAQA2,PI CSM
01MPx00000OHY07MAH,001Px00000VvcqIIAR,PI CSM
01MPx00000OHY0AMAX,0016g00001AO7TbAAL,PI CSM
01MPx00000OHY0CMAX,0016g00001AO7MmAAL,PI CSM
01MPx00000OHY0EMAX,0016g00001AO71HAAT,E&I CSM
01MPx00000OHY0FMAX,0016g00001AO7CmAAL,PI CSM
01MPx00000OHY0HMAX,0016g00001AO6vTAAT,Law.com CSM
01MPx00000OHY0IMAX,001Px00000Vvhl5IAB,Law.com CSM
01MPx00000OHY0LMAX,001Px00000VvZUzIAN,Law.com CSM
01MPx00000OHY0MMAX,0016g00001AO7S0AAL,PI CSM
01MPx00000OHY0NMAX,0016g00001AO7CaAAL,E&I CSM
01MPx00000OHY0PMAX,001Px00000VvefMIAR,Law.com CSM
01MPx00000OHY0QMAX,001Px00000Vvg83IAB,Law.com CSM
01MPx00000OHY0SMAX,001Px00000VvnLQIAZ,Law.com CSM
01MPx00000OHY0TMAX,0014L00000kkdZoQAI,PI CSM
01MPx00000OHY0WMAX,0016g00001AO7MDAA1,E&I CSM
01MPx00000OHY0XMAX,0016g00001AO72jAAD,PI CSM
01MPx00000OHY0YMAX,001Tm000004qqRuIAI,E&I CSM
01MPx00000OHY0ZMAX,0016g00001AO6vcAAD,PI CSM
01MPx00000OHY0aMAH,0016g00001AO7TjAAL,PI CSM
01MPx00000OHY0dMAH,001Px00000XsUu5IAF,Law.com CSM
01MPx00000OHY0fMAH,0016g00001AO6srAAD,E&I CSM
01MPx00000OHY0hMAH,001Tm00000Fc0o0IAB,E&I CSM
01MPx00000OHY0iMAH,001Px00000VvlIeIAJ,Law.com CSM
01MPx00000OHY0jMAH,001Px00000XskhFIAR,Law.com CSM
01MPx00000OHY0lMAH,0016g00001AO7PPAA1,E&I CSM
01MPx00000OHY0mMAH,0016g00001AO6zGAAT,E&I CSM
01MPx00000OHY0oMAH,0016g00001AOSyYAAX,PI CSM
01MPx00000OHY0qMAH,0016g00001AO6TTAA1,PI CSM
01MPx00000OHY0sMAH,0016g00001AO7QOAA1,E&I CSM
01MPx00000OHY0uMAH,0016g00001AO6pmAAD,E&I CSM
01MPx00000OHY0vMAH,0016g00001AO7XeAAL,PI CSM
01MPx00000OHY0wMAH,001Px00000bGCb1IAG,Law.com CSM
01MPx00000OHY0xMAH,0016g00001AO709AAD,E&I CSM
01MPx00000OHY0yMAH,0014L00000nqdRtQAI,PI CSM
01MPx00000OHY13MAH,0016g00001AO5hAAAT,PI CSM
01MPx00000OHY14MAH,0014L00000OFmjdQAD,PI CSM
01MPx00000OHY15MAH,0016g00001AO8HwAAL,E&I CSM
01MPx00000OHY16MAH,001Px00000XsgD0IAJ,Law.com CSM
01MPx00000OHY17MAH,001Px00000VvbmVIAR,Law.com CSM
01MPx00000OHY18MAH,0016g00001AO8EGAA1,PI CSM
01MPx00000OHY19MAH,0016g00001AO7w4AAD,E&I CSM
01MPx00000OHY1AMAX,0016g00001AO7rXAAT,E&I CSM
01MPx00000OHY1BMAX,0016g00001AO8HaAAL,PI CSM
01MPx00000OHY1CMAX,0016g00001AO7nmAAD,E&I CSM
01MPx00000OHY1EMAX,0016g00001AO880AAD,E&I CSM
01MPx00000OHY1JMAX,001Px00000Vvk2XIAR,Law.com CSM
01MPx00000OHY1LMAX,0016g00001AO8YMAA1,PI CSM
01MPx00000OHY1MMAX,0014L00000IJcmIQAT,PI CSM
01MPx00000OHY1NMAX,0014L00000VY6q4QAD,E&I CSM
01MPx00000OHY1OMAX,0016g00001AO8ZdAAL,PI CSM
01MPx00000OHY1PMAX,001Tm000000f9trIAA,E&I CSM
01MPx00000OHY1QMAX,0016g00001AO7nfAAD,PI CSM
01MPx00000OHY1RMAX,0016g00001AO7oGAAT,E&I CSM
01MPx00000OHY1TMAX,001Tm00000METXkIAP,Law.com CSM
01MPx00000OHY1UMAX,0016g00001AO8b5AAD,PI CSM
01MPx00000OHY1VMAX,0016g00001AO8U7AAL,E&I CSM
01MPx00000OHY1WMAX,001Px00000VvrnBIAR,Law.com CSM
01MPx00000OHY1XMAX,0016g00001AO8GcAAL,PI CSM
01MPx00000OHY1YMAX,0016g00001AO8OtAAL,PI CSM
01MPx00000OHY1ZMAX,0014L00000lQAXxQAO,E&I CSM
01MPx00000OHY1aMAH,0016g00001AO7kZAAT,PI CSM
01MPx00000OHY1bMAH,0016g00001AO8LcAAL,E&I CSM
01MPx00000OHY1cMAH,0016g00001AO8P1AAL,E&I CSM
01MPx00000OHY1dMAH,0016g00001AO7raAAD,E&I CSM
01MPx00000OHY1eMAH,0016g00001AO89RAAT,E&I CSM
01MPx00000OHY1fMAH,0016g00001AO8TBAA1,E&I CSM
01MPx00000OHY1hMAH,0016g00001AO8TzAAL,PI CSM
01MPx00000OHY1kMAH,001Px00000Vvo2jIAB,Law.com CSM
01MPx00000OHY1lMAH,0014L00000pB27LQAS,E&I CSM
01MPx00000OHY1mMAH,0016g00001AO8KdAAL,Law.com CSM
01MPx00000OHY1nMAH,0016g00001AO7qhAAD,PI CSM
01MPx00000OHY1pMAH,001Px00000VvsGZIAZ,PI CSM
01MPx00000OHY1qMAH,001Tm000001iT90IAE,PI CSM
01MPx00000OHY1rMAH,001Px00000VveGtIAJ,Law.com CSM
01MPx00000OHY1sMAH,0016g00001AOfLLAA1,E&I CSM
01MPx00000OHY1tMAH,0016g00001AO8KCAA1,E&I CSM
01MPx00000OHY1vMAH,001Tm00000METXrIAP,Law.com CSM
01MPx00000OHY1wMAH,001Px00000Vvi1EIAR,Law.com CSM
01MPx00000OHY1xMAH,001Px00000VvZUBIA3,Law.com CSM
01MPx00000OHY1yMAH,0016g00001AO89aAAD,E&I CSM
01MPx00000OHY1zMAH,0016g00001AO89wAAD,PI CSM
01MPx00000OHY20MAH,0014L00000lPTSaQAO,PI CSM
01MPx00000OHY21MAH,0014L00000k2bOdQAI,PI CSM
01MPx00000OHY23MAH,0016g00001AO8atAAD,PI CSM
01MPx00000OHY24MAH,0016g00001AO8NRAA1,E&I CSM
01MPx00000OHY25MAH,0016g00001AO8IPAA1,PI CSM
01MPx00000OHY28MAH,0016g00001AO8BjAAL,E&I CSM
01MPx00000OHY29MAH,001Tm000004JUksIAG,PI CSM
01MPx00000OHY2CMAX,001Tm00000MEN3VIAX,Law.com CSM
01MPx00000OHY2DMAX,001Px00000VveHTIAZ,Law.com CSM
01MPx00000OHY2EMAX,0016g00001AO8QLAA1,PI CSM
01MPx00000OHY2FMAX,001Px00000XsgCyIAJ,Law.com CSM
01MPx00000OHY2GMAX,0016g00001AO7qvAAD,PI CSM
01MPx00000OHY2HMAX,0016g00001AO8BRAA1,E&I CSM
01MPx00000OHY2KMAX,0016g00001AO7unAAD,E&I CSM
01MPx00000OHY2LMAX,0016g00001AO860AAD,E&I CSM
01MPx00000OHY2MMAX,0016g00001AO818AAD,E&I CSM
01MPx00000OHY2NMAX,001Px00000Vvk2IIAR,Law.com CSM
01MPx00000OHY2PMAX,0016g00001AO7hDAAT,E&I CSM
01MPx00000OHY2QMAX,0016g00001AO8aOAAT,PI CSM
01MPx00000OHY2RMAX,0014L00000k5VVQQA2,E&I CSM
01MPx00000OHY2UMAX,001Px00000VwMUTIA3,Law.com CSM
01MPx00000OHY2VMAX,0016g00001AO7kyAAD,E&I CSM
01MPx00000OHY2XMAX,001Px00000Vvh2wIAB,Law.com CSM
01MPx00000OHY2YMAX,001Px00000XsgCSIAZ,Law.com CSM
01MPx00000OHY2fMAH,001Px00000XsgDWIAZ,Law.com CSM
01MPx00000OHY2gMAH,001Px00000VvRoMIAV,Law.com CSM
01MPx00000OHY2hMAH,0016g00001AO91fAAD,PI CSM
01MPx00000OHY2iMAH,001Px00000Vvh1iIAB,Law.com CSM
01MPx00000OHY4HMAX,001Tm00000Hy3MDIAZ,PI CSM
01MPx00000OHY4IMAX,0016g00001AO9eRAAT,PI CSM
01MPx00000OHY4JMAX,0016g00001AOATTAA5,PI CSM
01MPx00000OHY4KMAX,0016g00001AO9bQAAT,E&I CSM
01MPx00000OHY4MMAX,0014L00000murxwQAA,E&I CSM
01MPx00000OHY4OMAX,001Px00000Xsi4NIAR,Law.com CSM
01MPx00000OHY4QMAX,0016g00001AO9spAAD,PI CSM
01MPx00000OHY4RMAX,001Px00000Vvb8qIAB,Law.com CSM
01MPx00000OHY4SMAX,001Px00000Vvi1cIAB,Law.com CSM
01MPx00000OHY4UMAX,001Px00000Vvi1ZIAR,Law.com CSM
01MPx00000OHY4VMAX,0016g00001AO9jsAAD,PI CSM
01MPx00000OHY4WMAX,001Tm00000HQakPIAT,E&I CSM
01MPx00000OHY4XMAX,0016g00001AOAXKAA5,PI CSM
01MPx00000OHY4YMAX,0016g00001AO9fKAAT,PI CSM
01MPx00000OHY4ZMAX,0016g00001AOA48AAH,PI CSM
01MPx00000OHY4aMAH,0016g00001AO9VjAAL,PI CSM
01MPx00000OHY4dMAH,0016g00001AO9yfAAD,PI CSM
01MPx00000OHY4eMAH,001Px00000XskisIAB,Law.com CSM
01MPx00000OHY4gMAH,0014L00000TNkqQQAT,E&I CSM
01MPx00000OHY4hMAH,0016g00001AO9j8AAD,PI CSM
01MPx00000OHY4iMAH,0016g00001AOAFPAA5,PI CSM
01MPx00000OHY4kMAH,0016g00001AO9sXAAT,PI CSM
01MPx00000OHY4lMAH,0016g00001AOAArAAP,E&I CSM
01MPx00000OHY4mMAH,0016g00001AOAVSAA5,PI CSM
01MPx00000OHY4nMAH,001Px00000Vvf9oIAB,Law.com CSM
01MPx00000OHY4oMAH,0016g00001AO9XkAAL,PI CSM
01MPx00000OHY4pMAH,0016g00001AO9Y3AAL,PI CSM
01MPx00000OHY4rMAH,0016g00001AOAYAAA5,E&I CSM
01MPx00000OHY4sMAH,0016g00001AO9IEAA1,PI CSM
01MPx00000OHY4vMAH,0016g00001AO9x8AAD,E&I CSM
01MPx00000OHY4xMAH,001Tm00000METruIAH,Law.com CSM
01MPx00000OHY4zMAH,0016g00001AOAG9AAP,E&I CSM
01MPx00000OHY50MAH,001Tm00000MtO3FIAV,Law.com CSM
01MPx00000OHY51MAH,001Px00000VwZk5IAF,Law.com CSM
01MPx00000OHY52MAH,0016g00001AO9knAAD,PI CSM
01MPx00000OHY53MAH,0016g00001AOACdAAP,PI CSM
01MPx00000OHY55MAH,0016g00001AO9ZEAA1,PI CSM
01MPx00000OHY56MAH,0016g00001AO9tDAAT,E&I CSM
01MPx00000OHY57MAH,0014L00000AzCQuQAN,PI CSM
01MPx00000OHY58MAH,0016g00001AOAQfAAP,E&I CSM
01MPx00000OHY59MAH,0016g00001AOAWHAA5,PI CSM
01MPx00000OHY5CMAX,001Tm00000J2U7BIAV,PI CSM
01MPx00000OHY5DMAX,0016g00001AO9X1AAL,PI CSM
01MPx00000OHY5EMAX,0014L00000KAnJxQAL,PI CSM
01MPx00000OHY5FMAX,001Tm000003huoTIAQ,PI CSM
01MPx00000OHY5GMAX,0016g00001AO9reAAD,E&I CSM
01MPx00000OHY5IMAX,0016g00001AO9lkAAD,E&I CSM
01MPx00000OHY5JMAX,0016g00001AO9hRAAT,PI CSM
01MPx00000OHY5KMAX,001Px00000Xsi4OIAR,Law.com CSM
01MPx00000OHY5MMAX,0016g00001AOAJiAAP,E&I CSM
01MPx00000OHY5NMAX,0016g00001AO9ZkAAL,E&I CSM
01MPx00000OHY5QMAX,0016g00001AO9b2AAD,E&I CSM
01MPx00000OHY5RMAX,0014L00000pBdOUQA0,PI CSM
01MPx00000OHY5SMAX,0014L00000k4oaRQAQ,PI CSM
01MPx00000OHY5UMAX,0016g00001AO9x7AAD,E&I CSM
01MPx00000OHY5VMAX,0016g00001AO9gjAAD,PI CSM
01MPx00000OHY5WMAX,0016g00001AO9jnAAD,E&I CSM
01MPx00000OHY5ZMAX,0016g00001AOAQUAA5,PI CSM
01MPx00000OHY5cMAH,0014L00000bEcKMQA0,PI CSM
01MPx00000OHY5dMAH,0016g00001AOACWAA5,E&I CSM
01MPx00000OHY5eMAH,0016g00001AOANdAAP,PI CSM
01MPx00000OHY5fMAH,0014L00000VYHorQAH,E&I CSM
01MPx00000OHY5hMAH,0016g00001AOA9uAAH,E&I CSM
01MPx00000OHY5iMAH,0016g00001AO4ykAAD,PI CSM
01MPx00000OHY5jMAH,0016g00001AO9vJAAT,PI CSM
01MPx00000OHY5lMAH,001Tm00000MEFyaIAH,Law.com CSM
01MPx00000OHY5mMAH,0016g00001AOAY9AAP,E&I CSM
01MPx00000OHY5nMAH,0016g00001AO9rrAAD,E&I CSM
01MPx00000OHY5oMAH,0016g00001ANoKPAA1,E&I CSM
01MPx00000OHY5pMAH,0016g00001AO9WvAAL,PI CSM
01MPx00000OHY7VMAX,0016g00001AOFDSAA5,PI CSM
01MPx00000OHY7XMAX,001Px00000VveXDIAZ,Law.com CSM
01MPx00000OHY7ZMAX,0016g00001AOFF9AAP,PI CSM
01MPx00000OHY7aMAH,001Px00000VvOFlIAN,Law.com CSM
01MPx00000OHYCKMA5,0016g00001AOGIAAA5,E&I CSM
01MPx00000OHYCMMA5,0014L00000CO7uwQAD,E&I CSM
01MPx00000OHYCNMA5,001Px00000VwMwRIAV,Law.com CSM
01MPx00000OHYCQMA5,0016g00001AOGbVAAX,PI CSM
01MPx00000OHYCRMA5,0016g00001AOGEVAA5,PI CSM
01MPx00000OHYCSMA5,0016g00001AOGHfAAP,PI CSM
01MPx00000OHYCTMA5,0016g00001AOGSKAA5,Law.com CSM
01MPx00000OHYCUMA5,0016g00001AOGfGAAX,PI CSM
01MPx00000OHYCWMA5,0016g00001AOGg4AAH,E&I CSM
01MPx00000OHYCXMA5,001Px00000VvPVhIAN,Law.com CSM
01MPx00000OHYCZMA5,0016g00001AOGHTAA5,E&I CSM
01MPx00000OHYCaMAP,001Tm00000702YsIAI,E&I CSM
01MPx00000OHYCbMAP,0016g00001AOGE3AAP,PI CSM
01MPx00000OHYCcMAP,0016g00001AOGtWAAX,E&I CSM
01MPx00000OHYCdMAP,0016g00001AOGgrAAH,Law.com CSM
01MPx00000OHYCeMAP,0014L00000mBbi8QAC,E&I CSM
01MPx00000OHYCfMAP,0016g00001AOGkAAAX,PI CSM
01MPx00000OHYCiMAP,001Tm00000BHNOTIA5,E&I CSM
01MPx00000OHYCjMAP,001Px00000VvQrPIAV,Law.com CSM
01MPx00000OHYCkMAP,0016g00001AOGoRAAX,E&I CSM
01MPx00000OHYCmMAP,001Px00000VvFZ5IAN,E&I CSM
01MPx00000OHYCnMAP,001Tm00000M3G0MIAV,PI CSM
01MPx00000OHYCoMAP,001Tm000009PzG3IAK,E&I CSM
01MPx00000OHYCqMAP,0016g00001AOGZzAAP,E&I CSM
01MPx00000OHYCtMAP,001Px00000VvuSgIAJ,Law.com CSM
01MPx00000OHYCuMAP,001Px00000VvRoBIAV,Law.com CSM
01MPx00000OHYCvMAP,001Px00000VvamBIAR,Law.com CSM
01MPx00000OHYCwMAP,0014L00000Gmjx1QAB,PI CSM
01MPx00000OHYCzMAP,001Px00000Xs1iLIAR,Law.com CSM
01MPx00000OHYD1MAP,0016g00001AOGgPAAX,E&I CSM
01MPx00000OHYD2MAP,0016g00001AOGqwAAH,PI CSM
01MPx00000OHYD3MAP,001Px00000VvbwXIAR,PI CSM
01MPx00000OHYD4MAP,001Px00000VvQoSIAV,Law.com CSM
01MPx00000OHYD5MAP,0016g00001AOGomAAH,E&I CSM
01MPx00000OHYD6MAP,0016g00001AOGJDAA5,PI CSM
01MPx00000OHYD7MAP,001Px00000XsVddIAF,Law.com CSM
01MPx00000OHYD8MAP,0016g00001AOGIoAAP,E&I CSM
01MPx00000OHYD9MAP,0014L00000IJoP3QAL,E&I CSM
01MPx00000OHYDBMA5,0016g00001AOGI9AAP,E&I CSM
01MPx00000OHYDCMA5,0016g00001AOGdeAAH,E&I CSM
01MPx00000OHYDDMA5,0016g00001AOGcxAAH,PI CSM
01MPx00000OHYDEMA5,001Tm00000MEMaMIAX,Law.com CSM
01MPx00000OHYDFMA5,0016g00001AOGEIAA5,E&I CSM
01MPx00000OHYDGMA5,001Px00000Vva9QIAR,Law.com CSM
01MPx00000OHYDHMA5,0016g00001AOG8dAAH,E&I CSM
01MPx00000OHYDJMA5,0016g00001AOGR7AAP,E&I CSM
01MPx00000OHYDKMA5,001Px00000Vvb88IAB,Law.com CSM
01MPx00000OHYDNMA5,0016g00001AOGHMAA5,E&I CSM
01MPx00000OHYDOMA5,0016g00001AOGQPAA5,E&I CSM
01MPx00000OHYDPMA5,001Px00000VvSLJIA3,Law.com CSM
01MPx00000OHYDQMA5,0016g00001AOGQYAA5,E&I CSM
01MPx00000OHYDRMA5,001Px00000VvZXyIAN,Law.com CSM
01MPx00000OHYDTMA5,0016g00001ANzdCAAT,E&I CSM
01MPx00000OHYDVMA5,001Tm00000MH6PKIA1,PI CSM
01MPx00000OHYDWMA5,0016g00001AOGeSAAX,PI CSM
01MPx00000OHYDXMA5,001Px00000XskndIAB,Law.com CSM
01MPx00000OHYDYMA5,001Px00000Xs1iNIAR,Law.com CSM
01MPx00000OHYDbMAP,001Px00000XskngIAB,Law.com CSM
01MPx00000OHYDcMAP,0016g00001AOGtlAAH,E&I CSM
01MPx00000OHYDeMAP,0014L00000IIWefQAH,E&I CSM
01MPx00000OHYDfMAP,001Px00000VvTeJIAV,Law.com CSM
01MPx00000OHYDhMAP,0016g00001AOGrlAAH,E&I CSM
01MPx00000OHYDiMAP,0016g00001AOGMsAAP,PI CSM
01MPx00000OHYDkMAP,001Px00000XsVdhIAF,Law.com CSM
01MPx00000OHYDmMAP,0016g00001AOGEtAAP,Law.com CSM
01MPx00000OHYDoMAP,0016g00001AOGnTAAX,PI CSM
01MPx00000OHYDpMAP,0016g00001AOGNfAAP,E&I CSM
01MPx00000OHYDqMAP,001Tm00000MEMbCIAX,Law.com CSM
01MPx00000OHYDsMAP,0016g00001AOGi8AAH,PI CSM
01MPx00000OHYDtMAP,0016g00001AOGZmAAP,E&I CSM
01MPx00000OHYDuMAP,0016g00001AOGBYAA5,E&I CSM
01MPx00000OHYDvMAP,001Px00000VvU39IAF,PI CSM
01MPx00000OHYDwMAP,0016g00001AOVuHAAX,PI CSM
01MPx00000OHYFYMA5,001Px00000VvphCIAR,Law.com CSM
01MPx00000OHYFZMA5,0014L00000OFwB1QAL,PI CSM
01MPx00000OHYFaMAP,001Px00000VvVtnIAF,PI CSM
01MPx00000OHYFbMAP,0016g00001AOHX7AAP,PI CSM
01MPx00000OHYFcMAP,0016g00001AOHYVAA5,PI CSM
01MPx00000OHYFdMAP,001Px00000XM8onIAD,PI CSM
01MPx00000OHYFeMAP,0016g00001AOH9oAAH,E&I CSM
01MPx00000OHYFfMAP,0016g00001AOHAHAA5,E&I CSM
01MPx00000OHYFgMAP,0016g00001AOHKxAAP,E&I CSM
01MPx00000OHYFhMAP,001Tm00000MEUbhIAH,Law.com CSM
01MPx00000OHYFjMAP,0016g00001AOHN3AAP,PI CSM
01MPx00000OHYFkMAP,001Tm000001T31xIAC,PI CSM
01MPx00000OHYFmMAP,001Px00000XsVduIAF,Law.com CSM
01MPx00000OHYFoMAP,001Tm00000481RIIAY,E&I CSM
01MPx00000OHYFpMAP,0016g00001AOHBaAAP,E&I CSM
01MPx00000OHYFqMAP,0014L00000npAahQAE,PI CSM
01MPx00000OHYFsMAP,0014L00000pBJ8eQAG,PI CSM
01MPx00000OHYFtMAP,001Px00000XsVe8IAF,Law.com CSM
01MPx00000OHYFuMAP,0014L00000j4ktJQAQ,PI CSM
01MPx00000OHYFwMAP,0016g00001AOHYeAAP,PI CSM
01MPx00000OHYFxMAP,001Tm00000ED0YQIA1,PI CSM
01MPx00000OHYFyMAP,001Tm00000MEMgqIAH,Law.com CSM
01MPx00000OHYG1MAP,0016g00001AOHl7AAH,PI CSM
01MPx00000OHYG2MAP,0016g00001AOHNwAAP,PI CSM
01MPx00000OHYG3MAP,001Px00000ZD8bVIAT,PI CSM
01MPx00000OHYG4MAP,0014L00000WFvW7QAL,PI CSM
01MPx00000OHYG5MAP,0016g00001AOHjQAAX,E&I CSM
01MPx00000OHYG6MAP,0016g00001AOHGxAAP,PI CSM
01MPx00000OHYG7MAP,001Tm00000LJNo6IAH,PI CSM
01MPx00000OHYG9MAP,0014L00000itpzZQAQ,PI CSM
01MPx00000OHYGBMA5,001Px00000Vvd36IAB,Law.com CSM
01MPx00000OHYGCMA5,001Px00000VvZuhIAF,Law.com CSM
01MPx00000OHYGDMA5,0016g00001AOHPIAA5,PI CSM
01MPx00000OHYGFMA5,0016g00001AOHiJAAX,PI CSM
01MPx00000OHYGGMA5,0014L00000ILK0bQAH,PI CSM
01MPx00000OHYGIMA5,0016g00001AOHenAAH,E&I CSM
01MPx00000OHYGJMA5,001Px00000VveHKIAZ,Law.com CSM
01MPx00000OHYGKMA5,001Tm00000MEMhfIAH,Law.com CSM
01MPx00000OHYGNMA5,001Tm00000DsfEqIAJ,E&I CSM
01MPx00000OHYGRMA5,0016g00001AOHCsAAP,PI CSM
01MPx00000OHYGSMA5,001Px00000XsVdsIAF,Law.com CSM
01MPx00000OHYGTMA5,001Px00000XsVdvIAF,Law.com CSM
01MPx00000OHYGVMA5,001Tm000004EBRAIA4,PI CSM
01MPx00000OHYGWMA5,001Tm00000B38XQIAZ,E&I CSM
01MPx00000OHYGXMA5,0016g00001AOHS2AAP,PI CSM
01MPx00000OHYGYMA5,0014L00000KAAUxQAP,PI CSM
01MPx00000OHYGaMAP,0016g00001AOHkCAAX,PI CSM
01MPx00000OHYGbMAP,001Px00000Vvfl2IAB,Law.com CSM
01MPx00000OHYGcMAP,0016g00001AOHHdAAP,PI CSM
01MPx00000OHYGdMAP,0016g00001AOHxTAAX,PI CSM
01MPx00000OHYGeMAP,0016g00001AOHRNAA5,E&I CSM
01MPx00000OHYGfMAP,001Px00000VvZO5IAN,Law.com CSM
01MPx00000OHYGgMAP,0016g00001AOH34AAH,PI CSM
01MPx00000OHYGhMAP,001Px00000VvgdeIAB,PI CSM
01MPx00000OHYGiMAP,0016g00001AOHJmAAP,PI CSM
01MPx00000OHYGjMAP,001Px00000VvvZZIAZ,Law.com CSM
01MPx00000OHYGkMAP,001Tm000007DXBpIAO,E&I CSM
01MPx00000OHYGlMAP,0016g00001AOHKKAA5,E&I CSM
01MPx00000OHYGmMAP,0016g00001AOHLaAAP,PI CSM
01MPx00000OHYGnMAP,0016g00001AOHCZAA5,PI CSM
01MPx00000OHYGoMAP,0014L00000TyJxYQAV,PI CSM
01MPx00000OHYGpMAP,001Tm00000IBOzDIAX,PI CSM
01MPx00000OHYGrMAP,0016g00001AOHBpAAP,E&I CSM
01MPx00000OHYGsMAP,001Tm00000D9L49IAF,PI CSM
01MPx00000OHYGtMAP,0016g00001AOHIrAAP,E&I CSM
01MPx00000OHYGuMAP,001Px00000VvokBIAR,Law.com CSM
01MPx00000OHYGvMAP,0014L00000KA4lgQAD,PI CSM
01MPx00000OHYGwMAP,0014L00000Az5ANQAZ,PI CSM
01MPx00000OHYGxMAP,001Px00000VvXrmIAF,PI CSM
01MPx00000OHYH0MAP,0016g00001AOHOTAA5,E&I CSM
01MPx00000OHYH3MAP,0016g00001AOGyqAAH,E&I CSM
01MPx00000OHYH4MAP,0016g00001AOHeyAAH,PI CSM
01MPx00000OHYH5MAP,001Px00000VvgECIAZ,Law.com CSM
01MPx00000OHYHBMA5,0016g00001AOHtDAAX,E&I CSM
01MPx00000OHYHDMA5,0016g00001AOIUqAAP,PI CSM
01MPx00000OHYHEMA5,001Tm0000037f1XIAQ,PI CSM
01MPx00000OHYHFMA5,0016g00001AOHuaAAH,E&I CSM
01MPx00000OHYHGMA5,0016g00001AOIqcAAH,E&I CSM
01MPx00000OHYLqMAP,001Px00000VvVttIAF,Law.com CSM
01MPx00000OHYLsMAP,0016g00001AOJO8AAP,PI CSM
01MPx00000OHYLtMAP,0016g00001AOJOzAAP,PI CSM
01MPx00000OHYLuMAP,0016g00001AOJS3AAP,PI CSM
01MPx00000OHYLvMAP,001Px00000XsVeZIAV,Law.com CSM
01MPx00000OHYLwMAP,0016g00001AOJPzAAP,PI CSM
01MPx00000OHYLxMAP,001Tm00000MtRaQIAV,Law.com CSM
01MPx00000OHYLyMAP,0016g00001AOJE2AAP,Law.com CSM
01MPx00000OHYLzMAP,001Px00000VvO8ZIAV,Law.com CSM
01MPx00000OHYM0MAP,0016g00001AOJLlAAP,PI CSM
01MPx00000OHYM2MAP,001Px00000VvPF0IAN,Law.com CSM
01MPx00000OHYM4MAP,001Px00000VvpUvIAJ,Law.com CSM
01MPx00000OHYM5MAP,001Px00000WkN5KIAV,Law.com CSM
01MPx00000OHYM6MAP,001Px00000Vvi7kIAB,Law.com CSM
01MPx00000OHYM8MAP,001Px00000VvmXaIAJ,Law.com CSM
01MPx00000OHYM9MAP,0016g00001AOJQuAAP,PI CSM
01MPx00000OHYMAMA5,0016g00001AOJKWAA5,PI CSM
01MPx00000OHYMDMA5,0016g00001AOJ1iAAH,PI CSM
01MPx00000OHYMEMA5,001Px00000VvOGHIA3,Law.com CSM
01MPx00000OHYMFMA5,001Px00000VvdUUIAZ,Law.com CSM
01MPx00000OHYMIMA5,001Px00000Vvi60IAB,Law.com CSM
01MPx00000OHYMJMA5,0016g00001AOJEvAAP,PI CSM
01MPx00000OHYMKMA5,0016g00001AOFEtAAP,PI CSM
01MPx00000OHYMMMA5,0016g00001AOJ8vAAH,PI CSM
01MPx00000OHYMOMA5,0016g00001AOIzfAAH,PI CSM
01MPx00000OHYMPMA5,0014L00000WF2y1QAD,PI CSM
01MPx00000OHYMQMA5,0016g00001AOJFuAAP,E&I CSM
01MPx00000OHYMRMA5,0016g00001AOJH7AAP,PI CSM
01MPx00000OHYMVMA5,001Tm000005ifFuIAI,PI CSM
01MPx00000OHYMWMA5,0016g00001AOJC1AAP,PI CSM
01MPx00000OHYMXMA5,0016g00001AOJVWAA5,E&I CSM
01MPx00000OHYMYMA5,001Tm000006dcLKIAY,PI CSM
01MPx00000OHYMZMA5,0016g00001AOJVkAAP,E&I CSM
01MPx00000OHYMbMAP,0016g00001AOJ2CAAX,E&I CSM
01MPx00000OHYMcMAP,0016g00001AOJ10AAH,PI CSM
01MPx00000OHYMdMAP,001Px00000VvwnmIAB,Law.com CSM
01MPx00000OHYMfMAP,001Px00000VyAtuIAF,E&I CSM
01MPx00000OHYMgMAP,001Px00000XskpHIAR,Law.com CSM
01MPx00000OHYMhMAP,001Tm00000DMls2IAD,E&I CSM
01MPx00000OHYMjMAP,001Px00000VvfUIIAZ,Law.com CSM
01MPx00000OHYMkMAP,001Px00000VvhuKIAR,Law.com CSM
01MPx00000OHYMmMAP,0016g00001AOJQAAA5,E&I CSM
01MPx00000OHYMnMAP,001Px00000VveuCIAR,Law.com CSM
01MPx00000OHYMoMAP,0016g00001AOJHiAAP,E&I CSM
01MPx00000OHYMqMAP,0016g00001AOJ0IAAX,PI CSM
01MPx00000OHYMrMAP,001Px00000XsVenIAF,Law.com CSM
01MPx00000OHYMsMAP,001Px00000VvPFTIA3,Law.com CSM
01MPx00000OHYMtMAP,0016g00001AOIzmAAH,PI CSM
01MPx00000OHYMuMAP,001Px00000Vvi0jIAB,Law.com CSM
01MPx00000OHYMvMAP,001Tm00000NxYzkIAF,PI CSM
01MPx00000OHYMxMAP,001Px00000XsVeoIAF,Law.com CSM
01MPx00000OHYN0MAP,0016g00001AOJ9gAAH,PI CSM
01MPx00000OHYN1MAP,001Px00000VvQoYIAV,Law.com CSM
01MPx00000OHYN2MAP,001Px00000VvFZTIA3,Law.com CSM
01MPx00000OHYN4MAP,0016g00001AOJTRAA5,E&I CSM
01MPx00000OHYN5MAP,0014L00000TxLVmQAN,Law.com CSM
01MPx00000OHYN6MAP,0016g00001AOJNnAAP,E&I CSM
01MPx00000OHYN8MAP,0016g00001AOJBQAA5,Law.com CSM
01MPx00000OHYNAMA5,0016g00001AOJJZAA5,PI CSM
01MPx00000OHYNDMA5,001Px00000VvZXBIA3,PI CSM
01MPx00000OHYNEMA5,0016g00001AOJYOAA5,PI CSM
01MPx00000OHYNFMA5,0016g00001AOJYyAAP,PI CSM
01MPx00000OHYNGMA5,001Px00000VvQwSIAV,Law.com CSM
01MPx00000OHYNHMA5,001Px00000VvOZsIAN,Law.com CSM
01MPx00000OHYNKMA5,0016g00001AOJETAA5,PI CSM
01MPx00000OHYNdMAP,001Tm00000MEV2TIAX,Law.com CSM
01MPx00000OHYPFMA5,0016g00001AOKfoAAH,PI CSM
01MPx00000OHYPHMA5,0016g00001AOLOIAA5,Law.com CSM
01MPx00000OHYPIMA5,0014L00000IJ6GsQAL,PI CSM
01MPx00000OHYPJMA5,001Px00000VvUnxIAF,PI CSM
01MPx00000OHYPKMA5,0016g00001AOLakAAH,PI CSM
01MPx00000OHYPMMA5,0016g00001AOL6yAAH,PI CSM
01MPx00000OHYPOMA5,001Tm00000MtJnWIAV,Law.com CSM
01MPx00000OHYPQMA5,0016g00001AOLWRAA5,E&I CSM
01MPx00000OHYPRMA5,0016g00001AOLH7AAP,E&I CSM
01MPx00000OHYPSMA5,0016g00001AOKp0AAH,PI CSM
01MPx00000OHYPTMA5,0014L00000mvO3VQAU,PI CSM
01MPx00000OHYPUMA5,001Px00000XsiZTIAZ,Law.com CSM
01MPx00000OHYPVMA5,001Px00000VvZXtIAN,Law.com CSM
01MPx00000OHYPWMA5,0016g00001AOLbHAAX,E&I CSM
01MPx00000OHYPYMA5,001Px00000Vvg8NIAR,Law.com CSM
01MPx00000OHYPaMAP,0016g00001AOLIgAAP,PI CSM
01MPx00000OHYPbMAP,0016g00001AOLY4AAP,E&I CSM
01MPx00000OHYPeMAP,0016g00001AOHwQAAX,PI CSM
01MPx00000OHYPfMAP,0016g00001AOLDaAAP,PI CSM
01MPx00000OHYPiMAP,0016g00001AOL7oAAH,E&I CSM
01MPx00000OHYPjMAP,0016g00001AOLY1AAP,E&I CSM
01MPx00000OHYPmMAP,0016g00001AOLZwAAP,E&I CSM
01MPx00000OHYPoMAP,0016g00001AOL5EAAX,PI CSM
01MPx00000OHYPpMAP,0016g00001AOLOKAA5,PI CSM
01MPx00000OHYPqMAP,001Px00000VvhtrIAB,Law.com CSM
01MPx00000OHYPtMAP,001Px00000XsiZVIAZ,Law.com CSM
01MPx00000OHYPzMAP,0016g00001AOL8YAAX,PI CSM
01MPx00000OHYQ0MAP,0016g00001AOLHtAAP,PI CSM
01MPx00000OHYQ2MAP,0016g00001AOLGaAAP,PI CSM
01MPx00000OHYQ3MAP,001Px00000VvjBHIAZ,E&I CSM
01MPx00000OHYQ4MAP,0016g00001AOLN4AAP,PI CSM
01MPx00000OHYQ5MAP,001Px00000VvXQ6IAN,Law.com CSM
01MPx00000OHYQ6MAP,001Px00000VvtRrIAJ,PI CSM
01MPx00000OHYQ7MAP,0016g00001AOLPNAA5,PI CSM
01MPx00000OHYQ8MAP,0016g00001YhuU9AAJ,E&I CSM
01MPx00000OHYQ9MAP,0016g00001WDxWjAAL,PI CSM
01MPx00000OHYQBMA5,001Px00000Vy4obIAB,PI CSM
01MPx00000OHYQFMA5,0016g00001AOLSeAAP,PI CSM
01MPx00000OHYQGMA5,0016g00001AOLQQAA5,PI CSM
01MPx00000OHYQMMA5,0016g00001AOKhKAAX,PI CSM
01MPx00000OHYQOMA5,0016g00001AOL9TAAX,PI CSM
01MPx00000OHYQPMA5,0014L00000NalghQAB,PI CSM
01MPx00000OHYQQMA5,0016g00001AOLNzAAP,PI CSM
01MPx00000OHYQRMA5,0016g00001AOLV9AAP,PI CSM
01MPx00000OHYQSMA5,0014L00000j3KNRQA2,PI CSM
01MPx00000OHYQTMA5,0016g00001AOL5IAAX,PI CSM
01MPx00000OHYQUMA5,0016g00001AOLcHAAX,E&I CSM
01MPx00000OHYQVMA5,001Px00000YAPBXIA5,PI CSM
01MPx00000OHYQWMA5,001Tm00000MtJnwIAF,E&I CSM
01MPx00000OHYQXMA5,0016g00001AOLerAAH,E&I CSM
01MPx00000OHYQYMA5,0016g00001AOL6TAAX,PI CSM
01MPx00000OHYQZMA5,0016g00001AOLJUAA5,E&I CSM
01MPx00000OHYQaMAP,0016g00001AOKj9AAH,PI CSM
01MPx00000OHYQbMAP,0016g00001AOKGUAA5,PI CSM
01MPx00000OHYQcMAP,001Px00000VvpbzIAB,Law.com CSM
01MPx00000OHYQeMAP,001Tm00000CLHqAIAX,PI CSM
01MPx00000OHYQfMAP,0016g00001AOIyZAAX,E&I CSM
01MPx00000OHYQgMAP,0016g00001AOL6cAAH,PI CSM
01MPx00000OHYQhMAP,0016g00001AOLKrAAP,PI CSM
01MPx00000OHYQiMAP,0016g00001AOLYeAAP,E&I CSM
01MPx00000OHYQjMAP,0016g00001AOL7PAAX,PI CSM
01MPx00000OHYQrMAP,001Px00000VvvilIAB,Law.com CSM
01MPx00000OHYQtMAP,001Tm00000MtHBEIA3,Law.com CSM
01MPx00000OHYQuMAP,001Tm00000LNivXIAT,PI CSM
01MPx00000OHYQvMAP,001Px00000VvmKdIAJ,Law.com CSM
01MPx00000OHYQzMAP,0016g00001AONV6AAP,PI CSM
01MPx00000OHYR1MAP,0016g00001AONdfAAH,PI CSM
01MPx00000OHYR2MAP,0016g00001AOO9MAAX,E&I CSM
01MPx00000OHYR3MAP,001Tm000009OFNNIA4,PI CSM
01MPx00000OHYR4MAP,001Tm00000H989RIAR,E&I CSM
01MPx00000OHYR5MAP,0016g00001AONbxAAH,E&I CSM
01MPx00000OHYR8MAP,001Px00000XsiaQIAR,Law.com CSM
01MPx00000OHYRAMA5,001Px00000VveXcIAJ,Law.com CSM
01MPx00000OHYRBMA5,001Px00000XskquIAB,Law.com CSM
01MPx00000OHYRCMA5,001Px00000VvgepIAB,Law.com CSM
01MPx00000OHYRDMA5,001Tm00000HhHezIAF,PI CSM
01MPx00000OHYREMA5,001Tm00000AN1VZIA1,E&I CSM
01MPx00000OHYRFMA5,0016g00001AONueAAH,E&I CSM
01MPx00000OHYRGMA5,0016g00001AONM9AAP,PI CSM
01MPx00000OHYRJMA5,001Tm000007p34gIAA,PI CSM
01MPx00000OHYRKMA5,001Px00000Xsg19IAB,Law.com CSM
01MPx00000OHYRMMA5,001Tm00000MEVBUIA5,Law.com CSM
01MPx00000OHYRNMA5,0016g00001AOO84AAH,E&I CSM
01MPx00000OHYROMA5,0016g00001AOO5yAAH,Law.com CSM
01MPx00000OHYRQMA5,001Tm00000MEFPUIA5,Law.com CSM
01MPx00000OHYRSMA5,0016g00001AONzYAAX,PI CSM
01MPx00000OHYRTMA5,0016g00001AONH7AAP,PI CSM
01MPx00000OHYRUMA5,0016g00001AONVHAA5,PI CSM
01MPx00000OHYRVMA5,001Tm00000AYcOWIA1,E&I CSM
01MPx00000OHYRWMA5,001Tm00000MEVAuIAP,Law.com CSM
01MPx00000OHYRXMA5,001Tm00000MEVC7IAP,Law.com CSM
01MPx00000OHYRYMA5,0016g00001AONanAAH,PI CSM
01MPx00000OHYRZMA5,001Px00000VvRMMIA3,PI CSM
01MPx00000OHYRbMAP,001Tm00000JtakgIAB,PI CSM
01MPx00000OHYRcMAP,0014L00000nsScyQAE,PI CSM
01MPx00000OHYRdMAP,001Tm00000N91qwIAB,PI CSM
01MPx00000OHYRfMAP,001Tm00000MEG93IAH,Law.com CSM
01MPx00000OHYRiMAP,0016g00001AONKUAA5,PI CSM
01MPx00000OHYRjMAP,001Tm00000DMlFJIA1,E&I CSM
01MPx00000OHYRlMAP,0016g00001AONU6AAP,E&I CSM
01MPx00000OHYRoMAP,001Px00000VvalwIAB,Law.com CSM
01MPx00000OHYRpMAP,0014L00000nptBBQAY,E&I CSM
01MPx00000OHYRqMAP,001Tm00000MEV90IAH,Law.com CSM
01MPx00000OHYRsMAP,001Tm00000JGS3sIAH,E&I CSM
01MPx00000OHYRtMAP,0016g00001AOO4TAAX,PI CSM
01MPx00000OHYRuMAP,001Tm00000CbpHcIAJ,E&I CSM
01MPx00000OHYRvMAP,0016g00001AONY8AAP,E&I CSM
01MPx00000OHYS0MAP,001Px00000VveGwIAJ,Law.com CSM
01MPx00000OHYS1MAP,001Px00000VwhJiIAJ,Law.com CSM
01MPx00000OHYS3MAP,001Px00000VvjAQIAZ,Law.com CSM
01MPx00000OHYS4MAP,0016g00001AONMHAA5,E&I CSM
01MPx00000OHYS6MAP,001Px00000VvwX4IAJ,Law.com CSM
01MPx00000OHYS7MAP,0016g00001AOO9nAAH,PI CSM
01MPx00000OHYS8MAP,001Px00000VvZRTIA3,Law.com CSM
01MPx00000OHYS9MAP,001Tm00000CYTK1IAP,E&I CSM
01MPx00000OHYSDMA5,001Px00000VvTiFIAV,Law.com CSM
01MPx00000OHYSFMA5,001Px00000VvxJKIAZ,E&I CSM
01MPx00000OHYSGMA5,0016g00001AONyqAAH,PI CSM
01MPx00000OHYSIMA5,0016g00001AONoPAAX,PI CSM
01MPx00000OHYVhMAP,0016g00001AOS8nAAH,PI CSM
01MPx00000OHYViMAP,0016g00001AOS9OAAX,E&I CSM
01MPx00000OHYVjMAP,0016g00001AORSWAA5,E&I CSM
01MPx00000OHYVlMAP,001Px00000VvOltIAF,Law.com CSM
01MPx00000OHYVmMAP,0014L00000k2bXCQAY,PI CSM
01MPx00000OHYVqMAP,001Tm000007BjHDIA0,PI CSM
01MPx00000OHYVsMAP,001Tm00000HDcgrIAD,PI CSM
01MPx00000OHYVuMAP,0016g00001AOS6QAAX,PI CSM
01MPx00000OHYVyMAP,001Tm00000K4tIXIAZ,E&I CSM
01MPx00000OHYVzMAP,001Px00000XsUMeIAN,Law.com CSM
01MPx00000OHYW0MAP,0016g00001AOSIyAAP,PI CSM
01MPx00000OHYW1MAP,0016g00001AOS1hAAH,E&I CSM
01MPx00000OHYW2MAP,001Px00000VvdABIAZ,Law.com CSM
01MPx00000OHYW3MAP,0016g00001AORPPAA5,PI CSM
01MPx00000OHYW4MAP,0016g00001AORVRAA5,E&I CSM
01MPx00000OHYW7MAP,0016g00001AOUS9AAP,PI CSM
01MPx00000OHYW8MAP,0016g00001AORbhAAH,PI CSM
01MPx00000OHYW9MAP,0016g00001AOS6eAAH,PI CSM
01MPx00000OHYWAMA5,001Tm00000GekEDIAZ,E&I CSM
01MPx00000OHYWBMA5,001Px00000Uw7b8IAB,PI CSM
01MPx00000OHYWEMA5,0016g00001AOSA7AAP,PI CSM
01MPx00000OHYWFMA5,001Px00000XsUMcIAN,Law.com CSM
01MPx00000OHYWGMA5,0016g00001AORBiAAP,PI CSM
01MPx00000OHYWHMA5,0014L00000WF8NWQA1,PI CSM
01MPx00000OHYWIMA5,001Px00000VvmtoIAB,Law.com CSM
01MPx00000OHYWJMA5,001Tm000008PIegIAG,PI CSM
01MPx00000OHYWKMA5,001Tm00000Emd73IAB,E&I CSM
01MPx00000OHYWLMA5,0016g00001AORy8AAH,PI CSM
01MPx00000OHYWMMA5,0016g00001AOS5XAAX,Law.com CSM
01MPx00000OHYWNMA5,0016g00001AORH0AAP,PI CSM
01MPx00000OHYWOMA5,0016g00001AORIwAAP,PI CSM
01MPx00000OHYWPMA5,0014L00000m9TkHQAU,PI CSM
01MPx00000OHYWQMA5,0016g00001AORdvAAH,E&I CSM
01MPx00000OHYWRMA5,0016g00001AORpYAAX,E&I CSM
01MPx00000OHYWSMA5,0016g00001AOS5yAAH,PI CSM
01MPx00000OHYWTMA5,001Px00000VvPq8IAF,Law.com CSM
01MPx00000OHYWVMA5,0016g00001AOSF6AAP,PI CSM
01MPx00000OHYWWMA5,0016g00001AORIqAAP,E&I CSM
01MPx00000OHYWaMAP,001Px00000Vva8aIAB,Law.com CSM
01MPx00000OHYWbMAP,0016g00001AOS9KAAX,PI CSM
01MPx00000OHYWdMAP,0016g00001AORKcAAP,E&I CSM
01MPx00000OHYWeMAP,0016g00001AORfbAAH,PI CSM
01MPx00000OHYWfMAP,001Tm00000MEBDvIAP,Law.com CSM
01MPx00000OHYWhMAP,001Px00000XsUMaIAN,Law.com CSM
01MPx00000OHYWiMAP,001Px00000VvgtBIAR,Law.com CSM
01MPx00000OHYWkMAP,0014L00000nt2qYQAQ,PI CSM
01MPx00000OHYWlMAP,0016g00001AORD0AAP,PI CSM
01MPx00000OHYWmMAP,0016g00001AOS1IAAX,PI CSM
01MPx00000OHYWnMAP,0016g00001AOSGQAA5,PI CSM
01MPx00000OHYWoMAP,0016g00001AORMKAA5,PI CSM
01MPx00000OHYWpMAP,0016g00001AORBZAA5,PI CSM
01MPx00000OHYWqMAP,001Tm000009jZEAIA2,PI CSM
01MPx00000OHYWrMAP,0016g00001AOR7iAAH,PI CSM
01MPx00000OHYWsMAP,0016g00001AOSBKAA5,E&I CSM
01MPx00000OHYWtMAP,001Px00000XskuGIAR,Law.com CSM
01MPx00000OHYWuMAP,0014L00000WEL7wQAH,PI CSM
01MPx00000OHYWvMAP,0016g00001AOHQ8AAP,PI CSM
01MPx00000OHYWwMAP,0014L00000TwbuVQAR,E&I CSM
01MPx00000OHYWxMAP,001Px00000VwJUTIA3,Law.com CSM
01MPx00000OHYWyMAP,001Tm000006x2FRIAY,PI CSM
01MPx00000OHYWzMAP,0016g00001AOS0gAAH,E&I CSM
01MPx00000OHYX0MAP,001Px00000Vvc5VIAR,Law.com CSM
01MPx00000OHYX1MAP,0016g00001AOSGXAA5,PI CSM
01MPx00000OHYX2MAP,0016g00001AORL1AAP,PI CSM
01MPx00000OHYX3MAP,001Tm00000BJMRXIA5,E&I CSM
01MPx00000OHYX5MAP,0016g00001AORHIAA5,E&I CSM
01MPx00000OHYX6MAP,0016g00001AORNtAAP,E&I CSM
01MPx00000OHYX7MAP,001Tm000004r04QIAQ,PI CSM
01MPx00000OHYX8MAP,001Px00000Vvo8SIAR,PI CSM
01MPx00000OHYX9MAP,0016g00001AORC9AAP,PI CSM
01MPx00000OHYXAMA5,0016g00001AODYLAA5,E&I CSM
01MPx00000OHYXBMA5,001Tm00000ICn4EIAT,PI CSM
01MPx00000OHYXCMA5,0014L00000K8oCtQAJ,PI CSM
01MPx00000OHYXDMA5,0014L00000mBO4FQAW,E&I CSM
01MPx00000OHYYsMAP,0014L00000d6TMKQA2,PI CSM
01MPx00000OHYYuMAP,001Tm00000DMm3KIAT,E&I CSM
01MPx00000OHYYwMAP,0016g00001AOSmpAAH,E&I CSM
01MPx00000OHYYxMAP,0016g00001AOTBfAAP,PI CSM
01MPx00000OHYYyMAP,0014L00000FIGmsQAH,E&I CSM
01MPx00000OHYYzMAP,001Px00000XsUNCIA3,Law.com CSM
01MPx00000OHYZ0MAP,0016g00001AOSSkAAP,PI CSM
01MPx00000OHYZ1MAP,0016g00001AOScIAAX,E&I CSM
01MPx00000OHYZ2MAP,0016g00001AOSNnAAP,PI CSM
01MPx00000OHYZ5MAP,001Px00000VvviLIAR,Law.com CSM
01MPx00000OHYZ6MAP,001Tm00000MEUKVIA5,Law.com CSM
01MPx00000OHYZ8MAP,0014L00000f1SPFQA2,PI CSM
01MPx00000OHYZAMA5,0016g00001AOTGgAAP,PI CSM
01MPx00000OHYZBMA5,0016g00001AOSr4AAH,PI CSM
01MPx00000OHYZCMA5,0016g00001AOSzYAAX,PI CSM
01MPx00000OHYZDMA5,0016g00001AOSh4AAH,PI CSM
01MPx00000OHYZEMA5,001Px00000VvILXIA3,Law.com CSM
01MPx00000OHYZFMA5,0016g00001AOOXkAAP,E&I CSM
01MPx00000OHYZHMA5,0016g00001AOTN9AAP,PI CSM
01MPx00000OHYZIMA5,0016g00001AOSP6AAP,PI CSM
01MPx00000OHYZJMA5,0016g00001AOShvAAH,E&I CSM
01MPx00000OHYZKMA5,0014L00000k2HbCQAU,PI CSM
01MPx00000OHYZMMA5,0014L00000IIaG9QAL,PI CSM
01MPx00000OHYZNMA5,0016g00001AOSPKAA5,PI CSM
01MPx00000OHYZPMA5,0016g00001AOSfcAAH,PI CSM
01MPx00000OHYZRMA5,0016g00001AOSTbAAP,PI CSM
01MPx00000OHYZSMA5,0016g00001AOT91AAH,PI CSM
01MPx00000OHYZTMA5,001Px00000a9UJtIAM,PI CSM
01MPx00000OHYZVMA5,0014L00000isvieQAA,E&I CSM
01MPx00000OHYZXMA5,001Px00000VvU84IAF,Law.com CSM
01MPx00000OHYZYMA5,0016g00001AOSVNAA5,E&I CSM
01MPx00000OHYZZMA5,0016g00001AOSc6AAH,E&I CSM
01MPx00000OHYZaMAP,0016g00001AOTCyAAP,E&I CSM
01MPx00000OHYZbMAP,0016g00001AOSakAAH,PI CSM
01MPx00000OHYZcMAP,0014L00000XO2mcQAD,PI CSM
01MPx00000OHYZdMAP,001Tm000000TvKgIAK,E&I CSM
01MPx00000OHYZeMAP,0014L00000dn6DqQAI,E&I CSM
01MPx00000OHYZfMAP,0014L00000nr3iiQAA,PI CSM
01MPx00000OHYZgMAP,001Px00000Vvd9vIAB,Law.com CSM
01MPx00000OHYZiMAP,0014L00000nt2SFQAY,E&I CSM
01MPx00000OHYZjMAP,0014L00000k4pWsQAI,PI CSM
01MPx00000OHYZkMAP,001Px00000XsUN6IAN,Law.com CSM
01MPx00000OHYZmMAP,0016g00001AOSRwAAP,PI CSM
01MPx00000OHYZnMAP,001Tm00000LTTXBIA5,PI CSM
01MPx00000OHYZoMAP,001Tm000006B9hMIAS,PI CSM
01MPx00000OHYZqMAP,0016g00001AOSMEAA5,PI CSM
01MPx00000OHYZrMAP,0016g00001AOSngAAH,E&I CSM
01MPx00000OHYZsMAP,001Px00000XsUNQIA3,Law.com CSM
01MPx00000OHYZtMAP,001Px00000XsUNHIA3,Law.com CSM
01MPx00000OHYZuMAP,001Px00000VwWF9IAN,Law.com CSM
01MPx00000OHYZvMAP,0016g00001AOSpJAAX,PI CSM
01MPx00000OHYZwMAP,001Tm00000Bh2GPIAZ,E&I CSM
01MPx00000OHYZxMAP,0016g00001AOSv1AAH,PI CSM
01MPx00000OHYZyMAP,0016g00001AOSRoAAP,E&I CSM
01MPx00000OHYZzMAP,0016g00001AOSRZAA5,PI CSM
01MPx00000OHYa0MAH,0016g00001AOT3HAAX,PI CSM
01MPx00000OHYa3MAH,0016g00001AOST7AAP,Law.com CSM
01MPx00000OHYa4MAH,0016g00001AOSPRAA5,PI CSM
01MPx00000OHYa5MAH,001Tm00000MEUJRIA5,Law.com CSM
01MPx00000OHYa6MAH,001Tm000004sj4OIAQ,Law.com CSM
01MPx00000OHYa7MAH,0016g00001AOSoYAAX,E&I CSM
01MPx00000OHYa9MAH,0014L00000Gnx1eQAB,PI CSM
01MPx00000OHYaAMAX,0016g00001ANzqtAAD,E&I CSM
01MPx00000OHYaBMAX,0016g00001AOUABAA5,E&I CSM
01MPx00000OHYaCMAX,001Tm00000MEUJaIAP,Law.com CSM
01MPx00000OHYaDMAX,0016g00001AOSSOAA5,E&I CSM
01MPx00000OHYaEMAX,0014L00000f1PfDQAU,PI CSM
01MPx00000OHYaFMAX,0016g00001AOTIxAAP,PI CSM
01MPx00000OHYaIMAX,0016g00001AOSQEAA5,E&I CSM
01MPx00000OHYaJMAX,0014L00000dkRoqQAE,E&I CSM
01MPx00000OHYaMMAX,001Tm000003GAzRIAW,E&I CSM
01MPx00000OHYaNMAX,0016g00001AOSxWAAX,PI CSM
01MPx00000OHYaXMAX,0016g00001AOTx8AAH,PI CSM
01MPx00000OHYaYMAX,001Tm00000CUfN7IAL,PI CSM
01MPx00000OHYaZMAX,0014L00000VwotCQAR,PI CSM
01MPx00000OHYaaMAH,0014L00000giSClQAM,PI CSM
01MPx00000OHYadMAH,001Px00000Vvp5eIAB,Law.com CSM
01MPx00000OHYafMAH,001Px00000XsUNeIAN,Law.com CSM
01MPx00000OHYagMAH,001Px00000VveHqIAJ,Law.com CSM
01MPx00000OHYaiMAH,001Tm00000MEVgAIAX,Law.com CSM
01MPx00000OHYajMAH,0016g00001AOTdDAAX,PI CSM
01MPx00000OHYakMAH,001Px00000VvjzIIAR,Law.com CSM
01MPx00000OHYalMAH,001Px00000VvdnpIAB,Law.com CSM
01MPx00000OHYamMAH,0014L00000MxyrtQAB,PI CSM
01MPx00000OHYanMAH,0016g00001AOTcmAAH,PI CSM
01MPx00000OHYaoMAH,001Tm00000MEVfsIAH,Law.com CSM
01MPx00000OHYapMAH,0016g00001AOU3pAAH,E&I CSM
01MPx00000OHYaqMAH,0016g00001AOTrYAAX,E&I CSM
01MPx00000OHYarMAH,001Px00000VvkhIIAR,Law.com CSM
01MPx00000OHYasMAH,001Tm00000BpJqPIAV,E&I CSM
01MPx00000OHYatMAH,001Tm00000DDrv6IAD,E&I CSM
01MPx00000OHYavMAH,001Tm0000099RgbIAE,E&I CSM
01MPx00000OHYayMAH,0016g00001AOSkOAAX,E&I CSM
01MPx00000OHYazMAH,001Px00000VvQoIIAV,Law.com CSM
01MPx00000OHYb0MAH,0016g00001AOD9NAAX,PI CSM
01MPx00000OHYb1MAH,001Px00000VvxJJIAZ,E&I CSM
01MPx00000OHYb2MAH,001Px00000VvfkiIAB,Law.com CSM
01MPx00000OHYb3MAH,001Px00000Vvv3QIAR,Law.com CSM
01MPx00000OHYb4MAH,0016g00001AOTd1AAH,E&I CSM
01MPx00000OHYb5MAH,001Px00000VwbgHIAR,Law.com CSM
01MPx00000OHYb6MAH,0014L00000WELrlQAH,PI CSM
01MPx00000OHYb7MAH,0016g00001AOTrBAAX,E&I CSM
01MPx00000OHYb8MAH,001Px00000XsUNcIAN,Law.com CSM
01MPx00000OHYb9MAH,001Px00000VvmTHIAZ,Law.com CSM
01MPx00000OHYbAMAX,0016g00001AOTwoAAH,E&I CSM
01MPx00000OHYbBMAX,001Tm00000FT7QcIAL,E&I CSM
01MPx00000OHYbCMAX,001Tm00000KN8pRIAT,PI CSM
01MPx00000OHYbEMAX,0016g00001AOU5mAAH,PI CSM
01MPx00000OHYbFMAX,0016g00001AOU6TAAX,E&I CSM
01MPx00000OHYbGMAX,0014L00000XNtHIQA1,Law.com CSM
01MPx00000OHYbHMAX,001Px00000XskyzIAB,Law.com CSM
01MPx00000OHYbJMAX,0016g00001AOUHyAAP,PI CSM
01MPx00000OHYbKMAX,0016g00001AOTERAA5,PI CSM
01MPx00000OHYbMMAX,001Px00000VvyCDIAZ,Law.com CSM
01MPx00000OHYbNMAX,0016g00001AOTcRAAX,E&I CSM
01MPx00000OHYbOMAX,001Tm00000MEPaJIAX,Law.com CSM
01MPx00000OHYbPMAX,0016g00001AOTO6AAP,PI CSM
01MPx00000OHYbQMAX,0016g00001AOTs5AAH,Law.com CSM
01MPx00000OHYbSMAX,0014L00000KAy30QAD,PI CSM
01MPx00000OHYbTMAX,0016g00001AOUFrAAP,PI CSM
01MPx00000OHYbUMAX,0016g00001AOTgcAAH,PI CSM
01MPx00000OHYbVMAX,0016g00001AOU5cAAH,E&I CSM
01MPx00000OHYbWMAX,001Tm00000EjwfnIAB,PI CSM
01MPx00000OHYbXMAX,001Px00000V7AxBIAV,E&I CSM
01MPx00000OHYbYMAX,0016g00001AOTkwAAH,PI CSM
01MPx00000OHYbZMAX,0016g00001AOU5WAAX,E&I CSM
01MPx00000OHYbaMAH,0014L00000IK1yKQAT,E&I CSM
01MPx00000OHYbcMAH,0016g00001AOUFPAA5,E&I CSM
01MPx00000OHYbdMAH,0016g00001AOU61AAH,E&I CSM
01MPx00000OHYbeMAH,0016g00001AOUCaAAP,PI CSM
01MPx00000OHYbfMAH,0016g00001AOU30AAH,PI CSM
01MPx00000OHYbgMAH,001Tm00000MEVhbIAH,Law.com CSM
01MPx00000OHYbhMAH,0016g00001AOTU4AAP,E&I CSM
01MPx00000OHYbjMAH,001Px00000VwWE3IAN,Law.com CSM
01MPx00000OHYbkMAH,001Tm00000GA3xxIAD,PI CSM
01MPx00000OHYblMAH,001Tm00000MEM6oIAH,Law.com CSM
01MPx00000OHYbmMAH,001Tm00000MEVfKIAX,Law.com CSM
01MPx00000OHYbnMAH,001Tm00000BFwbgIAD,E&I CSM
01MPx00000OHYbqMAH,001Tm000008et2qIAA,E&I CSM
01MPx00000OHYbsMAH,0016g00001AOTwaAAH,E&I CSM
01MPx00000OHYbuMAH,0016g00001AOUDfAAP,E&I CSM
01MPx00000OHYbvMAH,001Tm000003TTRVIA4,PI CSM
01MPx00000OHYbwMAH,0016g00001AOTgSAAX,E&I CSM
01MPx00000OHYbxMAH,001Px00000VvTIYIA3,Law.com CSM
01MPx00000OHYbyMAH,0014L00000hwgfbQAA,PI CSM
01MPx00000OHYbzMAH,0016g00001AOTsKAAX,PI CSM
01MPx00000OHYc0MAH,001Tm000003QWvRIAW,PI CSM
01MPx00000OHYc2MAH,0016g00001AOTh7AAH,E&I CSM
01MPx00000OHYc3MAH,0016g00001AOTXRAA5,E&I CSM
01MPx00000OHYc9MAH,0014L00000Vw3vHQAR,PI CSM
01MPx00000OHYcAMAX,001Px00000VvlIPIAZ,Law.com CSM
01MPx00000OHYcBMAX,001Tm00000EjyL0IAJ,PI CSM
01MPx00000OHYcCMAX,0016g00001AOXbCAAX,PI CSM
01MPx00000OHYcEMAX,0016g00001AOXofAAH,E&I CSM
01MPx00000OHYcFMAX,001Tm000004ho8vIAA,PI CSM
01MPx00000OHYcGMAX,0014L00000IKKZMQA5,E&I CSM
01MPx00000OHYcHMAX,0016g00001AOYTEAA5,PI CSM
01MPx00000OHYcIMAX,0016g00001AOXueAAH,PI CSM
01MPx00000OHYcJMAX,0016g00001AOXKqAAP,E&I CSM
01MPx00000OHYcKMAX,0016g00001AOXLOAA5,PI CSM
01MPx00000OHYcMMAX,0016g00001AOYGrAAP,PI CSM
01MPx00000OHYcPMAX,0016g00001AOXcmAAH,PI CSM
01MPx00000OHYcQMAX,001Tm000002dlZ0IAI,PI CSM
01MPx00000OHYcRMAX,0016g00001AOYI7AAP,PI CSM
01MPx00000OHYcSMAX,001Px00000VvkNoIAJ,Law.com CSM
01MPx00000OHYcUMAX,0016g00001AOXUSAA5,PI CSM
01MPx00000OHYcWMAX,0016g00001AOXvgAAH,E&I CSM
01MPx00000OHYcXMAX,0016g00001AOYUJAA5,PI CSM
01MPx00000OHYcYMAX,001Tm00000MEU7OIAX,Law.com CSM
01MPx00000OHYcZMAX,001Tm00000EHA1KIAX,PI CSM
01MPx00000OHYcaMAH,001Px00000XOIvIIAX,PI CSM
01MPx00000OHYcbMAH,0014L00000j4e4zQAA,PI CSM
01MPx00000OHYccMAH,0016g00001AOXfUAAX,PI CSM
01MPx00000OHYceMAH,001Px00000VvaPiIAJ,Law.com CSM
01MPx00000OHYcgMAH,001Px00000XsVi8IAF,Law.com CSM
01MPx00000OHYchMAH,0016g00001AOYXTAA5,E&I CSM
01MPx00000OHYciMAH,0016g00001AOXNSAA5,PI CSM
01MPx00000OHYcjMAH,0014L00000glOMzQAM,PI CSM
01MPx00000OHYckMAH,0016g00001AOYOhAAP,PI CSM
01MPx00000OHYclMAH,001Px00000Xsl0eIAB,Law.com CSM
01MPx00000OHYcmMAH,001Px00000VvvNCIAZ,Law.com CSM
01MPx00000OHYcoMAH,001Tm00000CBeWOIA1,PI CSM
01MPx00000OHYcpMAH,0016g00001AOXR1AAP,E&I CSM
01MPx00000OHYcqMAH,0016g00001AOXldAAH,E&I CSM
01MPx00000OHYcrMAH,0016g00001AOXKaAAP,PI CSM
01MPx00000OHYcsMAH,001Tm00000DV3GhIAL,PI CSM
01MPx00000OHYctMAH,0016g00001AOXKgAAP,PI CSM
01MPx00000OHYcuMAH,0016g00001AOXxJAAX,PI CSM
01MPx00000OHYcwMAH,0014L00000dn0WSQAY,PI CSM
01MPx00000OHYcxMAH,0016g00001AOXXRAA5,PI CSM
01MPx00000OHYcyMAH,0016g00001AOIYTAA5,E&I CSM
01MPx00000OHYczMAH,0016g00001AOYAqAAP,PI CSM
01MPx00000OHYd0MAH,001Px00000VvDSxIAN,Law.com CSM
01MPx00000OHYd1MAH,0014L00000DjhJwQAJ,PI CSM
01MPx00000OHYd2MAH,0014L00000XOyYkQAL,PI CSM
01MPx00000OHYd4MAH,0016g00001AOZQhAAP,E&I CSM
01MPx00000OHYd5MAH,001Tm00000MEBd4IAH,Law.com CSM
01MPx00000OHYd6MAH,001Px00000Xsl0dIAB,Law.com CSM
01MPx00000OHYd7MAH,001Px00000VvvF9IAJ,Law.com CSM
01MPx00000OHYdAMAX,001Px00000XsVi6IAF,Law.com CSM
01MPx00000OHYdBMAX,0016g00001AOYIIAA5,PI CSM
01MPx00000OHYdCMAX,001Tm000008WiULIA0,E&I CSM
01MPx00000OHYdDMAX,001Px00000VvRosIAF,Law.com CSM
01MPx00000OHYdEMAX,001Tm00000JejBgIAJ,PI CSM
01MPx00000OHYdFMAX,001Px00000Vvk2SIAR,Law.com CSM
01MPx00000OHYdGMAX,001Px00000Xsl0cIAB,Law.com CSM
01MPx00000OHYdHMAX,0016g00001AOYUsAAP,E&I CSM
01MPx00000OHYdJMAX,001Px00000VvZ4ZIAV,Law.com CSM
01MPx00000OHYdKMAX,0014L00000FFK06QAH,PI CSM
01MPx00000OHYdLMAX,001Tm000006NfBtIAK,PI CSM
01MPx00000OHYdMMAX,001Px00000XsVi1IAF,Law.com CSM
01MPx00000OHYdNMAX,001Px00000VvndeIAB,Law.com CSM
01MPx00000OHYdOMAX,0016g00001AOY7DAAX,PI CSM
01MPx00000OHYdPMAX,001Px00000XsVi7IAF,Law.com CSM
01MPx00000OHYdQMAX,0016g00001AOXRxAAP,E&I CSM
01MPx00000OHYdRMAX,001Px00000VvvXVIAZ,Law.com CSM
01MPx00000OHYdSMAX,0014L00000j4aQ5QAI,PI CSM
01MPx00000OHYdTMAX,0016g00001AOYXgAAP,PI CSM
01MPx00000OHYdUMAX,0016g00001AOXyqAAH,E&I CSM
01MPx00000OHYdVMAX,001Px00000VvpV6IAJ,Law.com CSM
01MPx00000OHYdXMAX,001Px00000VviU1IAJ,Law.com CSM
01MPx00000OHYdYMAX,0016g00001AO596AAD,PI CSM
01MPx00000OHYdZMAX,0014L00000nqz7wQAA,PI CSM
01MPx00000OHYdaMAH,0016g00001AOXMgAAP,E&I CSM
01MPx00000OHYdbMAH,0016g00001AOXpnAAH,PI CSM
01MPx00000OHYdcMAH,0016g00001AOXvAAAX,PI CSM
01MPx00000OHYdhMAH,001Px00000Vvx1VIAR,Law.com CSM
01MPx00000OHYdlMAH,0016g00001AOYfdAAH,PI CSM
01MPx00000OHYdmMAH,0016g00001AOYxAAAX,E&I CSM
01MPx00000OHYdnMAH,0016g00001AOZ8CAAX,E&I CSM
01MPx00000OHYdoMAH,0016g00001AOZBYAA5,PI CSM
01MPx00000OHYdpMAH,0016g00001AOZHtAAP,E&I CSM
01MPx00000OHYdqMAH,0016g00001ch4gtAAA,PI CSM
01MPx00000OHYdrMAH,0016g00001AOYcyAAH,PI CSM
01MPx00000OHYdsMAH,0016g00001AOYf8AAH,E&I CSM
01MPx00000OHYduMAH,001Px00000VvMLoIAN,Law.com CSM
01MPx00000OHYdwMAH,0016g00001AOYiXAAX,PI CSM
01MPx00000OHYdyMAH,001Px00000VwWPUIA3,Law.com CSM
01MPx00000OHYdzMAH,0016g00001AOZ2cAAH,PI CSM
01MPx00000OHYe0MAH,0016g00001AOZ8OAAX,PI CSM
01MPx00000OHYe2MAH,0014L00000Vw9QhQAJ,E&I CSM
01MPx00000OHYe4MAH,0014L00000k5TrAQAU,PI CSM
01MPx00000OHYe5MAH,0016g00001AOYkMAAX,E&I CSM
01MPx00000OHYe6MAH,001Px00000VvWy8IAF,PI CSM
01MPx00000OHYe7MAH,001Tm00000C7okMIAR,PI CSM
01MPx00000OHYe9MAH,0014L00000BTv49QAD,E&I CSM
01MPx00000OHYeBMAX,0014L00000itGaJQAU,PI CSM
01MPx00000OHYeCMAX,001Px00000VvViyIAF,E&I CSM
01MPx00000OHYeEMAX,0016g00001AOYa1AAH,PI CSM
01MPx00000OHYeFMAX,001Px00000VvufmIAB,PI CSM
01MPx00000OHYeGMAX,001Px00000VvR5PIAV,Law.com CSM
01MPx00000OHYeHMAX,001Px00000VvjopIAB,PI CSM
01MPx00000OHYeIMAX,0016g00001AOYZNAA5,PI CSM
01MPx00000OHYeJMAX,001Px00000XsbrIIAR,Law.com CSM
01MPx00000OHYeKMAX,0016g00001WDxXsAAL,PI CSM
01MPx00000OHYeLMAX,0016g00001AOYkIAAX,PI CSM
01MPx00000OHYeMMAX,0014L00000MyNnVQAV,PI CSM
01MPx00000OHYeNMAX,0016g00001AOZEBAA5,E&I CSM
01MPx00000OHYeOMAX,0016g00001AOYmSAAX,PI CSM
01MPx00000OHYePMAX,001Tm00000KnUXrIAN,PI CSM
01MPx00000OHYeQMAX,0016g00001AOZ95AAH,E&I CSM
01MPx00000OHYeSMAX,0016g00001AOYyfAAH,E&I CSM
01MPx00000OHYeTMAX,0016g00001AOZMHAA5,PI CSM
01MPx00000OHYeUMAX,001Px00000VvjypIAB,Law.com CSM
01MPx00000OHYeVMAX,001Px00000VvhtKIAR,Law.com CSM
01MPx00000OHYeWMAX,0016g00001AO45xAAD,PI CSM
01MPx00000OHYeXMAX,0016g00001AOZ8gAAH,PI CSM
01MPx00000OHYeZMAX,001Px00000VvtYXIAZ,E&I CSM
01MPx00000OHYebMAH,001Tm00000MEMzvIAH,Law.com CSM
01MPx00000OHYecMAH,001Px00000VvVtPIAV,Law.com CSM
01MPx00000OHYefMAH,0016g00001AOZ3xAAH,E&I CSM
01MPx00000OHYegMAH,0016g00001AOZ5iAAH,PI CSM
01MPx00000OHYehMAH,0016g00001AOYj8AAH,PI CSM
01MPx00000OHYeiMAH,0016g00001AOZKpAAP,E&I CSM
01MPx00000OHYekMAH,0014L00000DijXdQAJ,E&I CSM
01MPx00000OHYemMAH,001Tm00000C7bAPIAZ,PI CSM
01MPx00000OHYenMAH,001Px00000VvXvdIAF,Law.com CSM
01MPx00000OHYepMAH,001Px00000VvR6IIAV,Law.com CSM
01MPx00000OHYeqMAH,0016g00001AOZHVAA5,PI CSM
01MPx00000OHYerMAH,001Tm000003dnbpIAA,PI CSM
01MPx00000OHYeuMAH,0016g00001AOYiyAAH,E&I CSM
01MPx00000OHYevMAH,001Px00000VDH62IAH,E&I CSM
01MPx00000OHYewMAH,0016g00001AOZAjAAP,E&I CSM
01MPx00000OHYezMAH,001Px00000VvgmfIAB,Law.com CSM
01MPx00000OHYf0MAH,0016g00001AOZ9OAAX,PI CSM
01MPx00000OHYf1MAH,0016g00001AOYnVAAX,PI CSM
01MPx00000OHYf2MAH,0014L00000dluMgQAI,PI CSM
01MPx00000OHYf3MAH,0016g00001AOZ3vAAH,PI CSM
01MPx00000OHYf4MAH,001Px00000VvbnAIAR,Law.com CSM
01MPx00000OHYf5MAH,0016g00001AOYrdAAH,PI CSM
01MPx00000OHYf6MAH,0016g00001AOYstAAH,PI CSM
01MPx00000OHYf7MAH,0016g00001AOYtUAAX,PI CSM
01MPx00000OHYf8MAH,0014L00000pB6YPQA0,PI CSM
01MPx00000OHYfAMAX,001Px00000VvXPqIAN,Law.com CSM
01MPx00000OHYfBMAX,0016g00001AOYZmAAP,PI CSM
01MPx00000OHYfCMAX,0016g00001AOXnVAAX,E&I CSM
01MPx00000OHYfDMAX,0016g00001AOZ82AAH,PI CSM
01MPx00000OHYfEMAX,0016g00001AOZKCAA5,E&I CSM
01MPx00000OHYfHMAX,0016g00001AOZ5PAAX,PI CSM
01MPx00000OHYfIMAX,001Tm000004aYTvIAM,E&I CSM
01MPx00000OHYfNMAX,0016g00001AOZiTAAX,PI CSM
01MPx00000OHYfOMAX,001Tm000001sKsQIAU,E&I CSM
01MPx00000OHYfQMAX,0016g00001AOaRcAAL,PI CSM
01MPx00000OHYfRMAX,0016g00001AOaA9AAL,PI CSM
01MPx00000OHYfSMAX,0016g00001AOZW6AAP,E&I CSM
01MPx00000OHYfTMAX,0014L00000m9TmJQAU,PI CSM
01MPx00000OHYfVMAX,001Px00000Vvv4CIAR,Law.com CSM
01MPx00000OHYfWMAX,001Px00000VvflLIAR,E&I CSM
01MPx00000OHYfXMAX,0016g00001AOZicAAH,PI CSM
01MPx00000OHYfYMAX,001Px00000VvalgIAB,Law.com CSM
01MPx00000OHYfZMAX,0016g00001AOZarAAH,PI CSM
01MPx00000OHYfaMAH,001Tm00000MESpHIAX,Law.com CSM
01MPx00000OHYfbMAH,001Px00000Xsbs5IAB,Law.com CSM
01MPx00000OHYfcMAH,0016g00001AOa3eAAD,PI CSM
01MPx00000OHYfdMAH,0014L00000FFyQ3QAL,PI CSM
01MPx00000OHYfeMAH,0016g00001AOa8wAAD,Law.com CSM
01MPx00000OHYffMAH,001Px00000VvxStIAJ,Law.com CSM
01MPx00000OHYfgMAH,001Tm00000IlAeJIAV,PI CSM
01MPx00000OHYfhMAH,0016g00001AOaNaAAL,PI CSM
01MPx00000OHYfiMAH,0016g00001AOZnHAAX,PI CSM
01MPx00000OHYfjMAH,0016g00001AO1ENAA1,PI CSM
01MPx00000OHYfkMAH,0014L00000XR3rFQAT,E&I CSM
01MPx00000OHYfnMAH,0014L00000SPiyRQAT,E&I CSM
01MPx00000OHYfoMAH,001Px00000VvmXWIAZ,Law.com CSM
01MPx00000OHYgzMAH,001Px00000VwYpcIAF,Law.com CSM
01MPx00000OHYh0MAH,001Px00000VvaPeIAJ,Law.com CSM
01MPx00000OHYh1MAH,0016g00001AOcYxAAL,E&I CSM
01MPx00000OHYh2MAH,001Px00000UrjU1IAJ,PI CSM
01MPx00000OHYh3MAH,001Tm00000MESmwIAH,Law.com CSM
01MPx00000OHYh4MAH,001Px00000Vvsp8IAB,E&I CSM
01MPx00000OHYh5MAH,0016g00001AOcTZAA1,E&I CSM
01MPx00000OHYh6MAH,0016g00001AOaOqAAL,PI CSM
01MPx00000OHYh7MAH,001Tm000008lYb9IAE,E&I CSM
01MPx00000OHYh9MAH,001Tm000006UW8hIAG,PI CSM
01MPx00000OHYhBMAX,001Px00000VvThvIAF,Law.com CSM
01MPx00000OHYhCMAX,0016g00001AOWBnAAP,PI CSM
01MPx00000OHYhDMAX,001Px00000VvZVKIA3,Law.com CSM
01MPx00000OHYhFMAX,001Tm00000MEMBcIAP,Law.com CSM
01MPx00000OHYhGMAX,001Px00000VvfTZIAZ,Law.com CSM
01MPx00000OHYhHMAX,001Px00000VvaliIAB,Law.com CSM
01MPx00000OHYhIMAX,0016g00001AObhuAAD,PI CSM
01MPx00000OHYhJMAX,0016g00001ANzE7AAL,E&I CSM
01MPx00000OHYhKMAX,001Tm000000lt9CIAQ,E&I CSM
01MPx00000OHYhLMAX,0016g00001AOcWAAA1,E&I CSM
01MPx00000OHYhMMAX,0016g00001AObhhAAD,Law.com CSM
01MPx00000OHYhOMAX,001Px00000VvOa0IAF,Law.com CSM
01MPx00000OHYhPMAX,001Px00000VvO7XIAV,Law.com CSM
01MPx00000OHYhQMAX,0016g00001AObaiAAD,PI CSM
01MPx00000OHYhSMAX,001Px00000VyMWIIA3,Law.com CSM
01MPx00000OHYhTMAX,0016g00001AObbSAAT,PI CSM
01MPx00000OHYhWMAX,0016g00001AOeT4AAL,PI CSM
01MPx00000OHYhXMAX,0016g00001AOAKuAAP,PI CSM
01MPx00000OHYhYMAX,001Px00000VvPOlIAN,Law.com CSM
01MPx00000OHYhZMAX,001Px00000VvbddIAB,Law.com CSM
01MPx00000OHYhbMAH,001Px00000VvaHOIAZ,Law.com CSM
01MPx00000OHYhcMAH,0014L00000ILklwQAD,E&I CSM
01MPx00000OHYheMAH,0014L00000KAn2NQAT,PI CSM
01MPx00000OHYhgMAH,001Px00000Xsl2NIAR,Law.com CSM
01MPx00000OHYhhMAH,0016g00001AOeZXAA1,PI CSM
01MPx00000OHYhiMAH,001Px00000VvcgPIAR,Law.com CSM
01MPx00000OHYhjMAH,0016g00001AOcUKAA1,PI CSM
01MPx00000OHYhkMAH,0016g00001AOcOuAAL,E&I CSM
01MPx00000OHYhmMAH,001Px00000Xsl2IIAR,Law.com CSM
01MPx00000OHYhnMAH,0016g00001AOcFuAAL,PI CSM
01MPx00000OHYhoMAH,001Px00000VvhC0IAJ,Law.com CSM
01MPx00000OHYhpMAH,0016g00001AOcVRAA1,E&I CSM
01MPx00000OHYhqMAH,001Px00000VwWSkIAN,Law.com CSM
01MPx00000OHYhrMAH,0016g00001AOHM9AAP,PI CSM
01MPx00000OHYhsMAH,0016g00001AOcVgAAL,PI CSM
01MPx00000OHYhtMAH,001Px00000VvZU1IAN,Law.com CSM
01MPx00000OHYhuMAH,001Px00000VvpUFIAZ,Law.com CSM
01MPx00000OHYhxMAH,0016g00001AOcLbAAL,E&I CSM
01MPx00000OHYhyMAH,0016g00001AOcWYAA1,E&I CSM
01MPx00000OHYhzMAH,001Px00000VvbdIIAR,Law.com CSM
01MPx00000OHYi0MAH,0014L00000XNOKWQA5,E&I CSM
01MPx00000OHYi1MAH,0016g00001AObrKAAT,PI CSM
01MPx00000OHYi2MAH,0016g00001AOcPvAAL,E&I CSM
01MPx00000OHYi3MAH,0016g00001AOcMmAAL,PI CSM
01MPx00000OHYi4MAH,0016g00001AObdVAAT,PI CSM
01MPx00000OHYi5MAH,001Tm00000MESmXIAX,Law.com CSM
01MPx00000OHYi6MAH,001Tm00000Jzx53IAB,PI CSM
01MPx00000OHYi7MAH,0016g00001AOcFfAAL,PI CSM
01MPx00000OHYi9MAH,001Px00000VwYVBIA3,Law.com CSM
01MPx00000OHYiAMAX,001Px00000VveHCIAZ,Law.com CSM
01MPx00000OHYiBMAX,001Px00000VvuLmIAJ,Law.com CSM
01MPx00000OHYiCMAX,0016g00001AObgnAAD,PI CSM
01MPx00000OHYiDMAX,001Px00000UmlBRIAZ,PI CSM
01MPx00000OHYiEMAX,001Px00000VvRaQIAV,Law.com CSM
01MPx00000OHYiGMAX,001Tm000006DCstIAG,PI CSM
01MPx00000OHYiKMAX,0016g00001AOccaAAD,E&I CSM
01MPx00000OHYiMMAX,0016g00001AONMUAA5,PI CSM
01MPx00000OHYiOMAX,001Px00000VvcRqIAJ,Law.com CSM
01MPx00000OHYiQMAX,001Px00000VvFYyIAN,Law.com CSM
01MPx00000OHYiRMAX,001Px00000VwOt2IAF,Law.com CSM
01MPx00000OHYiVMAX,0016g00001AOch2AAD,E&I CSM
01MPx00000OHYiWMAX,0016g00001AOcYpAAL,E&I CSM
01MPx00000OHYiXMAX,001Px00000Vvd3SIAR,Law.com CSM
01MPx00000OHYiYMAX,001Px00000VwiKIIAZ,Law.com CSM
01MPx00000OHYiZMAX,0016g00001AOcZWAA1,E&I CSM
01MPx00000OHYibMAH,0014L00000XQu9TQAT,PI CSM
01MPx00000OHYicMAH,001Tm00000J1yP7IAJ,PI CSM
01MPx00000OHYieMAH,0016g00001AOdoTAAT,E&I CSM
01MPx00000OHYifMAH,0016g00001AOdECAA1,PI CSM
01MPx00000OHYihMAH,0016g00001AOcqKAAT,PI CSM
01MPx00000OHYijMAH,0016g00001ANmhBAAT,E&I CSM
01MPx00000OHYilMAH,0016g00001AOdabAAD,PI CSM
01MPx00000OHYinMAH,001Px00000Vvfl9IAB,Law.com CSM
01MPx00000OHYioMAH,0016g00001AOcqNAAT,E&I CSM
01MPx00000OHYipMAH,0016g00001AOdTwAAL,E&I CSM
01MPx00000OHYiqMAH,001Px00000VvsMYIAZ,Law.com CSM
01MPx00000OHYirMAH,0016g00001AOdlAAAT,E&I CSM
01MPx00000OHYisMAH,0016g00001AOEbhAAH,PI CSM
01MPx00000OHYitMAH,0016g00001AOdIcAAL,PI CSM
01MPx00000OHYiuMAH,001Px00000VvR8OIAV,Law.com CSM
01MPx00000OHYivMAH,001Px00000ZOPVuIAP,PI CSM
01MPx00000OHYiwMAH,0014L00000k2qGZQAY,PI CSM
01MPx00000OHYiyMAH,0016g00001AOdeLAAT,E&I CSM
01MPx00000OHYj1MAH,0016g00001ANuPcAAL,PI CSM
01MPx00000OHYj2MAH,0016g00001AOdoeAAD,PI CSM
01MPx00000OHYj3MAH,0016g00001AOcw5AAD,PI CSM
01MPx00000OHYj4MAH,0016g00001AOda8AAD,PI CSM
01MPx00000OHYj5MAH,0016g00001AOdUpAAL,PI CSM
01MPx00000OHYj6MAH,0016g00001AOdZHAA1,PI CSM
01MPx00000OHYj8MAH,0016g00001AOd0EAAT,PI CSM
01MPx00000OHYjAMAX,0016g00001AOcxOAAT,PI CSM
01MPx00000OHYjDMAX,001Tm0000035EtRIAU,PI CSM
01MPx00000OHYjEMAX,0016g00001AOd6fAAD,PI CSM
01MPx00000OHYjFMAX,0014L00000dm2SaQAI,PI CSM
01MPx00000OHYjGMAX,0016g00001AOR0pAAH,E&I CSM
01MPx00000OHYjHMAX,0016g00001AOcoTAAT,E&I CSM
01MPx00000OHYjIMAX,0016g00001ANowBAAT,E&I CSM
01MPx00000OHYjKMAX,0016g00001AOel1AAD,PI CSM
01MPx00000OHYjMMAX,001Tm00000HrmKrIAJ,E&I CSM
01MPx00000OHYjNMAX,0016g00001AOd6wAAD,PI CSM
01MPx00000OHYjOMAX,0016g00001AOdJtAAL,E&I CSM
01MPx00000OHYjPMAX,0016g00001AOdL6AAL,E&I CSM
01MPx00000OHYjQMAX,001Tm00000KknNBIAZ,PI CSM
01MPx00000OHYjTMAX,0016g00001AOct9AAD,E&I CSM
01MPx00000OHYjUMAX,0016g00001AOdZiAAL,E&I CSM
01MPx00000OHYjVMAX,001Px00000VvfQUIAZ,Law.com CSM
01MPx00000OHYjWMAX,0016g00001AOdOcAAL,E&I CSM
01MPx00000OHYjXMAX,001Tm000007NknlIAC,PI CSM
01MPx00000OHYjZMAX,0016g00001AOdk0AAD,E&I CSM
01MPx00000OHYjaMAH,0016g00001AOBgHAAX,PI CSM
01MPx00000OHYjcMAH,0014L00000WEZMjQAP,PI CSM
01MPx00000OHYjdMAH,001Px00000VvcSDIAZ,PI CSM
01MPx00000OHYjfMAH,0016g00001AOdQNAA1,E&I CSM
01MPx00000OHYjgMAH,001Tm00000165J3IAI,PI CSM
01MPx00000OHYjiMAH,0016g00001AOdLTAA1,PI CSM
01MPx00000OHYjlMAH,0016g00001AOcprAAD,PI CSM
01MPx00000OHYjmMAH,0016g00001AOdEPAA1,PI CSM
01MPx00000OHYjnMAH,001Tm000008rCxkIAE,PI CSM
01MPx00000OHYjoMAH,001Px00000VwJUHIA3,Law.com CSM
01MPx00000OHYjpMAH,0016g00001AOcp9AAD,PI CSM
01MPx00000OHYjqMAH,001Tm00000BXqBCIA1,E&I CSM
01MPx00000OHYjsMAH,0016g00001AOcljAAD,PI CSM
01MPx00000OHYjtMAH,0014L00000MxiQLQAZ,Law.com CSM
01MPx00000OHYjuMAH,0016g00001AOdV2AAL,E&I CSM
01MPx00000OHYjvMAH,0016g00001AOdM7AAL,E&I CSM
01MPx00000OHYjwMAH,001Tm00000Am4hHIAR,PI CSM
01MPx00000OHYjxMAH,001Px00000XsaDaIAJ,Law.com CSM
01MPx00000OHYjzMAH,0016g00001bHISzAAO,E&I CSM
01MPx00000OHYk2MAH,001Tm00000O4tszIAB,E&I CSM
01MPx00000OHYk4MAH,001Px00000XsaDUIAZ,Law.com CSM
01MPx00000OHYk5MAH,001Tm00000EHNmbIAH,PI CSM
01MPx00000OHYk8MAH,001Tm00000MEWVyIAP,Law.com CSM
01MPx00000OHYkAMAX,0016g00001AOcueAAD,PI CSM
01MPx00000OHYlqMAH,0016g00001AOeFmAAL,PI CSM
01MPx00000OHYluMAH,0016g00001AOeFMAA1,PI CSM
01MPx00000OHYlvMAH,001Tm00000GINplIAH,PI CSM
01MPx00000OHYlwMAH,001Px00000VvefuIAB,Law.com CSM
01MPx00000OHYlyMAH,0016g00001AOdwmAAD,E&I CSM
01MPx00000OHYm1MAH,001Px00000VvhWiIAJ,PI CSM
01MPx00000OHYm5MAH,0016g00001AOef1AAD,E&I CSM
01MPx00000OHYm6MAH,0016g00001AOecvAAD,PI CSM
01MPx00000OHYm7MAH,0016g00001AOePbAAL,PI CSM
01MPx00000OHYmAMAX,001Px00000VvtXwIAJ,Law.com CSM
01MPx00000OHYmBMAX,0016g00001AOe5lAAD,PI CSM
01MPx00000OHYmCMAX,0016g00001AOdtAAAT,PI CSM
01MPx00000OHYmEMAX,0016g00001AOeeiAAD,PI CSM
01MPx00000OHYmHMAX,0016g00001AOeQ9AAL,PI CSM
01MPx00000OHYmIMAX,0016g00001AOeUQAA1,PI CSM
01MPx00000OHYmLMAX,0016g00001AOeUTAA1,PI CSM
01MPx00000OHYmNMAX,0016g00001AOetsAAD,PI CSM
01MPx00000OHYmOMAX,0016g00001AOeVGAA1,E&I CSM
01MPx00000OHYmPMAX,0016g00001AOeYSAA1,PI CSM
01MPx00000OHYmQMAX,0016g00001AOe2YAAT,PI CSM
01MPx00000OHYmRMAX,0016g00001AOeIAAA1,PI CSM
01MPx00000OHYmUMAX,0016g00001AOerrAAD,E&I CSM
01MPx00000OHYmWMAX,0016g00001AOe0CAAT,PI CSM
01MPx00000OHYmaMAH,0016g00001AOehHAAT,E&I CSM
01MPx00000OHYmbMAH,0016g00001AOeRaAAL,PI CSM
01MPx00000OHYmdMAH,0016g00001AOel4AAD,Law.com CSM
01MPx00000OHYmeMAH,001Px00000VvTiyIAF,PI CSM
01MPx00000OHYmfMAH,0016g00001AOedmAAD,PI CSM
01MPx00000OHYmgMAH,0016g00001AOeWJAA1,PI CSM
01MPx00000OHYmhMAH,0016g00001AOe58AAD,PI CSM
01MPx00000OHYmiMAH,0016g00001AOePdAAL,PI CSM
01MPx00000OHYmjMAH,001Tm000000ri69IAA,PI CSM
01MPx00000OHYmlMAH,0016g00001AOdufAAD,E&I CSM
01MPx00000OHYmnMAH,001Px00000VvbcvIAB,Law.com CSM
01MPx00000OHYmpMAH,001Px00000XsaDlIAJ,Law.com CSM
01MPx00000OHYmtMAH,0016g00001AOe2cAAD,PI CSM
01MPx00000OHYmwMAH,001Px00000WxNflIAF,PI CSM
01MPx00000OHYmxMAH,0016g00001AOe57AAD,PI CSM
01MPx00000OHYmyMAH,0016g00001AOeKsAAL,PI CSM
01MPx00000OHYmzMAH,0016g00001AOehvAAD,PI CSM
01MPx00000OHYn0MAH,0016g00001AOdwaAAD,PI CSM
01MPx00000OHYn1MAH,0016g00001AOeryAAD,E&I CSM
01MPx00000OHYn2MAH,0016g00001AOdzPAAT,PI CSM
01MPx00000OHYn5MAH,0016g00001AOgomAAD,PI CSM
01MPx00000OHYn6MAH,0016g00001AOeY9AAL,PI CSM
01MPx00000OHYnAMAX,0016g00001AOelaAAD,PI CSM
01MPx00000OHYnCMAX,0016g00001AOSDEAA5,E&I CSM
01MPx00000OHYnEMAX,0016g00001AOeI0AAL,PI CSM
01MPx00000OHYnGMAX,0014L00000CLuAcQAL,PI CSM
01MPx00000OHYnHMAX,0016g00001AOea5AAD,PI CSM
01MPx00000OHYnIMAX,0016g00001AOeGVAA1,E&I CSM
01MPx00000OHYnJMAX,001Tm00000FUvUrIAL,PI CSM
01MPx00000OHYnKMAX,001Px00000XsaDvIAJ,Law.com CSM
01MPx00000OHYnLMAX,001Px00000Vw0I0IAJ,Law.com CSM
01MPx00000OHYnMMAX,0014L00000K8Ho8QAF,PI CSM
01MPx00000OHYovMAH,0016g00001AOgRFAA1,Law.com CSM
01MPx00000OHYowMAH,0014L00000OFbCHQA1,E&I CSM
01MPx00000OHYoxMAH,001Tm000005tosYIAQ,PI CSM
01MPx00000OHYoyMAH,0016g00001AOfwdAAD,E&I CSM
01MPx00000OHYp0MAH,001Px00000VvZY5IAN,Law.com CSM
01MPx00000OHYp1MAH,001Px00000VvR8nIAF,Law.com CSM
01MPx00000OHYp3MAH,0016g00001AOg0dAAD,E&I CSM
01MPx00000OHYp5MAH,001Px00000VvegIIAR,Law.com CSM
01MPx00000OHYp6MAH,0014L00000Txr2XQAR,PI CSM
01MPx00000OHYp8MAH,0016g00001AOfnHAAT,E&I CSM
01MPx00000OHYp9MAH,0016g00001AOgJyAAL,E&I CSM
01MPx00000OHYpBMAX,001Px00000VvgIAIAZ,Law.com CSM
01MPx00000OHYpDMAX,0016g00001AOfvDAAT,E&I CSM
01MPx00000OHYpFMAX,0016g00001AOfzuAAD,E&I CSM
01MPx00000OHYpHMAX,0016g00001AOg18AAD,PI CSM
01MPx00000OHYpIMAX,001Tm00000IfhzbIAB,PI CSM
01MPx00000OHYpKMAX,001Px00000Xsl5TIAR,Law.com CSM
01MPx00000OHYpLMAX,0014L00000MwYqBQAV,PI CSM
01MPx00000OHYpPMAX,0016g00001AOfzlAAD,Law.com CSM
01MPx00000OHYpTMAX,001Px00000XsaESIAZ,Law.com CSM
01MPx00000OHYpVMAX,0016g00001AOgazAAD,Law.com CSM
01MPx00000OHYpXMAX,001Tm000007WvOwIAK,E&I CSM
01MPx00000OHYpYMAX,0016g00001AOgKuAAL,PI CSM
01MPx00000OHYpZMAX,0016g00001AOgEOAA1,PI CSM
01MPx00000OHYpaMAH,0016g00001AOfk8AAD,PI CSM
01MPx00000OHYpdMAH,001Px00000aC5lcIAC,PI CSM
01MPx00000OHYpeMAH,0014L00000OF4iXQAT,E&I CSM
01MPx00000OHYpgMAH,0016g00001AOfo6AAD,PI CSM
01MPx00000OHYphMAH,0016g00001AOgI8AAL,E&I CSM
01MPx00000OHYpiMAH,0014L00000k4qCuQAI,PI CSM
01MPx00000OHYpjMAH,0016g00001AOg7qAAD,E&I CSM
01MPx00000OHYpkMAH,001Tm00000MEIarIAH,Law.com CSM
01MPx00000OHYplMAH,0016g00001AOg4AAAT,PI CSM
01MPx00000OHYpmMAH,0016g00001AOgIdAAL,Law.com CSM
01MPx00000OHYpnMAH,001Px00000VvvErIAJ,Law.com CSM
01MPx00000OHYpoMAH,001Px00000VvgsrIAB,Law.com CSM
01MPx00000OHYppMAH,0016g00001AOg7nAAD,PI CSM
01MPx00000OHYpqMAH,0016g00001AOfoMAAT,E&I CSM
01MPx00000OHYprMAH,001Px00000VvhWZIAZ,Law.com CSM
01MPx00000OHYpsMAH,001Px00000VvrztIAB,Law.com CSM
01MPx00000OHYptMAH,001Px00000XsaEdIAJ,Law.com CSM
01MPx00000OHYpuMAH,0016g00001AOgJdAAL,PI CSM
01MPx00000OHYpwMAH,0016g00001AOfkIAAT,PI CSM
01MPx00000OHYpxMAH,0016g00001AOfmuAAD,PI CSM
01MPx00000OHYpyMAH,001Px00000VvhWdIAJ,Law.com CSM
01MPx00000OHYq0MAH,0016g00001AOfmcAAD,PI CSM
01MPx00000OHYq1MAH,001Px00000VvZXMIA3,PI CSM
01MPx00000OHYq2MAH,001Tm00000E79kxIAB,PI CSM
01MPx00000OHYq6MAH,0016g00001AOg7xAAD,PI CSM
01MPx00000OHYq7MAH,0016g00001AOgVoAAL,PI CSM
01MPx00000OHYq8MAH,0016g00001AOfpKAAT,PI CSM
01MPx00000OHYq9MAH,001Px00000VvhWVIAZ,Law.com CSM
01MPx00000OHYqAMAX,0016g00001AOgI1AAL,PI CSM
01MPx00000OHYqBMAX,001Tm00000G3x8sIAB,E&I CSM
01MPx00000OHYqCMAX,001Px00000VvhQNIAZ,Law.com CSM
01MPx00000OHYqDMAX,0016g00001AOg64AAD,PI CSM
01MPx00000OHYqEMAX,0016g00001AOfyPAAT,PI CSM
01MPx00000OHYqGMAX,0016g00001AOg7KAAT,E&I CSM
01MPx00000OHYqHMAX,0016g00001AOgKOAA1,E&I CSM
01MPx00000OHYqIMAX,0016g00001AOfpfAAD,PI CSM
01MPx00000OHYqKMAX,0016g00001AOg11AAD,PI CSM
01MPx00000OHYqLMAX,001Px00000VvfV8IAJ,Law.com CSM
01MPx00000OHYqMMAX,001Px00000VvdALIAZ,Law.com CSM
01MPx00000OHYsHMAX,0016g00001AOgvKAAT,E&I CSM
01MPx00000OJLEGMA5,001Px00000VvRoxIAF,E&I CSM
01MPx00000OJY0CMAX,001Px00000VvbP6IAJ,PI CSM
01MPx00000OJZ4HMAX,001Px00000VvohYIAR,E&I CSM
01MPx00000OJZHCMA5,001Px00000VvV3OIAV,PI CSM
01MPx00000OcSThMAN,001Px00000VwN1xIAF,PI CSM
01MPx00000Oj1zpMAB,001Px00000V7D8fIAF,E&I CSM
01MPx00000Oj233MAB,0016g00001ANpwUAAT,E&I CSM
01MPx00000Oj2B7MAJ,0016g00001AOGsdAAH,E&I CSM
01MPx00000Oj2FxMAJ,001Px00000YOLnkIAH,E&I CSM
01MPx00000Ozn2sMAB,001Tm00000KtfTdIAJ,PI CSM
01MPx00000OztJhMAJ,001Px00000bh8urIAA,PI CSM
01MPx00000P00jKMAR,0014L00000DhHAzQAN,PI CSM
01MPx00000P0AVoMAN,0016g00001ANoyGAAT,Law.com CSM
01MPx00000P0GkmMAF,0016g00001AO2FZAA1,PI CSM
01MPx00000P0Hs6MAF,001Px00000Vvo8uIAB,PI CSM
01MPx00000P0WQcMAN,0016g00001ANzpKAAT,PI CSM
01MPx00000P0XAUMA3,001Tm00000GZzyqIAD,PI CSM
01MPx00000PK6kTMAT,0016g00001AO6I7AAL,PI CSM
