AccountId,UserId,TeamMemberRole,AccountAccessLevel,OpportunityAccessLevel,CaseAccessLevel,ContactAccessLevel
001Px00000VvZ4FIAV,005Px00000Bnj46IAB,Law.com CSM,Edit,Read,None,Edit
001Px00000Vvx85IAB,005Px00000Bnj46IAB,Law.com CSM,Edit,Read,None,Edit
001Px00000Vvp7MIAR,005Px00000Bnj46IAB,Law.com CSM,Edit,Read,None,Edit
001Px00000VvL1kIAF,005Px00000Bnj46IAB,Law.com CSM,Edit,Read,None,Edit
001Px00000VvlIWIAZ,005Px00000Bnj46IAB,Law.com CSM,Edit,Read,None,Edit
001Px00000VvsCKIAZ,005Px00000Bnj46IAB,Law.com CSM,Edit,Read,None,Edit
001Px00000VvkhEIAR,005Px00000Bnj46IAB,Law.com CSM,Edit,Read,None,Edit
001Px00000VvrpRIAR,005Px00000Bnj46IAB,Law.com CSM,Edit,Read,None,Edit
001Tm00000MtJoRIAV,005Px00000Bnj46IAB,Law.com CSM,Edit,Read,None,Edit
001Px00000VvjS0IAJ,005Px00000Bnj46IAB,Law.com CSM,Edit,Read,None,Edit
001Px00000VvU88IAF,005Px00000Bnj46IAB,Law.com CSM,Edit,Read,None,Edit
001Px00000do4tBIAQ,005Px00000Bnj46IAB,Law.com CSM,Edit,Read,None,Edit
001Tm00000MESEaIAP,005Px00000Bnj46IAB,Law.com CSM,Edit,Read,None,Edit
0016g00001ANnwrAAD,005Px00000Bnj46IAB,Law.com CSM,Edit,Read,None,Edit
001Px00000VvdW1IAJ,005Px00000Bnj46IAB,Law.com CSM,Edit,Read,None,Edit
001Px00000WkhdsIAB,005Px00000Bnj46IAB,Law.com CSM,Edit,Read,None,Edit
001Px00000XftjzIAB,005Px00000Bnj46IAB,Law.com CSM,Edit,Read,None,Edit
0016g00001AOE8pAAH,005Px00000Bnj46IAB,Law.com CSM,Edit,Read,None,Edit
001Px00000Vvv4JIAR,005Px00000Bnj46IAB,Law.com CSM,Edit,Read,None,Edit
001Px00000VvUnxIAF,005Px00000Bnj46IAB,Law.com CSM,Edit,Read,None,Edit
001Px00000VvrkEIAR,005Px00000Bnj46IAB,Law.com CSM,Edit,Read,None,Edit
001Px00000Vvpg5IAB,005Px00000Bnj46IAB,Law.com CSM,Edit,Read,None,Edit
001Px00000VvTiCIAV,005Px00000Bnj46IAB,Law.com CSM,Edit,Read,None,Edit
001Px00000VvVBXIA3,005Px00000Bnj46IAB,Law.com CSM,Edit,Read,None,Edit
001Tm00000MEIvkIAH,005Px00000Bnj46IAB,Law.com CSM,Edit,Read,None,Edit
001Px00000VvsEIIAZ,005Px00000Bnj46IAB,Law.com CSM,Edit,Read,None,Edit
001Px00000VvryjIAB,005Px00000Bnj46IAB,Law.com CSM,Edit,Read,None,Edit
001Tm00000MEN3RIAX,005Px00000Bnj46IAB,Law.com CSM,Edit,Read,None,Edit
001Px00000VvcqdIAB,005Px00000Bnj46IAB,Law.com CSM,Edit,Read,None,Edit
001Px00000VveFfIAJ,005Px00000Bnj46IAB,Law.com CSM,Edit,Read,None,Edit
001Px00000VvgETIAZ,005Px00000Bnj46IAB,Law.com CSM,Edit,Read,None,Edit
001Px00000VvTjJIAV,005Px00000Bnj46IAB,Law.com CSM,Edit,Read,None,Edit
001Px00000VvOG0IAN,005Px00000Bnj46IAB,Law.com CSM,Edit,Read,None,Edit
001Px00000VvQwHIAV,005Px00000Bnj46IAB,Law.com CSM,Edit,Read,None,Edit
001Px00000Vvbw8IAB,005Px00000Bnj46IAB,Law.com CSM,Edit,Read,None,Edit
001Px00000VvjzCIAR,005Px00000Bnj46IAB,Law.com CSM,Edit,Read,None,Edit
0016g00001AObGGAA1,005Px00000Bnj46IAB,Law.com CSM,Edit,Read,None,Edit
001Px00000VvaQeIAJ,005Px00000Bnj46IAB,Law.com CSM,Edit,Read,None,Edit
001Px00000VvtYCIAZ,005Px00000Bnj46IAB,Law.com CSM,Edit,Read,None,Edit
001Px00000Vvf9ZIAR,005Px00000Bnj46IAB,Law.com CSM,Edit,Read,None,Edit
001Px00000VvalyIAB,005Px00000Bnj46IAB,Law.com CSM,Edit,Read,None,Edit
001Tm0000070NwpIAE,005Px00000Bnj46IAB,Law.com CSM,Edit,Read,None,Edit
001Px00000VvVIkIAN,005Px00000Bnj46IAB,Law.com CSM,Edit,Read,None,Edit
0016g00001AOTYWAA5,005Px00000Bnj46IAB,Law.com CSM,Edit,Read,None,Edit
001Px00000Vvh5gIAB,005Px00000Bnj46IAB,Law.com CSM,Edit,Read,None,Edit
0014L00000MwW2nQAF,005Px00000Bnj46IAB,Law.com CSM,Edit,Read,None,Edit
001Px00000VvcZRIAZ,005Px00000Bnj46IAB,Law.com CSM,Edit,Read,None,Edit
001Px00000VvefsIAB,005Px00000Bnj46IAB,Law.com CSM,Edit,Read,None,Edit
0016g00001AODaCAAX,005Px00000Bnj46IAB,Law.com CSM,Edit,Read,None,Edit
001Px00000VvhzjIAB,005Px00000Bnj46IAB,Law.com CSM,Edit,Read,None,Edit
001Tm000005hFAiIAM,005Px00000Bnj46IAB,Law.com CSM,Edit,Read,None,Edit
001Px00000VvRolIAF,005Px00000Bnj46IAB,Law.com CSM,Edit,Read,None,Edit
001Px00000VvqE5IAJ,005Px00000Bnj46IAB,Law.com CSM,Edit,Read,None,Edit
0014L00000m9TkHQAU,005Px00000Bnj46IAB,Law.com CSM,Edit,Read,None,Edit
001Px00000VvqQoIAJ,005Px00000Bnj46IAB,Law.com CSM,Edit,Read,None,Edit
0016g00001ANoNaAAL,005Px00000Bnj46IAB,Law.com CSM,Edit,Read,None,Edit
001Px00000VvZ3WIAV,005Px00000Bnj46IAB,Law.com CSM,Edit,Read,None,Edit
0016g00001AOh7RAAT,005Px00000Bnj46IAB,Law.com CSM,Edit,Read,None,Edit
0016g00001AOVVzAAP,005Px00000Bnj46IAB,Law.com CSM,Edit,Read,None,Edit
001Px00000VvgbnIAB,005Px00000Bnj46IAB,Law.com CSM,Edit,Read,None,Edit
001Px00000VvXr9IAF,005Px00000Bnj46IAB,Law.com CSM,Edit,Read,None,Edit
0016g00001AOD1wAAH,005Px00000Bnj46IAB,Law.com CSM,Edit,Read,None,Edit
001Tm00000MEIQzIAP,005Px00000Bnj46IAB,Law.com CSM,Edit,Read,None,Edit
001Px00000VvXqSIAV,005Px00000Bnj46IAB,Law.com CSM,Edit,Read,None,Edit
001Px00000VvTeBIAV,005Px00000Bnj46IAB,Law.com CSM,Edit,Read,None,Edit
001Px00000VvR5tIAF,005Px00000Bnj46IAB,Law.com CSM,Edit,Read,None,Edit
0016g00001AOTBxAAP,005Px00000Bnj46IAB,Law.com CSM,Edit,Read,None,Edit
0016g00001ANndFAAT,005Px00000Bnj46IAB,Law.com CSM,Edit,Read,None,Edit
001Px00000VvU8AIAV,005Px00000Bnj46IAB,Law.com CSM,Edit,Read,None,Edit
001Px00000Vvi0nIAB,005Px00000Bnj46IAB,Law.com CSM,Edit,Read,None,Edit
001Px00000eYqV1IAK,005Px00000Bnj46IAB,Law.com CSM,Edit,Read,None,Edit
001Px00000cf61xIAA,005Px00000Bnj46IAB,Law.com CSM,Edit,Read,None,Edit
001Px00000Vy8iwIAB,005Px00000Bnj46IAB,Law.com CSM,Edit,Read,None,Edit
0016g00001AO6wbAAD,005Px00000Bnj46IAB,Law.com CSM,Edit,Read,None,Edit
001Px00000VyFh7IAF,005Px00000Bnj46IAB,Law.com CSM,Edit,Read,None,Edit
001Px00000VvkQUIAZ,005Px00000Bnj46IAB,Law.com CSM,Edit,Read,None,Edit
001Px00000eOrKMIA0,005Px00000Bnj46IAB,Law.com CSM,Edit,Read,None,Edit
001Px00000VvcPZIAZ,005Px00000Bnj46IAB,Law.com CSM,Edit,Read,None,Edit
001Tm00000MtWTGIA3,005Px00000Bnj46IAB,Law.com CSM,Edit,Read,None,Edit
001Px00000VvxRQIAZ,005Px00000Bnj46IAB,Law.com CSM,Edit,Read,None,Edit
0016g00001AOEHVAA5,005Px00000Bnj46IAB,Law.com CSM,Edit,Read,None,Edit
001Px00000VvgYLIAZ,005Px00000Bnj46IAB,Law.com CSM,Edit,Read,None,Edit
0016g00001AO5QlAAL,005Px00000Bnj46IAB,Law.com CSM,Edit,Read,None,Edit
001Px00000VyNG8IAN,005Px00000Bnj46IAB,Law.com CSM,Edit,Read,None,Edit
001Px00000VvpRpIAJ,005Px00000Bnj46IAB,Law.com CSM,Edit,Read,None,Edit
001Px00000VvflxIAB,005Px00000Bnj46IAB,Law.com CSM,Edit,Read,None,Edit
001Px00000VvkQAIAZ,005Px00000Bnj46IAB,Law.com CSM,Edit,Read,None,Edit
001Px00000cAWj9IAG,005Px00000Bnj46IAB,Law.com CSM,Edit,Read,None,Edit
001Px00000VvdUWIAZ,005Px00000Bnj46IAB,Law.com CSM,Edit,Read,None,Edit
001Px00000VvigaIAB,005Px00000Bnj46IAB,Law.com CSM,Edit,Read,None,Edit
001Px00000Vy6NgIAJ,005Px00000Bnj46IAB,Law.com CSM,Edit,Read,None,Edit
001Px00000VvQrrIAF,005Px00000Bnj46IAB,Law.com CSM,Edit,Read,None,Edit
0016g00001AOg0FAAT,005Px00000Bnj46IAB,Law.com CSM,Edit,Read,None,Edit
001Px00000VvU8hIAF,005Px00000Bnj46IAB,Law.com CSM,Edit,Read,None,Edit
001Px00000VvPOmIAN,005Px00000Bnj46IAB,Law.com CSM,Edit,Read,None,Edit
001Px00000Vvh2CIAR,005Px00000Bnj46IAB,Law.com CSM,Edit,Read,None,Edit
001Px00000VvbbDIAR,005Px00000Bnj46IAB,Law.com CSM,Edit,Read,None,Edit
001Px00000VvgXQIAZ,005Px00000Bnj46IAB,Law.com CSM,Edit,Read,None,Edit
001Px00000VvihrIAB,005Px00000Bnj46IAB,Law.com CSM,Edit,Read,None,Edit
0016g00001AOTbAAAX,005Px00000Bnj46IAB,Law.com CSM,Edit,Read,None,Edit
001Px00000VvvalIAB,005Px00000Bnj46IAB,Law.com CSM,Edit,Read,None,Edit
0016g00001AOcprAAD,005Px00000Bnj46IAB,Law.com CSM,Edit,Read,None,Edit
001Px00000VvfTxIAJ,005Px00000Bnj46IAB,Law.com CSM,Edit,Read,None,Edit
001Px00000VwXcAIAV,005Px00000Bnj46IAB,Law.com CSM,Edit,Read,None,Edit
0016g00001ANuN0AAL,005Px00000Bnj46IAB,Law.com CSM,Edit,Read,None,Edit
001Px00000g25GUIAY,005Px00000Bnj46IAB,Law.com CSM,Edit,Read,None,Edit
001Px00000VvjyCIAR,005Px00000Bnj46IAB,Law.com CSM,Edit,Read,None,Edit
001Px00000Vvt9VIAR,005Px00000Bnj46IAB,Law.com CSM,Edit,Read,None,Edit
001Px00000Vvx3yIAB,005Px00000Bnj46IAB,Law.com CSM,Edit,Read,None,Edit
001Tm00000MEVBRIA5,005Px00000Bnj46IAB,Law.com CSM,Edit,Read,None,Edit
0016g00001AOQqMAAX,005Px00000Bnj46IAB,Law.com CSM,Edit,Read,None,Edit
001Tm00000MEC6uIAH,005Px00000Bnj46IAB,Law.com CSM,Edit,Read,None,Edit
001Px00000VvrzGIAR,005Px00000Bnj46IAB,Law.com CSM,Edit,Read,None,Edit
001Px00000VvfTuIAJ,005Px00000Bnj46IAB,Law.com CSM,Edit,Read,None,Edit
0016g00001ANzGrAAL,005Px00000Bnj46IAB,Law.com CSM,Edit,Read,None,Edit
001Px00000VvpdcIAB,005Px00000Bnj46IAB,Law.com CSM,Edit,Read,None,Edit
001Px00000VvU3xIAF,005Px00000Bnj46IAB,Law.com CSM,Edit,Read,None,Edit
0016g00001AOIcLAAX,005Px00000Bnj46IAB,Law.com CSM,Edit,Read,None,Edit
0016g00001AOSelAAH,005Px00000Bnj46IAB,Law.com CSM,Edit,Read,None,Edit
001Px00000VvPF6IAN,005Px00000Bnj46IAB,Law.com CSM,Edit,Read,None,Edit
001Px00000VvnINIAZ,005Px00000Bnj46IAB,Law.com CSM,Edit,Read,None,Edit
001Px00000VvaOkIAJ,005Px00000Bnj46IAB,Law.com CSM,Edit,Read,None,Edit
0016g00001AOhraAAD,005Px00000Bnj46IAB,Law.com CSM,Edit,Read,None,Edit
001Px00000VvrbAIAR,005Px00000Bnj46IAB,Law.com CSM,Edit,Read,None,Edit
001Tm00000MEKL6IAP,005Px00000Bnj46IAB,Law.com CSM,Edit,Read,None,Edit
001Px00000Vvh2SIAR,005Px00000Bnj46IAB,Law.com CSM,Edit,Read,None,Edit
001Px00000VvMyKIAV,005Px00000Bnj46IAB,Law.com CSM,Edit,Read,None,Edit
0016g00001AO8atAAD,005Px00000Bnj46IAB,Law.com CSM,Edit,Read,None,Edit
0016g00001AOK8bAAH,005Px00000Bnj46IAB,Law.com CSM,Edit,Read,None,Edit
001Tm00000MtWbNIAV,005Px00000Bnj46IAB,Law.com CSM,Edit,Read,None,Edit
0016g00001AOEKWAA5,005Px00000Bnj46IAB,Law.com CSM,Edit,Read,None,Edit
001Tm00000MtHAfIAN,005Px00000Bnj46IAB,Law.com CSM,Edit,Read,None,Edit
001Px00000VvufaIAB,005Px00000Bnj46IAB,Law.com CSM,Edit,Read,None,Edit
001Px00000VvpelIAB,005Px00000Bnj46IAB,Law.com CSM,Edit,Read,None,Edit
001Px00000Vva5aIAB,005Px00000Bnj46IAB,Law.com CSM,Edit,Read,None,Edit
001Px00000VwWFEIA3,005Px00000Bnj46IAB,Law.com CSM,Edit,Read,None,Edit
0014L00000WuesHQAR,005Px00000Bnj46IAB,Law.com CSM,Edit,Read,None,Edit
001Px00000VvgXfIAJ,005Px00000Bnj46IAB,Law.com CSM,Edit,Read,None,Edit
001Px00000VvdoYIAR,005Px00000Bnj46IAB,Law.com CSM,Edit,Read,None,Edit
001Tm00000D40V3IAJ,005Px00000Bnj46IAB,Law.com CSM,Edit,Read,None,Edit
001Tm00000Fs7YYIAZ,005Px00000Bnj46IAB,Law.com CSM,Edit,Read,None,Edit
001Px00000VvcSBIAZ,005Px00000Bnj46IAB,Law.com CSM,Edit,Read,None,Edit
001Px00000Vvdp1IAB,005Px00000Bnj46IAB,Law.com CSM,Edit,Read,None,Edit
0016g00001ANxVwAAL,005Px00000Bnj46IAB,Law.com CSM,Edit,Read,None,Edit
001Px00000ekMUkIAM,005Px00000Bnj46IAB,Law.com CSM,Edit,Read,None,Edit
001Px00000VvkTgIAJ,005Px00000Bnj46IAB,Law.com CSM,Edit,Read,None,Edit
001Px00000VvpMHIAZ,005Px00000Bnj46IAB,Law.com CSM,Edit,Read,None,Edit
001Px00000Vvo2ZIAR,005Px00000Bnj46IAB,Law.com CSM,Edit,Read,None,Edit
001Px00000VvQroIAF,005Px00000Bnj46IAB,Law.com CSM,Edit,Read,None,Edit
001Px00000VvQw9IAF,005Px00000Bnj46IAB,Law.com CSM,Edit,Read,None,Edit
001Px00000VvVeHIAV,005Px00000Bnj46IAB,Law.com CSM,Edit,Read,None,Edit
001Px00000VvifeIAB,005Px00000Bnj46IAB,Law.com CSM,Edit,Read,None,Edit
001Px00000VvMlNIAV,005Px00000Bnj46IAB,Law.com CSM,Edit,Read,None,Edit
001Tm00000MtWbSIAV,005Px00000Bnj46IAB,Law.com CSM,Edit,Read,None,Edit
001Px00000X8r0xIAB,005Px00000Bnj46IAB,Law.com CSM,Edit,Read,None,Edit
001Px00000Vvh48IAB,005Px00000Bnj46IAB,Law.com CSM,Edit,Read,None,Edit
001Tm00000ME7acIAD,005Px00000Bnj46IAB,Law.com CSM,Edit,Read,None,Edit
001Tm00000MELFeIAP,005Px00000Bnj46IAB,Law.com CSM,Edit,Read,None,Edit
001Tm00000MEWMcIAP,005Px00000Bnj46IAB,Law.com CSM,Edit,Read,None,Edit
001Px00000VvpeWIAR,005Px00000Bnj46IAB,Law.com CSM,Edit,Read,None,Edit
001Px00000ZPnixIAD,005Px00000Bnj46IAB,Law.com CSM,Edit,Read,None,Edit
001Px00000Vw0HDIAZ,005Px00000Bnj46IAB,Law.com CSM,Edit,Read,None,Edit
001Px00000VvlIaIAJ,005Px00000Bnj46IAB,Law.com CSM,Edit,Read,None,Edit
001Px00000VvufYIAR,005Px00000Bnj46IAB,Law.com CSM,Edit,Read,None,Edit
0016g00001AO0GJAA1,005Px00000Bnj46IAB,Law.com CSM,Edit,Read,None,Edit
001Px00000VvUjQIAV,005Px00000Bnj46IAB,Law.com CSM,Edit,Read,None,Edit
001Px00000VvoeYIAR,005Px00000Bnj46IAB,Law.com CSM,Edit,Read,None,Edit
001Px00000VvkT9IAJ,005Px00000Bnj46IAB,Law.com CSM,Edit,Read,None,Edit
001Px00000VvWbzIAF,005Px00000Bnj46IAB,Law.com CSM,Edit,Read,None,Edit
001Px00000Vvk24IAB,005Px00000Bnj46IAB,Law.com CSM,Edit,Read,None,Edit
001Px00000Vvpv6IAB,005Px00000Bnj46IAB,Law.com CSM,Edit,Read,None,Edit
0016g00001AOTh7AAH,005Px00000Bnj46IAB,Law.com CSM,Edit,Read,None,Edit
001Px00000VvUipIAF,005Px00000Bnj46IAB,Law.com CSM,Edit,Read,None,Edit
001Px00000VvjtZIAR,005Px00000Bnj46IAB,Law.com CSM,Edit,Read,None,Edit
001Px00000Vvb7fIAB,005Px00000Bnj46IAB,Law.com CSM,Edit,Read,None,Edit
001Px00000VvhQ7IAJ,005Px00000Bnj46IAB,Law.com CSM,Edit,Read,None,Edit
001Px00000VvXKeIAN,005Px00000Bnj46IAB,Law.com CSM,Edit,Read,None,Edit
001Px00000VvsLxIAJ,005Px00000Bnj46IAB,Law.com CSM,Edit,Read,None,Edit
001Px00000VvbwyIAB,005Px00000Bnj46IAB,Law.com CSM,Edit,Read,None,Edit
001Px00000VvgXHIAZ,005Px00000Bnj46IAB,Law.com CSM,Edit,Read,None,Edit
001Px00000Vvbw2IAB,005Px00000Bnj46IAB,Law.com CSM,Edit,Read,None,Edit
001Px00000Vvi2NIAR,005Px00000Bnj46IAB,Law.com CSM,Edit,Read,None,Edit
001Tm00000MERwhIAH,005Px00000Bnj46IAB,Law.com CSM,Edit,Read,None,Edit
001Px00000VvaH0IAJ,005Px00000Bnj46IAB,Law.com CSM,Edit,Read,None,Edit
001Px00000VvlJgIAJ,005Px00000Bnj46IAB,Law.com CSM,Edit,Read,None,Edit
001Px00000VvlJfIAJ,005Px00000Bnj46IAB,Law.com CSM,Edit,Read,None,Edit
001Tm00000MEIbNIAX,005Px00000Bnj46IAB,Law.com CSM,Edit,Read,None,Edit
0016g00001AOKbaAAH,005Px00000Bnj46IAB,Law.com CSM,Edit,Read,None,Edit
001Px00000VvQofIAF,005Px00000Bnj46IAB,Law.com CSM,Edit,Read,None,Edit
001Px00000Vvd4AIAR,005Px00000Bnj46IAB,Law.com CSM,Edit,Read,None,Edit
001Px00000Vvg1IIAR,005Px00000Bnj46IAB,Law.com CSM,Edit,Read,None,Edit
001Px00000VvcZfIAJ,005Px00000Bnj46IAB,Law.com CSM,Edit,Read,None,Edit
001Tm00000MESXaIAP,005Px00000Bnj46IAB,Law.com CSM,Edit,Read,None,Edit
001Px00000WkN4EIAV,005Px00000Bnj46IAB,Law.com CSM,Edit,Read,None,Edit
001Px00000Vvid4IAB,005Px00000Bnj46IAB,Law.com CSM,Edit,Read,None,Edit
001Px00000VvvHSIAZ,005Px00000Bnj46IAB,Law.com CSM,Edit,Read,None,Edit
001Tm00000MEV88IAH,005Px00000Bnj46IAB,Law.com CSM,Edit,Read,None,Edit
0014L00000WFvpHQAT,005Px00000Bnj46IAB,Law.com CSM,Edit,Read,None,Edit
001Px00000VvalHIAR,005Px00000Bnj46IAB,Law.com CSM,Edit,Read,None,Edit
001Px00000VvhtvIAB,005Px00000Bnj46IAB,Law.com CSM,Edit,Read,None,Edit
001Px00000VvgIxIAJ,005Px00000Bnj46IAB,Law.com CSM,Edit,Read,None,Edit
001Px00000VvdozIAB,005Px00000Bnj46IAB,Law.com CSM,Edit,Read,None,Edit
001Px00000VvTiQIAV,005Px00000Bnj46IAB,Law.com CSM,Edit,Read,None,Edit
0016g00001AOc9zAAD,005Px00000Bnj46IAB,Law.com CSM,Edit,Read,None,Edit
001Px00000VvZ4HIAV,005Px00000Bnj46IAB,Law.com CSM,Edit,Read,None,Edit
001Px00000VvpVjIAJ,005Px00000Bnj46IAB,Law.com CSM,Edit,Read,None,Edit
001Px00000VvYo4IAF,005Px00000Bnj46IAB,Law.com CSM,Edit,Read,None,Edit
001Px00000VvoH8IAJ,005Px00000Bnj46IAB,Law.com CSM,Edit,Read,None,Edit
001Px00000VvQoZIAV,005Px00000Bnj46IAB,Law.com CSM,Edit,Read,None,Edit
001Px00000Vvi0mIAB,005Px00000Bnj46IAB,Law.com CSM,Edit,Read,None,Edit
001Px00000WjkDyIAJ,005Px00000Bnj46IAB,Law.com CSM,Edit,Read,None,Edit
001Px00000VvaGGIAZ,005Px00000Bnj46IAB,Law.com CSM,Edit,Read,None,Edit
001Px00000XsUtdIAF,005Px00000Bnj46IAB,Law.com CSM,Edit,Read,None,Edit
001Px00000VvoerIAB,005Px00000Bnj46IAB,Law.com CSM,Edit,Read,None,Edit
001Px00000XjnBGIAZ,005Px00000Bnj46IAB,Law.com CSM,Edit,Read,None,Edit
001Px00000Vvav5IAB,005Px00000Bnj46IAB,Law.com CSM,Edit,Read,None,Edit
001Px00000VvWelIAF,005Px00000Bnj46IAB,Law.com CSM,Edit,Read,None,Edit
0016g00001AO5wKAAT,005Px00000Bnj46IAB,Law.com CSM,Edit,Read,None,Edit
001Px00000VvVaSIAV,005Px00000Bnj46IAB,Law.com CSM,Edit,Read,None,Edit
001Tm00000MEULvIAP,005Px00000Bnj46IAB,Law.com CSM,Edit,Read,None,Edit
001Px00000VvL1oIAF,005Px00000Bnj46IAB,Law.com CSM,Edit,Read,None,Edit
001Px00000VvxRfIAJ,005Px00000Bnj46IAB,Law.com CSM,Edit,Read,None,Edit
001Px00000XsVePIAV,005Px00000Bnj46IAB,Law.com CSM,Edit,Read,None,Edit
001Px00000VvpWYIAZ,005Px00000Bnj46IAB,Law.com CSM,Edit,Read,None,Edit
001Px00000VwS37IAF,005Px00000Bnj46IAB,Law.com CSM,Edit,Read,None,Edit
001Px00000VvQnfIAF,005Px00000Bnj46IAB,Law.com CSM,Edit,Read,None,Edit
001Px00000VveuZIAR,005Px00000Bnj46IAB,Law.com CSM,Edit,Read,None,Edit
001Px00000VvpUVIAZ,005Px00000Bnj46IAB,Law.com CSM,Edit,Read,None,Edit
001Px00000VvjtKIAR,005Px00000Bnj46IAB,Law.com CSM,Edit,Read,None,Edit
001Px00000VvlWiIAJ,005Px00000Bnj46IAB,Law.com CSM,Edit,Read,None,Edit
001Tm00000BTECaIAP,005Px00000Bnj46IAB,Law.com CSM,Edit,Read,None,Edit
001Px00000VvbvdIAB,005Px00000Bnj46IAB,Law.com CSM,Edit,Read,None,Edit
001Px00000VvPOwIAN,005Px00000Bnj46IAB,Law.com CSM,Edit,Read,None,Edit
001Px00000VvRMZIA3,005Px00000Bnj46IAB,Law.com CSM,Edit,Read,None,Edit
001Px00000VvSKrIAN,005Px00000Bnj46IAB,Law.com CSM,Edit,Read,None,Edit
001Px00000VvffRIAR,005Px00000Bnj46IAB,Law.com CSM,Edit,Read,None,Edit
001Px00000VvXxPIAV,005Px00000Bnj46IAB,Law.com CSM,Edit,Read,None,Edit
001Px00000VvpArIAJ,005Px00000Bnj46IAB,Law.com CSM,Edit,Read,None,Edit
001Tm00000MEG9TIAX,005Px00000Bnj46IAB,Law.com CSM,Edit,Read,None,Edit
0016g00001ANoKkAAL,005Px00000Bnj46IAB,Law.com CSM,Edit,Read,None,Edit
0016g00001AOYkGAAX,005Px00000Bnj46IAB,Law.com CSM,Edit,Read,None,Edit
001Px00000VvieEIAR,005Px00000Bnj46IAB,Law.com CSM,Edit,Read,None,Edit
001Px00000VvjyeIAB,005Px00000Bnj46IAB,Law.com CSM,Edit,Read,None,Edit
001Px00000VvU8sIAF,005Px00000Bnj46IAB,Law.com CSM,Edit,Read,None,Edit
001Tm00000MEWbHIAX,005Px00000Bnj46IAB,Law.com CSM,Edit,Read,None,Edit
001Px00000Vvo9KIAR,005Px00000Bnj46IAB,Law.com CSM,Edit,Read,None,Edit
001Px00000VvjRpIAJ,005Px00000Bnj46IAB,Law.com CSM,Edit,Read,None,Edit
001Px00000VvZUwIAN,005Px00000Bnj46IAB,Law.com CSM,Edit,Read,None,Edit
001Px00000VvsYuIAJ,005Px00000Bnj46IAB,Law.com CSM,Edit,Read,None,Edit
001Tm00000MEE5mIAH,005Px00000Bnj46IAB,Law.com CSM,Edit,Read,None,Edit
001Px00000VvhCUIAZ,005Px00000Bnj46IAB,Law.com CSM,Edit,Read,None,Edit
001Px00000VveGLIAZ,005Px00000Bnj46IAB,Law.com CSM,Edit,Read,None,Edit
001Tm00000MENNNIA5,005Px00000Bnj46IAB,Law.com CSM,Edit,Read,None,Edit
001Px00000VvWyhIAF,005Px00000Bnj46IAB,Law.com CSM,Edit,Read,None,Edit
001Tm00000MEE7BIAX,005Px00000Bnj46IAB,Law.com CSM,Edit,Read,None,Edit
001Px00000VvxSZIAZ,005Px00000Bnj46IAB,Law.com CSM,Edit,Read,None,Edit
001Px00000VvXqPIAV,005Px00000Bnj46IAB,Law.com CSM,Edit,Read,None,Edit
001Px00000VvcrAIAR,005Px00000Bnj46IAB,Law.com CSM,Edit,Read,None,Edit
001Px00000VvgsFIAR,005Px00000Bnj46IAB,Law.com CSM,Edit,Read,None,Edit
001Px00000VvjRHIAZ,005Px00000Bnj46IAB,Law.com CSM,Edit,Read,None,Edit
0016g00001AOVvIAAX,005Px00000Bnj46IAB,Law.com CSM,Edit,Read,None,Edit
001Tm00000MESEiIAP,005Px00000Bnj46IAB,Law.com CSM,Edit,Read,None,Edit
001Px00000VvZNMIA3,005Px00000Bnj46IAB,Law.com CSM,Edit,Read,None,Edit
0016g00001AOXKgAAP,005Px00000Bnj46IAB,Law.com CSM,Edit,Read,None,Edit
001Tm00000MEO3QIAX,005Px00000Bnj46IAB,Law.com CSM,Edit,Read,None,Edit
001Px00000VvoQVIAZ,005Px00000Bnj46IAB,Law.com CSM,Edit,Read,None,Edit
001Px00000VvZU9IAN,005Px00000Bnj46IAB,Law.com CSM,Edit,Read,None,Edit
001Px00000VvYdSIAV,005Px00000Bnj46IAB,Law.com CSM,Edit,Read,None,Edit
001Tm00000MEG8vIAH,005Px00000Bnj46IAB,Law.com CSM,Edit,Read,None,Edit
001Px00000VvjzAIAR,005Px00000Bnj46IAB,Law.com CSM,Edit,Read,None,Edit
001Px00000XsVeXIAV,005Px00000Bnj46IAB,Law.com CSM,Edit,Read,None,Edit
001Px00000Vva8yIAB,005Px00000Bnj46IAB,Law.com CSM,Edit,Read,None,Edit
001Px00000VvYd3IAF,005Px00000Bnj46IAB,Law.com CSM,Edit,Read,None,Edit
001Px00000VvetZIAR,005Px00000Bnj46IAB,Law.com CSM,Edit,Read,None,Edit
001Px00000XsVdyIAF,005Px00000Bnj46IAB,Law.com CSM,Edit,Read,None,Edit
001Px00000VwMiHIAV,005Px00000Bnj46IAB,Law.com CSM,Edit,Read,None,Edit
001Px00000Vvhu4IAB,005Px00000Bnj46IAB,Law.com CSM,Edit,Read,None,Edit
001Px00000Vvk25IAB,005Px00000Bnj46IAB,Law.com CSM,Edit,Read,None,Edit
001Px00000VvZQnIAN,005Px00000Bnj46IAB,Law.com CSM,Edit,Read,None,Edit
001Tm00000MtRzQIAV,005Px00000Bnj46IAB,Law.com CSM,Edit,Read,None,Edit
001Px00000VvtR2IAJ,005Px00000Bnj46IAB,Law.com CSM,Edit,Read,None,Edit
001Tm00000MESsfIAH,005Px00000Bnj46IAB,Law.com CSM,Edit,Read,None,Edit
001Px00000VxrRGIAZ,005Px00000Bnj46IAB,Law.com CSM,Edit,Read,None,Edit
001Px00000VwNXFIA3,005Px00000Bnj46IAB,Law.com CSM,Edit,Read,None,Edit
001Px00000VvkRmIAJ,005Px00000Bnj46IAB,Law.com CSM,Edit,Read,None,Edit
001Px00000Vvp5bIAB,005Px00000Bnj46IAB,Law.com CSM,Edit,Read,None,Edit
001Tm00000MEE7OIAX,005Px00000Bnj46IAB,Law.com CSM,Edit,Read,None,Edit
001Tm00000MEGfSIAX,005Px00000Bnj46IAB,Law.com CSM,Edit,Read,None,Edit
001Tm00000MtEh7IAF,005Px00000Bnj46IAB,Law.com CSM,Edit,Read,None,Edit
001Tm00000MEU6pIAH,005Px00000Bnj46IAB,Law.com CSM,Edit,Read,None,Edit
001Px00000VvpgtIAB,005Px00000Bnj46IAB,Law.com CSM,Edit,Read,None,Edit
0016g00001AOD1gAAH,005Px00000Bnj46IAB,Law.com CSM,Edit,Read,None,Edit
001Px00000Vvx8CIAR,005Px00000Bnj46IAB,Law.com CSM,Edit,Read,None,Edit
001Px00000VvgJhIAJ,005Px00000Bnj46IAB,Law.com CSM,Edit,Read,None,Edit
001Px00000Vvl1cIAB,005Px00000Bnj46IAB,Law.com CSM,Edit,Read,None,Edit
001Px00000Vw41bIAB,005Px00000Bnj46IAB,Law.com CSM,Edit,Read,None,Edit
001Px00000VvUjuIAF,005Px00000Bnj46IAB,Law.com CSM,Edit,Read,None,Edit
001Px00000Vvi6dIAB,005Px00000Bnj46IAB,Law.com CSM,Edit,Read,None,Edit
001Px00000Vvr0jIAB,005Px00000Bnj46IAB,Law.com CSM,Edit,Read,None,Edit
001Px00000VvR59IAF,005Px00000Bnj46IAB,Law.com CSM,Edit,Read,None,Edit
001Px00000Vvv4dIAB,005Px00000Bnj46IAB,Law.com CSM,Edit,Read,None,Edit
001Px00000VvicSIAR,005Px00000Bnj46IAB,Law.com CSM,Edit,Read,None,Edit
001Px00000VvfAhIAJ,005Px00000Bnj46IAB,Law.com CSM,Edit,Read,None,Edit
001Px00000VvipAIAR,005Px00000Bnj46IAB,Law.com CSM,Edit,Read,None,Edit
001Tm00000MEBDaIAP,005Px00000Bnj46IAB,Law.com CSM,Edit,Read,None,Edit
001Tm00000MEOqGIAX,005Px00000Bnj46IAB,Law.com CSM,Edit,Read,None,Edit
001Px00000VvtXSIAZ,005Px00000Bnj46IAB,Law.com CSM,Edit,Read,None,Edit
001Px00000VvkQHIAZ,005Px00000Bnj46IAB,Law.com CSM,Edit,Read,None,Edit
0016g00001AOQT6AAP,005Px00000Bnj46IAB,Law.com CSM,Edit,Read,None,Edit
0016g00001AOL9TAAX,005Px00000Bnj46IAB,Law.com CSM,Edit,Read,None,Edit
001Tm00000MEMAnIAP,005Px00000Bnj46IAB,Law.com CSM,Edit,Read,None,Edit
001Px00000XsknhIAB,005Px00000Bnj46IAB,Law.com CSM,Edit,Read,None,Edit
001Tm00000MEBbwIAH,005Px00000Bnj46IAB,Law.com CSM,Edit,Read,None,Edit
0016g00001AOEtaAAH,005Px00000Bnj46IAB,Law.com CSM,Edit,Read,None,Edit
001Px00000VvZNBIA3,005Px00000Bnj46IAB,Law.com CSM,Edit,Read,None,Edit
001Px00000VvPFSIA3,005Px00000Bnj46IAB,Law.com CSM,Edit,Read,None,Edit
001Px00000VvhuBIAR,005Px00000Bnj46IAB,Law.com CSM,Edit,Read,None,Edit
001Px00000VvZRHIA3,005Px00000Bnj46IAB,Law.com CSM,Edit,Read,None,Edit
001Px00000Vvg1LIAR,005Px00000Bnj46IAB,Law.com CSM,Edit,Read,None,Edit
001Px00000VvugIIAR,005Px00000Bnj46IAB,Law.com CSM,Edit,Read,None,Edit
001Px00000VvMGfIAN,005Px00000Bnj46IAB,Law.com CSM,Edit,Read,None,Edit
001Tm00000MEQbBIAX,005Px00000Bnj46IAB,Law.com CSM,Edit,Read,None,Edit
001Tm00000MEIRbIAP,005Px00000Bnj46IAB,Law.com CSM,Edit,Read,None,Edit
001Px00000VvlJOIAZ,005Px00000Bnj46IAB,Law.com CSM,Edit,Read,None,Edit
001Px00000VvwVtIAJ,005Px00000Bnj46IAB,Law.com CSM,Edit,Read,None,Edit
001Px00000Vvk0iIAB,005Px00000Bnj46IAB,Law.com CSM,Edit,Read,None,Edit
001Px00000VwWDxIAN,005Px00000Bnj46IAB,Law.com CSM,Edit,Read,None,Edit
001Px00000Vva69IAB,005Px00000Bnj46IAB,Law.com CSM,Edit,Read,None,Edit
001Px00000VwS33IAF,005Px00000Bnj46IAB,Law.com CSM,Edit,Read,None,Edit
001Tm00000MESEpIAP,005Px00000Bnj46IAB,Law.com CSM,Edit,Read,None,Edit
001Px00000VwWddIAF,005Px00000Bnj46IAB,Law.com CSM,Edit,Read,None,Edit
001Px00000VvnVCIAZ,005Px00000Bnj46IAB,Law.com CSM,Edit,Read,None,Edit
001Px00000VvflbIAB,005Px00000Bnj46IAB,Law.com CSM,Edit,Read,None,Edit
001Px00000VvpxvIAB,005Px00000Bnj46IAB,Law.com CSM,Edit,Read,None,Edit
001Px00000Vvl8BIAR,005Px00000Bnj46IAB,Law.com CSM,Edit,Read,None,Edit
001Tm00000MtNBtIAN,005Px00000Bnj46IAB,Law.com CSM,Edit,Read,None,Edit
001Px00000VvQqoIAF,005Px00000Bnj46IAB,Law.com CSM,Edit,Read,None,Edit
001Px00000VvlWeIAJ,005Px00000Bnj46IAB,Law.com CSM,Edit,Read,None,Edit
001Px00000VvoQFIAZ,005Px00000Bnj46IAB,Law.com CSM,Edit,Read,None,Edit
0016g00001AOMQ6AAP,005Px00000Bnj46IAB,Law.com CSM,Edit,Read,None,Edit
001Px00000VvwGKIAZ,005Px00000Bnj46IAB,Law.com CSM,Edit,Read,None,Edit
001Px00000VvnLTIAZ,005Px00000Bnj46IAB,Law.com CSM,Edit,Read,None,Edit
001Tm00000DOQ1wIAH,005Px00000Bnj46IAB,Law.com CSM,Edit,Read,None,Edit
001Px00000VvWThIAN,005Px00000Bnj46IAB,Law.com CSM,Edit,Read,None,Edit
001Px00000VveFrIAJ,005Px00000Bnj46IAB,Law.com CSM,Edit,Read,None,Edit
001Px00000VvQlmIAF,005Px00000Bnj46IAB,Law.com CSM,Edit,Read,None,Edit
0016g00001AOgA1AAL,005Px00000Bnj46IAB,Law.com CSM,Edit,Read,None,Edit
001Px00000Vvn5xIAB,005Px00000Bnj46IAB,Law.com CSM,Edit,Read,None,Edit
001Px00000VvvWSIAZ,005Px00000Bnj46IAB,Law.com CSM,Edit,Read,None,Edit
0016g00001ANy9vAAD,005Px00000Bnj46IAB,Law.com CSM,Edit,Read,None,Edit
001Tm00000MtQXZIA3,005Px00000Bnj46IAB,Law.com CSM,Edit,Read,None,Edit
001Px00000VvMyjIAF,005Px00000Bnj46IAB,Law.com CSM,Edit,Read,None,Edit
001Px00000VvYVMIA3,005Px00000Bnj46IAB,Law.com CSM,Edit,Read,None,Edit
001Tm00000MtHT2IAN,005Px00000Bnj46IAB,Law.com CSM,Edit,Read,None,Edit
001Px00000VvsHGIAZ,005Px00000Bnj46IAB,Law.com CSM,Edit,Read,None,Edit
001Tm00000MEUeIIAX,005Px00000Bnj46IAB,Law.com CSM,Edit,Read,None,Edit
001Px00000VvOykIAF,005Px00000Bnj46IAB,Law.com CSM,Edit,Read,None,Edit
001Tm00000MEM8AIAX,005Px00000Bnj46IAB,Law.com CSM,Edit,Read,None,Edit
001Px00000VwML0IAN,005Px00000Bnj46IAB,Law.com CSM,Edit,Read,None,Edit
001Px00000VwWERIA3,005Px00000Bnj46IAB,Law.com CSM,Edit,Read,None,Edit
001Px00000Vvt9MIAR,005Px00000Bnj46IAB,Law.com CSM,Edit,Read,None,Edit
001Px00000VvsYhIAJ,005Px00000Bnj46IAB,Law.com CSM,Edit,Read,None,Edit
001Tm00000MET4eIAH,005Px00000Bnj46IAB,Law.com CSM,Edit,Read,None,Edit
001Px00000XsgCfIAJ,005Px00000Bnj46IAB,Law.com CSM,Edit,Read,None,Edit
001Px00000VvWepIAF,005Px00000Bnj46IAB,Law.com CSM,Edit,Read,None,Edit
001Px00000VvMI1IAN,005Px00000Bnj46IAB,Law.com CSM,Edit,Read,None,Edit
001Px00000VvXL0IAN,005Px00000Bnj46IAB,Law.com CSM,Edit,Read,None,Edit
001Px00000Vvih7IAB,005Px00000Bnj46IAB,Law.com CSM,Edit,Read,None,Edit
001Px00000VwWFIIA3,005Px00000Bnj46IAB,Law.com CSM,Edit,Read,None,Edit
001Px00000VvbcUIAR,005Px00000Bnj46IAB,Law.com CSM,Edit,Read,None,Edit
001Px00000Vvo8JIAR,005Px00000Bnj46IAB,Law.com CSM,Edit,Read,None,Edit
001Px00000VvRLFIA3,005Px00000Bnj46IAB,Law.com CSM,Edit,Read,None,Edit
001Px00000Vvo9YIAR,005Px00000Bnj46IAB,Law.com CSM,Edit,Read,None,Edit
001Tm00000MtCFOIA3,005Px00000Bnj46IAB,Law.com CSM,Edit,Read,None,Edit
001Tm00000MELJ7IAP,005Px00000Bnj46IAB,Law.com CSM,Edit,Read,None,Edit
001Px00000VvZR2IAN,005Px00000Bnj46IAB,Law.com CSM,Edit,Read,None,Edit
001Tm00000MEP2GIAX,005Px00000Bnj46IAB,Law.com CSM,Edit,Read,None,Edit
001Px00000VxIdqIAF,005Px00000Bnj46IAB,Law.com CSM,Edit,Read,None,Edit
001Tm00000MtEqLIAV,005Px00000Bnj46IAB,Law.com CSM,Edit,Read,None,Edit
001Px00000VvhCCIAZ,005Px00000Bnj46IAB,Law.com CSM,Edit,Read,None,Edit
001Tm00000Mt7HeIAJ,005Px00000Bnj46IAB,Law.com CSM,Edit,Read,None,Edit
001Px00000axxYrIAI,005Px00000Bnj46IAB,Law.com CSM,Edit,Read,None,Edit
001Px00000Xs1iPIAR,005Px00000Bnj46IAB,Law.com CSM,Edit,Read,None,Edit
001Px00000VveX1IAJ,005Px00000Bnj46IAB,Law.com CSM,Edit,Read,None,Edit
001Px00000VvavKIAR,005Px00000Bnj46IAB,Law.com CSM,Edit,Read,None,Edit
001Px00000e1gmYIAQ,005Px00000Bnj46IAB,Law.com CSM,Edit,Read,None,Edit
001Px00000VvolYIAR,005Px00000Bnj46IAB,Law.com CSM,Edit,Read,None,Edit
001Px00000Vvv37IAB,005Px00000Bnj46IAB,Law.com CSM,Edit,Read,None,Edit
001Px00000VvVdpIAF,005Px00000Bnj46IAB,Law.com CSM,Edit,Read,None,Edit
0014L00000lQOsHQAW,005Px00000Bnj46IAB,Law.com CSM,Edit,Read,None,Edit
001Px00000VvoeKIAR,005Px00000Bnj46IAB,Law.com CSM,Edit,Read,None,Edit
001Px00000VvZW1IAN,005Px00000Bnj46IAB,Law.com CSM,Edit,Read,None,Edit
001Px00000VvkRYIAZ,005Px00000Bnj46IAB,Law.com CSM,Edit,Read,None,Edit
001Px00000XsUpoIAF,005Px00000Bnj46IAB,Law.com CSM,Edit,Read,None,Edit
001Px00000VvdkpIAB,005Px00000Bnj46IAB,Law.com CSM,Edit,Read,None,Edit
001Px00000VvxRSIAZ,005Px00000Bnj46IAB,Law.com CSM,Edit,Read,None,Edit
001Tm00000MEBntIAH,005Px00000Bnj46IAB,Law.com CSM,Edit,Read,None,Edit
001Px00000XsUtMIAV,005Px00000Bnj46IAB,Law.com CSM,Edit,Read,None,Edit
001Tm00000MERpYIAX,005Px00000Bnj46IAB,Law.com CSM,Edit,Read,None,Edit
001Px00000XsVe5IAF,005Px00000Bnj46IAB,Law.com CSM,Edit,Read,None,Edit
001Px00000VvhQXIAZ,005Px00000Bnj46IAB,Law.com CSM,Edit,Read,None,Edit
001Px00000Vvv5xIAB,005Px00000Bnj46IAB,Law.com CSM,Edit,Read,None,Edit
001Px00000VvZYNIA3,005Px00000Bnj46IAB,Law.com CSM,Edit,Read,None,Edit
001Px00000VvpfJIAR,005Px00000Bnj46IAB,Law.com CSM,Edit,Read,None,Edit
001Px00000Vvv58IAB,005Px00000Bnj46IAB,Law.com CSM,Edit,Read,None,Edit
001Px00000Vvne0IAB,005Px00000Bnj46IAB,Law.com CSM,Edit,Read,None,Edit
001Px00000VvWTGIA3,005Px00000Bnj46IAB,Law.com CSM,Edit,Read,None,Edit
001Tm00000MEI3MIAX,005Px00000Bnj46IAB,Law.com CSM,Edit,Read,None,Edit
001Px00000VvTIBIA3,005Px00000Bnj46IAB,Law.com CSM,Edit,Read,None,Edit
001Tm00000MESb8IAH,005Px00000Bnj46IAB,Law.com CSM,Edit,Read,None,Edit
001Px00000VvgdXIAR,005Px00000Bnj46IAB,Law.com CSM,Edit,Read,None,Edit
001Px00000egv7lIAA,005Px00000Bnj46IAB,Law.com CSM,Edit,Read,None,Edit
001Px00000VvyUSIAZ,005Px00000Bnj46IAB,Law.com CSM,Edit,Read,None,Edit
0016g00001AOUEMAA5,005Px00000Bnj46IAB,Law.com CSM,Edit,Read,None,Edit
0014L00000XNtYBQA1,005Px00000Bnj46IAB,Law.com CSM,Edit,Read,None,Edit
001Px00000VvxRYIAZ,005Px00000Bnj46IAB,Law.com CSM,Edit,Read,None,Edit
001Px00000VvtRRIAZ,005Px00000Bnj46IAB,Law.com CSM,Edit,Read,None,Edit
001Px00000VvoRIIAZ,005Px00000Bnj46IAB,Law.com CSM,Edit,Read,None,Edit
001Px00000Vvi1VIAR,005Px00000Bnj46IAB,Law.com CSM,Edit,Read,None,Edit
001Px00000Xs1i1IAB,005Px00000Bnj46IAB,Law.com CSM,Edit,Read,None,Edit
001Px00000XskpOIAR,005Px00000Bnj46IAB,Law.com CSM,Edit,Read,None,Edit
001Px00000VvbwaIAB,005Px00000Bnj46IAB,Law.com CSM,Edit,Read,None,Edit
001Px00000VvfASIAZ,005Px00000Bnj46IAB,Law.com CSM,Edit,Read,None,Edit
001Px00000VvVAGIA3,005Px00000Bnj46IAB,Law.com CSM,Edit,Read,None,Edit
001Px00000XsVhYIAV,005Px00000Bnj46IAB,Law.com CSM,Edit,Read,None,Edit
001Px00000XsaE2IAJ,005Px00000Bnj46IAB,Law.com CSM,Edit,Read,None,Edit
001Px00000VvOmPIAV,005Px00000Bnj46IAB,Law.com CSM,Edit,Read,None,Edit
001Px00000Vvof6IAB,005Px00000Bnj46IAB,Law.com CSM,Edit,Read,None,Edit
001Px00000Vvg73IAB,005Px00000Bnj46IAB,Law.com CSM,Edit,Read,None,Edit
001Px00000VviUZIAZ,005Px00000Bnj46IAB,Law.com CSM,Edit,Read,None,Edit
001Px00000VvuLnIAJ,005Px00000Bnj46IAB,Law.com CSM,Edit,Read,None,Edit
001Px00000VvbkWIAR,005Px00000Bnj46IAB,Law.com CSM,Edit,Read,None,Edit
001Tm00000MERjhIAH,005Px00000Bnj46IAB,Law.com CSM,Edit,Read,None,Edit
001Px00000VxHxvIAF,005Px00000Bnj46IAB,Law.com CSM,Edit,Read,None,Edit
001Tm00000MEUtoIAH,005Px00000Bnj46IAB,Law.com CSM,Edit,Read,None,Edit
001Px00000VvXPrIAN,005Px00000Bnj46IAB,Law.com CSM,Edit,Read,None,Edit
001Px00000VwMiGIAV,005Px00000Bnj46IAB,Law.com CSM,Edit,Read,None,Edit
001Px00000Vvd9xIAB,005Px00000Bnj46IAB,Law.com CSM,Edit,Read,None,Edit
0016g00001AO43MAAT,005Px00000Bnj46IAB,Law.com CSM,Edit,Read,None,Edit
001Px00000VvoHDIAZ,005Px00000Bnj46IAB,Law.com CSM,Edit,Read,None,Edit
001Px00000XsUpnIAF,005Px00000Bnj46IAB,Law.com CSM,Edit,Read,None,Edit
001Tm00000MEQ5tIAH,005Px00000Bnj46IAB,Law.com CSM,Edit,Read,None,Edit
001Px00000VyNGPIA3,005Px00000Bnj46IAB,Law.com CSM,Edit,Read,None,Edit
001Px00000XscvhIAB,005Px00000Bnj46IAB,Law.com CSM,Edit,Read,None,Edit
001Px00000Vvg8GIAR,005Px00000Bnj46IAB,Law.com CSM,Edit,Read,None,Edit
001Tm00000BBr2gIAD,005Px00000Bnj46IAB,Law.com CSM,Edit,Read,None,Edit
001Px00000VvZM6IAN,005Px00000Bnj46IAB,Law.com CSM,Edit,Read,None,Edit
001Tm00000ME7mIIAT,005Px00000Bnj46IAB,Law.com CSM,Edit,Read,None,Edit
001Px00000VvxS0IAJ,005Px00000Bnj46IAB,Law.com CSM,Edit,Read,None,Edit
001Px00000VvYUkIAN,005Px00000Bnj46IAB,Law.com CSM,Edit,Read,None,Edit
001Px00000XsVe4IAF,005Px00000Bnj46IAB,Law.com CSM,Edit,Read,None,Edit
001Px00000VvgHFIAZ,005Px00000Bnj46IAB,Law.com CSM,Edit,Read,None,Edit
001Px00000XsiZ1IAJ,005Px00000Bnj46IAB,Law.com CSM,Edit,Read,None,Edit
001Px00000V38buIAB,005Px00000Bnj46IAB,Law.com CSM,Edit,Read,None,Edit
001Px00000VwQEaIAN,005Px00000Bnj46IAB,Law.com CSM,Edit,Read,None,Edit
0014L00000XPmVgQAL,005Px00000Bnj46IAB,Law.com CSM,Edit,Read,None,Edit
001Px00000VvOjJIAV,005Px00000Bnj46IAB,Law.com CSM,Edit,Read,None,Edit
001Tm00000MtBQzIAN,005Px00000Bnj46IAB,Law.com CSM,Edit,Read,None,Edit
001Px00000Vvk16IAB,005Px00000Bnj46IAB,Law.com CSM,Edit,Read,None,Edit
001Px00000XsVhlIAF,005Px00000Bnj46IAB,Law.com CSM,Edit,Read,None,Edit
0016g00001AOcHxAAL,005Px00000Bnj46IAB,Law.com CSM,Edit,Read,None,Edit
001Px00000Xsl2SIAR,005Px00000Bnj46IAB,Law.com CSM,Edit,Read,None,Edit
001Px00000Xsl2WIAR,005Px00000Bnj46IAB,Law.com CSM,Edit,Read,None,Edit
001Px00000XsaDLIAZ,005Px00000Bnj46IAB,Law.com CSM,Edit,Read,None,Edit
001Px00000VyH5YIAV,005Px00000Bnj46IAB,Law.com CSM,Edit,Read,None,Edit
001Px00000Vy6egIAB,005Px00000Bnj46IAB,Law.com CSM,Edit,Read,None,Edit
001Px00000VxhrUIAR,005Px00000Bnj46IAB,Law.com CSM,Edit,Read,None,Edit
001Px00000VvsDCIAZ,005Px00000Bnj46IAB,Law.com CSM,Edit,Read,None,Edit
001Tm00000MESnqIAH,005Px00000Bnj46IAB,Law.com CSM,Edit,Read,None,Edit
001Tm00000MESSVIA5,005Px00000Bnj46IAB,Law.com CSM,Edit,Read,None,Edit
001Px00000VvZWyIAN,005Px00000Bnj46IAB,Law.com CSM,Edit,Read,None,Edit
001Tm00000MEPiYIAX,005Px00000Bnj46IAB,Law.com CSM,Edit,Read,None,Edit
001Px00000VvgJvIAJ,005Px00000Bnj46IAB,Law.com CSM,Edit,Read,None,Edit
001Tm00000MEE5MIAX,005Px00000Bnj46IAB,Law.com CSM,Edit,Read,None,Edit
001Tm00000MEGetIAH,005Px00000Bnj46IAB,Law.com CSM,Edit,Read,None,Edit
001Px00000VvXviIAF,005Px00000Bnj46IAB,Law.com CSM,Edit,Read,None,Edit
001Px00000VvhXkIAJ,005Px00000Bnj46IAB,Law.com CSM,Edit,Read,None,Edit
001Px00000Vvi76IAB,005Px00000Bnj46IAB,Law.com CSM,Edit,Read,None,Edit
001Px00000VvpdSIAR,005Px00000Bnj46IAB,Law.com CSM,Edit,Read,None,Edit
001Px00000VvWTNIA3,005Px00000Bnj46IAB,Law.com CSM,Edit,Read,None,Edit
001Px00000VvaHQIAZ,005Px00000Bnj46IAB,Law.com CSM,Edit,Read,None,Edit
001Px00000VvaPlIAJ,005Px00000Bnj46IAB,Law.com CSM,Edit,Read,None,Edit
001Px00000VvkRLIAZ,005Px00000Bnj46IAB,Law.com CSM,Edit,Read,None,Edit
001Tm00000MEOfxIAH,005Px00000Bnj46IAB,Law.com CSM,Edit,Read,None,Edit
001Px00000VvpUQIAZ,005Px00000Bnj46IAB,Law.com CSM,Edit,Read,None,Edit
001Px00000Vvh20IAB,005Px00000Bnj46IAB,Law.com CSM,Edit,Read,None,Edit
001Px00000VvhQMIAZ,005Px00000Bnj46IAB,Law.com CSM,Edit,Read,None,Edit
001Px00000XsUeOIAV,005Px00000Bnj46IAB,Law.com CSM,Edit,Read,None,Edit
001Px00000VyC0bIAF,005Px00000Bnj46IAB,Law.com CSM,Edit,Read,None,Edit
001Px00000VwOuFIAV,005Px00000Bnj46IAB,Law.com CSM,Edit,Read,None,Edit
0016g00001ANv02AAD,005Px00000Bnj46IAB,Law.com CSM,Edit,Read,None,Edit
001Px00000Xs1VSIAZ,005Px00000Bnj46IAB,Law.com CSM,Edit,Read,None,Edit
001Px00000XscveIAB,005Px00000Bnj46IAB,Law.com CSM,Edit,Read,None,Edit
001Px00000XscvnIAB,005Px00000Bnj46IAB,Law.com CSM,Edit,Read,None,Edit
001Px00000VwVlxIAF,005Px00000Bnj46IAB,Law.com CSM,Edit,Read,None,Edit
001Px00000VvuewIAB,005Px00000Bnj46IAB,Law.com CSM,Edit,Read,None,Edit
001Px00000XsUt6IAF,005Px00000Bnj46IAB,Law.com CSM,Edit,Read,None,Edit
0016g00001AO7AmAAL,005Px00000Bnj46IAB,Law.com CSM,Edit,Read,None,Edit
001Px00000XsgDdIAJ,005Px00000Bnj46IAB,Law.com CSM,Edit,Read,None,Edit
001Px00000Xsi4nIAB,005Px00000Bnj46IAB,Law.com CSM,Edit,Read,None,Edit
001Px00000Xsi4wIAB,005Px00000Bnj46IAB,Law.com CSM,Edit,Read,None,Edit
001Tm00000MEU8FIAX,005Px00000Bnj46IAB,Law.com CSM,Edit,Read,None,Edit
001Px00000Xs1hYIAR,005Px00000Bnj46IAB,Law.com CSM,Edit,Read,None,Edit
0016g00001AOFW7AAP,005Px00000Bnj46IAB,Law.com CSM,Edit,Read,None,Edit
001Px00000VvbmNIAR,005Px00000Bnj46IAB,Law.com CSM,Edit,Read,None,Edit
001Px00000VvNcnIAF,005Px00000Bnj46IAB,Law.com CSM,Edit,Read,None,Edit
001Px00000XsVeCIAV,005Px00000Bnj46IAB,Law.com CSM,Edit,Read,None,Edit
0016g00001AOPk5AAH,005Px00000Bnj46IAB,Law.com CSM,Edit,Read,None,Edit
001Px00000Xsg21IAB,005Px00000Bnj46IAB,Law.com CSM,Edit,Read,None,Edit
001Px00000VvpKaIAJ,005Px00000Bnj46IAB,Law.com CSM,Edit,Read,None,Edit
0016g00001AOSxWAAX,005Px00000Bnj46IAB,Law.com CSM,Edit,Read,None,Edit
001Px00000VvoB8IAJ,005Px00000Bnj46IAB,Law.com CSM,Edit,Read,None,Edit
001Px00000VvL1MIAV,005Px00000Bnj46IAB,Law.com CSM,Edit,Read,None,Edit
001Tm00000MEMBdIAP,005Px00000Bnj46IAB,Law.com CSM,Edit,Read,None,Edit
001Tm00000MEVL6IAP,005Px00000Bnj46IAB,Law.com CSM,Edit,Read,None,Edit
001Px00000Vva5JIAR,005Px00000Bnj46IAB,Law.com CSM,Edit,Read,None,Edit
001Tm00000ME7aPIAT,005Px00000Bnj46IAB,Law.com CSM,Edit,Read,None,Edit
001Tm00000MtWHlIAN,005Px00000Bnj46IAB,Law.com CSM,Edit,Read,None,Edit
001Px00000VvO7WIAV,005Px00000Bnj46IAB,Law.com CSM,Edit,Read,None,Edit
001Px00000VvwCAIAZ,005Px00000Bnj46IAB,Law.com CSM,Edit,Read,None,Edit
001Px00000VvjQ9IAJ,005Px00000Bnj46IAB,Law.com CSM,Edit,Read,None,Edit
001Tm00000MKLjeIAH,005Px00000Bnj46IAB,Law.com CSM,Edit,Read,None,Edit
001Px00000ZL0wzIAD,005Px00000Bnj46IAB,Law.com CSM,Edit,Read,None,Edit
001Px00000VvgJyIAJ,005Px00000Bnj46IAB,Law.com CSM,Edit,Read,None,Edit
001Px00000VyD1RIAV,005Px00000Bnj46IAB,Law.com CSM,Edit,Read,None,Edit
001Px00000VwJU8IAN,005Px00000Bnj46IAB,Law.com CSM,Edit,Read,None,Edit
001Px00000cQK3gIAG,005Px00000Bnj46IAB,Law.com CSM,Edit,Read,None,Edit
001Px00000g0Xi9IAE,005Px00000Bnj46IAB,Law.com CSM,Edit,Read,None,Edit
001Tm00000MEULJIA5,005Px00000Bnj46IAB,Law.com CSM,Edit,Read,None,Edit
001Px00000VvmXYIAZ,005Px00000Bnj46IAB,Law.com CSM,Edit,Read,None,Edit
001Tm00000MEVNgIAP,005Px00000Bnj46IAB,Law.com CSM,Edit,Read,None,Edit
001Px00000VvjA1IAJ,005Px00000Bnj46IAB,Law.com CSM,Edit,Read,None,Edit
001Px00000VvbmHIAR,005Px00000Bnj46IAB,Law.com CSM,Edit,Read,None,Edit
001Px00000XsiZ8IAJ,005Px00000Bnj46IAB,Law.com CSM,Edit,Read,None,Edit
001Px00000VvkiUIAR,005Px00000Bnj46IAB,Law.com CSM,Edit,Read,None,Edit
001Px00000apBHlIAM,005Px00000Bnj46IAB,Law.com CSM,Edit,Read,None,Edit
001Px00000Vw0ISIAZ,005Px00000Bnj46IAB,Law.com CSM,Edit,Read,None,Edit
001Px00000VwNYIIA3,005Px00000Bnj46IAB,Law.com CSM,Edit,Read,None,Edit
001Px00000Vvuj3IAB,005Px00000Bnj46IAB,Law.com CSM,Edit,Read,None,Edit
001Px00000VvZNuIAN,005Px00000Bnj46IAB,Law.com CSM,Edit,Read,None,Edit
001Px00000VvfQMIAZ,005Px00000Bnj46IAB,Law.com CSM,Edit,Read,None,Edit
001Px00000VvpvLIAR,005Px00000Bnj46IAB,Law.com CSM,Edit,Read,None,Edit
001Px00000VxGrZIAV,005Px00000Bnj46IAB,Law.com CSM,Edit,Read,None,Edit
001Px00000XsUeQIAV,005Px00000Bnj46IAB,Law.com CSM,Edit,Read,None,Edit
001Px00000VvaPEIAZ,005Px00000Bnj46IAB,Law.com CSM,Edit,Read,None,Edit
001Px00000VwOtrIAF,005Px00000Bnj46IAB,Law.com CSM,Edit,Read,None,Edit
001Px00000VvsDzIAJ,005Px00000Bnj46IAB,Law.com CSM,Edit,Read,None,Edit
001Px00000XsUevIAF,005Px00000Bnj46IAB,Law.com CSM,Edit,Read,None,Edit
001Px00000XsUewIAF,005Px00000Bnj46IAB,Law.com CSM,Edit,Read,None,Edit
001Px00000VvoHIIAZ,005Px00000Bnj46IAB,Law.com CSM,Edit,Read,None,Edit
001Px00000VvneiIAB,005Px00000Bnj46IAB,Law.com CSM,Edit,Read,None,Edit
001Tm000009VKWjIAO,005Px00000Bnj46IAB,Law.com CSM,Edit,Read,None,Edit
001Px00000XsUqBIAV,005Px00000Bnj46IAB,Law.com CSM,Edit,Read,None,Edit
001Px00000ZBmlGIAT,005Px00000Bnj46IAB,Law.com CSM,Edit,Read,None,Edit
001Px00000VvZOYIA3,005Px00000Bnj46IAB,Law.com CSM,Edit,Read,None,Edit
0016g00001ANwNzAAL,005Px00000Bnj46IAB,Law.com CSM,Edit,Read,None,Edit
001Tm00000MESSTIA5,005Px00000Bnj46IAB,Law.com CSM,Edit,Read,None,Edit
001Px00000Xske7IAB,005Px00000Bnj46IAB,Law.com CSM,Edit,Read,None,Edit
001Px00000VvqE2IAJ,005Px00000Bnj46IAB,Law.com CSM,Edit,Read,None,Edit
001Px00000VvXLMIA3,005Px00000Bnj46IAB,Law.com CSM,Edit,Read,None,Edit
001Px00000VwF6oIAF,005Px00000Bnj46IAB,Law.com CSM,Edit,Read,None,Edit
001Px00000VwJTjIAN,005Px00000Bnj46IAB,Law.com CSM,Edit,Read,None,Edit
0014L00000dn0FwQAI,005Px00000Bnj46IAB,Law.com CSM,Edit,Read,None,Edit
0016g00001AO2lKAAT,005Px00000Bnj46IAB,Law.com CSM,Edit,Read,None,Edit
0016g00001AObXZAA1,005Px00000Bnj46IAB,Law.com CSM,Edit,Read,None,Edit
001Px00000XskhGIAR,005Px00000Bnj46IAB,Law.com CSM,Edit,Read,None,Edit
001Px00000VvRoJIAV,005Px00000Bnj46IAB,Law.com CSM,Edit,Read,None,Edit
001Px00000Vva9BIAR,005Px00000Bnj46IAB,Law.com CSM,Edit,Read,None,Edit
0016g00001AO7Q4AAL,005Px00000Bnj46IAB,Law.com CSM,Edit,Read,None,Edit
001Px00000XsgCTIAZ,005Px00000Bnj46IAB,Law.com CSM,Edit,Read,None,Edit
001Px00000XsgCqIAJ,005Px00000Bnj46IAB,Law.com CSM,Edit,Read,None,Edit
001Px00000VvubVIAR,005Px00000Bnj46IAB,Law.com CSM,Edit,Read,None,Edit
001Tm00000MEGEyIAP,005Px00000Bnj46IAB,Law.com CSM,Edit,Read,None,Edit
001Px00000VwXvRIAV,005Px00000Bnj46IAB,Law.com CSM,Edit,Read,None,Edit
001Px00000Xsi4VIAR,005Px00000Bnj46IAB,Law.com CSM,Edit,Read,None,Edit
001Px00000VvVAJIA3,005Px00000Bnj46IAB,Law.com CSM,Edit,Read,None,Edit
001Px00000VvVi8IAF,005Px00000Bnj46IAB,Law.com CSM,Edit,Read,None,Edit
001Px00000VvfAtIAJ,005Px00000Bnj46IAB,Law.com CSM,Edit,Read,None,Edit
001Px00000Xs1hkIAB,005Px00000Bnj46IAB,Law.com CSM,Edit,Read,None,Edit
0016g00001AOFNXAA5,005Px00000Bnj46IAB,Law.com CSM,Edit,Read,None,Edit
001Px00000Xs1iEIAR,005Px00000Bnj46IAB,Law.com CSM,Edit,Read,None,Edit
001Px00000VwqC8IAJ,005Px00000Bnj46IAB,Law.com CSM,Edit,Read,None,Edit
001Px00000VvgIQIAZ,005Px00000Bnj46IAB,Law.com CSM,Edit,Read,None,Edit
001Px00000XsVdxIAF,005Px00000Bnj46IAB,Law.com CSM,Edit,Read,None,Edit
001Px00000VyHd3IAF,005Px00000Bnj46IAB,Law.com CSM,Edit,Read,None,Edit
001Px00000XsVeuIAF,005Px00000Bnj46IAB,Law.com CSM,Edit,Read,None,Edit
001Px00000Vvh2QIAR,005Px00000Bnj46IAB,Law.com CSM,Edit,Read,None,Edit
001Tm00000MEUziIAH,005Px00000Bnj46IAB,Law.com CSM,Edit,Read,None,Edit
001Px00000VvOynIAF,005Px00000Bnj46IAB,Law.com CSM,Edit,Read,None,Edit
001Px00000Xmwd5IAB,005Px00000Bnj46IAB,Law.com CSM,Edit,Read,None,Edit
001Px00000Xsg1YIAR,005Px00000Bnj46IAB,Law.com CSM,Edit,Read,None,Edit
001Px00000Xsg1cIAB,005Px00000Bnj46IAB,Law.com CSM,Edit,Read,None,Edit
0016g00001AOQ1LAAX,005Px00000Bnj46IAB,Law.com CSM,Edit,Read,None,Edit
001Tm00000MEM8OIAX,005Px00000Bnj46IAB,Law.com CSM,Edit,Read,None,Edit
001Px00000XsUNUIA3,005Px00000Bnj46IAB,Law.com CSM,Edit,Read,None,Edit
001Px00000VyHWGIA3,005Px00000Bnj46IAB,Law.com CSM,Edit,Read,None,Edit
001Px00000XsVhsIAF,005Px00000Bnj46IAB,Law.com CSM,Edit,Read,None,Edit
001Px00000VvVIRIA3,005Px00000Bnj46IAB,Law.com CSM,Edit,Read,None,Edit
001Tm00000MtXMOIA3,005Px00000Bnj46IAB,Law.com CSM,Edit,Read,None,Edit
001Px00000VwjgmIAB,005Px00000Bnj46IAB,Law.com CSM,Edit,Read,None,Edit
001Px00000XsbsCIAR,005Px00000Bnj46IAB,Law.com CSM,Edit,Read,None,Edit
001Px00000VvQwCIAV,005Px00000Bnj46IAB,Law.com CSM,Edit,Read,None,Edit
001Px00000Xsl2GIAR,005Px00000Bnj46IAB,Law.com CSM,Edit,Read,None,Edit
001Px00000Xsl2JIAR,005Px00000Bnj46IAB,Law.com CSM,Edit,Read,None,Edit
001Px00000XsKonIAF,005Px00000Bnj46IAB,Law.com CSM,Edit,Read,None,Edit
001Px00000XsaEbIAJ,005Px00000Bnj46IAB,Law.com CSM,Edit,Read,None,Edit
001Px00000Vva13IAB,005Px00000Bnj46IAB,Law.com CSM,Edit,Read,None,Edit
001Px00000VveQAIAZ,005Px00000Bnj46IAB,Law.com CSM,Edit,Read,None,Edit
001Px00000VvyyXIAR,005Px00000Bnj46IAB,Law.com CSM,Edit,Read,None,Edit
001Px00000VvoHCIAZ,005Px00000Bnj46IAB,Law.com CSM,Edit,Read,None,Edit
001Px00000Xsg2FIAR,005Px00000Bnj46IAB,Law.com CSM,Edit,Read,None,Edit
001Px00000VvVBSIA3,005Px00000Bnj46IAB,Law.com CSM,Edit,Read,None,Edit
001Px00000Xsl0bIAB,005Px00000Bnj46IAB,Law.com CSM,Edit,Read,None,Edit
001Px00000VvU3ZIAV,005Px00000Bnj46IAB,Law.com CSM,Edit,Read,None,Edit
001Px00000VvZX0IAN,005Px00000Bnj46IAB,Law.com CSM,Edit,Read,None,Edit
001Px00000VvePSIAZ,005Px00000Bnj46IAB,Law.com CSM,Edit,Read,None,Edit
001Px00000VvXplIAF,005Px00000Bnj46IAB,Law.com CSM,Edit,Read,None,Edit
001Px00000VvgmuIAB,005Px00000Bnj46IAB,Law.com CSM,Edit,Read,None,Edit
001Px00000Vvih8IAB,005Px00000Bnj46IAB,Law.com CSM,Edit,Read,None,Edit
001Tm00000MEOpbIAH,005Px00000Bnj46IAB,Law.com CSM,Edit,Read,None,Edit
001Px00000VvbM4IAJ,005Px00000Bnj46IAB,Law.com CSM,Edit,Read,None,Edit
001Tm00000MELEgIAP,005Px00000Bnj46IAB,Law.com CSM,Edit,Read,None,Edit
001Px00000VvogXIAR,005Px00000Bnj46IAB,Law.com CSM,Edit,Read,None,Edit
001Px00000VvXx5IAF,005Px00000Bnj46IAB,Law.com CSM,Edit,Read,None,Edit
001Px00000Vvh2tIAB,005Px00000Bnj46IAB,Law.com CSM,Edit,Read,None,Edit
001Px00000VwRGsIAN,005Px00000Bnj46IAB,Law.com CSM,Edit,Read,None,Edit
001Px00000VwMiBIAV,005Px00000Bnj46IAB,Law.com CSM,Edit,Read,None,Edit
001Px00000VvQrAIAV,005Px00000Bnj46IAB,Law.com CSM,Edit,Read,None,Edit
001Px00000VvcRrIAJ,005Px00000Bnj46IAB,Law.com CSM,Edit,Read,None,Edit
001Px00000VvbO4IAJ,005Px00000Bnj46IAB,Law.com CSM,Edit,Read,None,Edit
001Px00000VvQr5IAF,005Px00000Bnj46IAB,Law.com CSM,Edit,Read,None,Edit
001Px00000Vvd3QIAR,005Px00000Bnj46IAB,Law.com CSM,Edit,Read,None,Edit
001Px00000VvQrMIAV,005Px00000Bnj46IAB,Law.com CSM,Edit,Read,None,Edit
001Px00000VvarCIAR,005Px00000Bnj46IAB,Law.com CSM,Edit,Read,None,Edit
001Px00000VveoWIAR,005Px00000Bnj46IAB,Law.com CSM,Edit,Read,None,Edit
001Tm00000MEGF9IAP,005Px00000Bnj46IAB,Law.com CSM,Edit,Read,None,Edit
001Px00000VvgsHIAR,005Px00000Bnj46IAB,Law.com CSM,Edit,Read,None,Edit
001Px00000VvgmeIAB,005Px00000Bnj46IAB,Law.com CSM,Edit,Read,None,Edit
001Tm00000MEMaQIAX,005Px00000Bnj46IAB,Law.com CSM,Edit,Read,None,Edit
001Px00000XsiZvIAJ,005Px00000Bnj46IAB,Law.com CSM,Edit,Read,None,Edit
001Px00000VvotmIAB,005Px00000Bnj46IAB,Law.com CSM,Edit,Read,None,Edit
001Px00000Vvou7IAB,005Px00000Bnj46IAB,Law.com CSM,Edit,Read,None,Edit
001Px00000VvezKIAR,005Px00000Bnj46IAB,Law.com CSM,Edit,Read,None,Edit
001Px00000Vvm51IAB,005Px00000Bnj46IAB,Law.com CSM,Edit,Read,None,Edit
001Px00000VvgdTIAR,005Px00000Bnj46IAB,Law.com CSM,Edit,Read,None,Edit
001Px00000VvMMLIA3,005Px00000Bnj46IAB,Law.com CSM,Edit,Read,None,Edit
001Px00000VwUfAIAV,005Px00000Bnj46IAB,Law.com CSM,Edit,Read,None,Edit
001Px00000VvbcaIAB,005Px00000Bnj46IAB,Law.com CSM,Edit,Read,None,Edit
001Px00000VvQoAIAV,005Px00000Bnj46IAB,Law.com CSM,Edit,Read,None,Edit
001Px00000VvdoPIAR,005Px00000Bnj46IAB,Law.com CSM,Edit,Read,None,Edit
001Px00000VvipfIAB,005Px00000Bnj46IAB,Law.com CSM,Edit,Read,None,Edit
001Px00000VvXpXIAV,005Px00000Bnj46IAB,Law.com CSM,Edit,Read,None,Edit
001Tm00000MEViAIAX,005Px00000Bnj46IAB,Law.com CSM,Edit,Read,None,Edit
001Px00000VvipPIAR,005Px00000Bnj46IAB,Law.com CSM,Edit,Read,None,Edit
001Px00000VvhtkIAB,005Px00000Bnj46IAB,Law.com CSM,Edit,Read,None,Edit
001Px00000VvkSFIAZ,005Px00000Bnj46IAB,Law.com CSM,Edit,Read,None,Edit
001Px00000VvZRpIAN,005Px00000Bnj46IAB,Law.com CSM,Edit,Read,None,Edit
001Px00000VvoejIAB,005Px00000Bnj46IAB,Law.com CSM,Edit,Read,None,Edit
001Px00000VvaloIAB,005Px00000Bnj46IAB,Law.com CSM,Edit,Read,None,Edit
001Px00000VvhteIAB,005Px00000Bnj46IAB,Law.com CSM,Edit,Read,None,Edit
001Px00000VvhttIAB,005Px00000Bnj46IAB,Law.com CSM,Edit,Read,None,Edit
001Px00000VvVJiIAN,005Px00000Bnj46IAB,Law.com CSM,Edit,Read,None,Edit
001Tm00000MEPawIAH,005Px00000Bnj46IAB,Law.com CSM,Edit,Read,None,Edit
001Px00000VvOjOIAV,005Px00000Bnj46IAB,Law.com CSM,Edit,Read,None,Edit
001Px00000VvXxEIAV,005Px00000Bnj46IAB,Law.com CSM,Edit,Read,None,Edit
001Px00000Vvc6iIAB,005Px00000Bnj46IAB,Law.com CSM,Edit,Read,None,Edit
001Px00000VwYpBIAV,005Px00000Bnj46IAB,Law.com CSM,Edit,Read,None,Edit
001Px00000VvidbIAB,005Px00000Bnj46IAB,Law.com CSM,Edit,Read,None,Edit
001Px00000VvipdIAB,005Px00000Bnj46IAB,Law.com CSM,Edit,Read,None,Edit
001Px00000VvZMxIAN,005Px00000Bnj46IAB,Law.com CSM,Edit,Read,None,Edit
0016g00001AObV3AAL,005Px00000Bnj46IAB,Law.com CSM,Edit,Read,None,Edit
001Px00000VvrzoIAB,005Px00000Bnj46IAB,Law.com CSM,Edit,Read,None,Edit
001Px00000XsQ8cIAF,005Px00000Bnj46IAB,Law.com CSM,Edit,Read,None,Edit
001Px00000VvtA1IAJ,005Px00000Bnj46IAB,Law.com CSM,Edit,Read,None,Edit
001Px00000VvZ4SIAV,005Px00000Bnj46IAB,Law.com CSM,Edit,Read,None,Edit
001Px00000VvpVUIAZ,005Px00000Bnj46IAB,Law.com CSM,Edit,Read,None,Edit
001Px00000VvbM6IAJ,005Px00000Bnj46IAB,Law.com CSM,Edit,Read,None,Edit
001Px00000Vy8jUIAR,005Px00000Bnj46IAB,Law.com CSM,Edit,Read,None,Edit
001Tm00000METXbIAP,005Px00000Bnj46IAB,Law.com CSM,Edit,Read,None,Edit
001Px00000VvR6KIAV,005Px00000Bnj46IAB,Law.com CSM,Edit,Read,None,Edit
001Px00000VvbcsIAB,005Px00000Bnj46IAB,Law.com CSM,Edit,Read,None,Edit
001Px00000VvpDoIAJ,005Px00000Bnj46IAB,Law.com CSM,Edit,Read,None,Edit
001Px00000VvavzIAB,005Px00000Bnj46IAB,Law.com CSM,Edit,Read,None,Edit
001Px00000VvsebIAB,005Px00000Bnj46IAB,Law.com CSM,Edit,Read,None,Edit
001Px00000Vvo9IIAR,005Px00000Bnj46IAB,Law.com CSM,Edit,Read,None,Edit
001Px00000VveQ9IAJ,005Px00000Bnj46IAB,Law.com CSM,Edit,Read,None,Edit
001Px00000VvPqSIAV,005Px00000Bnj46IAB,Law.com CSM,Edit,Read,None,Edit
001Px00000VvOZiIAN,005Px00000Bnj46IAB,Law.com CSM,Edit,Read,None,Edit
001Px00000VvrlmIAB,005Px00000Bnj46IAB,Law.com CSM,Edit,Read,None,Edit
001Px00000VvflJIAR,005Px00000Bnj46IAB,Law.com CSM,Edit,Read,None,Edit
001Px00000VxGaAIAV,005Px00000Bnj46IAB,Law.com CSM,Edit,Read,None,Edit
001Px00000VvUUHIA3,005Px00000Bnj46IAB,Law.com CSM,Edit,Read,None,Edit
001Px00000Xsku6IAB,005Px00000Bnj46IAB,Law.com CSM,Edit,Read,None,Edit
001Px00000VvpAyIAJ,005Px00000Bnj46IAB,Law.com CSM,Edit,Read,None,Edit
0016g00001AOCMtAAP,005Px00000Bnj46IAB,Law.com CSM,Edit,Read,None,Edit
001Tm00000METzTIAX,005Px00000Bnj46IAB,Law.com CSM,Edit,Read,None,Edit
001Tm00000MEEGEIA5,005Px00000Bnj46IAB,Law.com CSM,Edit,Read,None,Edit
001Px00000VwU5MIAV,005Px00000Bnj46IAB,Law.com CSM,Edit,Read,None,Edit
001Px00000VvmB8IAJ,005Px00000Bnj46IAB,Law.com CSM,Edit,Read,None,Edit
001Tm00000MERkSIAX,005Px00000Bnj46IAB,Law.com CSM,Edit,Read,None,Edit
001Px00000VwOtHIAV,005Px00000Bnj46IAB,Law.com CSM,Edit,Read,None,Edit
001Px00000VvzCyIAJ,005Px00000Bnj46IAB,Law.com CSM,Edit,Read,None,Edit
001Px00000VwOtaIAF,005Px00000Bnj46IAB,Law.com CSM,Edit,Read,None,Edit
001Px00000Vvc6FIAR,005Px00000Bnj46IAB,Law.com CSM,Edit,Read,None,Edit
001Tm00000MEN49IAH,005Px00000Bnj46IAB,Law.com CSM,Edit,Read,None,Edit
001Px00000VvzCwIAJ,005Px00000Bnj46IAB,Law.com CSM,Edit,Read,None,Edit
001Px00000VwWDnIAN,005Px00000Bnj46IAB,Law.com CSM,Edit,Read,None,Edit
001Px00000VvxRuIAJ,005Px00000Bnj46IAB,Law.com CSM,Edit,Read,None,Edit
001Px00000WkhdvIAB,005Px00000Bnj46IAB,Law.com CSM,Edit,Read,None,Edit
001Px00000WkhfSIAR,005Px00000Bnj46IAB,Law.com CSM,Edit,Read,None,Edit
001Px00000Vvg0yIAB,005Px00000Bnj46IAB,Law.com CSM,Edit,Read,None,Edit
001Tm00000MtQXkIAN,005Px00000Bnj46IAB,Law.com CSM,Edit,Read,None,Edit
001Px00000VvwD2IAJ,005Px00000Bnj46IAB,Law.com CSM,Edit,Read,None,Edit
001Px00000VvwD0IAJ,005Px00000Bnj46IAB,Law.com CSM,Edit,Read,None,Edit
001Px00000VwMKxIAN,005Px00000Bnj46IAB,Law.com CSM,Edit,Read,None,Edit
001Tm00000MEBEzIAP,005Px00000Bnj46IAB,Law.com CSM,Edit,Read,None,Edit
001Px00000ZBJwLIAX,005Px00000Bnj46IAB,Law.com CSM,Edit,Read,None,Edit
001Px00000VvgEmIAJ,005Px00000Bnj46IAB,Law.com CSM,Edit,Read,None,Edit
001Px00000VvgJwIAJ,005Px00000Bnj46IAB,Law.com CSM,Edit,Read,None,Edit
001Tm00000MEMAcIAP,005Px00000Bnj46IAB,Law.com CSM,Edit,Read,None,Edit
001Px00000WkN5VIAV,005Px00000Bnj46IAB,Law.com CSM,Edit,Read,None,Edit
001Px00000VvZ5aIAF,005Px00000Bnj46IAB,Law.com CSM,Edit,Read,None,Edit
001Px00000VvTYFIA3,005Px00000Bnj46IAB,Law.com CSM,Edit,Read,None,Edit
001Px00000XLtJXIA1,005Px00000Bnj46IAB,Law.com CSM,Edit,Read,None,Edit
001Px00000Vvfr3IAB,005Px00000Bnj46IAB,Law.com CSM,Edit,Read,None,Edit
0016g00001ANod9AAD,005Px00000Bnj46IAB,Law.com CSM,Edit,Read,None,Edit
001Px00000VvXr5IAF,005Px00000Bnj46IAB,Law.com CSM,Edit,Read,None,Edit
001Tm00000MEFwOIAX,005Px00000Bnj46IAB,Law.com CSM,Edit,Read,None,Edit
001Px00000VvnuzIAB,005Px00000Bnj46IAB,Law.com CSM,Edit,Read,None,Edit
001Px00000Xsl73IAB,005Px00000Bnj46IAB,Law.com CSM,Edit,Read,None,Edit
001Px00000VvaPjIAJ,005Px00000Bnj46IAB,Law.com CSM,Edit,Read,None,Edit
001Px00000VvpeSIAR,005Px00000Bnj46IAB,Law.com CSM,Edit,Read,None,Edit
001Px00000VvRM4IAN,005Px00000Bnj46IAB,Law.com CSM,Edit,Read,None,Edit
001Tm00000MtWuJIAV,005Px00000Bnj46IAB,Law.com CSM,Edit,Read,None,Edit
001Tm00000MEGbvIAH,005Px00000Bnj46IAB,Law.com CSM,Edit,Read,None,Edit
001Px00000VvPFwIAN,005Px00000Bnj46IAB,Law.com CSM,Edit,Read,None,Edit
001Px00000VvpdEIAR,005Px00000Bnj46IAB,Law.com CSM,Edit,Read,None,Edit
001Px00000VvOFpIAN,005Px00000Bnj46IAB,Law.com CSM,Edit,Read,None,Edit
001Px00000VvrqGIAR,005Px00000Bnj46IAB,Law.com CSM,Edit,Read,None,Edit
001Px00000Vy4soIAB,005Px00000Bnj46IAB,Law.com CSM,Edit,Read,None,Edit
001Px00000Vvd30IAB,005Px00000Bnj46IAB,Law.com CSM,Edit,Read,None,Edit
001Px00000VvYdTIAV,005Px00000Bnj46IAB,Law.com CSM,Edit,Read,None,Edit
001Px00000VvdkYIAR,005Px00000Bnj46IAB,Law.com CSM,Edit,Read,None,Edit
001Px00000VvTd3IAF,005Px00000Bnj46IAB,Law.com CSM,Edit,Read,None,Edit
001Px00000VvVeqIAF,005Px00000Bnj46IAB,Law.com CSM,Edit,Read,None,Edit
001Px00000Xs1UHIAZ,005Px00000Bnj46IAB,Law.com CSM,Edit,Read,None,Edit
001Px00000XsUt5IAF,005Px00000Bnj46IAB,Law.com CSM,Edit,Read,None,Edit
001Px00000VvOycIAF,005Px00000Bnj46IAB,Law.com CSM,Edit,Read,None,Edit
001Px00000Vva0WIAR,005Px00000Bnj46IAB,Law.com CSM,Edit,Read,None,Edit
001Px00000VvbaYIAR,005Px00000Bnj46IAB,Law.com CSM,Edit,Read,None,Edit
001Px00000Vvgt3IAB,005Px00000Bnj46IAB,Law.com CSM,Edit,Read,None,Edit
001Px00000VvZOmIAN,005Px00000Bnj46IAB,Law.com CSM,Edit,Read,None,Edit
001Px00000VvZWVIA3,005Px00000Bnj46IAB,Law.com CSM,Edit,Read,None,Edit
001Px00000VvwXeIAJ,005Px00000Bnj46IAB,Law.com CSM,Edit,Read,None,Edit
0014L00000mufwvQAA,005Px00000Bnj46IAB,Law.com CSM,Edit,Read,None,Edit
001Px00000VvWySIAV,005Px00000Bnj46IAB,Law.com CSM,Edit,Read,None,Edit
001Px00000Vvi5vIAB,005Px00000Bnj46IAB,Law.com CSM,Edit,Read,None,Edit
001Px00000VvYdgIAF,005Px00000Bnj46IAB,Law.com CSM,Edit,Read,None,Edit
001Px00000VvoB9IAJ,005Px00000Bnj46IAB,Law.com CSM,Edit,Read,None,Edit
001Px00000XsUeDIAV,005Px00000Bnj46IAB,Law.com CSM,Edit,Read,None,Edit
001Px00000Vvfs9IAB,005Px00000Bnj46IAB,Law.com CSM,Edit,Read,None,Edit
0016g00001ANzSFAA1,005Px00000Bnj46IAB,Law.com CSM,Edit,Read,None,Edit
001Px00000Vvt9KIAR,005Px00000Bnj46IAB,Law.com CSM,Edit,Read,None,Edit
001Tm00000MtCigIAF,005Px00000Bnj46IAB,Law.com CSM,Edit,Read,None,Edit
001Px00000Vx9hJIAR,005Px00000Bnj46IAB,Law.com CSM,Edit,Read,None,Edit
001Px00000VvieZIAR,005Px00000Bnj46IAB,Law.com CSM,Edit,Read,None,Edit
001Px00000XsVekIAF,005Px00000Bnj46IAB,Law.com CSM,Edit,Read,None,Edit
001Px00000XsUNjIAN,005Px00000Bnj46IAB,Law.com CSM,Edit,Read,None,Edit
001Px00000Vvx7zIAB,005Px00000Bnj46IAB,Law.com CSM,Edit,Read,None,Edit
001Px00000VvZ4pIAF,005Px00000Bnj46IAB,Law.com CSM,Edit,Read,None,Edit
001Px00000VvbdRIAR,005Px00000Bnj46IAB,Law.com CSM,Edit,Read,None,Edit
001Px00000Vvt9tIAB,005Px00000Bnj46IAB,Law.com CSM,Edit,Read,None,Edit
001Px00000VwgueIAB,005Px00000Bnj46IAB,Law.com CSM,Edit,Read,None,Edit
001Px00000Vwi6XIAR,005Px00000Bnj46IAB,Law.com CSM,Edit,Read,None,Edit
001Px00000XsQ81IAF,005Px00000Bnj46IAB,Law.com CSM,Edit,Read,None,Edit
001Px00000VvmKhIAJ,005Px00000Bnj46IAB,Law.com CSM,Edit,Read,None,Edit
001Tm00000MED31IAH,005Px00000Bnj46IAB,Law.com CSM,Edit,Read,None,Edit
001Tm00000MEIaLIAX,005Px00000Bnj46IAB,Law.com CSM,Edit,Read,None,Edit
001Px00000Vva0OIAR,005Px00000Bnj46IAB,Law.com CSM,Edit,Read,None,Edit
001Tm00000MENLKIA5,005Px00000Bnj46IAB,Law.com CSM,Edit,Read,None,Edit
001Tm00000MEWMCIA5,005Px00000Bnj46IAB,Law.com CSM,Edit,Read,None,Edit
001Px00000VvfPwIAJ,005Px00000Bnj46IAB,Law.com CSM,Edit,Read,None,Edit
001Px00000Xsg2LIAR,005Px00000Bnj46IAB,Law.com CSM,Edit,Read,None,Edit
001Px00000VvpRtIAJ,005Px00000Bnj46IAB,Law.com CSM,Edit,Read,None,Edit
001Px00000VvgJQIAZ,005Px00000Bnj46IAB,Law.com CSM,Edit,Read,None,Edit
001Px00000VvFZsIAN,005Px00000Bnj46IAB,Law.com CSM,Edit,Read,None,Edit
001Px00000VvynpIAB,005Px00000Bnj46IAB,Law.com CSM,Edit,Read,None,Edit
001Px00000Vvxb9IAB,005Px00000Bnj46IAB,Law.com CSM,Edit,Read,None,Edit
001Tm00000MEFyEIAX,005Px00000Bnj46IAB,Law.com CSM,Edit,Read,None,Edit
001Px00000VvZN8IAN,005Px00000Bnj46IAB,Law.com CSM,Edit,Read,None,Edit
001Px00000VvL2XIAV,005Px00000Bnj46IAB,Law.com CSM,Edit,Read,None,Edit
001Px00000VvQnNIAV,005Px00000Bnj46IAB,Law.com CSM,Edit,Read,None,Edit
001Px00000Xsl0fIAB,005Px00000Bnj46IAB,Law.com CSM,Edit,Read,None,Edit
001Tm00000MEUu2IAH,005Px00000Bnj46IAB,Law.com CSM,Edit,Read,None,Edit
001Px00000VvXPVIA3,005Px00000Bnj46IAB,Law.com CSM,Edit,Read,None,Edit
001Px00000VvXvLIAV,005Px00000Bnj46IAB,Law.com CSM,Edit,Read,None,Edit
001Px00000Vvg5dIAB,005Px00000Bnj46IAB,Law.com CSM,Edit,Read,None,Edit
001Px00000VvNckIAF,005Px00000Bnj46IAB,Law.com CSM,Edit,Read,None,Edit
001Px00000VvjQqIAJ,005Px00000Bnj46IAB,Law.com CSM,Edit,Read,None,Edit
001Px00000VvMLhIAN,005Px00000Bnj46IAB,Law.com CSM,Edit,Read,None,Edit
001Px00000VvdHbIAJ,005Px00000Bnj46IAB,Law.com CSM,Edit,Read,None,Edit
001Tm00000MEROfIAP,005Px00000Bnj46IAB,Law.com CSM,Edit,Read,None,Edit
001Px00000VvsEiIAJ,005Px00000Bnj46IAB,Law.com CSM,Edit,Read,None,Edit
001Px00000VvhtJIAR,005Px00000Bnj46IAB,Law.com CSM,Edit,Read,None,Edit
001Px00000VvPqGIAV,005Px00000Bnj46IAB,Law.com CSM,Edit,Read,None,Edit
001Px00000VvbORIAZ,005Px00000Bnj46IAB,Law.com CSM,Edit,Read,None,Edit
001Px00000Vvv4fIAB,005Px00000Bnj46IAB,Law.com CSM,Edit,Read,None,Edit
001Px00000Vvm4uIAB,005Px00000Bnj46IAB,Law.com CSM,Edit,Read,None,Edit
001Px00000Xs1UVIAZ,005Px00000Bnj46IAB,Law.com CSM,Edit,Read,None,Edit
001Tm00000METqeIAH,005Px00000Bnj46IAB,Law.com CSM,Edit,Read,None,Edit
001Px00000Vvam6IAB,005Px00000Bnj46IAB,Law.com CSM,Edit,Read,None,Edit
001Px00000VvvKoIAJ,005Px00000Bnj46IAB,Law.com CSM,Edit,Read,None,Edit
0016g00001AOU2PAAX,005Px00000Bnj46IAB,Law.com CSM,Edit,Read,None,Edit
001Px00000VvoRYIAZ,005Px00000Bnj46IAB,Law.com CSM,Edit,Read,None,Edit
001Px00000VvUilIAF,005Px00000Bnj46IAB,Law.com CSM,Edit,Read,None,Edit
001Px00000VvdnjIAB,005Px00000Bnj46IAB,Law.com CSM,Edit,Read,None,Edit
001Px00000Vvt44IAB,005Px00000Bnj46IAB,Law.com CSM,Edit,Read,None,Edit
001Px00000VvNdVIAV,005Px00000Bnj46IAB,Law.com CSM,Edit,Read,None,Edit
001Px00000VvOyZIAV,005Px00000Bnj46IAB,Law.com CSM,Edit,Read,None,Edit
001Px00000VvXoxIAF,005Px00000Bnj46IAB,Law.com CSM,Edit,Read,None,Edit
001Px00000VvVgKIAV,005Px00000Bnj46IAB,Law.com CSM,Edit,Read,None,Edit
001Tm00000MESrhIAH,005Px00000Bnj46IAB,Law.com CSM,Edit,Read,None,Edit
001Px00000VvhXRIAZ,005Px00000Bnj46IAB,Law.com CSM,Edit,Read,None,Edit
001Px00000VvXL8IAN,005Px00000Bnj46IAB,Law.com CSM,Edit,Read,None,Edit
001Px00000VvifPIAR,005Px00000Bnj46IAB,Law.com CSM,Edit,Read,None,Edit
001Tm00000ME7anIAD,005Px00000Bnj46IAB,Law.com CSM,Edit,Read,None,Edit
001Tm00000MtCjYIAV,005Px00000Bnj46IAB,Law.com CSM,Edit,Read,None,Edit
001Px00000Vvp5iIAB,005Px00000Bnj46IAB,Law.com CSM,Edit,Read,None,Edit
001Px00000VvQncIAF,005Px00000Bnj46IAB,Law.com CSM,Edit,Read,None,Edit
001Px00000VvZQsIAN,005Px00000Bnj46IAB,Law.com CSM,Edit,Read,None,Edit
001Px00000VvU42IAF,005Px00000Bnj46IAB,Law.com CSM,Edit,Read,None,Edit
001Px00000VvakwIAB,005Px00000Bnj46IAB,Law.com CSM,Edit,Read,None,Edit
001Px00000Vve6xIAB,005Px00000Bnj46IAB,Law.com CSM,Edit,Read,None,Edit
001Px00000VwMiDIAV,005Px00000Bnj46IAB,Law.com CSM,Edit,Read,None,Edit
001Px00000VvXwYIAV,005Px00000Bnj46IAB,Law.com CSM,Edit,Read,None,Edit
001Px00000Vxl25IAB,005Px00000Bnj46IAB,Law.com CSM,Edit,Read,None,Edit
001Tm00000MtVO5IAN,005Px00000Bnj46IAB,Law.com CSM,Edit,Read,None,Edit
001Tm00000MEU7TIAX,005Px00000Bnj46IAB,Law.com CSM,Edit,Read,None,Edit
001Px00000VxxrcIAB,005Px00000Bnj46IAB,Law.com CSM,Edit,Read,None,Edit
001Px00000eL8tHIAS,005Px00000Bnj46IAB,Law.com CSM,Edit,Read,None,Edit
001Tm00000ME7lKIAT,005Px00000Bnj46IAB,Law.com CSM,Edit,Read,None,Edit
001Px00000VvVuMIAV,005Px00000Bnj46IAB,Law.com CSM,Edit,Read,None,Edit
0016g00001ANyG5AAL,005Px00000Bnj46IAB,Law.com CSM,Edit,Read,None,Edit
001Px00000Vvpy6IAB,005Px00000Bnj46IAB,Law.com CSM,Edit,Read,None,Edit
001Px00000VvufAIAR,005Px00000Bnj46IAB,Law.com CSM,Edit,Read,None,Edit
001Px00000VvicsIAB,005Px00000Bnj46IAB,Law.com CSM,Edit,Read,None,Edit
001Px00000Vvi8OIAR,005Px00000Bnj46IAB,Law.com CSM,Edit,Read,None,Edit
001Px00000Vvp6OIAR,005Px00000Bnj46IAB,Law.com CSM,Edit,Read,None,Edit
001Px00000XsVhfIAF,005Px00000Bnj46IAB,Law.com CSM,Edit,Read,None,Edit
001Px00000VvX8GIAV,005Px00000Bnj46IAB,Law.com CSM,Edit,Read,None,Edit
001Px00000VvojiIAB,005Px00000Bnj46IAB,Law.com CSM,Edit,Read,None,Edit
001Px00000VvoSAIAZ,005Px00000Bnj46IAB,Law.com CSM,Edit,Read,None,Edit
001Px00000VvpvuIAB,005Px00000Bnj46IAB,Law.com CSM,Edit,Read,None,Edit
001Px00000VvOj0IAF,005Px00000Bnj46IAB,Law.com CSM,Edit,Read,None,Edit
001Px00000Vvi78IAB,005Px00000Bnj46IAB,Law.com CSM,Edit,Read,None,Edit
001Px00000VvdXEIAZ,005Px00000Bnj46IAB,Law.com CSM,Edit,Read,None,Edit
001Px00000VvgtKIAR,005Px00000Bnj46IAB,Law.com CSM,Edit,Read,None,Edit
001Px00000VvOFbIAN,005Px00000Bnj46IAB,Law.com CSM,Edit,Read,None,Edit
001Px00000VvoXkIAJ,005Px00000Bnj46IAB,Law.com CSM,Edit,Read,None,Edit
001Px00000VvpWFIAZ,005Px00000Bnj46IAB,Law.com CSM,Edit,Read,None,Edit
001Px00000VvrqQIAR,005Px00000Bnj46IAB,Law.com CSM,Edit,Read,None,Edit
001Px00000XsUqOIAV,005Px00000Bnj46IAB,Law.com CSM,Edit,Read,None,Edit
001Px00000Vvar9IAB,005Px00000Bnj46IAB,Law.com CSM,Edit,Read,None,Edit
001Px00000VvpVmIAJ,005Px00000Bnj46IAB,Law.com CSM,Edit,Read,None,Edit
001Tm00000MEUykIAH,005Px00000Bnj46IAB,Law.com CSM,Edit,Read,None,Edit
001Px00000VvTeUIAV,005Px00000Bnj46IAB,Law.com CSM,Edit,Read,None,Edit
001Tm00000Mt71KIAR,005Px00000Bnj46IAB,Law.com CSM,Edit,Read,None,Edit
001Px00000VvdkrIAB,005Px00000Bnj46IAB,Law.com CSM,Edit,Read,None,Edit
001Px00000VvXrNIAV,005Px00000Bnj46IAB,Law.com CSM,Edit,Read,None,Edit
001Tm00000MEVfJIAX,005Px00000Bnj46IAB,Law.com CSM,Edit,Read,None,Edit
001Px00000VvjixIAB,005Px00000Bnj46IAB,Law.com CSM,Edit,Read,None,Edit
001Px00000XsUtVIAV,005Px00000Bnj46IAB,Law.com CSM,Edit,Read,None,Edit
001Tm00000MEI39IAH,005Px00000Bnj46IAB,Law.com CSM,Edit,Read,None,Edit
001Px00000VwZd9IAF,005Px00000Bnj46IAB,Law.com CSM,Edit,Read,None,Edit
0016g00001AOh4hAAD,005Px00000Bnj46IAB,Law.com CSM,Edit,Read,None,Edit
0016g00001AObL5AAL,005Px00000Bnj46IAB,Law.com CSM,Edit,Read,None,Edit
001Px00000VvhWiIAJ,005Px00000Bnj46IAB,Law.com CSM,Edit,Read,None,Edit
001Tm00000MERP3IAP,005Px00000Bnj46IAB,Law.com CSM,Edit,Read,None,Edit
001Px00000Vvfr8IAB,005Px00000Bnj46IAB,Law.com CSM,Edit,Read,None,Edit
001Px00000VvgliIAB,005Px00000Bnj46IAB,Law.com CSM,Edit,Read,None,Edit
001Tm00000MEQawIAH,005Px00000Bnj46IAB,Law.com CSM,Edit,Read,None,Edit
001Px00000VvUUDIA3,005Px00000Bnj46IAB,Law.com CSM,Edit,Read,None,Edit
001Px00000VvTuAIAV,005Px00000Bnj46IAB,Law.com CSM,Edit,Read,None,Edit
001Px00000Vva6SIAR,005Px00000Bnj46IAB,Law.com CSM,Edit,Read,None,Edit
001Px00000Vvi7QIAR,005Px00000Bnj46IAB,Law.com CSM,Edit,Read,None,Edit
001Px00000VvwW2IAJ,005Px00000Bnj46IAB,Law.com CSM,Edit,Read,None,Edit
001Px00000VvPVIIA3,005Px00000Bnj46IAB,Law.com CSM,Edit,Read,None,Edit
001Px00000Vvl87IAB,005Px00000Bnj46IAB,Law.com CSM,Edit,Read,None,Edit
001Tm00000MESCtIAP,005Px00000Bnj46IAB,Law.com CSM,Edit,Read,None,Edit
001Tm00000MEVJ8IAP,005Px00000Bnj46IAB,Law.com CSM,Edit,Read,None,Edit
001Px00000VvgISIAZ,005Px00000Bnj46IAB,Law.com CSM,Edit,Read,None,Edit
001Tm00000MtP0XIAV,005Px00000Bnj46IAB,Law.com CSM,Edit,Read,None,Edit
001Px00000VvTeGIAV,005Px00000Bnj46IAB,Law.com CSM,Edit,Read,None,Edit
001Px00000VvTI4IAN,005Px00000Bnj46IAB,Law.com CSM,Edit,Read,None,Edit
001Px00000VvoQ6IAJ,005Px00000Bnj46IAB,Law.com CSM,Edit,Read,None,Edit
001Tm00000MtVMhIAN,005Px00000Bnj46IAB,Law.com CSM,Edit,Read,None,Edit
001Px00000VvpWbIAJ,005Px00000Bnj46IAB,Law.com CSM,Edit,Read,None,Edit
001Tm00000MtXT8IAN,005Px00000Bnj46IAB,Law.com CSM,Edit,Read,None,Edit
001Px00000XsUerIAF,005Px00000Bnj46IAB,Law.com CSM,Edit,Read,None,Edit
001Px00000VvMGsIAN,005Px00000Bnj46IAB,Law.com CSM,Edit,Read,None,Edit
0016g00001ANxCbAAL,005Px00000Bnj46IAB,Law.com CSM,Edit,Read,None,Edit
001Px00000VvXrKIAV,005Px00000Bnj46IAB,Law.com CSM,Edit,Read,None,Edit
001Px00000VvXxYIAV,005Px00000Bnj46IAB,Law.com CSM,Edit,Read,None,Edit
001Px00000VvgtLIAR,005Px00000Bnj46IAB,Law.com CSM,Edit,Read,None,Edit
001Px00000VxVz5IAF,005Px00000Bnj46IAB,Law.com CSM,Edit,Read,None,Edit
001Px00000VvZNFIA3,005Px00000Bnj46IAB,Law.com CSM,Edit,Read,None,Edit
001Px00000Vy2GCIAZ,005Px00000Bnj46IAB,Law.com CSM,Edit,Read,None,Edit
001Px00000VyOaIIAV,005Px00000Bnj46IAB,Law.com CSM,Edit,Read,None,Edit
001Px00000VveWvIAJ,005Px00000Bnj46IAB,Law.com CSM,Edit,Read,None,Edit
001Px00000VvRp2IAF,005Px00000Bnj46IAB,Law.com CSM,Edit,Read,None,Edit
001Px00000VvsoZIAR,005Px00000Bnj46IAB,Law.com CSM,Edit,Read,None,Edit
001Px00000VvoGxIAJ,005Px00000Bnj46IAB,Law.com CSM,Edit,Read,None,Edit
001Px00000VvoO3IAJ,005Px00000Bnj46IAB,Law.com CSM,Edit,Read,None,Edit
001Tm00000MET8lIAH,005Px00000Bnj46IAB,Law.com CSM,Edit,Read,None,Edit
001Px00000XsUtBIAV,005Px00000Bnj46IAB,Law.com CSM,Edit,Read,None,Edit
001Px00000Xsi59IAB,005Px00000Bnj46IAB,Law.com CSM,Edit,Read,None,Edit
001Tm00000MEM66IAH,005Px00000Bnj46IAB,Law.com CSM,Edit,Read,None,Edit
001Tm00000MtXLlIAN,005Px00000Bnj46IAB,Law.com CSM,Edit,Read,None,Edit
001Px00000VveuKIAR,005Px00000Bnj46IAB,Law.com CSM,Edit,Read,None,Edit
001Px00000XsiZ7IAJ,005Px00000Bnj46IAB,Law.com CSM,Edit,Read,None,Edit
001Tm00000MEUKQIA5,005Px00000Bnj46IAB,Law.com CSM,Edit,Read,None,Edit
001Px00000VvhQKIAZ,005Px00000Bnj46IAB,Law.com CSM,Edit,Read,None,Edit
001Px00000Vva1AIAR,005Px00000Bnj46IAB,Law.com CSM,Edit,Read,None,Edit
001Px00000VwYpeIAF,005Px00000Bnj46IAB,Law.com CSM,Edit,Read,None,Edit
001Px00000VvXL2IAN,005Px00000Bnj46IAB,Law.com CSM,Edit,Read,None,Edit
001Tm00000MEBEuIAP,005Px00000Bnj46IAB,Law.com CSM,Edit,Read,None,Edit
001Px00000VvU4EIAV,005Px00000Bnj46IAB,Law.com CSM,Edit,Read,None,Edit
0016g00001ANmnTAAT,005Px00000Bnj46IAB,Law.com CSM,Edit,Read,None,Edit
001Px00000VvMlmIAF,005Px00000Bnj46IAB,Law.com CSM,Edit,Read,None,Edit
001Px00000VvminIAB,005Px00000Bnj46IAB,Law.com CSM,Edit,Read,None,Edit
001Px00000VvZ3NIAV,005Px00000Bnj46IAB,Law.com CSM,Edit,Read,None,Edit
001Px00000VvVyAIAV,005Px00000Bnj46IAB,Law.com CSM,Edit,Read,None,Edit
001Px00000VvlJYIAZ,005Px00000Bnj46IAB,Law.com CSM,Edit,Read,None,Edit
001Px00000VvkiKIAR,005Px00000Bnj46IAB,Law.com CSM,Edit,Read,None,Edit
001Px00000VvYoaIAF,005Px00000Bnj46IAB,Law.com CSM,Edit,Read,None,Edit
001Tm00000MtJd4IAF,005Px00000Bnj46IAB,Law.com CSM,Edit,Read,None,Edit
001Px00000Vvrp4IAB,005Px00000Bnj46IAB,Law.com CSM,Edit,Read,None,Edit
001Px00000Vvp78IAB,005Px00000Bnj46IAB,Law.com CSM,Edit,Read,None,Edit
001Px00000Vvi0XIAR,005Px00000Bnj46IAB,Law.com CSM,Edit,Read,None,Edit
001Px00000XsUeNIAV,005Px00000Bnj46IAB,Law.com CSM,Edit,Read,None,Edit
001Px00000XsUebIAF,005Px00000Bnj46IAB,Law.com CSM,Edit,Read,None,Edit
001Px00000XsUpgIAF,005Px00000Bnj46IAB,Law.com CSM,Edit,Read,None,Edit
001Px00000Vvl8AIAR,005Px00000Bnj46IAB,Law.com CSM,Edit,Read,None,Edit
001Px00000XsUqnIAF,005Px00000Bnj46IAB,Law.com CSM,Edit,Read,None,Edit
001Px00000VyEKYIA3,005Px00000Bnj46IAB,Law.com CSM,Edit,Read,None,Edit
001Px00000XsgD2IAJ,005Px00000Bnj46IAB,Law.com CSM,Edit,Read,None,Edit
001Px00000Vy8j2IAB,005Px00000Bnj46IAB,Law.com CSM,Edit,Read,None,Edit
001Px00000VxycgIAB,005Px00000Bnj46IAB,Law.com CSM,Edit,Read,None,Edit
001Px00000VwYZsIAN,005Px00000Bnj46IAB,Law.com CSM,Edit,Read,None,Edit
001Px00000Xs1hEIAR,005Px00000Bnj46IAB,Law.com CSM,Edit,Read,None,Edit
001Px00000Vvh4AIAR,005Px00000Bnj46IAB,Law.com CSM,Edit,Read,None,Edit
001Px00000XsiZ9IAJ,005Px00000Bnj46IAB,Law.com CSM,Edit,Read,None,Edit
0016g00001AOMYoAAP,005Px00000Bnj46IAB,Law.com CSM,Edit,Read,None,Edit
001Px00000Vvi2RIAR,005Px00000Bnj46IAB,Law.com CSM,Edit,Read,None,Edit
001Px00000XsUNdIAN,005Px00000Bnj46IAB,Law.com CSM,Edit,Read,None,Edit
0016g00001AOcRjAAL,005Px00000Bnj46IAB,Law.com CSM,Edit,Read,None,Edit
001Px00000VvndzIAB,005Px00000Bnj46IAB,Law.com CSM,Edit,Read,None,Edit
001Px00000VwYa1IAF,005Px00000Bnj46IAB,Law.com CSM,Edit,Read,None,Edit
001Px00000VvpV9IAJ,005Px00000Bnj46IAB,Law.com CSM,Edit,Read,None,Edit
001Px00000Xs1UjIAJ,005Px00000Bnj46IAB,Law.com CSM,Edit,Read,None,Edit
001Px00000c3rBaIAI,005Px00000Bnj46IAB,Law.com CSM,Edit,Read,None,Edit
0016g00001AO6SnAAL,005Px00000Bnj46IAB,Law.com CSM,Edit,Read,None,Edit
001Tm00000MEE7xIAH,005Px00000Bnj46IAB,Law.com CSM,Edit,Read,None,Edit
001Tm00000MtVNsIAN,005Px00000Bnj46IAB,Law.com CSM,Edit,Read,None,Edit
001Px00000Xs1hZIAR,005Px00000Bnj46IAB,Law.com CSM,Edit,Read,None,Edit
001Px00000g14eAIAQ,005Px00000Bnj46IAB,Law.com CSM,Edit,Read,None,Edit
001Px00000VvdIkIAJ,005Px00000Bnj46IAB,Law.com CSM,Edit,Read,None,Edit
001Tm00000MEFwSIAX,005Px00000Bnj46IAB,Law.com CSM,Edit,Read,None,Edit
001Px00000VvWeXIAV,005Px00000Bnj46IAB,Law.com CSM,Edit,Read,None,Edit
001Tm00000MtWIYIA3,005Px00000Bnj46IAB,Law.com CSM,Edit,Read,None,Edit
001Px00000XsiZYIAZ,005Px00000Bnj46IAB,Law.com CSM,Edit,Read,None,Edit
001Px00000VvvjsIAB,005Px00000Bnj46IAB,Law.com CSM,Edit,Read,None,Edit
001Px00000XsUNWIA3,005Px00000Bnj46IAB,Law.com CSM,Edit,Read,None,Edit
001Px00000VwYjIIAV,005Px00000Bnj46IAB,Law.com CSM,Edit,Read,None,Edit
001Px00000VvjQOIAZ,005Px00000Bnj46IAB,Law.com CSM,Edit,Read,None,Edit
001Px00000VwfOXIAZ,005Px00000Bnj46IAB,Law.com CSM,Edit,Read,None,Edit
001Tm00000MESo9IAH,005Px00000Bnj46IAB,Law.com CSM,Edit,Read,None,Edit
001Px00000Vwe4aIAB,005Px00000Bnj46IAB,Law.com CSM,Edit,Read,None,Edit
001Px00000VvuMXIAZ,005Px00000Bnj46IAB,Law.com CSM,Edit,Read,None,Edit
001Px00000Vvi7xIAB,005Px00000Bnj46IAB,Law.com CSM,Edit,Read,None,Edit
001Px00000Vvg7AIAR,005Px00000Bnj46IAB,Law.com CSM,Edit,Read,None,Edit
0016g00001AONKOAA5,005Px00000Bnj46IAB,Law.com CSM,Edit,Read,None,Edit
001Px00000VvXQ9IAN,005Px00000Bnj46IAB,Law.com CSM,Edit,Read,None,Edit
001Tm00000MENMXIA5,005Px00000Bnj46IAB,Law.com CSM,Edit,Read,None,Edit
001Px00000VvkRoIAJ,005Px00000Bnj46IAB,Law.com CSM,Edit,Read,None,Edit
001Tm00000MESEuIAP,005Px00000Bnj46IAB,Law.com CSM,Edit,Read,None,Edit
001Px00000VvufMIAR,005Px00000Bnj46IAB,Law.com CSM,Edit,Read,None,Edit
001Px00000VvjoSIAR,005Px00000Bnj46IAB,Law.com CSM,Edit,Read,None,Edit
001Px00000Xs1V2IAJ,005Px00000Bnj46IAB,Law.com CSM,Edit,Read,None,Edit
001Px00000XsUejIAF,005Px00000Bnj46IAB,Law.com CSM,Edit,Read,None,Edit
001Px00000VvfrMIAR,005Px00000Bnj46IAB,Law.com CSM,Edit,Read,None,Edit
001Px00000VvsYAIAZ,005Px00000Bnj46IAB,Law.com CSM,Edit,Read,None,Edit
001Tm00000MEQl9IAH,005Px00000Bnj46IAB,Law.com CSM,Edit,Read,None,Edit
001Px00000VyAgMIAV,005Px00000Bnj46IAB,Law.com CSM,Edit,Read,None,Edit
001Px00000VvTJUIA3,005Px00000Bnj46IAB,Law.com CSM,Edit,Read,None,Edit
001Px00000VvR5SIAV,005Px00000Bnj46IAB,Law.com CSM,Edit,Read,None,Edit
001Px00000VvPOXIA3,005Px00000Bnj46IAB,Law.com CSM,Edit,Read,None,Edit
001Px00000VvOjQIAV,005Px00000Bnj46IAB,Law.com CSM,Edit,Read,None,Edit
001Px00000VvV3UIAV,005Px00000Bnj46IAB,Law.com CSM,Edit,Read,None,Edit
001Px00000VvsYwIAJ,005Px00000Bnj46IAB,Law.com CSM,Edit,Read,None,Edit
001Tm00000MERxrIAH,005Px00000Bnj46IAB,Law.com CSM,Edit,Read,None,Edit
001Tm00000MtMpHIAV,005Px00000Bnj46IAB,Law.com CSM,Edit,Read,None,Edit
001Px00000Vvc69IAB,005Px00000Bnj46IAB,Law.com CSM,Edit,Read,None,Edit
001Px00000VvQr3IAF,005Px00000Bnj46IAB,Law.com CSM,Edit,Read,None,Edit
001Px00000VvtE7IAJ,005Px00000Bnj46IAB,Law.com CSM,Edit,Read,None,Edit
001Px00000VvQo9IAF,005Px00000Bnj46IAB,Law.com CSM,Edit,Read,None,Edit
001Tm00000MEIrqIAH,005Px00000Bnj46IAB,Law.com CSM,Edit,Read,None,Edit
001Px00000VvU8WIAV,005Px00000Bnj46IAB,Law.com CSM,Edit,Read,None,Edit
001Px00000VvfVFIAZ,005Px00000Bnj46IAB,Law.com CSM,Edit,Read,None,Edit
0014L00000IJsBkQAL,005Px00000Bnj46IAB,Law.com CSM,Edit,Read,None,Edit
001Px00000VvcSYIAZ,005Px00000Bnj46IAB,Law.com CSM,Edit,Read,None,Edit
001Px00000VvhWHIAZ,005Px00000Bnj46IAB,Law.com CSM,Edit,Read,None,Edit
001Px00000Vvl85IAB,005Px00000Bnj46IAB,Law.com CSM,Edit,Read,None,Edit
001Px00000VvVJTIA3,005Px00000Bnj46IAB,Law.com CSM,Edit,Read,None,Edit
001Px00000VvndwIAB,005Px00000Bnj46IAB,Law.com CSM,Edit,Read,None,Edit
001Px00000VvMI3IAN,005Px00000Bnj46IAB,Law.com CSM,Edit,Read,None,Edit
001Px00000VvwVFIAZ,005Px00000Bnj46IAB,Law.com CSM,Edit,Read,None,Edit
001Px00000VvpAjIAJ,005Px00000Bnj46IAB,Law.com CSM,Edit,Read,None,Edit
001Tm00000MELQiIAP,005Px00000Bnj46IAB,Law.com CSM,Edit,Read,None,Edit
001Tm00000MEIvAIAX,005Px00000Bnj46IAB,Law.com CSM,Edit,Read,None,Edit
001Px00000Vvo1WIAR,005Px00000Bnj46IAB,Law.com CSM,Edit,Read,None,Edit
001Px00000VvXLPIA3,005Px00000Bnj46IAB,Law.com CSM,Edit,Read,None,Edit
001Px00000Vvic8IAB,005Px00000Bnj46IAB,Law.com CSM,Edit,Read,None,Edit
001Px00000VvV29IAF,005Px00000Bnj46IAB,Law.com CSM,Edit,Read,None,Edit
001Px00000VvfehIAB,005Px00000Bnj46IAB,Law.com CSM,Edit,Read,None,Edit
001Px00000VvMM1IAN,005Px00000Bnj46IAB,Law.com CSM,Edit,Read,None,Edit
001Px00000VvSKuIAN,005Px00000Bnj46IAB,Law.com CSM,Edit,Read,None,Edit
001Px00000VvcT5IAJ,005Px00000Bnj46IAB,Law.com CSM,Edit,Read,None,Edit
001Px00000Vvph4IAB,005Px00000Bnj46IAB,Law.com CSM,Edit,Read,None,Edit
001Px00000VvrqSIAR,005Px00000Bnj46IAB,Law.com CSM,Edit,Read,None,Edit
001Px00000VvNdAIAV,005Px00000Bnj46IAB,Law.com CSM,Edit,Read,None,Edit
001Px00000VvnL5IAJ,005Px00000Bnj46IAB,Law.com CSM,Edit,Read,None,Edit
001Px00000Vvv38IAB,005Px00000Bnj46IAB,Law.com CSM,Edit,Read,None,Edit
001Px00000VvTZaIAN,005Px00000Bnj46IAB,Law.com CSM,Edit,Read,None,Edit
001Px00000VvXx0IAF,005Px00000Bnj46IAB,Law.com CSM,Edit,Read,None,Edit
001Px00000VvTtbIAF,005Px00000Bnj46IAB,Law.com CSM,Edit,Read,None,Edit
001Px00000VvrliIAB,005Px00000Bnj46IAB,Law.com CSM,Edit,Read,None,Edit
001Px00000VvQmdIAF,005Px00000Bnj46IAB,Law.com CSM,Edit,Read,None,Edit
001Tm00000MEVhVIAX,005Px00000Bnj46IAB,Law.com CSM,Edit,Read,None,Edit
001Px00000VvKh4IAF,005Px00000Bnj46IAB,Law.com CSM,Edit,Read,None,Edit
001Tm00000MtUbSIAV,005Px00000Bnj46IAB,Law.com CSM,Edit,Read,None,Edit
001Px00000VvPppIAF,005Px00000Bnj46IAB,Law.com CSM,Edit,Read,None,Edit
001Px00000VvarBIAR,005Px00000Bnj46IAB,Law.com CSM,Edit,Read,None,Edit
001Px00000VvZW3IAN,005Px00000Bnj46IAB,Law.com CSM,Edit,Read,None,Edit
001Px00000VvpWIIAZ,005Px00000Bnj46IAB,Law.com CSM,Edit,Read,None,Edit
001Px00000VvqgaIAB,005Px00000Bnj46IAB,Law.com CSM,Edit,Read,None,Edit
001Tm00000MELIlIAP,005Px00000Bnj46IAB,Law.com CSM,Edit,Read,None,Edit
001Px00000VvYcfIAF,005Px00000Bnj46IAB,Law.com CSM,Edit,Read,None,Edit
001Tm00000MET9wIAH,005Px00000Bnj46IAB,Law.com CSM,Edit,Read,None,Edit
001Px00000Vvs08IAB,005Px00000Bnj46IAB,Law.com CSM,Edit,Read,None,Edit
001Px00000VvptdIAB,005Px00000Bnj46IAB,Law.com CSM,Edit,Read,None,Edit
001Px00000VvtSAIAZ,005Px00000Bnj46IAB,Law.com CSM,Edit,Read,None,Edit
001Px00000XskhEIAR,005Px00000Bnj46IAB,Law.com CSM,Edit,Read,None,Edit
001Px00000VvmssIAB,005Px00000Bnj46IAB,Law.com CSM,Edit,Read,None,Edit
001Px00000Vw9ktIAB,005Px00000Bnj46IAB,Law.com CSM,Edit,Read,None,Edit
001Px00000VvjpVIAR,005Px00000Bnj46IAB,Law.com CSM,Edit,Read,None,Edit
001Px00000VvXqmIAF,005Px00000Bnj46IAB,Law.com CSM,Edit,Read,None,Edit
001Px00000VvuLsIAJ,005Px00000Bnj46IAB,Law.com CSM,Edit,Read,None,Edit
001Tm00000MENLvIAP,005Px00000Bnj46IAB,Law.com CSM,Edit,Read,None,Edit
001Px00000VvTueIAF,005Px00000Bnj46IAB,Law.com CSM,Edit,Read,None,Edit
001Px00000VveQ2IAJ,005Px00000Bnj46IAB,Law.com CSM,Edit,Read,None,Edit
001Px00000VvpcDIAR,005Px00000Bnj46IAB,Law.com CSM,Edit,Read,None,Edit
001Px00000VwbgpIAB,005Px00000Bnj46IAB,Law.com CSM,Edit,Read,None,Edit
001Px00000VwMhwIAF,005Px00000Bnj46IAB,Law.com CSM,Edit,Read,None,Edit
001Px00000Xsl2AIAR,005Px00000Bnj46IAB,Law.com CSM,Edit,Read,None,Edit
001Px00000VvhWYIAZ,005Px00000Bnj46IAB,Law.com CSM,Edit,Read,None,Edit
001Px00000VvPPPIA3,005Px00000Bnj46IAB,Law.com CSM,Edit,Read,None,Edit
001Tm00000MEIsOIAX,005Px00000Bnj46IAB,Law.com CSM,Edit,Read,None,Edit
001Px00000VvcOxIAJ,005Px00000Bnj46IAB,Law.com CSM,Edit,Read,None,Edit
001Px00000VvZU7IAN,005Px00000Bnj46IAB,Law.com CSM,Edit,Read,None,Edit
001Tm00000ME8g0IAD,005Px00000Bnj46IAB,Law.com CSM,Edit,Read,None,Edit
001Px00000Vvp5pIAB,005Px00000Bnj46IAB,Law.com CSM,Edit,Read,None,Edit
001Px00000VvYUvIAN,005Px00000Bnj46IAB,Law.com CSM,Edit,Read,None,Edit
001Px00000Vva5lIAB,005Px00000Bnj46IAB,Law.com CSM,Edit,Read,None,Edit
001Px00000VvcOcIAJ,005Px00000Bnj46IAB,Law.com CSM,Edit,Read,None,Edit
001Px00000VvoRlIAJ,005Px00000Bnj46IAB,Law.com CSM,Edit,Read,None,Edit
001Px00000Vvv4NIAR,005Px00000Bnj46IAB,Law.com CSM,Edit,Read,None,Edit
001Tm00000MtRJGIA3,005Px00000Bnj46IAB,Law.com CSM,Edit,Read,None,Edit
001Tm00000MEU8PIAX,005Px00000Bnj46IAB,Law.com CSM,Edit,Read,None,Edit
001Px00000XsQ8iIAF,005Px00000Bnj46IAB,Law.com CSM,Edit,Read,None,Edit
001Px00000VvVtzIAF,005Px00000Bnj46IAB,Law.com CSM,Edit,Read,None,Edit
001Px00000VvjhoIAB,005Px00000Bnj46IAB,Law.com CSM,Edit,Read,None,Edit
001Px00000VvfUzIAJ,005Px00000Bnj46IAB,Law.com CSM,Edit,Read,None,Edit
001Px00000Vvjz0IAB,005Px00000Bnj46IAB,Law.com CSM,Edit,Read,None,Edit
001Px00000XsQ7uIAF,005Px00000Bnj46IAB,Law.com CSM,Edit,Read,None,Edit
001Px00000VvRMEIA3,005Px00000Bnj46IAB,Law.com CSM,Edit,Read,None,Edit
001Px00000VvqDdIAJ,005Px00000Bnj46IAB,Law.com CSM,Edit,Read,None,Edit
001Px00000VvOZWIA3,005Px00000Bnj46IAB,Law.com CSM,Edit,Read,None,Edit
001Px00000Vvrq6IAB,005Px00000Bnj46IAB,Law.com CSM,Edit,Read,None,Edit
001Px00000VvfrKIAR,005Px00000Bnj46IAB,Law.com CSM,Edit,Read,None,Edit
001Px00000VvZOPIA3,005Px00000Bnj46IAB,Law.com CSM,Edit,Read,None,Edit
001Px00000VvZ3jIAF,005Px00000Bnj46IAB,Law.com CSM,Edit,Read,None,Edit
001Px00000VvRL5IAN,005Px00000Bnj46IAB,Law.com CSM,Edit,Read,None,Edit
001Px00000VvVuHIAV,005Px00000Bnj46IAB,Law.com CSM,Edit,Read,None,Edit
001Px00000VvZ4qIAF,005Px00000Bnj46IAB,Law.com CSM,Edit,Read,None,Edit
001Px00000Vvi8LIAR,005Px00000Bnj46IAB,Law.com CSM,Edit,Read,None,Edit
001Px00000VxTZAIA3,005Px00000Bnj46IAB,Law.com CSM,Edit,Read,None,Edit
001Px00000VveWrIAJ,005Px00000Bnj46IAB,Law.com CSM,Edit,Read,None,Edit
001Tm00000MEIbUIAX,005Px00000Bnj46IAB,Law.com CSM,Edit,Read,None,Edit
001Px00000Vvb2zIAB,005Px00000Bnj46IAB,Law.com CSM,Edit,Read,None,Edit
001Px00000VvNVDIA3,005Px00000Bnj46IAB,Law.com CSM,Edit,Read,None,Edit
001Px00000VvfTwIAJ,005Px00000Bnj46IAB,Law.com CSM,Edit,Read,None,Edit
001Tm00000MEGfNIAX,005Px00000Bnj46IAB,Law.com CSM,Edit,Read,None,Edit
001Px00000Vvc5TIAR,005Px00000Bnj46IAB,Law.com CSM,Edit,Read,None,Edit
001Px00000VvVfNIAV,005Px00000Bnj46IAB,Law.com CSM,Edit,Read,None,Edit
001Tm00000MEN4BIAX,005Px00000Bnj46IAB,Law.com CSM,Edit,Read,None,Edit
001Px00000VvXxhIAF,005Px00000Bnj46IAB,Law.com CSM,Edit,Read,None,Edit
001Px00000VvofOIAR,005Px00000Bnj46IAB,Law.com CSM,Edit,Read,None,Edit
001Tm00000MEMyfIAH,005Px00000Bnj46IAB,Law.com CSM,Edit,Read,None,Edit
001Px00000Vvi6uIAB,005Px00000Bnj46IAB,Law.com CSM,Edit,Read,None,Edit
001Tm00000MEGcQIAX,005Px00000Bnj46IAB,Law.com CSM,Edit,Read,None,Edit
001Px00000VvgeqIAB,005Px00000Bnj46IAB,Law.com CSM,Edit,Read,None,Edit
001Px00000Vvb7nIAB,005Px00000Bnj46IAB,Law.com CSM,Edit,Read,None,Edit
001Px00000VvjQWIAZ,005Px00000Bnj46IAB,Law.com CSM,Edit,Read,None,Edit
001Px00000VvnK9IAJ,005Px00000Bnj46IAB,Law.com CSM,Edit,Read,None,Edit
001Px00000VvRovIAF,005Px00000Bnj46IAB,Law.com CSM,Edit,Read,None,Edit
001Px00000VvXKfIAN,005Px00000Bnj46IAB,Law.com CSM,Edit,Read,None,Edit
001Px00000Vvl82IAB,005Px00000Bnj46IAB,Law.com CSM,Edit,Read,None,Edit
001Px00000VvoGJIAZ,005Px00000Bnj46IAB,Law.com CSM,Edit,Read,None,Edit
001Px00000VvpUBIAZ,005Px00000Bnj46IAB,Law.com CSM,Edit,Read,None,Edit
001Px00000VvO7AIAV,005Px00000Bnj46IAB,Law.com CSM,Edit,Read,None,Edit
001Px00000VvjStIAJ,005Px00000Bnj46IAB,Law.com CSM,Edit,Read,None,Edit
001Px00000VvqDzIAJ,005Px00000Bnj46IAB,Law.com CSM,Edit,Read,None,Edit
001Px00000VvVe2IAF,005Px00000Bnj46IAB,Law.com CSM,Edit,Read,None,Edit
001Tm00000MtJQVIA3,005Px00000Bnj46IAB,Law.com CSM,Edit,Read,None,Edit
001Px00000VvsoWIAR,005Px00000Bnj46IAB,Law.com CSM,Edit,Read,None,Edit
001Px00000VvVe6IAF,005Px00000Bnj46IAB,Law.com CSM,Edit,Read,None,Edit
001Tm00000METrVIAX,005Px00000Bnj46IAB,Law.com CSM,Edit,Read,None,Edit
001Px00000VvVu7IAF,005Px00000Bnj46IAB,Law.com CSM,Edit,Read,None,Edit
001Px00000VveI3IAJ,005Px00000Bnj46IAB,Law.com CSM,Edit,Read,None,Edit
001Px00000VvdkdIAB,005Px00000Bnj46IAB,Law.com CSM,Edit,Read,None,Edit
001Px00000VvnL6IAJ,005Px00000Bnj46IAB,Law.com CSM,Edit,Read,None,Edit
001Px00000Vve1vIAB,005Px00000Bnj46IAB,Law.com CSM,Edit,Read,None,Edit
001Tm00000MEO34IAH,005Px00000Bnj46IAB,Law.com CSM,Edit,Read,None,Edit
0016g00001AOgMPAA1,005Px00000Bnj46IAB,Law.com CSM,Edit,Read,None,Edit
001Px00000Vva0qIAB,005Px00000Bnj46IAB,Law.com CSM,Edit,Read,None,Edit
001Px00000VvjhpIAB,005Px00000Bnj46IAB,Law.com CSM,Edit,Read,None,Edit
001Px00000Vvfl8IAB,005Px00000Bnj46IAB,Law.com CSM,Edit,Read,None,Edit
001Px00000VvmtiIAB,005Px00000Bnj46IAB,Law.com CSM,Edit,Read,None,Edit
001Px00000VvgsSIAR,005Px00000Bnj46IAB,Law.com CSM,Edit,Read,None,Edit
001Px00000VviUtIAJ,005Px00000Bnj46IAB,Law.com CSM,Edit,Read,None,Edit
001Px00000VvZ4hIAF,005Px00000Bnj46IAB,Law.com CSM,Edit,Read,None,Edit
001Px00000VvQoCIAV,005Px00000Bnj46IAB,Law.com CSM,Edit,Read,None,Edit
001Px00000VvRM3IAN,005Px00000Bnj46IAB,Law.com CSM,Edit,Read,None,Edit
001Px00000VveXgIAJ,005Px00000Bnj46IAB,Law.com CSM,Edit,Read,None,Edit
001Px00000VvwXdIAJ,005Px00000Bnj46IAB,Law.com CSM,Edit,Read,None,Edit
001Px00000VvihHIAR,005Px00000Bnj46IAB,Law.com CSM,Edit,Read,None,Edit
001Px00000VvV2yIAF,005Px00000Bnj46IAB,Law.com CSM,Edit,Read,None,Edit
001Px00000VwbgGIAR,005Px00000Bnj46IAB,Law.com CSM,Edit,Read,None,Edit
001Px00000VvWTcIAN,005Px00000Bnj46IAB,Law.com CSM,Edit,Read,None,Edit
001Px00000Vvrq7IAB,005Px00000Bnj46IAB,Law.com CSM,Edit,Read,None,Edit
001Tm00000MEEBHIA5,005Px00000Bnj46IAB,Law.com CSM,Edit,Read,None,Edit
0016g00001AO7DcAAL,005Px00000Bnj46IAB,Law.com CSM,Edit,Read,None,Edit
001Px00000Xsl2QIAR,005Px00000Bnj46IAB,Law.com CSM,Edit,Read,None,Edit
0016g00001AOhhHAAT,005Px00000Bnj46IAB,Law.com CSM,Edit,Read,None,Edit
001Tm00000MEBb4IAH,005Px00000Bnj46IAB,Law.com CSM,Edit,Read,None,Edit
001Px00000VvavJIAR,005Px00000Bnj46IAB,Law.com CSM,Edit,Read,None,Edit
001Tm00000MEORYIA5,005Px00000Bnj46IAB,Law.com CSM,Edit,Read,None,Edit
001Tm00000MtRJjIAN,005Px00000Bnj46IAB,Law.com CSM,Edit,Read,None,Edit
001Px00000Vvjt7IAB,005Px00000Bnj46IAB,Law.com CSM,Edit,Read,None,Edit
001Tm00000MtTouIAF,005Px00000Bnj46IAB,Law.com CSM,Edit,Read,None,Edit
001Px00000Xsi5QIAR,005Px00000Bnj46IAB,Law.com CSM,Edit,Read,None,Edit
001Px00000VvsjDIAR,005Px00000Bnj46IAB,Law.com CSM,Edit,Read,None,Edit
001Px00000XsiZZIAZ,005Px00000Bnj46IAB,Law.com CSM,Edit,Read,None,Edit
001Px00000VvWx1IAF,005Px00000Bnj46IAB,Law.com CSM,Edit,Read,None,Edit
001Px00000XsUMxIAN,005Px00000Bnj46IAB,Law.com CSM,Edit,Read,None,Edit
001Px00000VvQllIAF,005Px00000Bnj46IAB,Law.com CSM,Edit,Read,None,Edit
001Px00000Xskz0IAB,005Px00000Bnj46IAB,Law.com CSM,Edit,Read,None,Edit
001Tm00000Mt71VIAR,005Px00000Bnj46IAB,Law.com CSM,Edit,Read,None,Edit
001Px00000VvxSUIAZ,005Px00000Bnj46IAB,Law.com CSM,Edit,Read,None,Edit
001Px00000VvKgLIAV,005Px00000Bnj46IAB,Law.com CSM,Edit,Read,None,Edit
001Px00000VvpVGIAZ,005Px00000Bnj46IAB,Law.com CSM,Edit,Read,None,Edit
001Tm00000MEGfqIAH,005Px00000Bnj46IAB,Law.com CSM,Edit,Read,None,Edit
001Px00000VvKhGIAV,005Px00000Bnj46IAB,Law.com CSM,Edit,Read,None,Edit
001Px00000Vve11IAB,005Px00000Bnj46IAB,Law.com CSM,Edit,Read,None,Edit
001Px00000VveesIAB,005Px00000Bnj46IAB,Law.com CSM,Edit,Read,None,Edit
001Px00000VvR8NIAV,005Px00000Bnj46IAB,Law.com CSM,Edit,Read,None,Edit
001Px00000VvUk5IAF,005Px00000Bnj46IAB,Law.com CSM,Edit,Read,None,Edit
001Px00000Xs1VTIAZ,005Px00000Bnj46IAB,Law.com CSM,Edit,Read,None,Edit
001Px00000VxS1lIAF,005Px00000Bnj46IAB,Law.com CSM,Edit,Read,None,Edit
001Px00000XsiZaIAJ,005Px00000Bnj46IAB,Law.com CSM,Edit,Read,None,Edit
001Px00000VwkqgIAB,005Px00000Bnj46IAB,Law.com CSM,Edit,Read,None,Edit
001Px00000XsbsLIAR,005Px00000Bnj46IAB,Law.com CSM,Edit,Read,None,Edit
001Tm00000MESXBIA5,005Px00000Bnj46IAB,Law.com CSM,Edit,Read,None,Edit
001Px00000VvUQIIA3,005Px00000Bnj46IAB,Law.com CSM,Edit,Read,None,Edit
001Px00000VvihtIAB,005Px00000Bnj46IAB,Law.com CSM,Edit,Read,None,Edit
001Px00000VvgXCIAZ,005Px00000Bnj46IAB,Law.com CSM,Edit,Read,None,Edit
001Px00000VvRauIAF,005Px00000Bnj46IAB,Law.com CSM,Edit,Read,None,Edit
001Tm00000MtWHDIA3,005Px00000Bnj46IAB,Law.com CSM,Edit,Read,None,Edit
001Px00000VvXpaIAF,005Px00000Bnj46IAB,Law.com CSM,Edit,Read,None,Edit
001Px00000VvrqHIAR,005Px00000Bnj46IAB,Law.com CSM,Edit,Read,None,Edit
001Px00000VvU3aIAF,005Px00000Bnj46IAB,Law.com CSM,Edit,Read,None,Edit
001Px00000cDfMUIA0,005Px00000Bnj46IAB,Law.com CSM,Edit,Read,None,Edit
001Px00000VvvEVIAZ,005Px00000Bnj46IAB,Law.com CSM,Edit,Read,None,Edit
001Px00000VvsD4IAJ,005Px00000Bnj46IAB,Law.com CSM,Edit,Read,None,Edit
001Px00000VvXKqIAN,005Px00000Bnj46IAB,Law.com CSM,Edit,Read,None,Edit
001Px00000XsiZfIAJ,005Px00000Bnj46IAB,Law.com CSM,Edit,Read,None,Edit
001Px00000Vy9gbIAB,005Px00000Bnj46IAB,Law.com CSM,Edit,Read,None,Edit
001Px00000VwEOXIA3,005Px00000Bnj46IAB,Law.com CSM,Edit,Read,None,Edit
001Px00000VvoSJIAZ,005Px00000Bnj46IAB,Law.com CSM,Edit,Read,None,Edit
001Px00000XsUehIAF,005Px00000Bnj46IAB,Law.com CSM,Edit,Read,None,Edit
001Px00000VvokWIAR,005Px00000Bnj46IAB,Law.com CSM,Edit,Read,None,Edit
001Px00000VvPVnIAN,005Px00000Bnj46IAB,Law.com CSM,Edit,Read,None,Edit
001Px00000XsUfDIAV,005Px00000Bnj46IAB,Law.com CSM,Edit,Read,None,Edit
001Px00000XsUfHIAV,005Px00000Bnj46IAB,Law.com CSM,Edit,Read,None,Edit
001Px00000VvQnwIAF,005Px00000Bnj46IAB,Law.com CSM,Edit,Read,None,Edit
001Px00000VvpeQIAR,005Px00000Bnj46IAB,Law.com CSM,Edit,Read,None,Edit
001Px00000XsUfPIAV,005Px00000Bnj46IAB,Law.com CSM,Edit,Read,None,Edit
001Px00000Vvn6jIAB,005Px00000Bnj46IAB,Law.com CSM,Edit,Read,None,Edit
0016g00001ANrTPAA1,005Px00000Bnj46IAB,Law.com CSM,Edit,Read,None,Edit
001Px00000VvhC6IAJ,005Px00000Bnj46IAB,Law.com CSM,Edit,Read,None,Edit
001Px00000VvbbPIAR,005Px00000Bnj46IAB,Law.com CSM,Edit,Read,None,Edit
001Px00000Vvd3HIAR,005Px00000Bnj46IAB,Law.com CSM,Edit,Read,None,Edit
001Px00000Vvx3jIAB,005Px00000Bnj46IAB,Law.com CSM,Edit,Read,None,Edit
001Px00000Xs1UMIAZ,005Px00000Bnj46IAB,Law.com CSM,Edit,Read,None,Edit
001Px00000VvpWZIAZ,005Px00000Bnj46IAB,Law.com CSM,Edit,Read,None,Edit
001Px00000VvhkxIAB,005Px00000Bnj46IAB,Law.com CSM,Edit,Read,None,Edit
001Px00000XskeEIAR,005Px00000Bnj46IAB,Law.com CSM,Edit,Read,None,Edit
001Px00000Vvip0IAB,005Px00000Bnj46IAB,Law.com CSM,Edit,Read,None,Edit
001Px00000XscvEIAR,005Px00000Bnj46IAB,Law.com CSM,Edit,Read,None,Edit
001Px00000VvdkSIAR,005Px00000Bnj46IAB,Law.com CSM,Edit,Read,None,Edit
001Px00000VvMluIAF,005Px00000Bnj46IAB,Law.com CSM,Edit,Read,None,Edit
001Px00000VwUGOIA3,005Px00000Bnj46IAB,Law.com CSM,Edit,Read,None,Edit
001Px00000XscvsIAB,005Px00000Bnj46IAB,Law.com CSM,Edit,Read,None,Edit
001Px00000VwP1pIAF,005Px00000Bnj46IAB,Law.com CSM,Edit,Read,None,Edit
001Px00000XscwGIAR,005Px00000Bnj46IAB,Law.com CSM,Edit,Read,None,Edit
0016g00001AO4TSAA1,005Px00000Bnj46IAB,Law.com CSM,Edit,Read,None,Edit
001Px00000VvY9FIAV,005Px00000Bnj46IAB,Law.com CSM,Edit,Read,None,Edit
001Px00000VvpVOIAZ,005Px00000Bnj46IAB,Law.com CSM,Edit,Read,None,Edit
001Px00000VvXpcIAF,005Px00000Bnj46IAB,Law.com CSM,Edit,Read,None,Edit
001Px00000VvbkjIAB,005Px00000Bnj46IAB,Law.com CSM,Edit,Read,None,Edit
001Px00000VxS9aIAF,005Px00000Bnj46IAB,Law.com CSM,Edit,Read,None,Edit
001Px00000VwZkiIAF,005Px00000Bnj46IAB,Law.com CSM,Edit,Read,None,Edit
001Px00000WkN5PIAV,005Px00000Bnj46IAB,Law.com CSM,Edit,Read,None,Edit
001Tm00000MEE7DIAX,005Px00000Bnj46IAB,Law.com CSM,Edit,Read,None,Edit
001Px00000XskhQIAR,005Px00000Bnj46IAB,Law.com CSM,Edit,Read,None,Edit
001Px00000bXCxzIAG,005Px00000Bnj46IAB,Law.com CSM,Edit,Read,None,Edit
001Px00000XsgCpIAJ,005Px00000Bnj46IAB,Law.com CSM,Edit,Read,None,Edit
001Px00000XsgD3IAJ,005Px00000Bnj46IAB,Law.com CSM,Edit,Read,None,Edit
001Px00000VvNdkIAF,005Px00000Bnj46IAB,Law.com CSM,Edit,Read,None,Edit
001Px00000XskioIAB,005Px00000Bnj46IAB,Law.com CSM,Edit,Read,None,Edit
001Tm00000MEFxvIAH,005Px00000Bnj46IAB,Law.com CSM,Edit,Read,None,Edit
001Px00000Xsi4iIAB,005Px00000Bnj46IAB,Law.com CSM,Edit,Read,None,Edit
001Px00000VvZRiIAN,005Px00000Bnj46IAB,Law.com CSM,Edit,Read,None,Edit
001Px00000VyKBfIAN,005Px00000Bnj46IAB,Law.com CSM,Edit,Read,None,Edit
001Tm00000MEU8YIAX,005Px00000Bnj46IAB,Law.com CSM,Edit,Read,None,Edit
001Px00000VwXauIAF,005Px00000Bnj46IAB,Law.com CSM,Edit,Read,None,Edit
001Px00000XsQ8jIAF,005Px00000Bnj46IAB,Law.com CSM,Edit,Read,None,Edit
001Px00000VvvjuIAB,005Px00000Bnj46IAB,Law.com CSM,Edit,Read,None,Edit
001Px00000Xs1hUIAR,005Px00000Bnj46IAB,Law.com CSM,Edit,Read,None,Edit
001Px00000Xs1i7IAB,005Px00000Bnj46IAB,Law.com CSM,Edit,Read,None,Edit
001Px00000VwJUVIA3,005Px00000Bnj46IAB,Law.com CSM,Edit,Read,None,Edit
001Px00000XsVdZIAV,005Px00000Bnj46IAB,Law.com CSM,Edit,Read,None,Edit
001Px00000XsQ8kIAF,005Px00000Bnj46IAB,Law.com CSM,Edit,Read,None,Edit
001Px00000VvU2yIAF,005Px00000Bnj46IAB,Law.com CSM,Edit,Read,None,Edit
001Px00000XsVeFIAV,005Px00000Bnj46IAB,Law.com CSM,Edit,Read,None,Edit
001Px00000XsVehIAF,005Px00000Bnj46IAB,Law.com CSM,Edit,Read,None,Edit
001Px00000XsVeiIAF,005Px00000Bnj46IAB,Law.com CSM,Edit,Read,None,Edit
001Px00000Vvn5gIAB,005Px00000Bnj46IAB,Law.com CSM,Edit,Read,None,Edit
001Tm00000MtJmyIAF,005Px00000Bnj46IAB,Law.com CSM,Edit,Read,None,Edit
001Px00000XsiZRIAZ,005Px00000Bnj46IAB,Law.com CSM,Edit,Read,None,Edit
001Px00000VvgH9IAJ,005Px00000Bnj46IAB,Law.com CSM,Edit,Read,None,Edit
001Px00000VvgHhIAJ,005Px00000Bnj46IAB,Law.com CSM,Edit,Read,None,Edit
0016g00001AOLbBAAX,005Px00000Bnj46IAB,Law.com CSM,Edit,Read,None,Edit
001Px00000XsiZjIAJ,005Px00000Bnj46IAB,Law.com CSM,Edit,Read,None,Edit
001Px00000VvOZJIA3,005Px00000Bnj46IAB,Law.com CSM,Edit,Read,None,Edit
001Px00000VvOz1IAF,005Px00000Bnj46IAB,Law.com CSM,Edit,Read,None,Edit
001Px00000XsiaCIAR,005Px00000Bnj46IAB,Law.com CSM,Edit,Read,None,Edit
001Px00000VvoS4IAJ,005Px00000Bnj46IAB,Law.com CSM,Edit,Read,None,Edit
001Px00000VvWf5IAF,005Px00000Bnj46IAB,Law.com CSM,Edit,Read,None,Edit
001Px00000VvXvOIAV,005Px00000Bnj46IAB,Law.com CSM,Edit,Read,None,Edit
001Px00000VvSQiIAN,005Px00000Bnj46IAB,Law.com CSM,Edit,Read,None,Edit
001Px00000VwS34IAF,005Px00000Bnj46IAB,Law.com CSM,Edit,Read,None,Edit
001Px00000VvfNzIAJ,005Px00000Bnj46IAB,Law.com CSM,Edit,Read,None,Edit
001Px00000VwviMIAR,005Px00000Bnj46IAB,Law.com CSM,Edit,Read,None,Edit
001Px00000XsUNoIAN,005Px00000Bnj46IAB,Law.com CSM,Edit,Read,None,Edit
001Px00000VvvFcIAJ,005Px00000Bnj46IAB,Law.com CSM,Edit,Read,None,Edit
001Px00000XsVhQIAV,005Px00000Bnj46IAB,Law.com CSM,Edit,Read,None,Edit
001Tm00000MELEkIAP,005Px00000Bnj46IAB,Law.com CSM,Edit,Read,None,Edit
001Px00000VvZYLIA3,005Px00000Bnj46IAB,Law.com CSM,Edit,Read,None,Edit
001Px00000XsVhyIAF,005Px00000Bnj46IAB,Law.com CSM,Edit,Read,None,Edit
001Px00000VvpwiIAB,005Px00000Bnj46IAB,Law.com CSM,Edit,Read,None,Edit
001Px00000XsbrGIAR,005Px00000Bnj46IAB,Law.com CSM,Edit,Read,None,Edit
001Px00000XsQ8lIAF,005Px00000Bnj46IAB,Law.com CSM,Edit,Read,None,Edit
001Px00000VvoSqIAJ,005Px00000Bnj46IAB,Law.com CSM,Edit,Read,None,Edit
001Tm00000MEWD5IAP,005Px00000Bnj46IAB,Law.com CSM,Edit,Read,None,Edit
001Px00000Vvx3IIAR,005Px00000Bnj46IAB,Law.com CSM,Edit,Read,None,Edit
001Px00000VyGspIAF,005Px00000Bnj46IAB,Law.com CSM,Edit,Read,None,Edit
001Px00000fHlPbIAK,005Px00000Bnj46IAB,Law.com CSM,Edit,Read,None,Edit
001Px00000VvifRIAR,005Px00000Bnj46IAB,Law.com CSM,Edit,Read,None,Edit
001Px00000VvXPdIAN,005Px00000Bnj46IAB,Law.com CSM,Edit,Read,None,Edit
001Px00000VwZl4IAF,005Px00000Bnj46IAB,Law.com CSM,Edit,Read,None,Edit
001Px00000VvmmOIAR,005Px00000Bnj46IAB,Law.com CSM,Edit,Read,None,Edit
001Px00000Vwi9wIAB,005Px00000Bnj46IAB,Law.com CSM,Edit,Read,None,Edit
001Tm00000MEWVqIAP,005Px00000Bnj46IAB,Law.com CSM,Edit,Read,None,Edit
001Px00000Xsl2UIAR,005Px00000Bnj46IAB,Law.com CSM,Edit,Read,None,Edit
001Px00000VvjBOIAZ,005Px00000Bnj46IAB,Law.com CSM,Edit,Read,None,Edit
0016g00001AOfHXAA1,005Px00000Bnj46IAB,Law.com CSM,Edit,Read,None,Edit
001Px00000XsaETIAZ,005Px00000Bnj46IAB,Law.com CSM,Edit,Read,None,Edit
001Px00000VwYpIIAV,005Px00000Bnj46IAB,Law.com CSM,Edit,Read,None,Edit
001Px00000cUBzRIAW,005Px00000Bnj46IAB,Law.com CSM,Edit,Read,None,Edit
001Px00000VvpNgIAJ,005Px00000Bnj46IAB,Law.com CSM,Edit,Read,None,Edit
001Px00000VwTaDIAV,005Px00000Bnj46IAB,Law.com CSM,Edit,Read,None,Edit
001Px00000XsQ83IAF,005Px00000Bnj46IAB,Law.com CSM,Edit,Read,None,Edit
001Px00000VvZUQIA3,005Px00000Bnj46IAB,Law.com CSM,Edit,Read,None,Edit
001Px00000Vvs57IAB,005Px00000Bnj46IAB,Law.com CSM,Edit,Read,None,Edit
001Px00000VvkREIAZ,005Px00000Bnj46IAB,Law.com CSM,Edit,Read,None,Edit
001Tm00000MEVAiIAP,005Px00000Bnj46IAB,Law.com CSM,Edit,Read,None,Edit
001Px00000VvPEjIAN,005Px00000Bnj46IAB,Law.com CSM,Edit,Read,None,Edit
001Px00000VvsCcIAJ,005Px00000Bnj46IAB,Law.com CSM,Edit,Read,None,Edit
001Px00000VvOmiIAF,005Px00000Bnj46IAB,Law.com CSM,Edit,Read,None,Edit
001Px00000VvfW6IAJ,005Px00000Bnj46IAB,Law.com CSM,Edit,Read,None,Edit
001Px00000VvpQqIAJ,005Px00000Bnj46IAB,Law.com CSM,Edit,Read,None,Edit
001Px00000VvhzaIAB,005Px00000Bnj46IAB,Law.com CSM,Edit,Read,None,Edit
001Px00000Vvph3IAB,005Px00000Bnj46IAB,Law.com CSM,Edit,Read,None,Edit
001Px00000VvOz4IAF,005Px00000Bnj46IAB,Law.com CSM,Edit,Read,None,Edit
001Px00000VvZ35IAF,005Px00000Bnj46IAB,Law.com CSM,Edit,Read,None,Edit
001Px00000VvXowIAF,005Px00000Bnj46IAB,Law.com CSM,Edit,Read,None,Edit
001Px00000VvYe3IAF,005Px00000Bnj46IAB,Law.com CSM,Edit,Read,None,Edit
001Px00000VvffdIAB,005Px00000Bnj46IAB,Law.com CSM,Edit,Read,None,Edit
001Px00000Vvjz5IAB,005Px00000Bnj46IAB,Law.com CSM,Edit,Read,None,Edit
001Px00000VvfsKIAR,005Px00000Bnj46IAB,Law.com CSM,Edit,Read,None,Edit
001Px00000XscvcIAB,005Px00000Bnj46IAB,Law.com CSM,Edit,Read,None,Edit
001Px00000VvZMcIAN,005Px00000Bnj46IAB,Law.com CSM,Edit,Read,None,Edit
001Px00000VvTYUIA3,005Px00000Bnj46IAB,Law.com CSM,Edit,Read,None,Edit
001Tm00000MEV0HIAX,005Px00000Bnj46IAB,Law.com CSM,Edit,Read,None,Edit
0016g00001AOTk8AAH,005Px00000Bnj46IAB,Law.com CSM,Edit,Read,None,Edit
001Px00000Vvx3sIAB,005Px00000Bnj46IAB,Law.com CSM,Edit,Read,None,Edit
001Px00000Vvn5kIAB,005Px00000Bnj46IAB,Law.com CSM,Edit,Read,None,Edit
001Px00000VvmiSIAR,005Px00000Bnj46IAB,Law.com CSM,Edit,Read,None,Edit
001Px00000VvPUeIAN,005Px00000Bnj46IAB,Law.com CSM,Edit,Read,None,Edit
001Px00000VvpbwIAB,005Px00000Bnj46IAB,Law.com CSM,Edit,Read,None,Edit
001Px00000VvuivIAB,005Px00000Bnj46IAB,Law.com CSM,Edit,Read,None,Edit
001Px00000VvtYwIAJ,005Px00000Bnj46IAB,Law.com CSM,Edit,Read,None,Edit
001Px00000VvZUFIA3,005Px00000Bnj46IAB,Law.com CSM,Edit,Read,None,Edit
001Px00000Xs1i8IAB,005Px00000Bnj46IAB,Law.com CSM,Edit,Read,None,Edit
001Px00000Vvpu5IAB,005Px00000Bnj46IAB,Law.com CSM,Edit,Read,None,Edit
001Px00000VvXKwIAN,005Px00000Bnj46IAB,Law.com CSM,Edit,Read,None,Edit
001Px00000VvkPyIAJ,005Px00000Bnj46IAB,Law.com CSM,Edit,Read,None,Edit
001Tm00000MEIuwIAH,005Px00000Bnj46IAB,Law.com CSM,Edit,Read,None,Edit
001Px00000VvsYXIAZ,005Px00000Bnj46IAB,Law.com CSM,Edit,Read,None,Edit
001Tm00000MEVNiIAP,005Px00000Bnj46IAB,Law.com CSM,Edit,Read,None,Edit
001Px00000VvpdLIAR,005Px00000Bnj46IAB,Law.com CSM,Edit,Read,None,Edit
001Tm00000MED2SIAX,005Px00000Bnj46IAB,Law.com CSM,Edit,Read,None,Edit
001Px00000VvQqjIAF,005Px00000Bnj46IAB,Law.com CSM,Edit,Read,None,Edit
001Px00000VvpttIAB,005Px00000Bnj46IAB,Law.com CSM,Edit,Read,None,Edit
001Tm00000MEESxIAP,005Px00000Bnj46IAB,Law.com CSM,Edit,Read,None,Edit
001Px00000VvZUOIA3,005Px00000Bnj46IAB,Law.com CSM,Edit,Read,None,Edit
001Px00000VvjyzIAB,005Px00000Bnj46IAB,Law.com CSM,Edit,Read,None,Edit
001Px00000Vvqh3IAB,005Px00000Bnj46IAB,Law.com CSM,Edit,Read,None,Edit
0016g00001AOGbVAAX,005Px00000Bnj46IAB,Law.com CSM,Edit,Read,None,Edit
001Px00000VvuMrIAJ,005Px00000Bnj46IAB,Law.com CSM,Edit,Read,None,Edit
001Tm00000MED3uIAH,005Px00000Bnj46IAB,Law.com CSM,Edit,Read,None,Edit
001Px00000VvZRgIAN,005Px00000Bnj46IAB,Law.com CSM,Edit,Read,None,Edit
001Px00000VvMyrIAF,005Px00000Bnj46IAB,Law.com CSM,Edit,Read,None,Edit
001Px00000VvUizIAF,005Px00000Bnj46IAB,Law.com CSM,Edit,Read,None,Edit
001Px00000VvauxIAB,005Px00000Bnj46IAB,Law.com CSM,Edit,Read,None,Edit
001Px00000Vva66IAB,005Px00000Bnj46IAB,Law.com CSM,Edit,Read,None,Edit
001Px00000VvfAFIAZ,005Px00000Bnj46IAB,Law.com CSM,Edit,Read,None,Edit
001Tm00000MEOoVIAX,005Px00000Bnj46IAB,Law.com CSM,Edit,Read,None,Edit
001Px00000VvO85IAF,005Px00000Bnj46IAB,Law.com CSM,Edit,Read,None,Edit
0016g00001AOJOrAAP,005Px00000Bnj46IAB,Law.com CSM,Edit,Read,None,Edit
001Tm00000MEVgHIAX,005Px00000Bnj46IAB,Law.com CSM,Edit,Read,None,Edit
001Px00000VvuQFIAZ,005Px00000Bnj46IAB,Law.com CSM,Edit,Read,None,Edit
001Px00000XsU81IAF,005Px00000Bnj46IAB,Law.com CSM,Edit,Read,None,Edit
001Px00000VvXQNIA3,005Px00000Bnj46IAB,Law.com CSM,Edit,Read,None,Edit
001Px00000VvwGHIAZ,005Px00000Bnj46IAB,Law.com CSM,Edit,Read,None,Edit
001Px00000Vvc6JIAR,005Px00000Bnj46IAB,Law.com CSM,Edit,Read,None,Edit
001Px00000VvRonIAF,005Px00000Bnj46IAB,Law.com CSM,Edit,Read,None,Edit
001Px00000VvsZ1IAJ,005Px00000Bnj46IAB,Law.com CSM,Edit,Read,None,Edit
001Px00000Vvic1IAB,005Px00000Bnj46IAB,Law.com CSM,Edit,Read,None,Edit
001Px00000VvSQcIAN,005Px00000Bnj46IAB,Law.com CSM,Edit,Read,None,Edit
001Px00000VwVlhIAF,005Px00000Bnj46IAB,Law.com CSM,Edit,Read,None,Edit
001Px00000VvwWOIAZ,005Px00000Bnj46IAB,Law.com CSM,Edit,Read,None,Edit
001Px00000VvuRBIAZ,005Px00000Bnj46IAB,Law.com CSM,Edit,Read,None,Edit
001Px00000VvRZeIAN,005Px00000Bnj46IAB,Law.com CSM,Edit,Read,None,Edit
001Px00000VvhQ4IAJ,005Px00000Bnj46IAB,Law.com CSM,Edit,Read,None,Edit
001Px00000VvbdTIAR,005Px00000Bnj46IAB,Law.com CSM,Edit,Read,None,Edit
001Tm00000MESrqIAH,005Px00000Bnj46IAB,Law.com CSM,Edit,Read,None,Edit
001Px00000VvyCdIAJ,005Px00000Bnj46IAB,Law.com CSM,Edit,Read,None,Edit
001Px00000Vvf9jIAB,005Px00000Bnj46IAB,Law.com CSM,Edit,Read,None,Edit
001Px00000VvyV1IAJ,005Px00000Bnj46IAB,Law.com CSM,Edit,Read,None,Edit
001Px00000VvOiZIAV,005Px00000Bnj46IAB,Law.com CSM,Edit,Read,None,Edit
001Px00000VvQvTIAV,005Px00000Bnj46IAB,Law.com CSM,Edit,Read,None,Edit
001Px00000VvjxsIAB,005Px00000Bnj46IAB,Law.com CSM,Edit,Read,None,Edit
001Px00000VvfQ7IAJ,005Px00000Bnj46IAB,Law.com CSM,Edit,Read,None,Edit
001Px00000VvhRCIAZ,005Px00000Bnj46IAB,Law.com CSM,Edit,Read,None,Edit
001Px00000XscvDIAR,005Px00000Bnj46IAB,Law.com CSM,Edit,Read,None,Edit
001Tm00000MtI9cIAF,005Px00000Bnj46IAB,Law.com CSM,Edit,Read,None,Edit
001Px00000VvwXRIAZ,005Px00000Bnj46IAB,Law.com CSM,Edit,Read,None,Edit
001Px00000Vvb3tIAB,005Px00000Bnj46IAB,Law.com CSM,Edit,Read,None,Edit
001Tm00000MESsJIAX,005Px00000Bnj46IAB,Law.com CSM,Edit,Read,None,Edit
001Px00000Vvh2IIAR,005Px00000Bnj46IAB,Law.com CSM,Edit,Read,None,Edit
001Px00000VyIe4IAF,005Px00000Bnj46IAB,Law.com CSM,Edit,Read,None,Edit
0016g00001AO7UgAAL,005Px00000Bnj46IAB,Law.com CSM,Edit,Read,None,Edit
001Tm00000MtVZVIA3,005Px00000Bnj46IAB,Law.com CSM,Edit,Read,None,Edit
001Px00000Xs1i2IAB,005Px00000Bnj46IAB,Law.com CSM,Edit,Read,None,Edit
001Px00000VviiNIAR,005Px00000Bnj46IAB,Law.com CSM,Edit,Read,None,Edit
001Px00000VvaqNIAR,005Px00000Bnj46IAB,Law.com CSM,Edit,Read,None,Edit
001Px00000VvMmcIAF,005Px00000Bnj46IAB,Law.com CSM,Edit,Read,None,Edit
001Px00000VvalaIAB,005Px00000Bnj46IAB,Law.com CSM,Edit,Read,None,Edit
001Px00000VvRMLIA3,005Px00000Bnj46IAB,Law.com CSM,Edit,Read,None,Edit
001Px00000VvpUAIAZ,005Px00000Bnj46IAB,Law.com CSM,Edit,Read,None,Edit
001Tm00000MEDeAIAX,005Px00000Bnj46IAB,Law.com CSM,Edit,Read,None,Edit
001Px00000VvlIKIAZ,005Px00000Bnj46IAB,Law.com CSM,Edit,Read,None,Edit
0016g00001ANoyGAAT,005Px00000Bnj46IAB,Law.com CSM,Edit,Read,None,Edit
001Px00000VvXxDIAV,005Px00000Bnj46IAB,Law.com CSM,Edit,Read,None,Edit
001Px00000Vy7EjIAJ,005Px00000Bnj46IAB,Law.com CSM,Edit,Read,None,Edit
001Tm00000MET5RIAX,005Px00000Bnj46IAB,Law.com CSM,Edit,Read,None,Edit
001Px00000Vwe5uIAB,005Px00000Bnj46IAB,Law.com CSM,Edit,Read,None,Edit
001Px00000XskyyIAB,005Px00000Bnj46IAB,Law.com CSM,Edit,Read,None,Edit
0016g00001AOJS6AAP,005Px00000Bnj46IAB,Law.com CSM,Edit,Read,None,Edit
001Px00000VvTIaIAN,005Px00000Bnj46IAB,Law.com CSM,Edit,Read,None,Edit
001Tm00000MEN3DIAX,005Px00000Bnj46IAB,Law.com CSM,Edit,Read,None,Edit
001Px00000VvfTYIAZ,005Px00000Bnj46IAB,Law.com CSM,Edit,Read,None,Edit
001Px00000VyIdnIAF,005Px00000Bnj46IAB,Law.com CSM,Edit,Read,None,Edit
001Px00000VvpUOIAZ,005Px00000Bnj46IAB,Law.com CSM,Edit,Read,None,Edit
001Px00000Vvwo1IAB,005Px00000Bnj46IAB,Law.com CSM,Edit,Read,None,Edit
001Px00000VvrzPIAR,005Px00000Bnj46IAB,Law.com CSM,Edit,Read,None,Edit
001Px00000Vw0HUIAZ,005Px00000Bnj46IAB,Law.com CSM,Edit,Read,None,Edit
001Px00000VvjAdIAJ,005Px00000Bnj46IAB,Law.com CSM,Edit,Read,None,Edit
001Px00000VwYUZIA3,005Px00000Bnj46IAB,Law.com CSM,Edit,Read,None,Edit
001Px00000VvOZfIAN,005Px00000Bnj46IAB,Law.com CSM,Edit,Read,None,Edit
0016g00001AO3hBAAT,005Px00000Bnj46IAB,Law.com CSM,Edit,Read,None,Edit
001Tm00000MtUnoIAF,005Px00000Bnj46IAB,Law.com CSM,Edit,Read,None,Edit
001Px00000VwiKQIAZ,005Px00000Bnj46IAB,Law.com CSM,Edit,Read,None,Edit
001Px00000VvTZHIA3,005Px00000Bnj46IAB,Law.com CSM,Edit,Read,None,Edit
001Px00000Vvo31IAB,005Px00000Bnj46IAB,Law.com CSM,Edit,Read,None,Edit
001Px00000VvpdAIAR,005Px00000Bnj46IAB,Law.com CSM,Edit,Read,None,Edit
001Px00000VvjSMIAZ,005Px00000Bnj46IAB,Law.com CSM,Edit,Read,None,Edit
001Px00000Vvsg0IAB,005Px00000Bnj46IAB,Law.com CSM,Edit,Read,None,Edit
001Px00000VwWPwIAN,005Px00000Bnj46IAB,Law.com CSM,Edit,Read,None,Edit
001Px00000VvIL8IAN,005Px00000Bnj46IAB,Law.com CSM,Edit,Read,None,Edit
001Px00000VveXZIAZ,005Px00000Bnj46IAB,Law.com CSM,Edit,Read,None,Edit
001Px00000VvhPvIAJ,005Px00000Bnj46IAB,Law.com CSM,Edit,Read,None,Edit
001Px00000VvRZkIAN,005Px00000Bnj46IAB,Law.com CSM,Edit,Read,None,Edit
001Tm00000MEL2KIAX,005Px00000Bnj46IAB,Law.com CSM,Edit,Read,None,Edit
001Tm00000Mt7mKIAR,005Px00000Bnj46IAB,Law.com CSM,Edit,Read,None,Edit
001Px00000VvVIOIA3,005Px00000Bnj46IAB,Law.com CSM,Edit,Read,None,Edit
001Px00000VvZXjIAN,005Px00000Bnj46IAB,Law.com CSM,Edit,Read,None,Edit
001Px00000Vwi8iIAB,005Px00000Bnj46IAB,Law.com CSM,Edit,Read,None,Edit
001Px00000VwllyIAB,005Px00000Bnj46IAB,Law.com CSM,Edit,Read,None,Edit
001Px00000XsUeIIAV,005Px00000Bnj46IAB,Law.com CSM,Edit,Read,None,Edit
001Px00000VvsDWIAZ,005Px00000Bnj46IAB,Law.com CSM,Edit,Read,None,Edit
001Px00000XsUegIAF,005Px00000Bnj46IAB,Law.com CSM,Edit,Read,None,Edit
001Px00000VvyVHIAZ,005Px00000Bnj46IAB,Law.com CSM,Edit,Read,None,Edit
001Px00000VvgF0IAJ,005Px00000Bnj46IAB,Law.com CSM,Edit,Read,None,Edit
001Px00000XsUqKIAV,005Px00000Bnj46IAB,Law.com CSM,Edit,Read,None,Edit
001Px00000Vvv4nIAB,005Px00000Bnj46IAB,Law.com CSM,Edit,Read,None,Edit
001Tm00000MtHfrIAF,005Px00000Bnj46IAB,Law.com CSM,Edit,Read,None,Edit
001Px00000VwTZnIAN,005Px00000Bnj46IAB,Law.com CSM,Edit,Read,None,Edit
001Px00000VvVdWIAV,005Px00000Bnj46IAB,Law.com CSM,Edit,Read,None,Edit
001Tm00000METXlIAP,005Px00000Bnj46IAB,Law.com CSM,Edit,Read,None,Edit
001Tm00000MtUnFIAV,005Px00000Bnj46IAB,Law.com CSM,Edit,Read,None,Edit
001Px00000VvpS4IAJ,005Px00000Bnj46IAB,Law.com CSM,Edit,Read,None,Edit
001Px00000Xsi5MIAR,005Px00000Bnj46IAB,Law.com CSM,Edit,Read,None,Edit
001Px00000Vwa2iIAB,005Px00000Bnj46IAB,Law.com CSM,Edit,Read,None,Edit
001Px00000VvZRUIA3,005Px00000Bnj46IAB,Law.com CSM,Edit,Read,None,Edit
001Px00000Vvjj3IAB,005Px00000Bnj46IAB,Law.com CSM,Edit,Read,None,Edit
001Px00000VvJ63IAF,005Px00000Bnj46IAB,Law.com CSM,Edit,Read,None,Edit
001Px00000VvtYVIAZ,005Px00000Bnj46IAB,Law.com CSM,Edit,Read,None,Edit
001Px00000Vvwv3IAB,005Px00000Bnj46IAB,Law.com CSM,Edit,Read,None,Edit
0016g00001AOLStAAP,005Px00000Bnj46IAB,Law.com CSM,Edit,Read,None,Edit
001Px00000VyK2yIAF,005Px00000Bnj46IAB,Law.com CSM,Edit,Read,None,Edit
001Tm00000MEV8JIAX,005Px00000Bnj46IAB,Law.com CSM,Edit,Read,None,Edit
001Px00000Xsg1dIAB,005Px00000Bnj46IAB,Law.com CSM,Edit,Read,None,Edit
001Px00000VwguJIAR,005Px00000Bnj46IAB,Law.com CSM,Edit,Read,None,Edit
001Px00000VvmnFIAR,005Px00000Bnj46IAB,Law.com CSM,Edit,Read,None,Edit
001Px00000VvufpIAB,005Px00000Bnj46IAB,Law.com CSM,Edit,Read,None,Edit
001Px00000VvbblIAB,005Px00000Bnj46IAB,Law.com CSM,Edit,Read,None,Edit
001Px00000XsVhAIAV,005Px00000Bnj46IAB,Law.com CSM,Edit,Read,None,Edit
001Px00000XsbraIAB,005Px00000Bnj46IAB,Law.com CSM,Edit,Read,None,Edit
001Tm00000MEWVEIA5,005Px00000Bnj46IAB,Law.com CSM,Edit,Read,None,Edit
001Tm00000MtNMaIAN,005Px00000Bnj46IAB,Law.com CSM,Edit,Read,None,Edit
001Tm00000MEUu3IAH,005Px00000Bnj46IAB,Law.com CSM,Edit,Read,None,Edit
001Px00000XsaEEIAZ,005Px00000Bnj46IAB,Law.com CSM,Edit,Read,None,Edit
001Px00000VvfPGIAZ,005Px00000Bnj46IAB,Law.com CSM,Edit,Read,None,Edit
001Px00000VvfUTIAZ,005Px00000Bnj46IAB,Law.com CSM,Edit,Read,None,Edit
001Px00000Vvqh8IAB,005Px00000Bnj46IAB,Law.com CSM,Edit,Read,None,Edit
001Px00000VvcRoIAJ,005Px00000Bnj46IAB,Law.com CSM,Edit,Read,None,Edit
0014L00000k4qUoQAI,005Px00000Bnj46IAB,Law.com CSM,Edit,Read,None,Edit
001Px00000Vwb6uIAB,005Px00000Bnj46IAB,Law.com CSM,Edit,Read,None,Edit
001Tm00000MEP37IAH,005Px00000Bnj46IAB,Law.com CSM,Edit,Read,None,Edit
001Px00000VvQn3IAF,005Px00000Bnj46IAB,Law.com CSM,Edit,Read,None,Edit
001Tm00000MtRJHIA3,005Px00000Bnj46IAB,Law.com CSM,Edit,Read,None,Edit
001Px00000Vvwo8IAB,005Px00000Bnj46IAB,Law.com CSM,Edit,Read,None,Edit
001Px00000VvUPSIA3,005Px00000Bnj46IAB,Law.com CSM,Edit,Read,None,Edit
001Px00000VvaqyIAB,005Px00000Bnj46IAB,Law.com CSM,Edit,Read,None,Edit
001Tm00000MtCjZIAV,005Px00000Bnj46IAB,Law.com CSM,Edit,Read,None,Edit
001Tm00000MtToQIAV,005Px00000Bnj46IAB,Law.com CSM,Edit,Read,None,Edit
001Tm00000MtToRIAV,005Px00000Bnj46IAB,Law.com CSM,Edit,Read,None,Edit
001Px00000VvR9dIAF,005Px00000Bnj46IAB,Law.com CSM,Edit,Read,None,Edit
001Px00000Xsi5LIAR,005Px00000Bnj46IAB,Law.com CSM,Edit,Read,None,Edit
001Px00000VvYduIAF,005Px00000Bnj46IAB,Law.com CSM,Edit,Read,None,Edit
001Px00000VvwXxIAJ,005Px00000Bnj46IAB,Law.com CSM,Edit,Read,None,Edit
001Px00000VwhIfIAJ,005Px00000Bnj46IAB,Law.com CSM,Edit,Read,None,Edit
001Tm00000MEOu6IAH,005Px00000Bnj46IAB,Law.com CSM,Edit,Read,None,Edit
001Px00000Xs1hSIAR,005Px00000Bnj46IAB,Law.com CSM,Edit,Read,None,Edit
001Px00000Vvjy2IAB,005Px00000Bnj46IAB,Law.com CSM,Edit,Read,None,Edit
001Px00000VvdZWIAZ,005Px00000Bnj46IAB,Law.com CSM,Edit,Read,None,Edit
001Px00000Xsg2IIAR,005Px00000Bnj46IAB,Law.com CSM,Edit,Read,None,Edit
001Tm00000MtBR7IAN,005Px00000Bnj46IAB,Law.com CSM,Edit,Read,None,Edit
001Tm00000MEPi4IAH,005Px00000Bnj46IAB,Law.com CSM,Edit,Read,None,Edit
001Px00000XsbrhIAB,005Px00000Bnj46IAB,Law.com CSM,Edit,Read,None,Edit
001Px00000XsaENIAZ,005Px00000Bnj46IAB,Law.com CSM,Edit,Read,None,Edit
001Px00000VvW3iIAF,005Px00000Bnj46IAB,Law.com CSM,Edit,Read,None,Edit
001Px00000VvZORIA3,005Px00000Bnj46IAB,Law.com CSM,Edit,Read,None,Edit
001Px00000VvgIzIAJ,005Px00000Bnj46IAB,Law.com CSM,Edit,Read,None,Edit
001Px00000Vvav0IAB,005Px00000Bnj46IAB,Law.com CSM,Edit,Read,None,Edit
001Px00000VvOmBIAV,005Px00000Bnj46IAB,Law.com CSM,Edit,Read,None,Edit
001Px00000Vvd4ZIAR,005Px00000Bnj46IAB,Law.com CSM,Edit,Read,None,Edit
001Px00000VvXwcIAF,005Px00000Bnj46IAB,Law.com CSM,Edit,Read,None,Edit
001Px00000VvQmBIAV,005Px00000Bnj46IAB,Law.com CSM,Edit,Read,None,Edit
001Px00000VwMM5IAN,005Px00000Bnj46IAB,Law.com CSM,Edit,Read,None,Edit
001Px00000Vvpc0IAB,005Px00000Bnj46IAB,Law.com CSM,Edit,Read,None,Edit
001Px00000Vwjg9IAB,005Px00000Bnj46IAB,Law.com CSM,Edit,Read,None,Edit
001Tm00000MEDysIAH,005Px00000Bnj46IAB,Law.com CSM,Edit,Read,None,Edit
001Px00000Vvl0nIAB,005Px00000Bnj46IAB,Law.com CSM,Edit,Read,None,Edit
001Px00000Vvp5DIAR,005Px00000Bnj46IAB,Law.com CSM,Edit,Read,None,Edit
001Px00000Vva4zIAB,005Px00000Bnj46IAB,Law.com CSM,Edit,Read,None,Edit
001Px00000VvUrgIAF,005Px00000Bnj46IAB,Law.com CSM,Edit,Read,None,Edit
001Px00000Vvo29IAB,005Px00000Bnj46IAB,Law.com CSM,Edit,Read,None,Edit
001Px00000VvdAOIAZ,005Px00000Bnj46IAB,Law.com CSM,Edit,Read,None,Edit
001Px00000Vvda1IAB,005Px00000Bnj46IAB,Law.com CSM,Edit,Read,None,Edit
001Px00000VvoStIAJ,005Px00000Bnj46IAB,Law.com CSM,Edit,Read,None,Edit
001Px00000VvdXCIAZ,005Px00000Bnj46IAB,Law.com CSM,Edit,Read,None,Edit
001Px00000VvsoqIAB,005Px00000Bnj46IAB,Law.com CSM,Edit,Read,None,Edit
001Px00000VvZYIIA3,005Px00000Bnj46IAB,Law.com CSM,Edit,Read,None,Edit
001Px00000VvTtlIAF,005Px00000Bnj46IAB,Law.com CSM,Edit,Read,None,Edit
001Px00000VvjhmIAB,005Px00000Bnj46IAB,Law.com CSM,Edit,Read,None,Edit
001Tm00000MtQy8IAF,005Px00000Bnj46IAB,Law.com CSM,Edit,Read,None,Edit
001Px00000XsUeuIAF,005Px00000Bnj46IAB,Law.com CSM,Edit,Read,None,Edit
001Px00000VvtYOIAZ,005Px00000Bnj46IAB,Law.com CSM,Edit,Read,None,Edit
001Px00000XsUpcIAF,005Px00000Bnj46IAB,Law.com CSM,Edit,Read,None,Edit
001Px00000VvihzIAB,005Px00000Bnj46IAB,Law.com CSM,Edit,Read,None,Edit
001Px00000Xs1VVIAZ,005Px00000Bnj46IAB,Law.com CSM,Edit,Read,None,Edit
001Px00000VwUgWIAV,005Px00000Bnj46IAB,Law.com CSM,Edit,Read,None,Edit
001Px00000XscvrIAB,005Px00000Bnj46IAB,Law.com CSM,Edit,Read,None,Edit
001Px00000VwcBSIAZ,005Px00000Bnj46IAB,Law.com CSM,Edit,Read,None,Edit
001Px00000XscwHIAR,005Px00000Bnj46IAB,Law.com CSM,Edit,Read,None,Edit
001Px00000XsUtLIAV,005Px00000Bnj46IAB,Law.com CSM,Edit,Read,None,Edit
001Px00000XskhSIAR,005Px00000Bnj46IAB,Law.com CSM,Edit,Read,None,Edit
001Px00000Xsi53IAB,005Px00000Bnj46IAB,Law.com CSM,Edit,Read,None,Edit
001Px00000Xsi56IAB,005Px00000Bnj46IAB,Law.com CSM,Edit,Read,None,Edit
001Px00000VvUUbIAN,005Px00000Bnj46IAB,Law.com CSM,Edit,Read,None,Edit
001Tm00000MtTp5IAF,005Px00000Bnj46IAB,Law.com CSM,Edit,Read,None,Edit
001Px00000Xs1hGIAR,005Px00000Bnj46IAB,Law.com CSM,Edit,Read,None,Edit
001Px00000VvffIIAR,005Px00000Bnj46IAB,Law.com CSM,Edit,Read,None,Edit
001Px00000XsknmIAB,005Px00000Bnj46IAB,Law.com CSM,Edit,Read,None,Edit
001Px00000Vvx87IAB,005Px00000Bnj46IAB,Law.com CSM,Edit,Read,None,Edit
001Px00000VvkTSIAZ,005Px00000Bnj46IAB,Law.com CSM,Edit,Read,None,Edit
001Px00000Vvo1jIAB,005Px00000Bnj46IAB,Law.com CSM,Edit,Read,None,Edit
001Px00000VvjuVIAR,005Px00000Bnj46IAB,Law.com CSM,Edit,Read,None,Edit
001Px00000VvOYdIAN,005Px00000Bnj46IAB,Law.com CSM,Edit,Read,None,Edit
001Px00000VvjSkIAJ,005Px00000Bnj46IAB,Law.com CSM,Edit,Read,None,Edit
001Px00000Xsia0IAB,005Px00000Bnj46IAB,Law.com CSM,Edit,Read,None,Edit
001Px00000Vva8tIAB,005Px00000Bnj46IAB,Law.com CSM,Edit,Read,None,Edit
001Px00000Vva8rIAB,005Px00000Bnj46IAB,Law.com CSM,Edit,Read,None,Edit
001Px00000VwQnHIAV,005Px00000Bnj46IAB,Law.com CSM,Edit,Read,None,Edit
001Px00000VwpHPIAZ,005Px00000Bnj46IAB,Law.com CSM,Edit,Read,None,Edit
001Px00000VvaGSIAZ,005Px00000Bnj46IAB,Law.com CSM,Edit,Read,None,Edit
001Px00000VvmTbIAJ,005Px00000Bnj46IAB,Law.com CSM,Edit,Read,None,Edit
001Px00000Xsl74IAB,005Px00000Bnj46IAB,Law.com CSM,Edit,Read,None,Edit
001Px00000XsaDQIAZ,005Px00000Bnj46IAB,Law.com CSM,Edit,Read,None,Edit
001Px00000XsaDcIAJ,005Px00000Bnj46IAB,Law.com CSM,Edit,Read,None,Edit
001Px00000VvhR9IAJ,005Px00000Bnj46IAB,Law.com CSM,Edit,Read,None,Edit
001Px00000VvYnwIAF,005Px00000Bnj46IAB,Law.com CSM,Edit,Read,None,Edit
001Px00000XsaERIAZ,005Px00000Bnj46IAB,Law.com CSM,Edit,Read,None,Edit
001Px00000VwhrfIAB,005Px00000Bnj46IAB,Law.com CSM,Edit,Read,None,Edit
001Px00000XsQ8FIAV,005Px00000Bnj46IAB,Law.com CSM,Edit,Read,None,Edit
001Px00000Vvp71IAB,005Px00000Bnj46IAB,Law.com CSM,Edit,Read,None,Edit
001Px00000VvpBSIAZ,005Px00000Bnj46IAB,Law.com CSM,Edit,Read,None,Edit
001Tm00000MESryIAH,005Px00000Bnj46IAB,Law.com CSM,Edit,Read,None,Edit
001Tm00000MEPgIIAX,005Px00000Bnj46IAB,Law.com CSM,Edit,Read,None,Edit
001Tm00000MERJPIA5,005Px00000Bnj46IAB,Law.com CSM,Edit,Read,None,Edit
001Px00000VvcSxIAJ,005Px00000Bnj46IAB,Law.com CSM,Edit,Read,None,Edit
001Px00000VveG3IAJ,005Px00000Bnj46IAB,Law.com CSM,Edit,Read,None,Edit
001Px00000VvX7jIAF,005Px00000Bnj46IAB,Law.com CSM,Edit,Read,None,Edit
001Px00000Vvi1FIAR,005Px00000Bnj46IAB,Law.com CSM,Edit,Read,None,Edit
001Px00000VvidEIAR,005Px00000Bnj46IAB,Law.com CSM,Edit,Read,None,Edit
001Px00000VvcOsIAJ,005Px00000Bnj46IAB,Law.com CSM,Edit,Read,None,Edit
001Px00000VvfasIAB,005Px00000Bnj46IAB,Law.com CSM,Edit,Read,None,Edit
001Px00000VvwY9IAJ,005Px00000Bnj46IAB,Law.com CSM,Edit,Read,None,Edit
001Px00000VvwCrIAJ,005Px00000Bnj46IAB,Law.com CSM,Edit,Read,None,Edit
001Px00000VvffFIAR,005Px00000Bnj46IAB,Law.com CSM,Edit,Read,None,Edit
001Px00000Vva19IAB,005Px00000Bnj46IAB,Law.com CSM,Edit,Read,None,Edit
001Px00000VvwYCIAZ,005Px00000Bnj46IAB,Law.com CSM,Edit,Read,None,Edit
001Px00000Xsi4SIAR,005Px00000Bnj46IAB,Law.com CSM,Edit,Read,None,Edit
001Px00000VvPpZIAV,005Px00000Bnj46IAB,Law.com CSM,Edit,Read,None,Edit
001Px00000VvwGNIAZ,005Px00000Bnj46IAB,Law.com CSM,Edit,Read,None,Edit
001Tm00000MESmPIAX,005Px00000Bnj46IAB,Law.com CSM,Edit,Read,None,Edit
001Px00000VvrmZIAR,005Px00000Bnj46IAB,Law.com CSM,Edit,Read,None,Edit
001Px00000VvO7oIAF,005Px00000Bnj46IAB,Law.com CSM,Edit,Read,None,Edit
001Px00000XsUepIAF,005Px00000Bnj46IAB,Law.com CSM,Edit,Read,None,Edit
001Px00000VvviyIAB,005Px00000Bnj46IAB,Law.com CSM,Edit,Read,None,Edit
001Px00000VvZ58IAF,005Px00000Bnj46IAB,Law.com CSM,Edit,Read,None,Edit
001Px00000VvgerIAB,005Px00000Bnj46IAB,Law.com CSM,Edit,Read,None,Edit
001Tm00000MtHYCIA3,005Px00000Bnj46IAB,Law.com CSM,Edit,Read,None,Edit
001Px00000XsUqPIAV,005Px00000Bnj46IAB,Law.com CSM,Edit,Read,None,Edit
001Px00000Vva9bIAB,005Px00000Bnj46IAB,Law.com CSM,Edit,Read,None,Edit
0016g00001AOZFrAAP,005Px00000Bnj46IAB,Law.com CSM,Edit,Read,None,Edit
001Px00000XsQ8vIAF,005Px00000Bnj46IAB,Law.com CSM,Edit,Read,None,Edit
001Px00000VvqhCIAR,005Px00000Bnj46IAB,Law.com CSM,Edit,Read,None,Edit
001Tm00000MEBoIIAX,005Px00000Bnj46IAB,Law.com CSM,Edit,Read,None,Edit
001Px00000VwhHvIAJ,005Px00000Bnj46IAB,Law.com CSM,Edit,Read,None,Edit
001Tm00000MtUGwIAN,005Px00000Bnj46IAB,Law.com CSM,Edit,Read,None,Edit
001Px00000VvjtDIAR,005Px00000Bnj46IAB,Law.com CSM,Edit,Read,None,Edit
001Tm00000MtRJAIA3,005Px00000Bnj46IAB,Law.com CSM,Edit,Read,None,Edit
001Px00000VvqhFIAR,005Px00000Bnj46IAB,Law.com CSM,Edit,Read,None,Edit
001Tm00000MEPgZIAX,005Px00000Bnj46IAB,Law.com CSM,Edit,Read,None,Edit
0014L00000dmy4cQAA,005Px00000Bnj46IAB,Law.com CSM,Edit,Read,None,Edit
001Px00000VvNUqIAN,005Px00000Bnj46IAB,Law.com CSM,Edit,Read,None,Edit
001Px00000XsgCLIAZ,005Px00000Bnj46IAB,Law.com CSM,Edit,Read,None,Edit
001Px00000Vvp6IIAR,005Px00000Bnj46IAB,Law.com CSM,Edit,Read,None,Edit
001Px00000VyD10IAF,005Px00000Bnj46IAB,Law.com CSM,Edit,Read,None,Edit
001Px00000VvR6QIAV,005Px00000Bnj46IAB,Law.com CSM,Edit,Read,None,Edit
001Px00000Xsi4mIAB,005Px00000Bnj46IAB,Law.com CSM,Edit,Read,None,Edit
001Tm00000MtMP0IAN,005Px00000Bnj46IAB,Law.com CSM,Edit,Read,None,Edit
001Px00000Vvv4kIAB,005Px00000Bnj46IAB,Law.com CSM,Edit,Read,None,Edit
001Tm00000MtTobIAF,005Px00000Bnj46IAB,Law.com CSM,Edit,Read,None,Edit
001Px00000VvfHVIAZ,005Px00000Bnj46IAB,Law.com CSM,Edit,Read,None,Edit
001Px00000VvojeIAB,005Px00000Bnj46IAB,Law.com CSM,Edit,Read,None,Edit
001Px00000VwhNNIAZ,005Px00000Bnj46IAB,Law.com CSM,Edit,Read,None,Edit
001Px00000VwgmmIAB,005Px00000Bnj46IAB,Law.com CSM,Edit,Read,None,Edit
001Px00000VwbaKIAR,005Px00000Bnj46IAB,Law.com CSM,Edit,Read,None,Edit
001Tm00000MECGrIAP,005Px00000Bnj46IAB,Law.com CSM,Edit,Read,None,Edit
001Px00000Xs1hwIAB,005Px00000Bnj46IAB,Law.com CSM,Edit,Read,None,Edit
0016g00001AOFc8AAH,005Px00000Bnj46IAB,Law.com CSM,Edit,Read,None,Edit
001Px00000Vvh2MIAR,005Px00000Bnj46IAB,Law.com CSM,Edit,Read,None,Edit
001Px00000VvwYDIAZ,005Px00000Bnj46IAB,Law.com CSM,Edit,Read,None,Edit
001Tm00000MELIHIA5,005Px00000Bnj46IAB,Law.com CSM,Edit,Read,None,Edit
001Px00000Xs1iOIAR,005Px00000Bnj46IAB,Law.com CSM,Edit,Read,None,Edit
001Px00000XsknfIAB,005Px00000Bnj46IAB,Law.com CSM,Edit,Read,None,Edit
001Tm00000Mt7mFIAR,005Px00000Bnj46IAB,Law.com CSM,Edit,Read,None,Edit
001Px00000XsVdrIAF,005Px00000Bnj46IAB,Law.com CSM,Edit,Read,None,Edit
001Px00000XsVe9IAF,005Px00000Bnj46IAB,Law.com CSM,Edit,Read,None,Edit
001Px00000VvglqIAB,005Px00000Bnj46IAB,Law.com CSM,Edit,Read,None,Edit
001Px00000Vvsw0IAB,005Px00000Bnj46IAB,Law.com CSM,Edit,Read,None,Edit
001Px00000Vvof3IAB,005Px00000Bnj46IAB,Law.com CSM,Edit,Read,None,Edit
001Px00000XsiZSIAZ,005Px00000Bnj46IAB,Law.com CSM,Edit,Read,None,Edit
001Px00000VvjQGIAZ,005Px00000Bnj46IAB,Law.com CSM,Edit,Read,None,Edit
0016g00001AOPiAAAX,005Px00000Bnj46IAB,Law.com CSM,Edit,Read,None,Edit
001Px00000Xsg1yIAB,005Px00000Bnj46IAB,Law.com CSM,Edit,Read,None,Edit
001Px00000Xsg24IAB,005Px00000Bnj46IAB,Law.com CSM,Edit,Read,None,Edit
001Px00000Xsg2CIAR,005Px00000Bnj46IAB,Law.com CSM,Edit,Read,None,Edit
001Px00000Vwi9VIAR,005Px00000Bnj46IAB,Law.com CSM,Edit,Read,None,Edit
001Px00000VvoSkIAJ,005Px00000Bnj46IAB,Law.com CSM,Edit,Read,None,Edit
001Px00000Vva6TIAR,005Px00000Bnj46IAB,Law.com CSM,Edit,Read,None,Edit
001Px00000VvPV3IAN,005Px00000Bnj46IAB,Law.com CSM,Edit,Read,None,Edit
001Px00000VvxKJIAZ,005Px00000Bnj46IAB,Law.com CSM,Edit,Read,None,Edit
001Px00000Vvl84IAB,005Px00000Bnj46IAB,Law.com CSM,Edit,Read,None,Edit
001Px00000XsVhGIAV,005Px00000Bnj46IAB,Law.com CSM,Edit,Read,None,Edit
001Px00000XsVhLIAV,005Px00000Bnj46IAB,Law.com CSM,Edit,Read,None,Edit
001Tm00000Mt81KIAR,005Px00000Bnj46IAB,Law.com CSM,Edit,Read,None,Edit
001Px00000XsVhuIAF,005Px00000Bnj46IAB,Law.com CSM,Edit,Read,None,Edit
001Px00000VvbOOIAZ,005Px00000Bnj46IAB,Law.com CSM,Edit,Read,None,Edit
001Tm00000MEU7IIAX,005Px00000Bnj46IAB,Law.com CSM,Edit,Read,None,Edit
001Tm00000MtFMRIA3,005Px00000Bnj46IAB,Law.com CSM,Edit,Read,None,Edit
001Px00000VvxK0IAJ,005Px00000Bnj46IAB,Law.com CSM,Edit,Read,None,Edit
001Px00000Xsl0iIAB,005Px00000Bnj46IAB,Law.com CSM,Edit,Read,None,Edit
001Tm00000MtXJPIA3,005Px00000Bnj46IAB,Law.com CSM,Edit,Read,None,Edit
001Px00000VyM2iIAF,005Px00000Bnj46IAB,Law.com CSM,Edit,Read,None,Edit
001Tm00000MESmRIAX,005Px00000Bnj46IAB,Law.com CSM,Edit,Read,None,Edit
001Tm00000MtXTBIA3,005Px00000Bnj46IAB,Law.com CSM,Edit,Read,None,Edit
001Px00000VwENbIAN,005Px00000Bnj46IAB,Law.com CSM,Edit,Read,None,Edit
001Px00000VvccYIAR,005Px00000Bnj46IAB,Law.com CSM,Edit,Read,None,Edit
001Px00000XsaDNIAZ,005Px00000Bnj46IAB,Law.com CSM,Edit,Read,None,Edit
001Px00000XsaEiIAJ,005Px00000Bnj46IAB,Law.com CSM,Edit,Read,None,Edit
001Px00000VvbmTIAR,005Px00000Bnj46IAB,Law.com CSM,Edit,Read,None,Edit
001Px00000Vvn6vIAB,005Px00000Bnj46IAB,Law.com CSM,Edit,Read,None,Edit
001Px00000VvTi0IAF,005Px00000Bnj46IAB,Law.com CSM,Edit,Read,None,Edit
001Px00000VvhBtIAJ,005Px00000Bnj46IAB,Law.com CSM,Edit,Read,None,Edit
001Tm00000MEUzdIAH,005Px00000Bnj46IAB,Law.com CSM,Edit,Read,None,Edit
001Px00000VvpVBIAZ,005Px00000Bnj46IAB,Law.com CSM,Edit,Read,None,Edit
001Px00000VvQruIAF,005Px00000Bnj46IAB,Law.com CSM,Edit,Read,None,Edit
001Px00000VvfVbIAJ,005Px00000Bnj46IAB,Law.com CSM,Edit,Read,None,Edit
001Px00000VvPOZIA3,005Px00000Bnj46IAB,Law.com CSM,Edit,Read,None,Edit
001Px00000VxS1nIAF,005Px00000Bnj46IAB,Law.com CSM,Edit,Read,None,Edit
001Px00000VvjtCIAR,005Px00000Bnj46IAB,Law.com CSM,Edit,Read,None,Edit
0016g00001ANr3RAAT,005Px00000Bnj46IAB,Law.com CSM,Edit,Read,None,Edit
001Px00000VwZPsIAN,005Px00000Bnj46IAB,Law.com CSM,Edit,Read,None,Edit
001Px00000VvgImIAJ,005Px00000Bnj46IAB,Law.com CSM,Edit,Read,None,Edit
001Px00000VwYgnIAF,005Px00000Bnj46IAB,Law.com CSM,Edit,Read,None,Edit
001Px00000VvR9TIAV,005Px00000Bnj46IAB,Law.com CSM,Edit,Read,None,Edit
001Tm00000MtTyJIAV,005Px00000Bnj46IAB,Law.com CSM,Edit,Read,None,Edit
001Tm00000MEKKfIAP,005Px00000Bnj46IAB,Law.com CSM,Edit,Read,None,Edit
001Px00000VvZMhIAN,005Px00000Bnj46IAB,Law.com CSM,Edit,Read,None,Edit
001Px00000VwhHJIAZ,005Px00000Bnj46IAB,Law.com CSM,Edit,Read,None,Edit
0016g00001ANzYaAAL,005Px00000Bnj46IAB,Law.com CSM,Edit,Read,None,Edit
0016g00001AO0iOAAT,005Px00000Bnj46IAB,Law.com CSM,Edit,Read,None,Edit
001Px00000Xs1UUIAZ,005Px00000Bnj46IAB,Law.com CSM,Edit,Read,None,Edit
001Px00000Xsl76IAB,005Px00000Bnj46IAB,Law.com CSM,Edit,Read,None,Edit
001Px00000VvwXrIAJ,005Px00000Bnj46IAB,Law.com CSM,Edit,Read,None,Edit
001Px00000VvZXqIAN,005Px00000Bnj46IAB,Law.com CSM,Edit,Read,None,Edit
001Tm00000MEUtZIAX,005Px00000Bnj46IAB,Law.com CSM,Edit,Read,None,Edit
001Px00000VvbbBIAR,005Px00000Bnj46IAB,Law.com CSM,Edit,Read,None,Edit
001Px00000VvbbpIAB,005Px00000Bnj46IAB,Law.com CSM,Edit,Read,None,Edit
001Px00000VvsYPIAZ,005Px00000Bnj46IAB,Law.com CSM,Edit,Read,None,Edit
001Px00000VvfUKIAZ,005Px00000Bnj46IAB,Law.com CSM,Edit,Read,None,Edit
001Px00000VvFZaIAN,005Px00000Bnj46IAB,Law.com CSM,Edit,Read,None,Edit
001Tm00000MtWbpIAF,005Px00000Bnj46IAB,Law.com CSM,Edit,Read,None,Edit
001Px00000VvMlyIAF,005Px00000Bnj46IAB,Law.com CSM,Edit,Read,None,Edit
001Px00000VvbkQIAR,005Px00000Bnj46IAB,Law.com CSM,Edit,Read,None,Edit
001Px00000VvPUtIAN,005Px00000Bnj46IAB,Law.com CSM,Edit,Read,None,Edit
001Px00000Vvi1oIAB,005Px00000Bnj46IAB,Law.com CSM,Edit,Read,None,Edit
001Px00000Vvxj7IAB,005Px00000Bnj46IAB,Law.com CSM,Edit,Read,None,Edit
001Px00000VvsEKIAZ,005Px00000Bnj46IAB,Law.com CSM,Edit,Read,None,Edit
001Px00000Vvl8FIAR,005Px00000Bnj46IAB,Law.com CSM,Edit,Read,None,Edit
001Px00000VvaPTIAZ,005Px00000Bnj46IAB,Law.com CSM,Edit,Read,None,Edit
001Px00000VvyDAIAZ,005Px00000Bnj46IAB,Law.com CSM,Edit,Read,None,Edit
001Px00000VvDSVIA3,005Px00000Bnj46IAB,Law.com CSM,Edit,Read,None,Edit
001Px00000VvcgeIAB,005Px00000Bnj46IAB,Law.com CSM,Edit,Read,None,Edit
001Tm00000MEWMEIA5,005Px00000Bnj46IAB,Law.com CSM,Edit,Read,None,Edit
001Px00000VvZuTIAV,005Px00000Bnj46IAB,Law.com CSM,Edit,Read,None,Edit
001Px00000Vvk1TIAR,005Px00000Bnj46IAB,Law.com CSM,Edit,Read,None,Edit
001Px00000VvhzmIAB,005Px00000Bnj46IAB,Law.com CSM,Edit,Read,None,Edit
001Px00000VvdaeIAB,005Px00000Bnj46IAB,Law.com CSM,Edit,Read,None,Edit
001Px00000VvfA5IAJ,005Px00000Bnj46IAB,Law.com CSM,Edit,Read,None,Edit
001Px00000VvOZhIAN,005Px00000Bnj46IAB,Law.com CSM,Edit,Read,None,Edit
001Px00000VvXKsIAN,005Px00000Bnj46IAB,Law.com CSM,Edit,Read,None,Edit
001Px00000XsUeEIAV,005Px00000Bnj46IAB,Law.com CSM,Edit,Read,None,Edit
001Tm00000MtTFNIA3,005Px00000Bnj46IAB,Law.com CSM,Edit,Read,None,Edit
001Px00000XsUeTIAV,005Px00000Bnj46IAB,Law.com CSM,Edit,Read,None,Edit
001Tm00000MEIvHIAX,005Px00000Bnj46IAB,Law.com CSM,Edit,Read,None,Edit
001Px00000XsUetIAF,005Px00000Bnj46IAB,Law.com CSM,Edit,Read,None,Edit
001Tm00000ME8fVIAT,005Px00000Bnj46IAB,Law.com CSM,Edit,Read,None,Edit
001Px00000VvoRaIAJ,005Px00000Bnj46IAB,Law.com CSM,Edit,Read,None,Edit
001Px00000VvJ5uIAF,005Px00000Bnj46IAB,Law.com CSM,Edit,Read,None,Edit
001Px00000XsUqRIAV,005Px00000Bnj46IAB,Law.com CSM,Edit,Read,None,Edit
001Px00000XsUqYIAV,005Px00000Bnj46IAB,Law.com CSM,Edit,Read,None,Edit
001Px00000VvqEMIAZ,005Px00000Bnj46IAB,Law.com CSM,Edit,Read,None,Edit
001Px00000VvjDDIAZ,005Px00000Bnj46IAB,Law.com CSM,Edit,Read,None,Edit
001Px00000Xs1UIIAZ,005Px00000Bnj46IAB,Law.com CSM,Edit,Read,None,Edit
001Px00000VwaA1IAJ,005Px00000Bnj46IAB,Law.com CSM,Edit,Read,None,Edit
001Px00000Xs1UvIAJ,005Px00000Bnj46IAB,Law.com CSM,Edit,Read,None,Edit
001Tm00000MtMABIA3,005Px00000Bnj46IAB,Law.com CSM,Edit,Read,None,Edit
001Px00000Xs1VNIAZ,005Px00000Bnj46IAB,Law.com CSM,Edit,Read,None,Edit
001Px00000Vvg1xIAB,005Px00000Bnj46IAB,Law.com CSM,Edit,Read,None,Edit
001Px00000VwVVjIAN,005Px00000Bnj46IAB,Law.com CSM,Edit,Read,None,Edit
001Px00000VvrpOIAR,005Px00000Bnj46IAB,Law.com CSM,Edit,Read,None,Edit
001Px00000XscvIIAR,005Px00000Bnj46IAB,Law.com CSM,Edit,Read,None,Edit
001Px00000XscvkIAB,005Px00000Bnj46IAB,Law.com CSM,Edit,Read,None,Edit
001Px00000XscwQIAR,005Px00000Bnj46IAB,Law.com CSM,Edit,Read,None,Edit
001Px00000VvjDEIAZ,005Px00000Bnj46IAB,Law.com CSM,Edit,Read,None,Edit
001Px00000VvYnzIAF,005Px00000Bnj46IAB,Law.com CSM,Edit,Read,None,Edit
001Px00000Vvig8IAB,005Px00000Bnj46IAB,Law.com CSM,Edit,Read,None,Edit
001Px00000VvjDcIAJ,005Px00000Bnj46IAB,Law.com CSM,Edit,Read,None,Edit
001Px00000XsgDFIAZ,005Px00000Bnj46IAB,Law.com CSM,Edit,Read,None,Edit
001Px00000Vvi0KIAR,005Px00000Bnj46IAB,Law.com CSM,Edit,Read,None,Edit
001Px00000Xsi4XIAR,005Px00000Bnj46IAB,Law.com CSM,Edit,Read,None,Edit
001Px00000VvuT2IAJ,005Px00000Bnj46IAB,Law.com CSM,Edit,Read,None,Edit
001Px00000Vvh6NIAR,005Px00000Bnj46IAB,Law.com CSM,Edit,Read,None,Edit
001Px00000VvuShIAJ,005Px00000Bnj46IAB,Law.com CSM,Edit,Read,None,Edit
001Px00000VvZuiIAF,005Px00000Bnj46IAB,Law.com CSM,Edit,Read,None,Edit
001Tm00000MtToBIAV,005Px00000Bnj46IAB,Law.com CSM,Edit,Read,None,Edit
001Px00000Xsi58IAB,005Px00000Bnj46IAB,Law.com CSM,Edit,Read,None,Edit
001Px00000VvZ2oIAF,005Px00000Bnj46IAB,Law.com CSM,Edit,Read,None,Edit
001Px00000Vvh39IAB,005Px00000Bnj46IAB,Law.com CSM,Edit,Read,None,Edit
001Px00000Xs1hWIAR,005Px00000Bnj46IAB,Law.com CSM,Edit,Read,None,Edit
001Px00000VwNX9IAN,005Px00000Bnj46IAB,Law.com CSM,Edit,Read,None,Edit
001Px00000Vvg5pIAB,005Px00000Bnj46IAB,Law.com CSM,Edit,Read,None,Edit
001Px00000VvPVTIA3,005Px00000Bnj46IAB,Law.com CSM,Edit,Read,None,Edit
001Px00000VwZPuIAN,005Px00000Bnj46IAB,Law.com CSM,Edit,Read,None,Edit
001Tm00000MEUcOIAX,005Px00000Bnj46IAB,Law.com CSM,Edit,Read,None,Edit
001Tm00000MESPgIAP,005Px00000Bnj46IAB,Law.com CSM,Edit,Read,None,Edit
001Px00000VvaqWIAR,005Px00000Bnj46IAB,Law.com CSM,Edit,Read,None,Edit
001Px00000Xsl78IAB,005Px00000Bnj46IAB,Law.com CSM,Edit,Read,None,Edit
001Px00000XsVepIAF,005Px00000Bnj46IAB,Law.com CSM,Edit,Read,None,Edit
001Px00000VvfOzIAJ,005Px00000Bnj46IAB,Law.com CSM,Edit,Read,None,Edit
001Px00000VvOytIAF,005Px00000Bnj46IAB,Law.com CSM,Edit,Read,None,Edit
001Px00000XsiZkIAJ,005Px00000Bnj46IAB,Law.com CSM,Edit,Read,None,Edit
0016g00001AOMTbAAP,005Px00000Bnj46IAB,Law.com CSM,Edit,Read,None,Edit
001Px00000XsiaHIAR,005Px00000Bnj46IAB,Law.com CSM,Edit,Read,None,Edit
001Px00000XskqsIAB,005Px00000Bnj46IAB,Law.com CSM,Edit,Read,None,Edit
001Px00000Vy2ehIAB,005Px00000Bnj46IAB,Law.com CSM,Edit,Read,None,Edit
001Px00000Xsg2AIAR,005Px00000Bnj46IAB,Law.com CSM,Edit,Read,None,Edit
001Px00000VxRF3IAN,005Px00000Bnj46IAB,Law.com CSM,Edit,Read,None,Edit
001Px00000Xsg2GIAR,005Px00000Bnj46IAB,Law.com CSM,Edit,Read,None,Edit
001Px00000XskuDIAR,005Px00000Bnj46IAB,Law.com CSM,Edit,Read,None,Edit
001Px00000VwZk8IAF,005Px00000Bnj46IAB,Law.com CSM,Edit,Read,None,Edit
001Px00000VwePuIAJ,005Px00000Bnj46IAB,Law.com CSM,Edit,Read,None,Edit
001Px00000VvrmJIAR,005Px00000Bnj46IAB,Law.com CSM,Edit,Read,None,Edit
001Tm00000MtEb7IAF,005Px00000Bnj46IAB,Law.com CSM,Edit,Read,None,Edit
001Tm00000MtEbTIAV,005Px00000Bnj46IAB,Law.com CSM,Edit,Read,None,Edit
001Px00000XsUNMIA3,005Px00000Bnj46IAB,Law.com CSM,Edit,Read,None,Edit
001Px00000VvaGgIAJ,005Px00000Bnj46IAB,Law.com CSM,Edit,Read,None,Edit
001Px00000XsUNiIAN,005Px00000Bnj46IAB,Law.com CSM,Edit,Read,None,Edit
001Px00000Vvpd3IAB,005Px00000Bnj46IAB,Law.com CSM,Edit,Read,None,Edit
001Px00000XsVgwIAF,005Px00000Bnj46IAB,Law.com CSM,Edit,Read,None,Edit
001Px00000XsVh3IAF,005Px00000Bnj46IAB,Law.com CSM,Edit,Read,None,Edit
001Tm00000Mt816IAB,005Px00000Bnj46IAB,Law.com CSM,Edit,Read,None,Edit
0016g00001AOVp4AAH,005Px00000Bnj46IAB,Law.com CSM,Edit,Read,None,Edit
001Px00000VwZwOIAV,005Px00000Bnj46IAB,Law.com CSM,Edit,Read,None,Edit
001Px00000XsVhrIAF,005Px00000Bnj46IAB,Law.com CSM,Edit,Read,None,Edit
001Px00000VvgmOIAR,005Px00000Bnj46IAB,Law.com CSM,Edit,Read,None,Edit
001Px00000XsbroIAB,005Px00000Bnj46IAB,Law.com CSM,Edit,Read,None,Edit
001Tm00000MtXNWIA3,005Px00000Bnj46IAB,Law.com CSM,Edit,Read,None,Edit
001Tm00000MtXS0IAN,005Px00000Bnj46IAB,Law.com CSM,Edit,Read,None,Edit
001Px00000VvQreIAF,005Px00000Bnj46IAB,Law.com CSM,Edit,Read,None,Edit
001Tm00000MEWVgIAP,005Px00000Bnj46IAB,Law.com CSM,Edit,Read,None,Edit
0016g00001AOczdAAD,005Px00000Bnj46IAB,Law.com CSM,Edit,Read,None,Edit
001Px00000VvkiFIAR,005Px00000Bnj46IAB,Law.com CSM,Edit,Read,None,Edit
001Px00000Xsl2YIAR,005Px00000Bnj46IAB,Law.com CSM,Edit,Read,None,Edit
001Px00000Vvd9iIAB,005Px00000Bnj46IAB,Law.com CSM,Edit,Read,None,Edit
001Px00000XsaEIIAZ,005Px00000Bnj46IAB,Law.com CSM,Edit,Read,None,Edit
001Px00000XsQ80IAF,005Px00000Bnj46IAB,Law.com CSM,Edit,Read,None,Edit
001Px00000VvuLVIAZ,005Px00000Bnj46IAB,Law.com CSM,Edit,Read,None,Edit
001Px00000VvjyaIAB,005Px00000Bnj46IAB,Law.com CSM,Edit,Read,None,Edit
001Px00000Vw9klIAB,005Px00000Bnj46IAB,Law.com CSM,Edit,Read,None,Edit
001Px00000Vvik2IAB,005Px00000Bnj46IAB,Law.com CSM,Edit,Read,None,Edit
001Px00000Vvda7IAB,005Px00000Bnj46IAB,Law.com CSM,Edit,Read,None,Edit
001Px00000VvpM4IAJ,005Px00000Bnj46IAB,Law.com CSM,Edit,Read,None,Edit
001Px00000VvR5hIAF,005Px00000Bnj46IAB,Law.com CSM,Edit,Read,None,Edit
001Px00000VvpV5IAJ,005Px00000Bnj46IAB,Law.com CSM,Edit,Read,None,Edit
001Px00000Vvd9gIAB,005Px00000Bnj46IAB,Law.com CSM,Edit,Read,None,Edit
0016g00001AOEFgAAP,005Px00000Bnj46IAB,Law.com CSM,Edit,Read,None,Edit
0016g00001AOTn2AAH,005Px00000Bnj46IAB,Law.com CSM,Edit,Read,None,Edit
001Px00000VvvihIAB,005Px00000Bnj46IAB,Law.com CSM,Edit,Read,None,Edit
001Px00000VvxJaIAJ,005Px00000Bnj46IAB,Law.com CSM,Edit,Read,None,Edit
001Px00000VvY8KIAV,005Px00000Bnj46IAB,Law.com CSM,Edit,Read,None,Edit
001Px00000VyNGyIAN,005Px00000Bnj46IAB,Law.com CSM,Edit,Read,None,Edit
001Px00000VvflFIAR,005Px00000Bnj46IAB,Law.com CSM,Edit,Read,None,Edit
001Px00000VvbkmIAB,005Px00000Bnj46IAB,Law.com CSM,Edit,Read,None,Edit
001Px00000Xs1iDIAR,005Px00000Bnj46IAB,Law.com CSM,Edit,Read,None,Edit
001Px00000VvsCTIAZ,005Px00000Bnj46IAB,Law.com CSM,Edit,Read,None,Edit
001Px00000VvSQgIAN,005Px00000Bnj46IAB,Law.com CSM,Edit,Read,None,Edit
001Px00000VvFZPIA3,005Px00000Bnj46IAB,Law.com CSM,Edit,Read,None,Edit
001Px00000VvOlXIAV,005Px00000Bnj46IAB,Law.com CSM,Edit,Read,None,Edit
001Px00000VwWEsIAN,005Px00000Bnj46IAB,Law.com CSM,Edit,Read,None,Edit
001Px00000XsUeUIAV,005Px00000Bnj46IAB,Law.com CSM,Edit,Read,None,Edit
001Px00000VvvivIAB,005Px00000Bnj46IAB,Law.com CSM,Edit,Read,None,Edit
0016g00001ANoZGAA1,005Px00000Bnj46IAB,Law.com CSM,Edit,Read,None,Edit
001Px00000VvyDKIAZ,005Px00000Bnj46IAB,Law.com CSM,Edit,Read,None,Edit
001Px00000Vvb7WIAR,005Px00000Bnj46IAB,Law.com CSM,Edit,Read,None,Edit
001Px00000VvVyVIAV,005Px00000Bnj46IAB,Law.com CSM,Edit,Read,None,Edit
001Tm00000MtJRuIAN,005Px00000Bnj46IAB,Law.com CSM,Edit,Read,None,Edit
001Px00000XsUpUIAV,005Px00000Bnj46IAB,Law.com CSM,Edit,Read,None,Edit
001Px00000VwfOPIAZ,005Px00000Bnj46IAB,Law.com CSM,Edit,Read,None,Edit
001Tm00000MERkPIAX,005Px00000Bnj46IAB,Law.com CSM,Edit,Read,None,Edit
001Px00000VvpDtIAJ,005Px00000Bnj46IAB,Law.com CSM,Edit,Read,None,Edit
001Px00000XsUqAIAV,005Px00000Bnj46IAB,Law.com CSM,Edit,Read,None,Edit
001Px00000VvbbZIAR,005Px00000Bnj46IAB,Law.com CSM,Edit,Read,None,Edit
001Px00000XsUqoIAF,005Px00000Bnj46IAB,Law.com CSM,Edit,Read,None,Edit
001Px00000VvyCiIAJ,005Px00000Bnj46IAB,Law.com CSM,Edit,Read,None,Edit
001Px00000Xs1UNIAZ,005Px00000Bnj46IAB,Law.com CSM,Edit,Read,None,Edit
001Tm00000MtU0pIAF,005Px00000Bnj46IAB,Law.com CSM,Edit,Read,None,Edit
001Px00000VvILiIAN,005Px00000Bnj46IAB,Law.com CSM,Edit,Read,None,Edit
0016g00001ANxmlAAD,005Px00000Bnj46IAB,Law.com CSM,Edit,Read,None,Edit
001Px00000VvwCaIAJ,005Px00000Bnj46IAB,Law.com CSM,Edit,Read,None,Edit
001Px00000Vvi8cIAB,005Px00000Bnj46IAB,Law.com CSM,Edit,Read,None,Edit
001Px00000Xske2IAB,005Px00000Bnj46IAB,Law.com CSM,Edit,Read,None,Edit
001Tm00000MESbvIAH,005Px00000Bnj46IAB,Law.com CSM,Edit,Read,None,Edit
001Px00000XskeAIAR,005Px00000Bnj46IAB,Law.com CSM,Edit,Read,None,Edit
001Px00000VvmtUIAR,005Px00000Bnj46IAB,Law.com CSM,Edit,Read,None,Edit
001Px00000XscvtIAB,005Px00000Bnj46IAB,Law.com CSM,Edit,Read,None,Edit
001Px00000VvhQqIAJ,005Px00000Bnj46IAB,Law.com CSM,Edit,Read,None,Edit
001Px00000VvigmIAB,005Px00000Bnj46IAB,Law.com CSM,Edit,Read,None,Edit
001Px00000Vvg6qIAB,005Px00000Bnj46IAB,Law.com CSM,Edit,Read,None,Edit
001Px00000XsUu1IAF,005Px00000Bnj46IAB,Law.com CSM,Edit,Read,None,Edit
001Px00000XsUu6IAF,005Px00000Bnj46IAB,Law.com CSM,Edit,Read,None,Edit
001Px00000XskhPIAR,005Px00000Bnj46IAB,Law.com CSM,Edit,Read,None,Edit
001Px00000VvtKYIAZ,005Px00000Bnj46IAB,Law.com CSM,Edit,Read,None,Edit
001Px00000VvXrAIAV,005Px00000Bnj46IAB,Law.com CSM,Edit,Read,None,Edit
001Px00000XsgCdIAJ,005Px00000Bnj46IAB,Law.com CSM,Edit,Read,None,Edit
001Px00000VwpAKIAZ,005Px00000Bnj46IAB,Law.com CSM,Edit,Read,None,Edit
001Px00000VvuipIAB,005Px00000Bnj46IAB,Law.com CSM,Edit,Read,None,Edit
001Px00000XsgDQIAZ,005Px00000Bnj46IAB,Law.com CSM,Edit,Read,None,Edit
001Px00000XsgDkIAJ,005Px00000Bnj46IAB,Law.com CSM,Edit,Read,None,Edit
001Tm00000MtO2cIAF,005Px00000Bnj46IAB,Law.com CSM,Edit,Read,None,Edit
001Px00000Xsi4oIAB,005Px00000Bnj46IAB,Law.com CSM,Edit,Read,None,Edit
001Tm00000MtMP6IAN,005Px00000Bnj46IAB,Law.com CSM,Edit,Read,None,Edit
001Px00000VvWbGIAV,005Px00000Bnj46IAB,Law.com CSM,Edit,Read,None,Edit
001Tm00000MEAubIAH,005Px00000Bnj46IAB,Law.com CSM,Edit,Read,None,Edit
001Px00000Xsi4zIAB,005Px00000Bnj46IAB,Law.com CSM,Edit,Read,None,Edit
001Tm00000MtVHpIAN,005Px00000Bnj46IAB,Law.com CSM,Edit,Read,None,Edit
001Px00000VvVAKIA3,005Px00000Bnj46IAB,Law.com CSM,Edit,Read,None,Edit
001Px00000Xsi5IIAR,005Px00000Bnj46IAB,Law.com CSM,Edit,Read,None,Edit
001Tm00000MtVN4IAN,005Px00000Bnj46IAB,Law.com CSM,Edit,Read,None,Edit
001Px00000VxIbBIAV,005Px00000Bnj46IAB,Law.com CSM,Edit,Read,None,Edit
001Px00000Xsi5eIAB,005Px00000Bnj46IAB,Law.com CSM,Edit,Read,None,Edit
001Px00000Xsi5iIAB,005Px00000Bnj46IAB,Law.com CSM,Edit,Read,None,Edit
001Px00000VvuiqIAB,005Px00000Bnj46IAB,Law.com CSM,Edit,Read,None,Edit
001Tm00000MtIAWIA3,005Px00000Bnj46IAB,Law.com CSM,Edit,Read,None,Edit
001Px00000Vvui7IAB,005Px00000Bnj46IAB,Law.com CSM,Edit,Read,None,Edit
001Tm00000MEOuIIAX,005Px00000Bnj46IAB,Law.com CSM,Edit,Read,None,Edit
001Px00000Xs1hmIAB,005Px00000Bnj46IAB,Law.com CSM,Edit,Read,None,Edit
001Tm00000MtJefIAF,005Px00000Bnj46IAB,Law.com CSM,Edit,Read,None,Edit
001Px00000VvU3NIAV,005Px00000Bnj46IAB,Law.com CSM,Edit,Read,None,Edit
0016g00001AOHCzAAP,005Px00000Bnj46IAB,Law.com CSM,Edit,Read,None,Edit
001Px00000VxXdBIAV,005Px00000Bnj46IAB,Law.com CSM,Edit,Read,None,Edit
0014L00000lPgucQAC,005Px00000Bnj46IAB,Law.com CSM,Edit,Read,None,Edit
001Tm00000MtRZUIA3,005Px00000Bnj46IAB,Law.com CSM,Edit,Read,None,Edit
001Px00000VyAtuIAF,005Px00000Bnj46IAB,Law.com CSM,Edit,Read,None,Edit
001Px00000XsVerIAF,005Px00000Bnj46IAB,Law.com CSM,Edit,Read,None,Edit
001Px00000XsVesIAF,005Px00000Bnj46IAB,Law.com CSM,Edit,Read,None,Edit
001Px00000VvNdsIAF,005Px00000Bnj46IAB,Law.com CSM,Edit,Read,None,Edit
001Tm00000MtWHcIAN,005Px00000Bnj46IAB,Law.com CSM,Edit,Read,None,Edit
001Px00000XsiZJIAZ,005Px00000Bnj46IAB,Law.com CSM,Edit,Read,None,Edit
001Px00000XsiaVIAR,005Px00000Bnj46IAB,Law.com CSM,Edit,Read,None,Edit
001Px00000VwH2CIAV,005Px00000Bnj46IAB,Law.com CSM,Edit,Read,None,Edit
001Tm00000MtWYRIA3,005Px00000Bnj46IAB,Law.com CSM,Edit,Read,None,Edit
001Px00000Xsg20IAB,005Px00000Bnj46IAB,Law.com CSM,Edit,Read,None,Edit
001Px00000VvWf0IAF,005Px00000Bnj46IAB,Law.com CSM,Edit,Read,None,Edit
001Px00000Vwvs5IAB,005Px00000Bnj46IAB,Law.com CSM,Edit,Read,None,Edit
001Tm00000MtCFoIAN,005Px00000Bnj46IAB,Law.com CSM,Edit,Read,None,Edit
001Px00000XsUMlIAN,005Px00000Bnj46IAB,Law.com CSM,Edit,Read,None,Edit
001Px00000XsUMnIAN,005Px00000Bnj46IAB,Law.com CSM,Edit,Read,None,Edit
001Px00000XsUNDIA3,005Px00000Bnj46IAB,Law.com CSM,Edit,Read,None,Edit
001Px00000XsVhKIAV,005Px00000Bnj46IAB,Law.com CSM,Edit,Read,None,Edit
001Px00000XsVhRIAV,005Px00000Bnj46IAB,Law.com CSM,Edit,Read,None,Edit
001Tm00000Mt71DIAR,005Px00000Bnj46IAB,Law.com CSM,Edit,Read,None,Edit
001Px00000Vvv3UIAR,005Px00000Bnj46IAB,Law.com CSM,Edit,Read,None,Edit
001Px00000Xsl0YIAR,005Px00000Bnj46IAB,Law.com CSM,Edit,Read,None,Edit
001Tm00000MEC7FIAX,005Px00000Bnj46IAB,Law.com CSM,Edit,Read,None,Edit
001Tm00000MtXIzIAN,005Px00000Bnj46IAB,Law.com CSM,Edit,Read,None,Edit
001Px00000XsbrcIAB,005Px00000Bnj46IAB,Law.com CSM,Edit,Read,None,Edit
001Px00000VvufmIAB,005Px00000Bnj46IAB,Law.com CSM,Edit,Read,None,Edit
001Px00000VvxJjIAJ,005Px00000Bnj46IAB,Law.com CSM,Edit,Read,None,Edit
001Px00000Xsl2VIAR,005Px00000Bnj46IAB,Law.com CSM,Edit,Read,None,Edit
001Px00000VvZRcIAN,005Px00000Bnj46IAB,Law.com CSM,Edit,Read,None,Edit
001Px00000Vvch2IAB,005Px00000Bnj46IAB,Law.com CSM,Edit,Read,None,Edit
001Px00000VvsERIAZ,005Px00000Bnj46IAB,Law.com CSM,Edit,Read,None,Edit
0016g00001AOee1AAD,005Px00000Bnj46IAB,Law.com CSM,Edit,Read,None,Edit
001Px00000XsaEOIAZ,005Px00000Bnj46IAB,Law.com CSM,Edit,Read,None,Edit
001Px00000XsaEWIAZ,005Px00000Bnj46IAB,Law.com CSM,Edit,Read,None,Edit
001Px00000XsQ7jIAF,005Px00000Bnj46IAB,Law.com CSM,Edit,Read,None,Edit
001Px00000Vy3JiIAJ,005Px00000Bnj46IAB,Law.com CSM,Edit,Read,None,Edit
001Px00000VvRZtIAN,005Px00000Bnj46IAB,Law.com CSM,Edit,Read,None,Edit
001Tm00000MESEDIA5,005Px00000Bnj46IAB,Law.com CSM,Edit,Read,None,Edit
001Px00000VveX5IAJ,005Px00000Bnj46IAB,Law.com CSM,Edit,Read,None,Edit
001Px00000VvndkIAB,005Px00000Bnj46IAB,Law.com CSM,Edit,Read,None,Edit
001Px00000Vvb87IAB,005Px00000Bnj46IAB,Law.com CSM,Edit,Read,None,Edit
001Px00000XsUq8IAF,005Px00000Bnj46IAB,Law.com CSM,Edit,Read,None,Edit
001Tm00000MEPhWIAX,005Px00000Bnj46IAB,Law.com CSM,Edit,Read,None,Edit
001Px00000VwTaqIAF,005Px00000Bnj46IAB,Law.com CSM,Edit,Read,None,Edit
001Px00000XskqrIAB,005Px00000Bnj46IAB,Law.com CSM,Edit,Read,None,Edit
001Px00000VvdaZIAR,005Px00000Bnj46IAB,Law.com CSM,Edit,Read,None,Edit
001Tm00000MEN2wIAH,005Px00000Bnj46IAB,Law.com CSM,Edit,Read,None,Edit
001Px00000VvvEPIAZ,005Px00000Bnj46IAB,Law.com CSM,Edit,Read,None,Edit
001Px00000VvOzaIAF,005Px00000Bnj46IAB,Law.com CSM,Edit,Read,None,Edit
001Px00000VvcTFIAZ,005Px00000Bnj46IAB,Law.com CSM,Edit,Read,None,Edit
001Px00000Vva1VIAR,005Px00000Bnj46IAB,Law.com CSM,Edit,Read,None,Edit
001Px00000Vvpg2IAB,005Px00000Bnj46IAB,Law.com CSM,Edit,Read,None,Edit
001Px00000VwWGzIAN,005Px00000Bnj46IAB,Law.com CSM,Edit,Read,None,Edit
001Px00000VwRGTIA3,005Px00000Bnj46IAB,Law.com CSM,Edit,Read,None,Edit
001Px00000VvVfGIAV,005Px00000Bnj46IAB,Law.com CSM,Edit,Read,None,Edit
001Px00000VvhODIAZ,005Px00000Bnj46IAB,Law.com CSM,Edit,Read,None,Edit
0016g00001AODGPAA5,005Px00000Bnj46IAB,Law.com CSM,Edit,Read,None,Edit
001Px00000VvgmLIAR,005Px00000Bnj46IAB,Law.com CSM,Edit,Read,None,Edit
001Px00000VvdIIIAZ,005Px00000Bnj46IAB,Law.com CSM,Edit,Read,None,Edit
001Px00000VvrqPIAR,005Px00000Bnj46IAB,Law.com CSM,Edit,Read,None,Edit
001Px00000VvjAzIAJ,005Px00000Bnj46IAB,Law.com CSM,Edit,Read,None,Edit
001Px00000VvfPIIAZ,005Px00000Bnj46IAB,Law.com CSM,Edit,Read,None,Edit
001Px00000VvdaaIAB,005Px00000Bnj46IAB,Law.com CSM,Edit,Read,None,Edit
001Px00000VvMLlIAN,005Px00000Bnj46IAB,Law.com CSM,Edit,Read,None,Edit
001Px00000VvSLZIA3,005Px00000Bnj46IAB,Law.com CSM,Edit,Read,None,Edit
001Px00000VvzCVIAZ,005Px00000Bnj46IAB,Law.com CSM,Edit,Read,None,Edit
001Px00000VwVKOIA3,005Px00000Bnj46IAB,Law.com CSM,Edit,Read,None,Edit
001Px00000VvVu6IAF,005Px00000Bnj46IAB,Law.com CSM,Edit,Read,None,Edit
001Px00000Vwfu1IAB,005Px00000Bnj46IAB,Law.com CSM,Edit,Read,None,Edit
001Px00000VxyyWIAR,005Px00000Bnj46IAB,Law.com CSM,Edit,Read,None,Edit
0016g00001AOfHjAAL,005Px00000Bnj46IAB,Law.com CSM,Edit,Read,None,Edit
001Tm00000MEWMQIA5,005Px00000Bnj46IAB,Law.com CSM,Edit,Read,None,Edit
001Tm00000MtNAmIAN,005Px00000Bnj46IAB,Law.com CSM,Edit,Read,None,Edit
001Px00000VveyhIAB,005Px00000Bnj46IAB,Law.com CSM,Edit,Read,None,Edit
001Px00000VwNXcIAN,005Px00000Bnj46IAB,Law.com CSM,Edit,Read,None,Edit
001Tm00000MEVhOIAX,005Px00000Bnj46IAB,Law.com CSM,Edit,Read,None,Edit
001Px00000VvjtmIAB,005Px00000Bnj46IAB,Law.com CSM,Edit,Read,None,Edit
001Px00000XsUekIAF,005Px00000Bnj46IAB,Law.com CSM,Edit,Read,None,Edit
001Px00000VvjtyIAB,005Px00000Bnj46IAB,Law.com CSM,Edit,Read,None,Edit
001Tm00000MtU1xIAF,005Px00000Bnj46IAB,Law.com CSM,Edit,Read,None,Edit
001Px00000VvuSHIAZ,005Px00000Bnj46IAB,Law.com CSM,Edit,Read,None,Edit
001Px00000Xs1VCIAZ,005Px00000Bnj46IAB,Law.com CSM,Edit,Read,None,Edit
0016g00001AO2asAAD,005Px00000Bnj46IAB,Law.com CSM,Edit,Read,None,Edit
001Px00000VvmmSIAR,005Px00000Bnj46IAB,Law.com CSM,Edit,Read,None,Edit
0016g00001AO6h7AAD,005Px00000Bnj46IAB,Law.com CSM,Edit,Read,None,Edit
001Px00000XsgCoIAJ,005Px00000Bnj46IAB,Law.com CSM,Edit,Read,None,Edit
001Px00000Xsi4tIAB,005Px00000Bnj46IAB,Law.com CSM,Edit,Read,None,Edit
001Px00000VvTI9IAN,005Px00000Bnj46IAB,Law.com CSM,Edit,Read,None,Edit
001Px00000VvwXsIAJ,005Px00000Bnj46IAB,Law.com CSM,Edit,Read,None,Edit
001Px00000Xs1hTIAR,005Px00000Bnj46IAB,Law.com CSM,Edit,Read,None,Edit
001Px00000VwogDIAR,005Px00000Bnj46IAB,Law.com CSM,Edit,Read,None,Edit
001Px00000VvKh5IAF,005Px00000Bnj46IAB,Law.com CSM,Edit,Read,None,Edit
001Px00000VvjtqIAB,005Px00000Bnj46IAB,Law.com CSM,Edit,Read,None,Edit
001Tm00000MERIZIA5,005Px00000Bnj46IAB,Law.com CSM,Edit,Read,None,Edit
001Tm00000MtWTyIAN,005Px00000Bnj46IAB,Law.com CSM,Edit,Read,None,Edit
001Px00000Vvx3HIAR,005Px00000Bnj46IAB,Law.com CSM,Edit,Read,None,Edit
001Tm00000MtWbyIAF,005Px00000Bnj46IAB,Law.com CSM,Edit,Read,None,Edit
001Px00000XsUN7IAN,005Px00000Bnj46IAB,Law.com CSM,Edit,Read,None,Edit
001Px00000VvR9UIAV,005Px00000Bnj46IAB,Law.com CSM,Edit,Read,None,Edit
001Px00000XsUNnIAN,005Px00000Bnj46IAB,Law.com CSM,Edit,Read,None,Edit
001Px00000XsVh4IAF,005Px00000Bnj46IAB,Law.com CSM,Edit,Read,None,Edit
001Px00000Vvda9IAB,005Px00000Bnj46IAB,Law.com CSM,Edit,Read,None,Edit
001Px00000VvVinIAF,005Px00000Bnj46IAB,Law.com CSM,Edit,Read,None,Edit
001Tm00000MtXWXIA3,005Px00000Bnj46IAB,Law.com CSM,Edit,Read,None,Edit
001Px00000Xsl5QIAR,005Px00000Bnj46IAB,Law.com CSM,Edit,Read,None,Edit
001Px00000Vvv5aIAB,005Px00000Bnj46IAB,Law.com CSM,Edit,Read,None,Edit
001Px00000VvhXGIAZ,005Px00000Bnj46IAB,Law.com CSM,Edit,Read,None,Edit
001Px00000VvyUtIAJ,005Px00000Bnj46IAB,Law.com CSM,Edit,Read,None,Edit
001Px00000Xsl79IAB,005Px00000Bnj46IAB,Law.com CSM,Edit,Read,None,Edit
001Px00000Vvh3lIAB,005Px00000Bnj46IAB,Law.com CSM,Edit,Read,None,Edit
001Px00000XsiZ3IAJ,005Px00000Bnj46IAB,Law.com CSM,Edit,Read,None,Edit
001Px00000VvR9BIAV,005Px00000Bnj46IAB,Law.com CSM,Edit,Read,None,Edit
001Px00000Xskz4IAB,005Px00000Bnj46IAB,Law.com CSM,Edit,Read,None,Edit
001Px00000XsQ8gIAF,005Px00000Bnj46IAB,Law.com CSM,Edit,Read,None,Edit
001Px00000VvgHqIAJ,005Px00000Bnj46IAB,Law.com CSM,Edit,Read,None,Edit
001Px00000VwJUPIA3,005Px00000Bnj46IAB,Law.com CSM,Edit,Read,None,Edit
001Tm00000MEIw3IAH,005Px00000Bnj46IAB,Law.com CSM,Edit,Read,None,Edit
001Px00000VwYZjIAN,005Px00000Bnj46IAB,Law.com CSM,Edit,Read,None,Edit
001Px00000Vvn6JIAR,005Px00000Bnj46IAB,Law.com CSM,Edit,Read,None,Edit
001Px00000VvXqAIAV,005Px00000Bnj46IAB,Law.com CSM,Edit,Read,None,Edit
001Px00000VveXVIAZ,005Px00000Bnj46IAB,Law.com CSM,Edit,Read,None,Edit
001Px00000Vvd9rIAB,005Px00000Bnj46IAB,Law.com CSM,Edit,Read,None,Edit
001Tm00000MEWMGIA5,005Px00000Bnj46IAB,Law.com CSM,Edit,Read,None,Edit
001Px00000VvUjwIAF,005Px00000Bnj46IAB,Law.com CSM,Edit,Read,None,Edit
001Tm00000MEWjMIAX,005Px00000Bnj46IAB,Law.com CSM,Edit,Read,None,Edit
001Tm00000MEQkqIAH,005Px00000Bnj46IAB,Law.com CSM,Edit,Read,None,Edit
001Px00000VvalsIAB,005Px00000Bnj46IAB,Law.com CSM,Edit,Read,None,Edit
001Px00000VvJ64IAF,005Px00000Bnj46IAB,Law.com CSM,Edit,Read,None,Edit
001Tm00000MtMP1IAN,005Px00000Bnj46IAB,Law.com CSM,Edit,Read,None,Edit
001Px00000VvVAdIAN,005Px00000Bnj46IAB,Law.com CSM,Edit,Read,None,Edit
001Px00000VvpDzIAJ,005Px00000Bnj46IAB,Law.com CSM,Edit,Read,None,Edit
001Px00000VvwnaIAB,005Px00000Bnj46IAB,Law.com CSM,Edit,Read,None,Edit
001Px00000VvynkIAB,005Px00000Bnj46IAB,Law.com CSM,Edit,Read,None,Edit
001Px00000VvohHIAR,005Px00000Bnj46IAB,Law.com CSM,Edit,Read,None,Edit
001Px00000VvjASIAZ,005Px00000Bnj46IAB,Law.com CSM,Edit,Read,None,Edit
001Px00000Vy4sZIAR,005Px00000Bnj46IAB,Law.com CSM,Edit,Read,None,Edit
001Tm00000MEL2jIAH,005Px00000Bnj46IAB,Law.com CSM,Edit,Read,None,Edit
001Px00000XsUeHIAV,005Px00000Bnj46IAB,Law.com CSM,Edit,Read,None,Edit
001Tm00000MtMt0IAF,005Px00000Bnj46IAB,Law.com CSM,Edit,Read,None,Edit
001Px00000XsUfNIAV,005Px00000Bnj46IAB,Law.com CSM,Edit,Read,None,Edit
001Px00000XskamIAB,005Px00000Bnj46IAB,Law.com CSM,Edit,Read,None,Edit
001Px00000VvQoXIAV,005Px00000Bnj46IAB,Law.com CSM,Edit,Read,None,Edit
001Px00000VvfOQIAZ,005Px00000Bnj46IAB,Law.com CSM,Edit,Read,None,Edit
001Px00000XsUpsIAF,005Px00000Bnj46IAB,Law.com CSM,Edit,Read,None,Edit
001Px00000Vy9Y6IAJ,005Px00000Bnj46IAB,Law.com CSM,Edit,Read,None,Edit
001Tm00000MtHY4IAN,005Px00000Bnj46IAB,Law.com CSM,Edit,Read,None,Edit
001Px00000XsUqaIAF,005Px00000Bnj46IAB,Law.com CSM,Edit,Read,None,Edit
001Px00000VvfOUIAZ,005Px00000Bnj46IAB,Law.com CSM,Edit,Read,None,Edit
001Px00000Xs1UKIAZ,005Px00000Bnj46IAB,Law.com CSM,Edit,Read,None,Edit
001Px00000VwHeBIAV,005Px00000Bnj46IAB,Law.com CSM,Edit,Read,None,Edit
001Px00000Vvvj5IAB,005Px00000Bnj46IAB,Law.com CSM,Edit,Read,None,Edit
001Px00000VvWeCIAV,005Px00000Bnj46IAB,Law.com CSM,Edit,Read,None,Edit
001Px00000VvwXnIAJ,005Px00000Bnj46IAB,Law.com CSM,Edit,Read,None,Edit
001Px00000VvxJUIAZ,005Px00000Bnj46IAB,Law.com CSM,Edit,Read,None,Edit
001Px00000VyIdIIAV,005Px00000Bnj46IAB,Law.com CSM,Edit,Read,None,Edit
001Px00000VvauyIAB,005Px00000Bnj46IAB,Law.com CSM,Edit,Read,None,Edit
0016g00001AO7xkAAD,005Px00000Bnj46IAB,Law.com CSM,Edit,Read,None,Edit
001Px00000XsgDAIAZ,005Px00000Bnj46IAB,Law.com CSM,Edit,Read,None,Edit
001Px00000VvaHCIAZ,005Px00000Bnj46IAB,Law.com CSM,Edit,Read,None,Edit
001Tm00000MtCjoIAF,005Px00000Bnj46IAB,Law.com CSM,Edit,Read,None,Edit
001Px00000Vy7sLIAR,005Px00000Bnj46IAB,Law.com CSM,Edit,Read,None,Edit
001Px00000Xsi5AIAR,005Px00000Bnj46IAB,Law.com CSM,Edit,Read,None,Edit
001Px00000VvoPtIAJ,005Px00000Bnj46IAB,Law.com CSM,Edit,Read,None,Edit
001Px00000Xs1hgIAB,005Px00000Bnj46IAB,Law.com CSM,Edit,Read,None,Edit
001Px00000Xs1iHIAR,005Px00000Bnj46IAB,Law.com CSM,Edit,Read,None,Edit
001Px00000VwBYfIAN,005Px00000Bnj46IAB,Law.com CSM,Edit,Read,None,Edit
001Px00000XsVegIAF,005Px00000Bnj46IAB,Law.com CSM,Edit,Read,None,Edit
001Px00000VvjtUIAR,005Px00000Bnj46IAB,Law.com CSM,Edit,Read,None,Edit
0016g00001AOJwkAAH,005Px00000Bnj46IAB,Law.com CSM,Edit,Read,None,Edit
001Px00000VwBkfIAF,005Px00000Bnj46IAB,Law.com CSM,Edit,Read,None,Edit
001Tm00000MtWI9IAN,005Px00000Bnj46IAB,Law.com CSM,Edit,Read,None,Edit
001Tm00000MtWTsIAN,005Px00000Bnj46IAB,Law.com CSM,Edit,Read,None,Edit
001Px00000Xsg1gIAB,005Px00000Bnj46IAB,Law.com CSM,Edit,Read,None,Edit
001Px00000Xsg1jIAB,005Px00000Bnj46IAB,Law.com CSM,Edit,Read,None,Edit
001Px00000Xsg1oIAB,005Px00000Bnj46IAB,Law.com CSM,Edit,Read,None,Edit
001Px00000Xsg1rIAB,005Px00000Bnj46IAB,Law.com CSM,Edit,Read,None,Edit
001Px00000XsUMgIAN,005Px00000Bnj46IAB,Law.com CSM,Edit,Read,None,Edit
001Tm00000MtEbVIAV,005Px00000Bnj46IAB,Law.com CSM,Edit,Read,None,Edit
001Px00000VwMifIAF,005Px00000Bnj46IAB,Law.com CSM,Edit,Read,None,Edit
001Px00000XsUNmIAN,005Px00000Bnj46IAB,Law.com CSM,Edit,Read,None,Edit
001Px00000XsUNpIAN,005Px00000Bnj46IAB,Law.com CSM,Edit,Read,None,Edit
001Px00000VvaOLIAZ,005Px00000Bnj46IAB,Law.com CSM,Edit,Read,None,Edit
001Px00000XsVglIAF,005Px00000Bnj46IAB,Law.com CSM,Edit,Read,None,Edit
001Px00000XsVgmIAF,005Px00000Bnj46IAB,Law.com CSM,Edit,Read,None,Edit
001Px00000VvOmLIAV,005Px00000Bnj46IAB,Law.com CSM,Edit,Read,None,Edit
001Px00000VvOm6IAF,005Px00000Bnj46IAB,Law.com CSM,Edit,Read,None,Edit
001Px00000VwQmvIAF,005Px00000Bnj46IAB,Law.com CSM,Edit,Read,None,Edit
001Px00000VvSQ3IAN,005Px00000Bnj46IAB,Law.com CSM,Edit,Read,None,Edit
001Px00000VvxReIAJ,005Px00000Bnj46IAB,Law.com CSM,Edit,Read,None,Edit
001Tm00000MtToiIAF,005Px00000Bnj46IAB,Law.com CSM,Edit,Read,None,Edit
001Px00000VxJfhIAF,005Px00000Bnj46IAB,Law.com CSM,Edit,Read,None,Edit
001Px00000Xsl2CIAR,005Px00000Bnj46IAB,Law.com CSM,Edit,Read,None,Edit
001Px00000XsaEUIAZ,005Px00000Bnj46IAB,Law.com CSM,Edit,Read,None,Edit
001Px00000XsQ7xIAF,005Px00000Bnj46IAB,Law.com CSM,Edit,Read,None,Edit
001Px00000VwYguIAF,005Px00000Bnj46IAB,Law.com CSM,Edit,Read,None,Edit
001Px00000VvZUkIAN,005Px00000Bnj46IAB,Law.com CSM,Edit,Read,None,Edit
001Px00000VvchBIAR,005Px00000Bnj46IAB,Law.com CSM,Edit,Read,None,Edit
001Px00000VvpMiIAJ,005Px00000Bnj46IAB,Law.com CSM,Edit,Read,None,Edit
001Px00000VvdV5IAJ,005Px00000Bnj46IAB,Law.com CSM,Edit,Read,None,Edit
001Px00000VvhQfIAJ,005Px00000Bnj46IAB,Law.com CSM,Edit,Read,None,Edit
001Px00000VvdImIAJ,005Px00000Bnj46IAB,Law.com CSM,Edit,Read,None,Edit
001Px00000VvhzdIAB,005Px00000Bnj46IAB,Law.com CSM,Edit,Read,None,Edit
001Px00000VyElwIAF,005Px00000Bnj46IAB,Law.com CSM,Edit,Read,None,Edit
001Px00000Xsg1iIAB,005Px00000Bnj46IAB,Law.com CSM,Edit,Read,None,Edit
001Px00000VwPRgIAN,005Px00000Bnj46IAB,Law.com CSM,Edit,Read,None,Edit
001Px00000XsUeSIAV,005Px00000Bnj46IAB,Law.com CSM,Edit,Read,None,Edit
001Px00000Vvg23IAB,005Px00000Bnj46IAB,Law.com CSM,Edit,Read,None,Edit
001Tm00000MtQyHIAV,005Px00000Bnj46IAB,Law.com CSM,Edit,Read,None,Edit
001Px00000VvigQIAR,005Px00000Bnj46IAB,Law.com CSM,Edit,Read,None,Edit
001Px00000Vvsy9IAB,005Px00000Bnj46IAB,Law.com CSM,Edit,Read,None,Edit
001Px00000VvgE3IAJ,005Px00000Bnj46IAB,Law.com CSM,Edit,Read,None,Edit
001Px00000XsUfSIAV,005Px00000Bnj46IAB,Law.com CSM,Edit,Read,None,Edit
001Px00000XsUplIAF,005Px00000Bnj46IAB,Law.com CSM,Edit,Read,None,Edit
001Px00000VwHdLIAV,005Px00000Bnj46IAB,Law.com CSM,Edit,Read,None,Edit
001Px00000XsUq4IAF,005Px00000Bnj46IAB,Law.com CSM,Edit,Read,None,Edit
001Px00000VvwkSIAR,005Px00000Bnj46IAB,Law.com CSM,Edit,Read,None,Edit
001Px00000VvVeBIAV,005Px00000Bnj46IAB,Law.com CSM,Edit,Read,None,Edit
001Px00000VvkU1IAJ,005Px00000Bnj46IAB,Law.com CSM,Edit,Read,None,Edit
001Px00000VwlJNIAZ,005Px00000Bnj46IAB,Law.com CSM,Edit,Read,None,Edit
001Px00000Xs1UwIAJ,005Px00000Bnj46IAB,Law.com CSM,Edit,Read,None,Edit
001Px00000Xs1V1IAJ,005Px00000Bnj46IAB,Law.com CSM,Edit,Read,None,Edit
001Px00000VvjSXIAZ,005Px00000Bnj46IAB,Law.com CSM,Edit,Read,None,Edit
0016g00001ANyJCAA1,005Px00000Bnj46IAB,Law.com CSM,Edit,Read,None,Edit
001Px00000Xs1VUIAZ,005Px00000Bnj46IAB,Law.com CSM,Edit,Read,None,Edit
001Px00000VvVFUIA3,005Px00000Bnj46IAB,Law.com CSM,Edit,Read,None,Edit
001Px00000VvynhIAB,005Px00000Bnj46IAB,Law.com CSM,Edit,Read,None,Edit
001Px00000VvpgmIAB,005Px00000Bnj46IAB,Law.com CSM,Edit,Read,None,Edit
001Px00000Xscv8IAB,005Px00000Bnj46IAB,Law.com CSM,Edit,Read,None,Edit
001Px00000VvZ2iIAF,005Px00000Bnj46IAB,Law.com CSM,Edit,Read,None,Edit
001Px00000VwHdNIAV,005Px00000Bnj46IAB,Law.com CSM,Edit,Read,None,Edit
001Px00000XscwCIAR,005Px00000Bnj46IAB,Law.com CSM,Edit,Read,None,Edit
001Px00000XscwFIAR,005Px00000Bnj46IAB,Law.com CSM,Edit,Read,None,Edit
0016g00001AO3luAAD,005Px00000Bnj46IAB,Law.com CSM,Edit,Read,None,Edit
001Px00000XscwTIAR,005Px00000Bnj46IAB,Law.com CSM,Edit,Read,None,Edit
001Px00000VxZMiIAN,005Px00000Bnj46IAB,Law.com CSM,Edit,Read,None,Edit
001Px00000XskfeIAB,005Px00000Bnj46IAB,Law.com CSM,Edit,Read,None,Edit
001Px00000XsUtbIAF,005Px00000Bnj46IAB,Law.com CSM,Edit,Read,None,Edit
001Px00000XsUthIAF,005Px00000Bnj46IAB,Law.com CSM,Edit,Read,None,Edit
0016g00001AO6OdAAL,005Px00000Bnj46IAB,Law.com CSM,Edit,Read,None,Edit
001Px00000XskhJIAR,005Px00000Bnj46IAB,Law.com CSM,Edit,Read,None,Edit
001Px00000XskhKIAR,005Px00000Bnj46IAB,Law.com CSM,Edit,Read,None,Edit
001Px00000XsgDIIAZ,005Px00000Bnj46IAB,Law.com CSM,Edit,Read,None,Edit
001Tm00000MtO2LIAV,005Px00000Bnj46IAB,Law.com CSM,Edit,Read,None,Edit
001Tm00000MtO2OIAV,005Px00000Bnj46IAB,Law.com CSM,Edit,Read,None,Edit
001Px00000VxHKWIA3,005Px00000Bnj46IAB,Law.com CSM,Edit,Read,None,Edit
001Px00000Xsi4jIAB,005Px00000Bnj46IAB,Law.com CSM,Edit,Read,None,Edit
001Px00000XsKomIAF,005Px00000Bnj46IAB,Law.com CSM,Edit,Read,None,Edit
001Px00000Xsi5CIAR,005Px00000Bnj46IAB,Law.com CSM,Edit,Read,None,Edit
001Px00000Xsi5EIAR,005Px00000Bnj46IAB,Law.com CSM,Edit,Read,None,Edit
001Px00000XsQ8nIAF,005Px00000Bnj46IAB,Law.com CSM,Edit,Read,None,Edit
001Px00000Xsi5UIAR,005Px00000Bnj46IAB,Law.com CSM,Edit,Read,None,Edit
001Px00000Xsi5rIAB,005Px00000Bnj46IAB,Law.com CSM,Edit,Read,None,Edit
001Px00000Vw738IAB,005Px00000Bnj46IAB,Law.com CSM,Edit,Read,None,Edit
001Px00000Xskm4IAB,005Px00000Bnj46IAB,Law.com CSM,Edit,Read,None,Edit
001Px00000Xs1i9IAB,005Px00000Bnj46IAB,Law.com CSM,Edit,Read,None,Edit
001Px00000VvufPIAR,005Px00000Bnj46IAB,Law.com CSM,Edit,Read,None,Edit
001Px00000XsVe1IAF,005Px00000Bnj46IAB,Law.com CSM,Edit,Read,None,Edit
001Px00000XsVeMIAV,005Px00000Bnj46IAB,Law.com CSM,Edit,Read,None,Edit
001Px00000VvmmvIAB,005Px00000Bnj46IAB,Law.com CSM,Edit,Read,None,Edit
001Px00000VvxJbIAJ,005Px00000Bnj46IAB,Law.com CSM,Edit,Read,None,Edit
001Px00000XsiZFIAZ,005Px00000Bnj46IAB,Law.com CSM,Edit,Read,None,Edit
001Tm00000MEV2aIAH,005Px00000Bnj46IAB,Law.com CSM,Edit,Read,None,Edit
001Px00000XsiZOIAZ,005Px00000Bnj46IAB,Law.com CSM,Edit,Read,None,Edit
001Tm00000METrlIAH,005Px00000Bnj46IAB,Law.com CSM,Edit,Read,None,Edit
001Px00000VwS83IAF,005Px00000Bnj46IAB,Law.com CSM,Edit,Read,None,Edit
001Px00000VvfUbIAJ,005Px00000Bnj46IAB,Law.com CSM,Edit,Read,None,Edit
001Px00000VxsQPIAZ,005Px00000Bnj46IAB,Law.com CSM,Edit,Read,None,Edit
001Px00000VwBXfIAN,005Px00000Bnj46IAB,Law.com CSM,Edit,Read,None,Edit
001Px00000Xsg2BIAR,005Px00000Bnj46IAB,Law.com CSM,Edit,Read,None,Edit
001Px00000VvrqKIAR,005Px00000Bnj46IAB,Law.com CSM,Edit,Read,None,Edit
001Px00000XskuBIAR,005Px00000Bnj46IAB,Law.com CSM,Edit,Read,None,Edit
001Px00000VvQvOIAV,005Px00000Bnj46IAB,Law.com CSM,Edit,Read,None,Edit
001Tm00000MtEpGIAV,005Px00000Bnj46IAB,Law.com CSM,Edit,Read,None,Edit
001Px00000VvpAqIAJ,005Px00000Bnj46IAB,Law.com CSM,Edit,Read,None,Edit
001Px00000Vvvj4IAB,005Px00000Bnj46IAB,Law.com CSM,Edit,Read,None,Edit
001Px00000Vvc6IIAR,005Px00000Bnj46IAB,Law.com CSM,Edit,Read,None,Edit
001Px00000VvMMVIA3,005Px00000Bnj46IAB,Law.com CSM,Edit,Read,None,Edit
001Px00000VwofTIAR,005Px00000Bnj46IAB,Law.com CSM,Edit,Read,None,Edit
001Px00000XsVhXIAV,005Px00000Bnj46IAB,Law.com CSM,Edit,Read,None,Edit
001Px00000XsVheIAF,005Px00000Bnj46IAB,Law.com CSM,Edit,Read,None,Edit
0016g00001AOYoxAAH,005Px00000Bnj46IAB,Law.com CSM,Edit,Read,None,Edit
001Px00000XsbrbIAB,005Px00000Bnj46IAB,Law.com CSM,Edit,Read,None,Edit
001Px00000VvgtIIAR,005Px00000Bnj46IAB,Law.com CSM,Edit,Read,None,Edit
001Tm00000MEVOoIAP,005Px00000Bnj46IAB,Law.com CSM,Edit,Read,None,Edit
0016g00001AObrKAAT,005Px00000Bnj46IAB,Law.com CSM,Edit,Read,None,Edit
001Tm00000Mt71HIAR,005Px00000Bnj46IAB,Law.com CSM,Edit,Read,None,Edit
001Px00000VwP23IAF,005Px00000Bnj46IAB,Law.com CSM,Edit,Read,None,Edit
001Px00000VwNYFIA3,005Px00000Bnj46IAB,Law.com CSM,Edit,Read,None,Edit
001Px00000XsaEZIAZ,005Px00000Bnj46IAB,Law.com CSM,Edit,Read,None,Edit
001Px00000XsQ7lIAF,005Px00000Bnj46IAB,Law.com CSM,Edit,Read,None,Edit
001Px00000XsQ7rIAF,005Px00000Bnj46IAB,Law.com CSM,Edit,Read,None,Edit
001Px00000VvZWwIAN,005Px00000Bnj46IAB,Law.com CSM,Edit,Read,None,Edit
001Px00000XsaE7IAJ,005Px00000Bnj46IAB,Law.com CSM,Edit,Read,None,Edit
001Px00000VvPOHIA3,005Px00000Bnj46IAB,Law.com CSM,Edit,Read,None,Edit
001Px00000VvVdjIAF,005Px00000Bnj46IAB,Law.com CSM,Edit,Read,None,Edit
001Px00000VvgJXIAZ,005Px00000Bnj46IAB,Law.com CSM,Edit,Read,None,Edit
001Px00000VvVAbIAN,005Px00000Bnj46IAB,Law.com CSM,Edit,Read,None,Edit
001Px00000VvOiRIAV,005Px00000Bnj46IAB,Law.com CSM,Edit,Read,None,Edit
001Px00000VvoSUIAZ,005Px00000Bnj46IAB,Law.com CSM,Edit,Read,None,Edit
001Px00000VvbboIAB,005Px00000Bnj46IAB,Law.com CSM,Edit,Read,None,Edit
001Px00000VwRFlIAN,005Px00000Bnj46IAB,Law.com CSM,Edit,Read,None,Edit
001Px00000VwWPWIA3,005Px00000Bnj46IAB,Law.com CSM,Edit,Read,None,Edit
001Px00000VvwCjIAJ,005Px00000Bnj46IAB,Law.com CSM,Edit,Read,None,Edit
001Px00000VvTJPIA3,005Px00000Bnj46IAB,Law.com CSM,Edit,Read,None,Edit
001Px00000VvaHeIAJ,005Px00000Bnj46IAB,Law.com CSM,Edit,Read,None,Edit
001Px00000VvefdIAB,005Px00000Bnj46IAB,Law.com CSM,Edit,Read,None,Edit
001Px00000VvVAmIAN,005Px00000Bnj46IAB,Law.com CSM,Edit,Read,None,Edit
001Px00000VvVfxIAF,005Px00000Bnj46IAB,Law.com CSM,Edit,Read,None,Edit
001Px00000VvMmgIAF,005Px00000Bnj46IAB,Law.com CSM,Edit,Read,None,Edit
001Px00000Vvfl4IAB,005Px00000Bnj46IAB,Law.com CSM,Edit,Read,None,Edit
001Px00000VwhNGIAZ,005Px00000Bnj46IAB,Law.com CSM,Edit,Read,None,Edit
0016g00001ANvevAAD,005Px00000Bnj46IAB,Law.com CSM,Edit,Read,None,Edit
001Tm00000MEOa1IAH,005Px00000Bnj46IAB,Law.com CSM,Edit,Read,None,Edit
001Px00000XsUNXIA3,005Px00000Bnj46IAB,Law.com CSM,Edit,Read,None,Edit
001Px00000VwpigIAB,005Px00000Bnj46IAB,Law.com CSM,Edit,Read,None,Edit
001Px00000VvvhkIAB,005Px00000Bnj46IAB,Law.com CSM,Edit,Read,None,Edit
001Px00000VvaupIAB,005Px00000Bnj46IAB,Law.com CSM,Edit,Read,None,Edit
001Px00000VwN1tIAF,005Px00000Bnj46IAB,Law.com CSM,Edit,Read,None,Edit
001Tm00000MENNIIA5,005Px00000Bnj46IAB,Law.com CSM,Edit,Read,None,Edit
001Px00000Vvll7IAB,005Px00000Bnj46IAB,Law.com CSM,Edit,Read,None,Edit
001Px00000VvPOuIAN,005Px00000Bnj46IAB,Law.com CSM,Edit,Read,None,Edit
001Tm00000MtTd4IAF,005Px00000Bnj46IAB,Law.com CSM,Edit,Read,None,Edit
0014L00000OFyHmQAL,005Px00000Bnj46IAB,Law.com CSM,Edit,Read,None,Edit
001Px00000XsbrwIAB,005Px00000Bnj46IAB,Law.com CSM,Edit,Read,None,Edit
001Px00000XsUfFIAV,005Px00000Bnj46IAB,Law.com CSM,Edit,Read,None,Edit
001Px00000VvJ6MIAV,005Px00000Bnj46IAB,Law.com CSM,Edit,Read,None,Edit
001Px00000XsUpWIAV,005Px00000Bnj46IAB,Law.com CSM,Edit,Read,None,Edit
001Px00000VvcqbIAB,005Px00000Bnj46IAB,Law.com CSM,Edit,Read,None,Edit
001Tm00000MEQ4SIAX,005Px00000Bnj46IAB,Law.com CSM,Edit,Read,None,Edit
0016g00001ANvYYAA1,005Px00000Bnj46IAB,Law.com CSM,Edit,Read,None,Edit
001Px00000VwMihIAF,005Px00000Bnj46IAB,Law.com CSM,Edit,Read,None,Edit
001Px00000VvZWMIA3,005Px00000Bnj46IAB,Law.com CSM,Edit,Read,None,Edit
001Px00000VvU35IAF,005Px00000Bnj46IAB,Law.com CSM,Edit,Read,None,Edit
001Px00000Xs1UdIAJ,005Px00000Bnj46IAB,Law.com CSM,Edit,Read,None,Edit
001Px00000VwlfwIAB,005Px00000Bnj46IAB,Law.com CSM,Edit,Read,None,Edit
001Px00000VvguYIAR,005Px00000Bnj46IAB,Law.com CSM,Edit,Read,None,Edit
0014L00000XPpsfQAD,005Px00000Bnj46IAB,Law.com CSM,Edit,Read,None,Edit
001Px00000XskdxIAB,005Px00000Bnj46IAB,Law.com CSM,Edit,Read,None,Edit
001Px00000Vw9kvIAB,005Px00000Bnj46IAB,Law.com CSM,Edit,Read,None,Edit
001Px00000Xscw4IAB,005Px00000Bnj46IAB,Law.com CSM,Edit,Read,None,Edit
001Px00000VvavDIAR,005Px00000Bnj46IAB,Law.com CSM,Edit,Read,None,Edit
001Px00000VvwCXIAZ,005Px00000Bnj46IAB,Law.com CSM,Edit,Read,None,Edit
001Px00000XsUtYIAV,005Px00000Bnj46IAB,Law.com CSM,Edit,Read,None,Edit
001Px00000XsgCYIAZ,005Px00000Bnj46IAB,Law.com CSM,Edit,Read,None,Edit
001Px00000XsgCvIAJ,005Px00000Bnj46IAB,Law.com CSM,Edit,Read,None,Edit
001Px00000VwAYcIAN,005Px00000Bnj46IAB,Law.com CSM,Edit,Read,None,Edit
001Px00000Xsi5KIAR,005Px00000Bnj46IAB,Law.com CSM,Edit,Read,None,Edit
001Px00000Xsl7AIAR,005Px00000Bnj46IAB,Law.com CSM,Edit,Read,None,Edit
001Px00000Vvgs1IAB,005Px00000Bnj46IAB,Law.com CSM,Edit,Read,None,Edit
001Px00000VvsLsIAJ,005Px00000Bnj46IAB,Law.com CSM,Edit,Read,None,Edit
001Px00000Xsi5mIAB,005Px00000Bnj46IAB,Law.com CSM,Edit,Read,None,Edit
001Px00000Xs1h5IAB,005Px00000Bnj46IAB,Law.com CSM,Edit,Read,None,Edit
001Px00000Vvhb3IAB,005Px00000Bnj46IAB,Law.com CSM,Edit,Read,None,Edit
001Px00000Xs1hIIAR,005Px00000Bnj46IAB,Law.com CSM,Edit,Read,None,Edit
001Px00000Xs1heIAB,005Px00000Bnj46IAB,Law.com CSM,Edit,Read,None,Edit
001Px00000XsQ8pIAF,005Px00000Bnj46IAB,Law.com CSM,Edit,Read,None,Edit
001Px00000Xs1hlIAB,005Px00000Bnj46IAB,Law.com CSM,Edit,Read,None,Edit
001Px00000Vw9lgIAB,005Px00000Bnj46IAB,Law.com CSM,Edit,Read,None,Edit
001Px00000Vw9lkIAB,005Px00000Bnj46IAB,Law.com CSM,Edit,Read,None,Edit
001Px00000XsVdmIAF,005Px00000Bnj46IAB,Law.com CSM,Edit,Read,None,Edit
001Px00000XsVe6IAF,005Px00000Bnj46IAB,Law.com CSM,Edit,Read,None,Edit
001Px00000XsQ8qIAF,005Px00000Bnj46IAB,Law.com CSM,Edit,Read,None,Edit
001Px00000XsVeeIAF,005Px00000Bnj46IAB,Law.com CSM,Edit,Read,None,Edit
001Px00000XskpLIAR,005Px00000Bnj46IAB,Law.com CSM,Edit,Read,None,Edit
001Px00000Vvn5cIAB,005Px00000Bnj46IAB,Law.com CSM,Edit,Read,None,Edit
001Px00000VwdgRIAR,005Px00000Bnj46IAB,Law.com CSM,Edit,Read,None,Edit
001Px00000Vvl0wIAB,005Px00000Bnj46IAB,Law.com CSM,Edit,Read,None,Edit
001Px00000XsiZiIAJ,005Px00000Bnj46IAB,Law.com CSM,Edit,Read,None,Edit
001Px00000XsiaLIAR,005Px00000Bnj46IAB,Law.com CSM,Edit,Read,None,Edit
001Px00000XsiaOIAR,005Px00000Bnj46IAB,Law.com CSM,Edit,Read,None,Edit
001Px00000VvphNIAR,005Px00000Bnj46IAB,Law.com CSM,Edit,Read,None,Edit
001Px00000Xsg1zIAB,005Px00000Bnj46IAB,Law.com CSM,Edit,Read,None,Edit
001Px00000XsQ8wIAF,005Px00000Bnj46IAB,Law.com CSM,Edit,Read,None,Edit
001Px00000XsUMYIA3,005Px00000Bnj46IAB,Law.com CSM,Edit,Read,None,Edit
001Px00000XsUN4IAN,005Px00000Bnj46IAB,Law.com CSM,Edit,Read,None,Edit
001Px00000VvhRJIAZ,005Px00000Bnj46IAB,Law.com CSM,Edit,Read,None,Edit
001Px00000XsVh1IAF,005Px00000Bnj46IAB,Law.com CSM,Edit,Read,None,Edit
001Px00000Vvk0WIAR,005Px00000Bnj46IAB,Law.com CSM,Edit,Read,None,Edit
001Px00000XsbrfIAB,005Px00000Bnj46IAB,Law.com CSM,Edit,Read,None,Edit
001Tm00000MtNMkIAN,005Px00000Bnj46IAB,Law.com CSM,Edit,Read,None,Edit
001Px00000XsaEFIAZ,005Px00000Bnj46IAB,Law.com CSM,Edit,Read,None,Edit
001Px00000XsaEVIAZ,005Px00000Bnj46IAB,Law.com CSM,Edit,Read,None,Edit
001Px00000Xsl5RIAR,005Px00000Bnj46IAB,Law.com CSM,Edit,Read,None,Edit
001Px00000Vw9lhIAB,005Px00000Bnj46IAB,Law.com CSM,Edit,Read,None,Edit
001Px00000VvpcwIAB,005Px00000Bnj46IAB,Law.com CSM,Edit,Read,None,Edit
001Px00000XsKoqIAF,005Px00000Bnj46IAB,Law.com CSM,Edit,Read,None,Edit
001Px00000XsUfJIAV,005Px00000Bnj46IAB,Law.com CSM,Edit,Read,None,Edit
001Px00000VvPERIA3,005Px00000Bnj46IAB,Law.com CSM,Edit,Read,None,Edit
001Px00000XsgCOIAZ,005Px00000Bnj46IAB,Law.com CSM,Edit,Read,None,Edit
001Tm00000METX0IAP,005Px00000Bnj46IAB,Law.com CSM,Edit,Read,None,Edit
001Px00000Vvui3IAB,005Px00000Bnj46IAB,Law.com CSM,Edit,Read,None,Edit
001Px00000VvgryIAB,005Px00000Bnj46IAB,Law.com CSM,Edit,Read,None,Edit
001Px00000VvQvfIAF,005Px00000Bnj46IAB,Law.com CSM,Edit,Read,None,Edit
001Px00000Xsi5pIAB,005Px00000Bnj46IAB,Law.com CSM,Edit,Read,None,Edit
001Px00000Vva5LIAR,005Px00000Bnj46IAB,Law.com CSM,Edit,Read,None,Edit
001Px00000Xsku5IAB,005Px00000Bnj46IAB,Law.com CSM,Edit,Read,None,Edit
0016g00001AOarpAAD,005Px00000Bnj46IAB,Law.com CSM,Edit,Read,None,Edit
001Px00000VvihfIAB,005Px00000Bnj46IAB,Law.com CSM,Edit,Read,None,Edit
001Px00000VvVehIAF,005Px00000Bnj46IAB,Law.com CSM,Edit,Read,None,Edit
001Px00000VvofRIAR,005Px00000Bnj46IAB,Law.com CSM,Edit,Read,None,Edit
001Px00000Xs1UuIAJ,005Px00000Bnj46IAB,Law.com CSM,Edit,Read,None,Edit
001Px00000VvyDHIAZ,005Px00000Bnj46IAB,Law.com CSM,Edit,Read,None,Edit
001Px00000VyLPwIAN,005Px00000Bnj46IAB,Law.com CSM,Edit,Read,None,Edit
001Px00000Xs1hpIAB,005Px00000Bnj46IAB,Law.com CSM,Edit,Read,None,Edit
001Px00000VvdHPIAZ,005Px00000Bnj46IAB,Law.com CSM,Edit,Read,None,Edit
001Px00000VvwnhIAB,005Px00000Bnj46IAB,Law.com CSM,Edit,Read,None,Edit
001Px00000Vy1obIAB,005Px00000Bnj46IAB,Law.com CSM,Edit,Read,None,Edit
001Px00000XsUMzIAN,005Px00000Bnj46IAB,Law.com CSM,Edit,Read,None,Edit
001Px00000XsbsEIAR,005Px00000Bnj46IAB,Law.com CSM,Edit,Read,None,Edit
0016g00001AOU6LAAX,005Px00000Bnj46IAB,Law.com CSM,Edit,Read,None,Edit
001Px00000Vvl7UIAR,005Px00000Bnj46IAB,Law.com CSM,Edit,Read,None,Edit
001Px00000VvpUbIAJ,005Px00000Bnj46IAB,Law.com CSM,Edit,Read,None,Edit
001Px00000Vve0rIAB,005Px00000Bnj46IAB,Law.com CSM,Edit,Read,None,Edit
001Px00000VvMLfIAN,005Px00000Bnj46IAB,Law.com CSM,Edit,Read,None,Edit
001Px00000VwU5BIAV,005Px00000Bnj46IAB,Law.com CSM,Edit,Read,None,Edit
001Px00000XsUefIAF,005Px00000Bnj46IAB,Law.com CSM,Edit,Read,None,Edit
001Px00000VvZOcIAN,005Px00000Bnj46IAB,Law.com CSM,Edit,Read,None,Edit
001Px00000XsUf4IAF,005Px00000Bnj46IAB,Law.com CSM,Edit,Read,None,Edit
0016g00001ANpcoAAD,005Px00000Bnj46IAB,Law.com CSM,Edit,Read,None,Edit
001Px00000VvmmGIAR,005Px00000Bnj46IAB,Law.com CSM,Edit,Read,None,Edit
001Px00000XsUprIAF,005Px00000Bnj46IAB,Law.com CSM,Edit,Read,None,Edit
001Px00000VvblXIAR,005Px00000Bnj46IAB,Law.com CSM,Edit,Read,None,Edit
001Px00000VvU7dIAF,005Px00000Bnj46IAB,Law.com CSM,Edit,Read,None,Edit
001Px00000XsUqcIAF,005Px00000Bnj46IAB,Law.com CSM,Edit,Read,None,Edit
001Px00000Vvpd8IAB,005Px00000Bnj46IAB,Law.com CSM,Edit,Read,None,Edit
001Px00000Xs1UPIAZ,005Px00000Bnj46IAB,Law.com CSM,Edit,Read,None,Edit
001Px00000VwYXsIAN,005Px00000Bnj46IAB,Law.com CSM,Edit,Read,None,Edit
001Px00000Xs1UyIAJ,005Px00000Bnj46IAB,Law.com CSM,Edit,Read,None,Edit
001Px00000Xs1V7IAJ,005Px00000Bnj46IAB,Law.com CSM,Edit,Read,None,Edit
001Px00000Xs1VLIAZ,005Px00000Bnj46IAB,Law.com CSM,Edit,Read,None,Edit
001Px00000XsQ8dIAF,005Px00000Bnj46IAB,Law.com CSM,Edit,Read,None,Edit
001Px00000VvZVDIA3,005Px00000Bnj46IAB,Law.com CSM,Edit,Read,None,Edit
001Px00000XsQ8tIAF,005Px00000Bnj46IAB,Law.com CSM,Edit,Read,None,Edit
001Px00000Vvs4VIAR,005Px00000Bnj46IAB,Law.com CSM,Edit,Read,None,Edit
001Px00000XscvjIAB,005Px00000Bnj46IAB,Law.com CSM,Edit,Read,None,Edit
001Px00000Vvbw1IAB,005Px00000Bnj46IAB,Law.com CSM,Edit,Read,None,Edit
001Px00000XsUt2IAF,005Px00000Bnj46IAB,Law.com CSM,Edit,Read,None,Edit
001Px00000VvXOwIAN,005Px00000Bnj46IAB,Law.com CSM,Edit,Read,None,Edit
001Px00000XsUtNIAV,005Px00000Bnj46IAB,Law.com CSM,Edit,Read,None,Edit
001Px00000XsUtcIAF,005Px00000Bnj46IAB,Law.com CSM,Edit,Read,None,Edit
001Px00000XskhLIAR,005Px00000Bnj46IAB,Law.com CSM,Edit,Read,None,Edit
001Px00000VwJUfIAN,005Px00000Bnj46IAB,Law.com CSM,Edit,Read,None,Edit
001Px00000Xsi4cIAB,005Px00000Bnj46IAB,Law.com CSM,Edit,Read,None,Edit
001Px00000Vve1TIAR,005Px00000Bnj46IAB,Law.com CSM,Edit,Read,None,Edit
001Tm00000MESQnIAP,005Px00000Bnj46IAB,Law.com CSM,Edit,Read,None,Edit
001Px00000Xs1hyIAB,005Px00000Bnj46IAB,Law.com CSM,Edit,Read,None,Edit
001Px00000Xs1iIIAR,005Px00000Bnj46IAB,Law.com CSM,Edit,Read,None,Edit
001Px00000VwVxLIAV,005Px00000Bnj46IAB,Law.com CSM,Edit,Read,None,Edit
001Px00000VwHeDIAV,005Px00000Bnj46IAB,Law.com CSM,Edit,Read,None,Edit
001Px00000VveWzIAJ,005Px00000Bnj46IAB,Law.com CSM,Edit,Read,None,Edit
001Px00000VvgJcIAJ,005Px00000Bnj46IAB,Law.com CSM,Edit,Read,None,Edit
001Px00000VvwnIIAR,005Px00000Bnj46IAB,Law.com CSM,Edit,Read,None,Edit
001Px00000VvuStIAJ,005Px00000Bnj46IAB,Law.com CSM,Edit,Read,None,Edit
001Px00000VvfeaIAB,005Px00000Bnj46IAB,Law.com CSM,Edit,Read,None,Edit
001Px00000VxOx2IAF,005Px00000Bnj46IAB,Law.com CSM,Edit,Read,None,Edit
001Px00000Vw3GvIAJ,005Px00000Bnj46IAB,Law.com CSM,Edit,Read,None,Edit
001Px00000VwOtdIAF,005Px00000Bnj46IAB,Law.com CSM,Edit,Read,None,Edit
001Px00000VwdVwIAJ,005Px00000Bnj46IAB,Law.com CSM,Edit,Read,None,Edit
001Px00000Xsg28IAB,005Px00000Bnj46IAB,Law.com CSM,Edit,Read,None,Edit
001Px00000VwlOpIAJ,005Px00000Bnj46IAB,Law.com CSM,Edit,Read,None,Edit
001Px00000Vva8hIAB,005Px00000Bnj46IAB,Law.com CSM,Edit,Read,None,Edit
001Px00000Vvf4lIAB,005Px00000Bnj46IAB,Law.com CSM,Edit,Read,None,Edit
001Px00000XsUMkIAN,005Px00000Bnj46IAB,Law.com CSM,Edit,Read,None,Edit
001Px00000XsUMwIAN,005Px00000Bnj46IAB,Law.com CSM,Edit,Read,None,Edit
001Tm00000MtEqRIAV,005Px00000Bnj46IAB,Law.com CSM,Edit,Read,None,Edit
001Px00000XsUNLIA3,005Px00000Bnj46IAB,Law.com CSM,Edit,Read,None,Edit
001Tm00000MtWv6IAF,005Px00000Bnj46IAB,Law.com CSM,Edit,Read,None,Edit
001Px00000VvgeVIAR,005Px00000Bnj46IAB,Law.com CSM,Edit,Read,None,Edit
001Px00000XsQ8xIAF,005Px00000Bnj46IAB,Law.com CSM,Edit,Read,None,Edit
001Px00000Vvc5GIAR,005Px00000Bnj46IAB,Law.com CSM,Edit,Read,None,Edit
001Px00000XsVhZIAV,005Px00000Bnj46IAB,Law.com CSM,Edit,Read,None,Edit
001Px00000XsQ8bIAF,005Px00000Bnj46IAB,Law.com CSM,Edit,Read,None,Edit
001Tm00000Mt71UIAR,005Px00000Bnj46IAB,Law.com CSM,Edit,Read,None,Edit
001Px00000VvUQfIAN,005Px00000Bnj46IAB,Law.com CSM,Edit,Read,None,Edit
001Tm00000MEC7aIAH,005Px00000Bnj46IAB,Law.com CSM,Edit,Read,None,Edit
001Px00000VvuRlIAJ,005Px00000Bnj46IAB,Law.com CSM,Edit,Read,None,Edit
001Px00000Vw0IZIAZ,005Px00000Bnj46IAB,Law.com CSM,Edit,Read,None,Edit
001Px00000Vvi7cIAB,005Px00000Bnj46IAB,Law.com CSM,Edit,Read,None,Edit
001Px00000VvjRAIAZ,005Px00000Bnj46IAB,Law.com CSM,Edit,Read,None,Edit
001Px00000XsbsMIAR,005Px00000Bnj46IAB,Law.com CSM,Edit,Read,None,Edit
001Px00000Xsl2OIAR,005Px00000Bnj46IAB,Law.com CSM,Edit,Read,None,Edit
001Tm00000MtNN1IAN,005Px00000Bnj46IAB,Law.com CSM,Edit,Read,None,Edit
001Px00000XsaDPIAZ,005Px00000Bnj46IAB,Law.com CSM,Edit,Read,None,Edit
001Tm000008fSVGIA2,005Px00000Bnj46IAB,Law.com CSM,Edit,Read,None,Edit
001Px00000XsaEAIAZ,005Px00000Bnj46IAB,Law.com CSM,Edit,Read,None,Edit
001Px00000XsQ7dIAF,005Px00000Bnj46IAB,Law.com CSM,Edit,Read,None,Edit
001Tm00000MEOq2IAH,005Px00000Bnj46IAB,Law.com CSM,Edit,Read,None,Edit
001Px00000VwOuCIAV,005Px00000Bnj46IAB,Law.com CSM,Edit,Read,None,Edit
001Px00000XsQ8VIAV,005Px00000Bnj46IAB,Law.com CSM,Edit,Read,None,Edit
001Px00000VvwW6IAJ,005Px00000Bnj46IAB,Law.com CSM,Edit,Read,None,Edit
001Px00000VvWTnIAN,005Px00000Bnj46IAB,Law.com CSM,Edit,Read,None,Edit
001Px00000Vvh36IAB,005Px00000Bnj46IAB,Law.com CSM,Edit,Read,None,Edit
001Px00000Vwvw9IAB,005Px00000Bnj46IAB,Law.com CSM,Edit,Read,None,Edit
0016g00001AOInaAAH,005Px00000Bnj46IAB,Law.com CSM,Edit,Read,None,Edit
001Px00000VvvjeIAB,005Px00000Bnj46IAB,Law.com CSM,Edit,Read,None,Edit
001Px00000Vw2r3IAB,005Px00000Bnj46IAB,Law.com CSM,Edit,Read,None,Edit
001Px00000Vvg1oIAB,005Px00000Bnj46IAB,Law.com CSM,Edit,Read,None,Edit
001Px00000WkN5RIAV,005Px00000Bnj46IAB,Law.com CSM,Edit,Read,None,Edit
001Px00000VvohLIAR,005Px00000Bnj46IAB,Law.com CSM,Edit,Read,None,Edit
001Px00000Xscv6IAB,005Px00000Bnj46IAB,Law.com CSM,Edit,Read,None,Edit
0014L00000f3yyaQAA,005Px00000Bnj46IAB,Law.com CSM,Edit,Read,None,Edit
001Px00000VvefJIAR,005Px00000Bnj46IAB,Law.com CSM,Edit,Read,None,Edit
001Px00000VvpyFIAR,005Px00000Bnj46IAB,Law.com CSM,Edit,Read,None,Edit
001Px00000Xsl7BIAR,005Px00000Bnj46IAB,Law.com CSM,Edit,Read,None,Edit
0014L00000TxNuVQAV,005Px00000Bnj46IAB,Law.com CSM,Edit,Read,None,Edit
001Px00000VvoSgIAJ,005Px00000Bnj46IAB,Law.com CSM,Edit,Read,None,Edit
001Px00000VvRLLIA3,005Px00000Bnj46IAB,Law.com CSM,Edit,Read,None,Edit
001Px00000VvXLLIA3,005Px00000Bnj46IAB,Law.com CSM,Edit,Read,None,Edit
001Px00000Vvgv1IAB,005Px00000Bnj46IAB,Law.com CSM,Edit,Read,None,Edit
001Px00000VvVBAIA3,005Px00000Bnj46IAB,Law.com CSM,Edit,Read,None,Edit
001Px00000XskpJIAR,005Px00000Bnj46IAB,Law.com CSM,Edit,Read,None,Edit
001Px00000VvOFLIA3,005Px00000Bnj46IAB,Law.com CSM,Edit,Read,None,Edit
001Px00000VvR5AIAV,005Px00000Bnj46IAB,Law.com CSM,Edit,Read,None,Edit
001Px00000VvwWZIAZ,005Px00000Bnj46IAB,Law.com CSM,Edit,Read,None,Edit
001Tm00000MEPwzIAH,005Px00000Bnj46IAB,Law.com CSM,Edit,Read,None,Edit
001Px00000VvwVIIAZ,005Px00000Bnj46IAB,Law.com CSM,Edit,Read,None,Edit
0016g00001AO6AVAA1,005Px00000Bnj46IAB,Law.com CSM,Edit,Read,None,Edit
001Px00000VvkhzIAB,005Px00000Bnj46IAB,Law.com CSM,Edit,Read,None,Edit
001Px00000VvbmrIAB,005Px00000Bnj46IAB,Law.com CSM,Edit,Read,None,Edit
001Px00000VwNY7IAN,005Px00000Bnj46IAB,Law.com CSM,Edit,Read,None,Edit
001Px00000XsUqpIAF,005Px00000Bnj46IAB,Law.com CSM,Edit,Read,None,Edit
001Px00000Xske1IAB,005Px00000Bnj46IAB,Law.com CSM,Edit,Read,None,Edit
001Px00000VvXL7IAN,005Px00000Bnj46IAB,Law.com CSM,Edit,Read,None,Edit
001Px00000VyMVtIAN,005Px00000Bnj46IAB,Law.com CSM,Edit,Read,None,Edit
001Px00000Xscw7IAB,005Px00000Bnj46IAB,Law.com CSM,Edit,Read,None,Edit
001Px00000VvjSnIAJ,005Px00000Bnj46IAB,Law.com CSM,Edit,Read,None,Edit
001Px00000XsUtqIAF,005Px00000Bnj46IAB,Law.com CSM,Edit,Read,None,Edit
001Px00000VvefhIAB,005Px00000Bnj46IAB,Law.com CSM,Edit,Read,None,Edit
001Px00000VyIl9IAF,005Px00000Bnj46IAB,Law.com CSM,Edit,Read,None,Edit
001Px00000VvyD0IAJ,005Px00000Bnj46IAB,Law.com CSM,Edit,Read,None,Edit
001Px00000XsVdWIAV,005Px00000Bnj46IAB,Law.com CSM,Edit,Read,None,Edit
001Px00000XsVebIAF,005Px00000Bnj46IAB,Law.com CSM,Edit,Read,None,Edit
001Tm00000MtDO4IAN,005Px00000Bnj46IAB,Law.com CSM,Edit,Read,None,Edit
001Px00000VvU3BIAV,005Px00000Bnj46IAB,Law.com CSM,Edit,Read,None,Edit
001Px00000VwRHGIA3,005Px00000Bnj46IAB,Law.com CSM,Edit,Read,None,Edit
001Px00000VveFJIAZ,005Px00000Bnj46IAB,Law.com CSM,Edit,Read,None,Edit
001Px00000XsaECIAZ,005Px00000Bnj46IAB,Law.com CSM,Edit,Read,None,Edit
001Px00000VyHYMIA3,005Px00000Bnj46IAB,Law.com CSM,Edit,Read,None,Edit
001Tm00000MEO8xIAH,005Px00000Bnj46IAB,Law.com CSM,Edit,Read,None,Edit
001Px00000VvVdNIAV,005Px00000Bnj46IAB,Law.com CSM,Edit,Read,None,Edit
001Px00000VvviwIAB,005Px00000Bnj46IAB,Law.com CSM,Edit,Read,None,Edit
0016g00001AOGplAAH,005Px00000Bnj46IAB,Law.com CSM,Edit,Read,None,Edit
0016g00001ANrN6AAL,005Px00000Bnj46IAB,Law.com CSM,Edit,Read,None,Edit
001Px00000Vvqh2IAB,005Px00000Bnj46IAB,Law.com CSM,Edit,Read,None,Edit
001Px00000VwOtTIAV,005Px00000Bnj46IAB,Law.com CSM,Edit,Read,None,Edit
001Px00000VvdVTIAZ,005Px00000Bnj46IAB,Law.com CSM,Edit,Read,None,Edit
001Tm00000MEIReIAP,005Px00000Bnj46IAB,Law.com CSM,Edit,Read,None,Edit
001Px00000Vvf9wIAB,005Px00000Bnj46IAB,Law.com CSM,Edit,Read,None,Edit
001Px00000XskinIAB,005Px00000Bnj46IAB,Law.com CSM,Edit,Read,None,Edit
001Px00000VvZRYIA3,005Px00000Bnj46IAB,Law.com CSM,Edit,Read,None,Edit
001Tm00000MtXSrIAN,005Px00000Bnj46IAB,Law.com CSM,Edit,Read,None,Edit
001Px00000VvvahIAB,005Px00000Bnj46IAB,Law.com CSM,Edit,Read,None,Edit
001Px00000XsUqgIAF,005Px00000Bnj46IAB,Law.com CSM,Edit,Read,None,Edit
001Px00000Xs1UXIAZ,005Px00000Bnj46IAB,Law.com CSM,Edit,Read,None,Edit
001Px00000VyMVQIA3,005Px00000Bnj46IAB,Law.com CSM,Edit,Read,None,Edit
0014L00000nrLIzQAM,005Px00000Bnj46IAB,Law.com CSM,Edit,Read,None,Edit
001Px00000VvNUmIAN,005Px00000Bnj46IAB,Law.com CSM,Edit,Read,None,Edit
001Px00000XskhHIAR,005Px00000Bnj46IAB,Law.com CSM,Edit,Read,None,Edit
001Px00000XskhOIAR,005Px00000Bnj46IAB,Law.com CSM,Edit,Read,None,Edit
001Px00000Vvx3nIAB,005Px00000Bnj46IAB,Law.com CSM,Edit,Read,None,Edit
001Px00000VvlocIAB,005Px00000Bnj46IAB,Law.com CSM,Edit,Read,None,Edit
001Px00000VyPrwIAF,005Px00000Bnj46IAB,Law.com CSM,Edit,Read,None,Edit
001Px00000VyPrpIAF,005Px00000Bnj46IAB,Law.com CSM,Edit,Read,None,Edit
001Px00000XsiaSIAR,005Px00000Bnj46IAB,Law.com CSM,Edit,Read,None,Edit
001Px00000XsUNPIA3,005Px00000Bnj46IAB,Law.com CSM,Edit,Read,None,Edit
001Px00000VvyDLIAZ,005Px00000Bnj46IAB,Law.com CSM,Edit,Read,None,Edit
001Px00000VyN7NIAV,005Px00000Bnj46IAB,Law.com CSM,Edit,Read,None,Edit
001Tm00000MtXSeIAN,005Px00000Bnj46IAB,Law.com CSM,Edit,Read,None,Edit
001Px00000XsaDxIAJ,005Px00000Bnj46IAB,Law.com CSM,Edit,Read,None,Edit
001Px00000XsaEGIAZ,005Px00000Bnj46IAB,Law.com CSM,Edit,Read,None,Edit
001Px00000VvvjWIAR,005Px00000Bnj46IAB,Law.com CSM,Edit,Read,None,Edit
001Px00000VvjA4IAJ,005Px00000Bnj46IAB,Law.com CSM,Edit,Read,None,Edit
001Px00000VvPqRIAV,005Px00000Bnj46IAB,Law.com CSM,Edit,Read,None,Edit
001Tm00000MEIs9IAH,005Px00000Bnj46IAB,Law.com CSM,Edit,Read,None,Edit
001Tm00000MEE7jIAH,005Px00000Bnj46IAB,Law.com CSM,Edit,Read,None,Edit
001Tm00000MEGGKIA5,005Px00000Bnj46IAB,Law.com CSM,Edit,Read,None,Edit
001Px00000VvdWaIAJ,005Px00000Bnj46IAB,Law.com CSM,Edit,Read,None,Edit
001Px00000VvgYDIAZ,005Px00000Bnj46IAB,Law.com CSM,Edit,Read,None,Edit
001Tm00000MEIaRIAX,005Px00000Bnj46IAB,Law.com CSM,Edit,Read,None,Edit
001Px00000VwZkcIAF,005Px00000Bnj46IAB,Law.com CSM,Edit,Read,None,Edit
001Tm00000MtEt6IAF,005Px00000Bnj46IAB,Law.com CSM,Edit,Read,None,Edit
001Px00000VveG0IAJ,005Px00000Bnj46IAB,Law.com CSM,Edit,Read,None,Edit
001Px00000VvsDlIAJ,005Px00000Bnj46IAB,Law.com CSM,Edit,Read,None,Edit
001Px00000VvuLXIAZ,005Px00000Bnj46IAB,Law.com CSM,Edit,Read,None,Edit
001Px00000VvfE6IAJ,005Px00000Bnj46IAB,Law.com CSM,Edit,Read,None,Edit
001Px00000Vvs5pIAB,005Px00000Bnj46IAB,Law.com CSM,Edit,Read,None,Edit
0016g00001ANrPHAA1,005Px00000Bnj46IAB,Law.com CSM,Edit,Read,None,Edit
001Px00000Vvx41IAB,005Px00000Bnj46IAB,Law.com CSM,Edit,Read,None,Edit
001Px00000VvvjdIAB,005Px00000Bnj46IAB,Law.com CSM,Edit,Read,None,Edit
001Px00000WkN5LIAV,005Px00000Bnj46IAB,Law.com CSM,Edit,Read,None,Edit
001Px00000VvY8YIAV,005Px00000Bnj46IAB,Law.com CSM,Edit,Read,None,Edit
001Px00000VvXonIAF,005Px00000Bnj46IAB,Law.com CSM,Edit,Read,None,Edit
001Px00000Vvo8EIAR,005Px00000Bnj46IAB,Law.com CSM,Edit,Read,None,Edit
001Px00000Vvjp6IAB,005Px00000Bnj46IAB,Law.com CSM,Edit,Read,None,Edit
001Tm00000MEDzKIAX,005Px00000Bnj46IAB,Law.com CSM,Edit,Read,None,Edit
001Px00000Vvd3VIAR,005Px00000Bnj46IAB,Law.com CSM,Edit,Read,None,Edit
001Px00000Vvx3lIAB,005Px00000Bnj46IAB,Law.com CSM,Edit,Read,None,Edit
001Px00000VvUo3IAF,005Px00000Bnj46IAB,Law.com CSM,Edit,Read,None,Edit
001Px00000VvxSbIAJ,005Px00000Bnj46IAB,Law.com CSM,Edit,Read,None,Edit
001Px00000VwhM4IAJ,005Px00000Bnj46IAB,Law.com CSM,Edit,Read,None,Edit
001Px00000VvpfKIAR,005Px00000Bnj46IAB,Law.com CSM,Edit,Read,None,Edit
001Px00000Vw0HpIAJ,005Px00000Bnj46IAB,Law.com CSM,Edit,Read,None,Edit
001Px00000VvNcwIAF,005Px00000Bnj46IAB,Law.com CSM,Edit,Read,None,Edit
001Px00000VveuGIAR,005Px00000Bnj46IAB,Law.com CSM,Edit,Read,None,Edit
0016g00001AO0DvAAL,005Px00000Bnj46IAB,Law.com CSM,Edit,Read,None,Edit
001Tm00000MEBnQIAX,005Px00000Bnj46IAB,Law.com CSM,Edit,Read,None,Edit
001Px00000VvnKfIAJ,005Px00000Bnj46IAB,Law.com CSM,Edit,Read,None,Edit
001Px00000VwRGoIAN,005Px00000Bnj46IAB,Law.com CSM,Edit,Read,None,Edit
001Px00000VwAuyIAF,005Px00000Bnj46IAB,Law.com CSM,Edit,Read,None,Edit
001Px00000VvnJyIAJ,005Px00000Bnj46IAB,Law.com CSM,Edit,Read,None,Edit
001Px00000VvSLUIA3,005Px00000Bnj46IAB,Law.com CSM,Edit,Read,None,Edit
001Px00000VvTJ9IAN,005Px00000Bnj46IAB,Law.com CSM,Edit,Read,None,Edit
001Tm00000METXqIAP,005Px00000Bnj46IAB,Law.com CSM,Edit,Read,None,Edit
001Px00000VvpOfIAJ,005Px00000Bnj46IAB,Law.com CSM,Edit,Read,None,Edit
001Px00000Vy1GjIAJ,005Px00000Bnj46IAB,Law.com CSM,Edit,Read,None,Edit
001Px00000VwWE9IAN,005Px00000Bnj46IAB,Law.com CSM,Edit,Read,None,Edit
001Tm00000MEAvCIAX,005Px00000Bnj46IAB,Law.com CSM,Edit,Read,None,Edit
001Px00000Vvc5iIAB,005Px00000Bnj46IAB,Law.com CSM,Edit,Read,None,Edit
001Px00000VvsE4IAJ,005Px00000Bnj46IAB,Law.com CSM,Edit,Read,None,Edit
0016g00001AOD9lAAH,005Px00000Bnj46IAB,Law.com CSM,Edit,Read,None,Edit
001Tm00000MtIA8IAN,005Px00000Bnj46IAB,Law.com CSM,Edit,Read,None,Edit
001Px00000VvxSoIAJ,005Px00000Bnj46IAB,Law.com CSM,Edit,Read,None,Edit
0016g00001AOEK4AAP,005Px00000Bnj46IAB,Law.com CSM,Edit,Read,None,Edit
001Px00000Vvt9hIAB,005Px00000Bnj46IAB,Law.com CSM,Edit,Read,None,Edit
001Px00000VveAbIAJ,005Px00000Bnj46IAB,Law.com CSM,Edit,Read,None,Edit
001Tm00000MECHTIA5,005Px00000Bnj46IAB,Law.com CSM,Edit,Read,None,Edit
001Px00000VwXcjIAF,005Px00000Bnj46IAB,Law.com CSM,Edit,Read,None,Edit
001Px00000Vvi7SIAR,005Px00000Bnj46IAB,Law.com CSM,Edit,Read,None,Edit
001Px00000WkhfTIAR,005Px00000Bnj46IAB,Law.com CSM,Edit,Read,None,Edit
001Px00000VvbwMIAR,005Px00000Bnj46IAB,Law.com CSM,Edit,Read,None,Edit
001Px00000VvndgIAB,005Px00000Bnj46IAB,Law.com CSM,Edit,Read,None,Edit
