tier,signal,signal_count,g300_id,g300_name,g300_website,g300_created,g300_child_offices,g300_contacts,g300_opportunities,candidate_id,candidate_name,candidate_website,candidate_created,candidate_created_by,candidate_is_older,candidate_child_offices,candidate_contacts,candidate_opportunities,verdict_26sep,verdict_source
1,"within_g300:name_exact, within_g300:website_domain_match",2,0016g00001ANnDBAA1,Akin Gump Strauss Hauer & Feld LLP,www.akingump.com,2021-01-20T19:16:50.000+0000,26,1761,947,001Px00000hloUDIAY,Akin Gump Strauss Hauer & Feld LLP,www.akingump.com,2026-02-04T17:44:15.000+0000,Nirlipta Nihar Parida,N,1,0,0,affiliate_or_office,verified 26 Sep
1,"alias_exact, name_short_form",2,001Px00000VvfTpIAJ,Allen Overy Shearman Sterling LLP,www.aoshearman.com,2021-01-20T19:17:41.000+0000,57,6867,3482,001Px00000j5Bs7IAE,Allen & Overy LLP,,2026-08-20T18:15:15.000+0000,Kieran Hansen,N,1,1,12,predecessor_or_legacy,verified 26 Sep
1,alias_exact,1,001Px00000VvfTpIAJ,Allen Overy Shearman Sterling LLP,www.aoshearman.com,2021-01-20T19:17:41.000+0000,57,6867,3482,001Px00000j5MtYIAU,Shearman Sterling,,2026-08-20T18:20:17.000+0000,Kieran Hansen,N,1,1,5,predecessor_or_legacy,verified 26 Sep
1,name_exact,1,001Px00000VvXqOIAV,Alston & Bird LLP,www.alston.com,2021-01-20T19:18:07.000+0000,21,1512,708,001Px00000j5NuwIAE,Alston Bird,,2026-08-20T18:15:15.000+0000,Kieran Hansen,N,1,1,25,duplicate,verified 26 Sep
1,name_exact,1,001Px00000Vve0tIAB,ArentFox Schiff LLP,www.afslaw.com,2021-01-20T19:20:30.000+0000,15,1230,455,001Px00000heaAUIAY,ArentFox Schiff,,2026-07-25T18:08:21.000+0000,Kieran Hansen,N,3,3,2,duplicate,verified 26 Sep
1,name_exact,1,0016g00001ANqfwAAD,Ballard Spahr LLP,www.ballardspahr.com,2021-01-20T19:23:35.000+0000,32,761,482,001Px00000hlb4QIAQ,BALLARD SPAHR LLP,,2025-12-18T15:37:15.000+0000,Scott Lewis,N,1,1,0,duplicate,verified 26 Sep
1,name_exact,1,0016g00001ANqfwAAD,Ballard Spahr LLP,www.ballardspahr.com,2021-01-20T19:23:35.000+0000,32,761,482,001Px00000heW9jIAE,Ballard Spahr,,2026-07-25T18:08:30.000+0000,Kieran Hansen,N,1,1,0,duplicate,verified 26 Sep
1,name_exact,1,0016g00001ANqfwAAD,Ballard Spahr LLP,www.ballardspahr.com,2021-01-20T19:23:35.000+0000,32,761,482,001Px00000heW9kIAE,Ballard Spahr LLP,,2026-07-25T18:08:30.000+0000,Kieran Hansen,N,1,2,2,duplicate,verified 26 Sep
1,alias_exact,1,0016g00001ANqfwAAD,Ballard Spahr LLP,www.ballardspahr.com,2021-01-20T19:23:35.000+0000,32,761,482,0016g00001AOHCIAA5,Lindquist  Vennum LLP,www.lindquist.com,2021-01-20T20:15:23.000+0000,Kamyar Jannati,N,3,22,0,,new - not verified
1,alias_exact,1,0016g00001ANqfwAAD,Ballard Spahr LLP,www.ballardspahr.com,2021-01-20T19:23:35.000+0000,32,761,482,0016g00001AOHCJAA5,Lindquist & Vennum,www.lindquist.com,2021-01-20T20:15:23.000+0000,Kamyar Jannati,N,3,13,4,,new - not verified
1,alias_exact,1,0016g00001ANqfwAAD,Ballard Spahr LLP,www.ballardspahr.com,2021-01-20T19:23:35.000+0000,32,761,482,001Tm00000MtQWsIAN,Lindquist & Vennum,,2025-09-04T10:03:10.000+0000,Kieran Hansen,N,2,9,0,,new - not verified
1,name_exact,1,0016g00001ANsRWAA1,Blank Rome LLP,www.blankrome.com,2021-01-20T19:26:52.000+0000,20,636,389,001Px00000hlfWxIAI,Blank Rome,,2026-06-16T15:17:40.000+0000,Kieran Hansen,N,1,2,0,duplicate,verified 26 Sep
1,alias_exact,1,0016g00001ANsRWAA1,Blank Rome LLP,www.blankrome.com,2021-01-20T19:26:52.000+0000,20,636,389,001Px00000VvbNuIAJ,Dickstein Shapiro LLP,dicksteinshapiro.com,2025-11-13T10:02:28.000+0000,Kieran Hansen,N,1,91,0,,new - not verified
1,alias_exact,1,0016g00001ANt3wAAD,Bradley Arant Boult Cummings LLP,www.bradley.com,2021-01-20T19:28:04.000+0000,18,602,305,0016g00001ANswWAAT,Boult Cummings Conners  Berry PLC,www.boultcummings.com,2021-01-20T19:27:52.000+0000,Kamyar Jannati,Y,1,5,0,,new - not verified
1,alias_exact,1,0016g00001ANtcKAAT,Bryan Cave Leighton Paisner LLP,www.bclplaw.com,2021-01-20T19:29:08.000+0000,46,2542,881,001Px00000VwXFjIAN,"Berwin, Leighton, Paisner, LLP",,2025-11-13T12:17:04.000+0000,Kieran Hansen,N,1,8,1,predecessor_or_legacy,verified 26 Sep
1,"alias_exact, name_short_form",2,0016g00001ANtcKAAT,Bryan Cave Leighton Paisner LLP,www.bclplaw.com,2021-01-20T19:29:08.000+0000,46,2542,881,001Px00000jNSCNIA4,Bryan Cave,www.bryancave.com,2026-08-26T15:41:48.000+0000,Kieran Hansen,N,1,0,0,predecessor_or_legacy,verified 26 Sep
1,alias_exact,1,0016g00001ANtcKAAT,Bryan Cave Leighton Paisner LLP,www.bclplaw.com,2021-01-20T19:29:08.000+0000,46,2542,881,0016g00001AO9RoAAL,Holme Roberts  Owen LLP,www.hro.com,2021-01-20T19:59:41.000+0000,Kamyar Jannati,N,3,9,0,,new - not verified
1,alias_exact,1,0016g00001ANtcKAAT,Bryan Cave Leighton Paisner LLP,www.bclplaw.com,2021-01-20T19:29:08.000+0000,46,2542,881,0016g00001AORMMAA5,Powell Goldstein LLP,www.pogolaw.com,2021-01-20T20:35:57.000+0000,Kamyar Jannati,N,1,16,0,,new - not verified
1,alias_exact,1,0016g00001ANtv7AAD,Burr & Forman LLP,www.burr.com,2021-01-20T19:29:45.000+0000,20,248,173,001Px00000VxT6UIAV,"Mcnair Law Firm, P.A.",,2025-11-13T14:14:14.000+0000,Kieran Hansen,N,1,6,0,,new - not verified
1,name_exact,1,0016g00001ANx1bAAD,CMS Legal,www.cms.law,2021-01-20T19:31:35.000+0000,106,6828,3358,001Px00000heZGcIAM,CMS,,2026-07-25T18:09:21.000+0000,Kieran Hansen,N,1,1,0,duplicate,verified 26 Sep
1,name_exact,1,0016g00001ANx1bAAD,CMS Legal,www.cms.law,2021-01-20T19:31:35.000+0000,106,6828,3358,001Px00000heZgvIAE,CMS,,2026-07-25T18:08:12.000+0000,Kieran Hansen,N,1,2,0,duplicate,verified 26 Sep
1,alias_exact,1,0016g00001ANx1bAAD,CMS Legal,www.cms.law,2021-01-20T19:31:35.000+0000,106,6828,3358,0016g00001ANuUcAAL,Cameron McKenna LLP,www.cms-cmck.com,2021-01-20T19:30:51.000+0000,Kamyar Jannati,Y,1,1,0,,new - not verified
1,alias_exact,1,0016g00001ANx1bAAD,CMS Legal,www.cms.law,2021-01-20T19:31:35.000+0000,106,6828,3358,001Px00000Vy2dfIAB,Nabarro LLP,,2025-11-13T16:02:46.000+0000,Kieran Hansen,N,1,1,0,,new - not verified
1,alias_exact,1,0016g00001ANx1bAAD,CMS Legal,www.cms.law,2021-01-20T19:31:35.000+0000,106,6828,3358,001Px00000VyAtxIAF,Olswang LLP,,2025-11-13T16:03:06.000+0000,Kieran Hansen,N,1,14,0,,new - not verified
1,name_exact,1,001Px00000VvXxxIAF,"Cadwalader, Wickersham & Taft LLP",www.cadwalader.com,2021-01-20T19:30:27.000+0000,6,817,447,001Px00000heZHGIA2,"Cadwalader, Wickersham & Taft LLP",,2026-07-25T18:09:21.000+0000,Kieran Hansen,N,1,1,0,duplicate,verified 26 Sep
1,name_exact,1,0016g00001ANuIZAA1,Cahill Gordon & Reindel LLP,www.cahill.com,2021-01-20T19:30:27.000+0000,5,234,201,001Px00000heRXfIAM,Cahill Gordon & Reindel LLP,,2026-07-25T18:08:52.000+0000,Kieran Hansen,N,1,2,0,duplicate,verified 26 Sep
1,"alias_exact, website_domain_match",2,0016g00001ANuvPAAT,"Carlton Fields, P.A",www.carltonfields.com,2021-01-20T19:31:41.000+0000,16,382,188,0016g00001AOD8MAAX,Jorden Burt LLP,www.carltonfields.com,2021-01-20T20:07:27.000+0000,Kamyar Jannati,N,1,2,0,predecessor_or_legacy,verified 26 Sep
1,alias_exact,1,0016g00001ANuvPAAT,"Carlton Fields, P.A",www.carltonfields.com,2021-01-20T19:31:41.000+0000,16,382,188,001Px00000VxJ46IAF,Jorden Burt LLP,,2025-11-13T14:15:33.000+0000,Kieran Hansen,N,1,9,0,,new - not verified
1,name_exact,1,001Px00000VvqQAIAZ,Chapman and Cutler LLP,www.chapman.com,2021-01-20T19:33:24.000+0000,6,99,105,001Px00000j5O4CIAU,Chapman Cutler,,2026-08-20T18:15:37.000+0000,Kieran Hansen,N,1,0,0,duplicate,verified 26 Sep
1,name_exact,1,001Px00000VvqQAIAZ,Chapman and Cutler LLP,www.chapman.com,2021-01-20T19:33:24.000+0000,6,99,105,001Px00000jAKopIAG,Chapman Cutler,,2026-08-22T10:39:40.000+0000,Kieran Hansen,N,1,1,9,duplicate,verified 26 Sep
1,"name_exact, website_domain_match",2,0016g00001ANvsjAAD,Charles Russell Speechlys,www.charlesrussellspeechlys.com,2021-01-20T19:33:29.000+0000,14,1185,599,001Px00000j6CfkIAE,Charles Russell Speechlys LLP,www.charlesrussellspeechlys.com,2026-08-21T02:45:32.000+0000,Sneha Mekala,N,1,1,1,duplicate,verified 26 Sep
1,alias_exact,1,0016g00001ANvsjAAD,Charles Russell Speechlys,www.charlesrussellspeechlys.com,2021-01-20T19:33:29.000+0000,14,1185,599,001Px00000cAbOnIAK,Speechly Bircham,,2015-05-15T10:27:23.000+0000,Kieran Hansen,Y,2,5,0,,new - not verified
1,name_exact,1,001Px00000VwSDBIA3,Chiesa Shahinian & Giantomasi PC,www.csglaw.com,2021-01-20T19:33:54.000+0000,4,124,267,001Px00000j5NGXIA2,Chiesa Shahinian & Giantomasi Pc,,2026-08-20T18:19:07.000+0000,Kieran Hansen,N,1,2,12,duplicate,verified 26 Sep
1,name_exact,1,001Px00000Vvo8DIAR,Clark Hill PLC,www.clarkhill.com,2021-01-20T19:35:08.000+0000,34,925,161,001Px00000cAaxFIAS,Clark Hill PLC,,2026-01-23T16:59:35.000+0000,Kieran Hansen,N,1,3,5,duplicate,verified 26 Sep
1,alias_exact,1,001Px00000Vvo8DIAR,Clark Hill PLC,www.clarkhill.com,2021-01-20T19:35:08.000+0000,34,925,161,001Px00000VvbOfIAJ,Strasburger & Price,,2025-11-13T10:02:28.000+0000,Kieran Hansen,N,2,50,0,,new - not verified
1,alias_exact,1,001Px00000Vvo8DIAR,Clark Hill PLC,www.clarkhill.com,2021-01-20T19:35:08.000+0000,34,925,161,001Px00000VvbcSIAR,Thorp Reed Armstrong,,2025-09-04T10:06:17.000+0000,Kieran Hansen,N,2,10,19,,new - not verified
1,name_exact,1,001Px00000VvvMKIAZ,Clifford Chance LLP,www.cliffordchance.com,2021-01-20T19:35:25.000+0000,43,3313,2925,001Px00000heZGFIA2,Clifford Chance,,2026-07-25T18:09:21.000+0000,Kieran Hansen,N,1,4,0,duplicate,verified 26 Sep
1,alias_exact,1,0016g00001ANrupAAD,Clyde & Co LLP,www.clydeco.com,2021-01-20T19:25:53.000+0000,77,3458,1392,001Px00000Vy4otIAB,Berrymans Lace Mawer,,2025-11-13T16:05:46.000+0000,Kieran Hansen,N,1,4,0,,new - not verified
1,name_exact,1,0016g00001ANrupAAD,Clyde & Co LLP,www.clydeco.com,2021-01-20T19:25:53.000+0000,77,3458,1392,0014L00000k4rAHQAY,Clyde Co Inc,www.clydeinc.com,2023-05-23T17:15:08.000+0000,Kieran Hansen,N,1,0,0,unrelated,verified 26 Sep
1,name_exact,1,001Px00000VvpdsIAB,Cole Schotz P.C.,www.coleschotz.com,2021-01-20T19:36:02.000+0000,9,135,186,001Px00000j5KYFIA2,Cole Schotz Pc,,2026-08-20T18:15:42.000+0000,Kieran Hansen,N,1,1,9,duplicate,verified 26 Sep
1,name_exact,1,001Px00000Vvg80IAB,Cooley LLP,www.cooley.com,2021-01-20T19:37:27.000+0000,29,2432,874,001Px00000Xs1V6IAJ,Cooley Law Firm,www.jclaw.org,2025-12-22T11:03:08.000+0000,Kieran Hansen,N,1,1,2,unrelated,verified 26 Sep
1,name_exact,1,001Px00000VvMI4IAN,Covington & Burling LLP,www.cov.com,2021-01-20T19:38:09.000+0000,16,2143,1329,001Px00000heTydIAE,Covington & Burling,,2026-07-25T18:09:30.000+0000,Kieran Hansen,N,1,1,0,duplicate,verified 26 Sep
1,name_exact,1,0016g00001ANyMkAAL,Cozen O'Connor,www.cozen.com,2021-01-20T19:38:15.000+0000,40,1156,2745,001Px00000ihTpiIAE,Cozen O'Connor,,2026-06-25T15:33:04.000+0000,Kieran Hansen,N,1,1,0,duplicate,verified 26 Sep
1,alias_exact,1,001Px00000VwYV4IAN,Cyril Amarchand Mangaldas,www.cyrilshroff.com,2021-01-20T19:39:24.000+0000,8,358,369,001Px00000VwQmzIAF,Amarchand Mangaldas,,2025-11-13T12:06:02.000+0000,Kieran Hansen,N,1,2,0,,new - not verified
1,name_exact,1,001Px00000VvVJ5IAN,DLA Piper,www.dlapiper.com,2021-01-20T19:42:32.000+0000,135,9185,3393,001Px00000heQ0DIAU,DLA Piper,,2026-07-25T18:13:47.000+0000,Kieran Hansen,N,1,6,0,duplicate,verified 26 Sep
1,name_exact,1,001Px00000VvVJ5IAN,DLA Piper,www.dlapiper.com,2021-01-20T19:42:32.000+0000,135,9185,3393,001Px00000hecKeIAI,DLA Piper,,2026-07-25T18:14:30.000+0000,Kieran Hansen,N,1,1,0,duplicate,verified 26 Sep
1,alias_exact,1,001Px00000VvVJ5IAN,DLA Piper,www.dlapiper.com,2021-01-20T19:42:32.000+0000,135,9185,3393,001Px00000Vy2zKIAR,Dla Phillips Fox,,2025-11-13T16:03:01.000+0000,Kieran Hansen,N,1,1,0,,new - not verified
1,alias_exact,1,001Px00000VvVJ5IAN,DLA Piper,www.dlapiper.com,2021-01-20T19:42:32.000+0000,135,9185,3393,001Px00000Vy0d8IAB,Piper Rudnick,,2025-11-13T16:17:25.000+0000,Kieran Hansen,N,1,2,0,,new - not verified
1,alias_exact,1,0016g00001AOSsqAAH,DWF LLP,www.dwfgroup.com,2021-01-20T19:43:56.000+0000,45,1652,385,001Px00000cAZuVIAW,Davies Wallis Foyster LLP,,2016-07-01T14:59:28.000+0000,Kieran Hansen,Y,1,1,0,,new - not verified
1,alias_exact,1,0016g00001AOSsqAAH,DWF LLP,www.dwfgroup.com,2021-01-20T19:43:56.000+0000,45,1652,385,0016g00001AO4SJAA1,Fishburns LLP,,2021-01-20T19:50:01.000+0000,Kamyar Jannati,N,1,1,0,,new - not verified
1,alias_exact,1,0016g00001AOSsqAAH,DWF LLP,www.dwfgroup.com,2021-01-20T19:43:56.000+0000,45,1652,385,0016g00001AO8hcAAD,Heenan Paris,www.dwf.law,2021-01-20T19:58:16.000+0000,Kamyar Jannati,N,3,5,1,,new - not verified
1,name_exact,1,0016g00001ANzSKAA1,Davis Polk & Wardwell LLP,www.davispolk.com,2021-01-20T19:40:24.000+0000,15,1312,1071,001Px00000j5ODlIAM,Davis Polk Wardwell,,2026-08-20T18:15:52.000+0000,Kieran Hansen,N,1,1,7,duplicate,verified 26 Sep
1,name_exact,1,0016g00001ANzenAAD,Debevoise & Plimpton LLP,www.debevoise.com,2021-01-20T19:40:50.000+0000,13,1458,1796,001Px00000heaXwIAI,Debevoise & Plimpton,,2026-07-25T18:09:38.000+0000,Kieran Hansen,N,1,2,0,duplicate,verified 26 Sep
1,name_exact,1,0016g00001ANzenAAD,Debevoise & Plimpton LLP,www.debevoise.com,2021-01-20T19:40:50.000+0000,13,1458,1796,001Px00000heW9zIAE,Debevoise & Plimpton LLP,,2026-07-25T18:08:30.000+0000,Kieran Hansen,N,1,3,0,duplicate,verified 26 Sep
1,name_exact,1,0016g00001ANzenAAD,Debevoise & Plimpton LLP,www.debevoise.com,2021-01-20T19:40:50.000+0000,13,1458,1796,001Px00000heaUFIAY,Debevoise & Plimpton LLP,,2026-07-25T18:09:28.000+0000,Kieran Hansen,N,1,4,1,duplicate,verified 26 Sep
1,name_exact,1,001Px00000VvNUeIAN,Dechert LLP,www.dechert.com,2021-01-20T19:40:56.000+0000,29,1819,1586,001Px00000j5O9LIAU,Dechert,,2026-08-20T18:15:47.000+0000,Kieran Hansen,N,1,1,5,duplicate,verified 26 Sep
1,name_exact,1,001Px00000VvNUeIAN,Dechert LLP,www.dechert.com,2021-01-20T19:40:56.000+0000,29,1819,1586,001Px00000j5O9MIAU,Dechert,,2026-08-20T18:15:47.000+0000,Kieran Hansen,N,1,0,0,duplicate,verified 26 Sep
1,name_exact,1,001Px00000VvNUeIAN,Dechert LLP,www.dechert.com,2021-01-20T19:40:56.000+0000,29,1819,1586,001Px00000jAKp4IAG,Dechert,,2026-08-22T10:39:40.000+0000,Kieran Hansen,N,1,1,4,duplicate,verified 26 Sep
1,alias_exact,1,001Px00000VvOlmIAF,Dentons,www.dentons.com,2016-12-09T17:55:57.000+0000,207,8538,3758,001Px00000Vvpe9IAB,Bingham Greenebaum Doll LLP,,2025-09-04T09:58:36.000+0000,Kieran Hansen,N,2,22,3,,new - not verified
1,alias_exact,1,001Px00000VvOlmIAF,Dentons,www.dentons.com,2016-12-09T17:55:57.000+0000,207,8538,3758,001Tm00000MEDyiIAH,Cohen & Grigsby,,2025-08-19T11:12:57.000+0000,Kieran Hansen,N,2,20,16,,new - not verified
1,alias_exact,1,001Px00000VvOlmIAF,Dentons,www.dentons.com,2016-12-09T17:55:57.000+0000,207,8538,3758,001Px00000Vwc9AIAR,Durham Jones & Pinegar,,2025-11-13T12:00:39.000+0000,Kieran Hansen,N,1,4,0,,new - not verified
1,alias_exact,1,001Px00000VvOlmIAF,Dentons,www.dentons.com,2016-12-09T17:55:57.000+0000,207,8538,3758,0016g00001AOIA1AAP,Maclay Murray & Spens LLP,www.mms.co.uk,2021-01-20T20:17:20.000+0000,Kamyar Jannati,N,1,2,2,,new - not verified
1,alias_exact,1,001Px00000VvOlmIAF,Dentons,www.dentons.com,2016-12-09T17:55:57.000+0000,207,8538,3758,001Tm00000MtEhXIAV,Maclay Murray & Spens LLP,,2025-09-04T10:03:16.000+0000,Kieran Hansen,N,1,6,0,,new - not verified
1,alias_exact,1,001Px00000VvOlmIAF,Dentons,www.dentons.com,2016-12-09T17:55:57.000+0000,207,8538,3758,0016g00001AOJb1AAH,McKenna Long & Aldridge,www.mckennalong.com,2021-01-20T20:20:05.000+0000,Kamyar Jannati,N,5,12,0,,new - not verified
1,alias_exact,1,001Px00000VvOlmIAF,Dentons,www.dentons.com,2016-12-09T17:55:57.000+0000,207,8538,3758,0016g00001AOJb3AAH,McKenna Long & Aldridge,www.mckennalong.com/offices-10.html,2021-01-20T20:20:05.000+0000,Kamyar Jannati,N,1,5,0,,new - not verified
1,alias_exact,1,001Px00000VvOlmIAF,Dentons,www.dentons.com,2016-12-09T17:55:57.000+0000,207,8538,3758,001Tm00000MtRamIAF,Mckenna Long Aldridge,,2025-09-04T10:03:27.000+0000,Kieran Hansen,N,2,52,0,,new - not verified
1,"alias_exact, alias_short_form",2,001Px00000VvOlmIAF,Dentons,www.dentons.com,2016-12-09T17:55:57.000+0000,207,8538,3758,0016g00001AOUvOAAX,Salans LLP,www.salans.com,2021-01-20T20:43:17.000+0000,Kamyar Jannati,N,1,2,0,,new - not verified
1,alias_exact,1,001Px00000VvOlmIAF,Dentons,www.dentons.com,2016-12-09T17:55:57.000+0000,207,8538,3758,001Px00000VvmT2IAJ,Sirote And Permutt,,2025-11-13T10:10:32.000+0000,Kieran Hansen,N,2,23,17,,new - not verified
1,alias_exact,1,001Px00000VvOlmIAF,Dentons,www.dentons.com,2016-12-09T17:55:57.000+0000,207,8538,3758,001Px00000Vvt4GIAR,Snr Denton,,2025-11-13T10:17:11.000+0000,Kieran Hansen,N,2,6,0,,new - not verified
1,alias_exact,1,001Px00000VvOlmIAF,Dentons,www.dentons.com,2016-12-09T17:55:57.000+0000,207,8538,3758,0016g00001AOXvXAAX,Sonnenschein Nath  Rosenthal LLP,www.sonnenschein.com,2021-01-20T20:48:38.000+0000,Kamyar Jannati,N,5,13,0,,new - not verified
1,alias_exact,1,001Px00000VvOlmIAF,Dentons,www.dentons.com,2016-12-09T17:55:57.000+0000,207,8538,3758,001Px00000VyAqmIAF,Sonnenschein Nath & Rosenthal,,2025-11-13T16:19:11.000+0000,Kieran Hansen,N,1,12,0,,new - not verified
1,name_exact,1,001Px00000VxMoFIAV,Dinsmore & Shohl LLP,www.dinsmore.com,2021-01-20T19:42:14.000+0000,26,460,123,001Px00000heaadIAA,Dinsmore & Shohl LLP,,2026-07-25T18:09:45.000+0000,Kieran Hansen,N,1,2,10,duplicate,verified 26 Sep
1,name_exact,1,001Px00000VvbOnIAJ,Dorsey & Whitney LLP,www.dorsey.com,2021-01-20T19:42:55.000+0000,22,543,306,001Px00000j5ODZIA2,Dorsey Whitney,,2026-08-20T18:15:52.000+0000,Kieran Hansen,N,1,1,23,duplicate,verified 26 Sep
1,name_exact,1,0016g00001AO159AAD,Duane Morris LLP,www.duanemorris.com,2021-01-20T19:43:38.000+0000,34,1360,698,001Px00000heWGcIAM,Duane Morris,,2026-07-25T18:09:48.000+0000,Kieran Hansen,N,1,1,1,duplicate,verified 26 Sep
1,alias_exact,1,001Px00000VvbOZIAZ,Dykema Gossett PLLC,www.dykema.com,2021-01-20T19:43:56.000+0000,22,312,108,0016g00001ANyMNAA1,Cox Smith Matthews Inc,www.coxsmith.com,2021-01-20T19:38:15.000+0000,Kamyar Jannati,Y,3,13,0,,new - not verified
1,name_exact,1,001Px00000VvbwmIAB,Eversheds Sutherland,www.eversheds-sutherland.com,2021-01-20T19:47:46.000+0000,84,5128,1537,001Px00000heWRBIA2,Eversheds Sutherland,,2026-07-25T18:09:59.000+0000,Kieran Hansen,N,7,24,1,duplicate,verified 26 Sep
1,name_exact,1,001Px00000VvbwmIAB,Eversheds Sutherland,www.eversheds-sutherland.com,2021-01-20T19:47:46.000+0000,84,5128,1537,001Px00000j5H7EIAU,Eversheds Sutherland,,2026-08-20T18:15:57.000+0000,Kieran Hansen,N,1,1,1,duplicate,verified 26 Sep
1,alias_exact,1,001Px00000VvbwmIAB,Eversheds Sutherland,www.eversheds-sutherland.com,2021-01-20T19:47:46.000+0000,84,5128,1537,001Px00000VxOWyIAN,"Sutherland, Asbill & Brennan",,2025-11-13T14:28:48.000+0000,Kieran Hansen,N,2,33,6,predecessor_or_legacy,verified 26 Sep
1,within_g300:alias_exact,1,0016g00001AO6I7AAL,FBT Gibbons LLP,www.fbtgibbons.com,2021-01-20T19:51:40.000+0000,31,540,367,001Px00000j5PGuIAM,Frost Brown Todd,,2026-08-20T18:19:21.000+0000,Kieran Hansen,N,1,1,40,predecessor_or_legacy,verified 26 Sep
1,"alias_exact, alias_short_form",2,0016g00001AO6I7AAL,FBT Gibbons LLP,www.fbtgibbons.com,2021-01-20T19:51:40.000+0000,31,540,367,001Px00000hePQ5IAM,Gibbons P.C.,,2026-07-25T18:10:29.000+0000,Kieran Hansen,N,1,1,1,predecessor_or_legacy,recall check 26 Sep
1,"alias_exact, alias_short_form",2,0016g00001AO6I7AAL,FBT Gibbons LLP,www.fbtgibbons.com,2021-01-20T19:51:40.000+0000,31,540,367,001Px00000hePQ6IAM,Gibbons P.C.,,2026-07-25T18:10:29.000+0000,Kieran Hansen,N,1,1,0,predecessor_or_legacy,recall check 26 Sep
1,alias_exact,1,001Px00000Vvic0IAB,Fasken Martineau DuMoulin LLP,www.fasken.com,2021-01-20T19:48:41.000+0000,17,1770,851,0016g00001ANtosAAD,Bull Housser  Tupper LLP,www.bht.com,2021-01-20T19:29:32.000+0000,Kamyar Jannati,Y,3,18,4,,new - not verified
1,"alias_exact, alias_extends",2,001Px00000VvXqMIAV,"Fennemore Craig, P.C.",www.fennemorelaw.com,2021-01-20T19:49:00.000+0000,7,104,38,001Px00000VvfCoIAJ,Dowling Aaron & Keeler,dowlingaaron.com,2025-11-13T10:15:48.000+0000,Kieran Hansen,N,1,4,3,,new - not verified
1,"alias_exact, alias_short_form",2,001Px00000VvXqMIAV,"Fennemore Craig, P.C.",www.fennemorelaw.com,2021-01-20T19:49:00.000+0000,7,104,38,0016g00001AO0mdAAD,Dowling Aaron Inc,www.dowlingaaron.com,2021-01-20T19:43:00.000+0000,Kamyar Jannati,Y,1,2,0,,new - not verified
1,"alias_exact, alias_extends",2,001Px00000VvXqMIAV,"Fennemore Craig, P.C.",www.fennemorelaw.com,2021-01-20T19:49:00.000+0000,7,104,38,001Px00000j5O8ZIAU,Dowling Aaron Keeler,,2026-08-20T18:15:47.000+0000,Kieran Hansen,N,1,1,15,predecessor_or_legacy,recall check 26 Sep
1,alias_exact,1,001Px00000VvXqMIAV,"Fennemore Craig, P.C.",www.fennemorelaw.com,2021-01-20T19:49:00.000+0000,7,104,38,0016g00001AOgQiAAL,Wendel Rosen Black  Dean LLP,www.wendel.com,2021-01-20T21:04:30.000+0000,Kamyar Jannati,N,1,15,29,,new - not verified
1,alias_exact,1,001Px00000VvXqMIAV,"Fennemore Craig, P.C.",www.fennemorelaw.com,2021-01-20T19:49:00.000+0000,7,104,38,001Px00000Vwc87IAB,Wendel Rosen Black And Dean LLP,www.wendel.com,2025-11-13T12:00:39.000+0000,Kieran Hansen,N,1,7,0,,new - not verified
1,alias_exact,1,0016g00001AO496AAD,Fieldfisher LLP,www.fieldfisher.com,2021-01-20T19:49:24.000+0000,28,1455,877,001Px00000VxZRXIA3,Field Fisher Waterhouse,,2025-11-13T14:28:43.000+0000,Kieran Hansen,N,1,3,0,predecessor_or_legacy,verified 26 Sep
1,alias_exact,1,0016g00001AO4imAAD,Foley & Lardner LLP,www.foley.com,2021-01-20T19:50:33.000+0000,33,1737,475,001Px00000Vy6rNIAR,Foley Gardere,,2025-11-13T16:26:53.000+0000,Kieran Hansen,N,1,0,0,,new - not verified
1,alias_exact,1,0016g00001AO4imAAD,Foley & Lardner LLP,www.foley.com,2021-01-20T19:50:33.000+0000,33,1737,475,001Px00000VvphPIAR,Gardere Wynne Sewell,,2025-11-13T10:10:46.000+0000,Kieran Hansen,N,3,69,3,,new - not verified
1,name_exact,1,0016g00001AO4yUAAT,Fox Rothschild LLP,www.foxrothschild.com,2021-01-20T19:51:04.000+0000,39,1403,770,001Px00000j5GGQIA2,Fox Rothschild LLP,,2026-08-20T18:17:02.000+0000,Kieran Hansen,N,1,1,1,duplicate,verified 26 Sep
1,name_exact,1,0016g00001AO4yUAAT,Fox Rothschild LLP,www.foxrothschild.com,2021-01-20T19:51:04.000+0000,39,1403,770,001Px00000j5HetIAE,Fox Rothschild LLP,,2026-08-20T18:16:02.000+0000,Kieran Hansen,N,1,0,0,duplicate,verified 26 Sep
1,name_exact,1,0016g00001AO4yUAAT,Fox Rothschild LLP,www.foxrothschild.com,2021-01-20T19:51:04.000+0000,39,1403,770,001Px00000jAKpHIAW,Fox Rothschild LLP,,2026-08-22T10:39:40.000+0000,Kieran Hansen,N,1,1,34,duplicate,verified 26 Sep
1,name_exact,1,0016g00001AO5nxAAD,Gateley PLC,www.gateleyplc.com,2021-01-20T19:14:59.000+0000,35,361,127,001Px00000hebTZIAY,Gateley LLP,,2026-07-25T18:12:16.000+0000,Kieran Hansen,N,1,1,0,duplicate,verified 26 Sep
1,name_exact,1,0016g00001AO6J6AAL,"Gibson, Dunn & Crutcher LLP",www.gibsondunn.com,2021-01-20T19:53:36.000+0000,26,2513,2097,001Px00000j5OJkIAM,Gibson Dunn & Crutcher,,2026-08-20T18:16:25.000+0000,Kieran Hansen,N,1,1,1,duplicate,verified 26 Sep
1,name_exact,1,0016g00001AO6nnAAD,Goldberg Segalla LLP,www.goldbergsegalla.com,2021-01-20T19:54:41.000+0000,31,223,167,001Px00000j5OKJIA2,Goldberg Segalla LLP,,2026-08-20T18:16:25.000+0000,Kieran Hansen,N,1,1,1,duplicate,verified 26 Sep
1,name_exact,1,001Px00000VvNUnIAN,Goodwin Procter LLP,www.goodwinlaw.com,2021-01-20T19:54:52.000+0000,26,2529,779,001Px00000j5OKTIA2,Goodwin Procter,,2026-08-20T18:16:25.000+0000,Kieran Hansen,N,1,1,1,duplicate,verified 26 Sep
1,name_exact,1,001Px00000VvNUnIAN,Goodwin Procter LLP,www.goodwinlaw.com,2021-01-20T19:54:52.000+0000,26,2529,779,001Px00000heahOIAQ,Goodwin Procter LLP,,2026-07-25T18:10:33.000+0000,Kieran Hansen,N,1,1,1,duplicate,verified 26 Sep
1,name_exact,1,001Px00000Vva9jIAB,"Gordon Rees Scully Mansukhani, LLP",www.grsm.com,2021-01-20T19:54:58.000+0000,50,327,255,001Px00000igwkgIAA,GORDON & REES SCULLY MANSUKHANI,,2026-03-26T17:04:17.000+0000,Scott Lewis,N,1,1,0,duplicate,verified 26 Sep
1,name_exact,1,0016g00001AO73fAAD,Gowling WLG,www.gowlingwlg.com,2021-01-20T19:55:04.000+0000,22,2491,1112,001Px00000heRXZIA2,Gowling WLG,,2026-07-25T18:08:52.000+0000,Kieran Hansen,N,1,2,1,duplicate,verified 26 Sep
1,name_exact,1,0016g00001AO73fAAD,Gowling WLG,www.gowlingwlg.com,2021-01-20T19:55:04.000+0000,22,2491,1112,001Px00000heY1TIAU,Gowling WLG,,2026-07-25T18:14:27.000+0000,Kieran Hansen,N,2,10,3,duplicate,verified 26 Sep
1,name_exact,1,0016g00001AO73fAAD,Gowling WLG,www.gowlingwlg.com,2021-01-20T19:55:04.000+0000,22,2491,1112,001Px00000heZgVIAU,Gowling WLG,,2026-07-25T18:08:12.000+0000,Kieran Hansen,N,3,6,1,duplicate,verified 26 Sep
1,alias_exact,1,0016g00001AO73fAAD,Gowling WLG,www.gowlingwlg.com,2021-01-20T19:55:04.000+0000,22,2491,1112,001Px00000Vy2yGIAR,Lawrence Graham LLP,,2025-11-13T16:03:01.000+0000,Kieran Hansen,N,1,9,0,,new - not verified
1,alias_exact,1,0016g00001AO73fAAD,Gowling WLG,www.gowlingwlg.com,2021-01-20T19:55:04.000+0000,22,2491,1112,0016g00001AOhH1AAL,Wragge  Co LLP,www.ukpostcodecheck.com,2021-01-20T21:06:14.000+0000,Kamyar Jannati,N,3,11,0,,new - not verified
1,alias_exact,1,0016g00001AO73fAAD,Gowling WLG,www.gowlingwlg.com,2021-01-20T19:55:04.000+0000,22,2491,1112,001Px00000cAbPpIAK,Wragge & Co.,,2015-06-23T11:18:02.000+0000,Kieran Hansen,Y,1,4,0,,new - not verified
1,name_exact,1,0016g00001AO7LfAAL,Greenspoon Marder LLP,www.gmlaw.com,2021-01-20T19:55:41.000+0000,16,105,50,001Px00000heaIrIAI,"Greenspoon Marder, LLP.",,2026-07-25T18:08:44.000+0000,Kieran Hansen,N,1,2,4,duplicate,verified 26 Sep
1,alias_exact,1,001Px00000VvsMqIAJ,Herbert Smith Freehills Kramer LLP,www.hsfkramer.com,2021-01-20T19:47:57.000+0000,50,4620,2952,001Px00000VwjjSIAR,Freehills,,2025-11-13T12:07:29.000+0000,Kieran Hansen,N,1,7,0,,new - not verified
1,name_exact,1,0016g00001AO8xPAAT,"Herrick, Feinstein LLP",www.herrick.com,2021-01-20T19:58:45.000+0000,5,96,120,001Px00000j52deIAA,Herrick Feinstein,,2026-08-20T18:19:26.000+0000,Kieran Hansen,N,1,1,9,duplicate,verified 26 Sep
1,name_exact,1,001Px00000VvTdpIAF,"Hinckley, Allen & Snyder LLP",www.hinckleyallen.com,2021-01-20T19:59:14.000+0000,11,110,64,001Px00000j52diIAA,Hinckley Allen & Snyder LLP,,2026-08-20T18:19:26.000+0000,Kieran Hansen,N,1,1,6,duplicate,verified 26 Sep
1,name_exact,1,0016g00001AO9DmAAL,Hinshaw & Culbertson LLP,www.hinshawlaw.com,2021-01-20T19:59:14.000+0000,18,229,91,001Px00000heatBIAQ,Hinshaw & Culbertson,,2026-07-25T18:10:45.000+0000,Kieran Hansen,N,1,1,0,duplicate,verified 26 Sep
1,alias_exact,1,001Px00000VvlIsIAJ,Hogan Lovells,www.hoganlovells.com,2021-01-20T19:59:34.000+0000,60,5311,3274,001Px00000VwjjgIAB,Hogan Hartson LLP,,2025-11-13T12:07:29.000+0000,Kieran Hansen,N,1,13,18,predecessor_or_legacy,verified 26 Sep
1,alias_exact,1,001Px00000VvlIsIAJ,Hogan Lovells,www.hoganlovells.com,2021-01-20T19:59:34.000+0000,60,5311,3274,001Px00000VxH1WIAV,Lovells,,2025-11-13T14:13:11.000+0000,Kieran Hansen,N,1,1,0,,new - not verified
1,name_exact,1,001Px00000VvPqZIAV,Holland & Knight LLP,www.hklaw.com,2021-01-20T19:59:41.000+0000,50,2708,1130,001Px00000heOl1IAE,Holland & Knight,,2026-07-25T18:12:46.000+0000,Kieran Hansen,N,1,1,1,duplicate,verified 26 Sep
1,alias_exact,1,001Px00000VvPqZIAV,Holland & Knight LLP,www.hklaw.com,2021-01-20T19:59:41.000+0000,50,2708,1130,001Px00000Vvl8GIAR,Thompson & Knight LLP,linkedin.com,2025-11-13T10:10:22.000+0000,Kieran Hansen,N,6,48,53,,new - not verified
1,alias_exact,1,001Px00000VvPqZIAV,Holland & Knight LLP,www.hklaw.com,2021-01-20T19:59:41.000+0000,50,2708,1130,001Px00000j5NleIAE,Thompson Knight,,2026-08-20T18:20:43.000+0000,Kieran Hansen,N,1,1,30,predecessor_or_legacy,recall check 26 Sep
1,alias_exact,1,001Px00000VvNViIAN,Hunton Andrews Kurth LLP,www.hunton.com,2021-01-20T20:00:57.000+0000,34,1328,630,001Px00000j52e4IAA,Hunton & Williams LLP,,2026-08-20T18:19:26.000+0000,Kieran Hansen,N,1,1,6,predecessor_or_legacy,verified 26 Sep
1,name_exact,1,0016g00001AOCN8AAP,Jackson Lewis P.C,www.jacksonlewis.com,2021-01-20T20:05:58.000+0000,56,821,214,001Px00000heawsIAA,Jackson Lewis,,2026-07-25T18:10:59.000+0000,Kieran Hansen,N,1,1,0,duplicate,verified 26 Sep
1,"name_exact, website_domain_match",2,0016g00001AOCqfAAH,Jingtian & Gongcheng,www.jingtian.com,2021-01-20T20:06:55.000+0000,7,217,194,001Px00000ly6YwIAI,Jingtian & Gongcheng,www.jingtian.com,2026-09-28T11:07:23.000+0000,Karnati Nihanth,N,1,2,0,,new - not verified
1,alias_exact,1,0016g00001AOD7SAAX,Jones Walker LLP,www.joneswalker.com,2021-01-20T20:07:27.000+0000,13,209,173,0016g00001AOgCCAA1,Watkins Ludlam Winter & Stennis PA,www.watkinsludlam.com,2021-01-20T21:04:02.000+0000,Kamyar Jannati,N,1,1,0,,new - not verified
1,"alias_exact, website_domain_match",2,0016g00001AOD7SAAX,Jones Walker LLP,www.joneswalker.com,2021-01-20T20:07:27.000+0000,13,209,173,0016g00001AOgCEAA1,Watkins Ludlam Winter and Stennis PA,www.joneswalker.com,2021-01-20T21:04:02.000+0000,Kamyar Jannati,N,1,1,0,predecessor_or_legacy,verified 26 Sep
1,alias_exact,1,001Px00000VvccoIAB,K&L Gates LLP,www.klgates.com,2021-01-20T20:08:04.000+0000,51,3115,1680,0016g00001ANrdHAAT,Bell Boyd  Lloyd LLC,www.bellboyd.com,2021-01-20T19:25:23.000+0000,Kamyar Jannati,Y,1,13,0,,new - not verified
1,alias_exact,1,001Px00000VvccoIAB,K&L Gates LLP,www.klgates.com,2021-01-20T20:08:04.000+0000,51,3115,1680,001Px00000VvUyYIAV,Kirkpatrick & Lockhart,,2025-11-13T10:17:56.000+0000,Kieran Hansen,N,1,6,0,,new - not verified
1,name_exact,1,0016g00001AODljAAH,Katten Muchin Rosenman LLP,www.katten.com,2021-01-20T20:08:41.000+0000,12,1013,618,001Px00000hebA9IAI,Katten Muchin Rosenman,,2026-07-25T18:11:30.000+0000,Kieran Hansen,N,1,1,0,duplicate,verified 26 Sep
1,"alias_extends, name_exact",2,0016g00001AODvqAAH,Kelley Drye & Warren LLP,www.kelleydrye.com,2021-01-20T20:08:59.000+0000,10,419,205,001Px00000j5LhsIAE,Kelley Drye & Warren LLP,,2026-08-20T18:16:50.000+0000,Kieran Hansen,N,2,2,7,duplicate,verified 26 Sep
1,alias_exact,1,001Px00000Vvm5jIAB,Kennedys Law LLP,www.kennedyslaw.com,2021-01-20T20:09:12.000+0000,57,1448,521,001Px00000Vwa9YIAR,Carroll Mcnulty & Kull,,2025-11-13T12:01:30.000+0000,Kieran Hansen,N,3,11,5,,new - not verified
1,alias_exact,1,0016g00001AOEFRAA5,Kilpatrick Townsend & Stockton LLP,www.ktslaw.com,2021-01-20T20:09:37.000+0000,30,885,486,0016g00001AOd3TAAT,Townsend  Townsend  Crew LLP,www.townsend.com,2021-01-20T20:57:55.000+0000,Kamyar Jannati,N,1,1,0,,new - not verified
1,alias_exact,1,0016g00001AOEFRAA5,Kilpatrick Townsend & Stockton LLP,www.ktslaw.com,2021-01-20T20:09:37.000+0000,30,885,486,001Px00000VxV9DIAV,Townsend & Townsend & Crew,,2025-11-13T14:19:21.000+0000,Kieran Hansen,N,1,4,0,,new - not verified
1,alias_exact,1,0016g00001AOEFRAA5,Kilpatrick Townsend & Stockton LLP,www.ktslaw.com,2021-01-20T20:09:37.000+0000,30,885,486,0016g00001AOd3WAAT,Townsend and Townsend and Crew,www.townsend.com,2021-01-20T20:57:55.000+0000,Kamyar Jannati,N,1,2,0,,new - not verified
1,name_exact,1,001Px00000VvidmIAB,King & Spalding LLP,www.kslaw.com,2021-01-20T20:09:44.000+0000,30,2159,1358,001Px00000hebBBIAY,King & Spalding,,2026-07-25T18:11:30.000+0000,Kieran Hansen,N,1,1,0,duplicate,verified 26 Sep
1,name_exact,1,001Px00000VvidmIAB,King & Spalding LLP,www.kslaw.com,2021-01-20T20:09:44.000+0000,30,2159,1358,001Px00000j5LjLIAU,King Spalding,,2026-08-20T18:16:50.000+0000,Kieran Hansen,N,1,0,0,duplicate,verified 26 Sep
1,name_exact,1,001Px00000VvidmIAB,King & Spalding LLP,www.kslaw.com,2021-01-20T20:09:44.000+0000,30,2159,1358,001Px00000jAKptIAG,King Spalding,,2026-08-22T10:39:40.000+0000,Kieran Hansen,N,1,1,2,duplicate,verified 26 Sep
1,name_exact,1,001Px00000VvjRBIAZ,Kirkland & Ellis LLP,www.kirkland.com,2021-01-20T20:09:57.000+0000,29,4397,1960,001Px00000hebAzIAI,Kirkland & Ellis,,2026-07-25T18:11:30.000+0000,Kieran Hansen,N,1,1,1,duplicate,verified 26 Sep
1,name_exact,1,001Px00000VvjRBIAZ,Kirkland & Ellis LLP,www.kirkland.com,2021-01-20T20:09:57.000+0000,29,4397,1960,001Px00000j5HgpIAE,Kirkland And Ellis LLP,,2026-08-20T18:19:32.000+0000,Kieran Hansen,N,1,1,40,duplicate,verified 26 Sep
1,name_exact,1,0016g00001AOEa4AAH,Kobre & Kim L.L.P.,www.kobrekim.com,2021-01-20T20:10:22.000+0000,17,478,430,001Px00000hebBKIAY,Kobre & Kim LLP,,2026-07-25T18:11:30.000+0000,Kieran Hansen,N,1,0,0,duplicate,verified 26 Sep
1,name_exact,1,001Px00000VvZXGIA3,Kutak Rock LLP,www.kutakrock.com,2021-01-20T20:11:11.000+0000,21,145,91,001Px00000j5Hh6IAE,Kutak Rock,,2026-08-20T18:19:32.000+0000,Kieran Hansen,N,1,1,1,duplicate,verified 26 Sep
1,name_exact,1,0016g00001AOFbBAAX,Latham & Watkins LLP,www.lw.com,2021-01-20T20:12:12.000+0000,39,4770,2251,001Px00000heWGgIAM,Latham & Watkins LLP,,2026-07-25T18:09:48.000+0000,Kieran Hansen,N,1,2,0,duplicate,verified 26 Sep
1,name_exact,1,0016g00001AOFbBAAX,Latham & Watkins LLP,www.lw.com,2021-01-20T20:12:12.000+0000,39,4770,2251,001Px00000j5OsmIAE,Latham Watkins,,2026-08-20T18:18:00.000+0000,Kieran Hansen,N,1,0,0,duplicate,verified 26 Sep
1,name_exact,1,0016g00001AOFbBAAX,Latham & Watkins LLP,www.lw.com,2021-01-20T20:12:12.000+0000,39,4770,2251,001Px00000jAGHSIA4,Latham Watkins,,2026-08-22T10:39:45.000+0000,Kieran Hansen,N,1,1,8,duplicate,verified 26 Sep
1,name_exact,1,001Px00000Vvs5iIAB,Linklaters LLP,www.linklaters.com,2021-01-20T20:15:29.000+0000,41,4656,2305,001Px00000heQUpIAM,Linklaters LLP,,2026-07-25T18:12:59.000+0000,Kieran Hansen,N,1,1,0,duplicate,verified 26 Sep
1,name_exact,1,0016g00001AOI7oAAH,Macfarlanes LLP,www.macfarlanes.com,2021-01-20T20:17:13.000+0000,3,525,390,001Px00000heW8NIAU,Macfarlanes LLP,,2026-07-25T18:08:21.000+0000,Kieran Hansen,N,1,2,0,duplicate,verified 26 Sep
1,name_exact,1,001Px00000VwMiWIAV,Mayer Brown LLP,www.mayerbrown.com,2021-01-20T20:19:33.000+0000,42,3165,2451,001Px00000j5JwJIAU,Mayer Brown,,2026-08-20T18:20:01.000+0000,Kieran Hansen,N,1,1,40,duplicate,verified 26 Sep
1,alias_exact,1,001Px00000Vvm5wIAB,McDermott Will & Schulte LLP,www.mwe.com,2021-01-20T20:19:52.000+0000,39,2473,1357,001Px00000heZNtIAM,McDermott Will & Emery,,2026-07-25T18:10:37.000+0000,Kieran Hansen,N,1,1,0,predecessor_or_legacy,verified 26 Sep
1,alias_exact,1,001Px00000Vvm5wIAB,McDermott Will & Schulte LLP,www.mwe.com,2021-01-20T20:19:52.000+0000,39,2473,1357,001Px00000j5Mt6IAE,Schulte Roth Zabel,,2026-08-20T18:20:17.000+0000,Kieran Hansen,N,1,1,3,predecessor_or_legacy,verified 26 Sep
1,alias_exact,1,001Px00000Vvm5wIAB,McDermott Will & Schulte LLP,www.mwe.com,2021-01-20T20:19:52.000+0000,39,2473,1357,001Px00000j5Mt7IAE,Schulte Roth Zabel,,2026-08-20T18:20:17.000+0000,Kieran Hansen,N,1,1,3,predecessor_or_legacy,verified 26 Sep
1,alias_exact,1,001Px00000Vvm5wIAB,McDermott Will & Schulte LLP,www.mwe.com,2021-01-20T20:19:52.000+0000,39,2473,1357,001Px00000j5Mt8IAE,Schulte Roth Zabel,,2026-08-20T18:20:17.000+0000,Kieran Hansen,N,1,1,3,predecessor_or_legacy,verified 26 Sep
1,alias_exact,1,001Px00000Vvm5wIAB,McDermott Will & Schulte LLP,www.mwe.com,2021-01-20T20:19:52.000+0000,39,2473,1357,001Px00000j5Mt9IAE,Schulte Roth Zabel,,2026-08-20T18:20:17.000+0000,Kieran Hansen,N,1,1,3,predecessor_or_legacy,verified 26 Sep
1,alias_exact,1,001Px00000Vvm5wIAB,McDermott Will & Schulte LLP,www.mwe.com,2021-01-20T20:19:52.000+0000,39,2473,1357,001Px00000j5MtAIAU,Schulte Roth Zabel,,2026-08-20T18:20:17.000+0000,Kieran Hansen,N,1,1,3,predecessor_or_legacy,verified 26 Sep
1,alias_exact,1,001Px00000Vvm5wIAB,McDermott Will & Schulte LLP,www.mwe.com,2021-01-20T20:19:52.000+0000,39,2473,1357,001Px00000j5MtBIAU,Schulte Roth Zabel,,2026-08-20T18:20:17.000+0000,Kieran Hansen,N,1,1,3,predecessor_or_legacy,verified 26 Sep
1,name_exact,1,001Px00000VvMHBIA3,McGuireWoods LLP,www.mcguirewoods.com,2021-01-20T20:19:58.000+0000,35,1536,543,001Px00000hloSjIAI,McGuire Woods,,2026-06-18T14:28:34.000+0000,Ron Dinkins,N,1,1,3,duplicate,verified 26 Sep
1,name_exact,1,001Px00000VvMHBIA3,McGuireWoods LLP,www.mcguirewoods.com,2021-01-20T20:19:58.000+0000,35,1536,543,001Px00000hebUBIAY,McGuireWoods,,2026-07-25T18:12:16.000+0000,Kieran Hansen,N,1,2,8,duplicate,verified 26 Sep
1,name_exact,1,001Px00000VvMHBIA3,McGuireWoods LLP,www.mcguirewoods.com,2021-01-20T20:19:58.000+0000,35,1536,543,001Px00000hebVcIAI,McGuireWoods LLP,,2026-07-25T18:12:23.000+0000,Kieran Hansen,N,1,1,0,duplicate,verified 26 Sep
1,name_exact,1,001Px00000VvMHBIA3,McGuireWoods LLP,www.mcguirewoods.com,2021-01-20T20:19:58.000+0000,35,1536,543,001Px00000heYNZIA2,"McGuireWoods, LLP",,2026-07-25T18:12:02.000+0000,Kieran Hansen,N,1,1,0,duplicate,verified 26 Sep
1,name_exact,1,0016g00001AOKKlAAP,Michael Best & Friedrich LLP,www.michaelbest.com,2021-01-20T20:21:32.000+0000,14,238,91,001Px00000ihUHZIA2,Michael Best & Friedrich LLP,,2026-03-04T16:10:42.000+0000,Kieran Hansen,N,1,1,0,duplicate,verified 26 Sep
1,name_exact,1,0016g00001AOKWxAAP,Milbank LLP,www.milbank.com,2021-01-20T20:22:00.000+0000,15,903,875,001Px00000hebQBIAY,Milbank,,2026-07-25T18:12:09.000+0000,Kieran Hansen,N,1,1,1,duplicate,verified 26 Sep
1,alias_exact,1,0016g00001AOLbIAAX,"Morgan, Lewis & Bockius LLP",www.morganlewis.com,2021-01-20T20:24:02.000+0000,40,3786,1549,001Px00000Vwa9cIAB,"Bingham Mccutchen, LLP",www.bingham.com,2025-11-13T12:01:30.000+0000,Kieran Hansen,N,2,70,3,,new - not verified
1,name_exact,1,0016g00001AOLbIAAX,"Morgan, Lewis & Bockius LLP",www.morganlewis.com,2021-01-20T20:24:02.000+0000,40,3786,1549,001Px00000j5OatIAE,Morgan Lewis & Bockius,,2026-08-20T18:17:12.000+0000,Kieran Hansen,N,1,1,2,duplicate,verified 26 Sep
1,name_exact,1,0016g00001AOLbIAAX,"Morgan, Lewis & Bockius LLP",www.morganlewis.com,2021-01-20T20:24:02.000+0000,40,3786,1549,001Px00000j4Y2rIAE,"Morgan, Lewis & Bockius LLP",,2026-08-20T14:54:08.000+0000,Sneha Mekala,N,1,1,1,duplicate,verified 26 Sep
1,name_exact,1,0016g00001AOM5kAAH,"Munger, Tolles & Olson LLP",www.mto.com,2021-01-20T20:25:02.000+0000,5,132,142,001Px00000i0i30IAA,"Munger, Tolles & Olson LLP",,2026-07-31T13:32:11.000+0000,Sindushree Chinnagundanahalli Seetharam,N,1,1,1,duplicate,verified 26 Sep
1,alias_exact,1,0016g00001ANtRdAAL,Nelson Mullins Riley & Scarborough LLP,www.nelsonmullins.com,2021-01-20T19:28:50.000+0000,38,1230,421,001Px00000Vvfs9IAB,Broad and Cassel,www.broadandcassel.com,2025-11-13T10:04:55.000+0000,Kieran Hansen,N,3,31,1,,new - not verified
1,alias_exact,1,0016g00001ANtRdAAL,Nelson Mullins Riley & Scarborough LLP,www.nelsonmullins.com,2021-01-20T19:28:50.000+0000,38,1230,421,0014L00000lQNMTQA4,Broad and Cassel LLP,www.broadandcassel.com,2023-06-29T09:12:23.000+0000,Maria Fakondoh,N,2,2,6,,new - not verified
1,name_exact,1,0016g00001ANtRdAAL,Nelson Mullins Riley & Scarborough LLP,www.nelsonmullins.com,2021-01-20T19:28:50.000+0000,38,1230,421,001Px00000hebVdIAI,Nelson Mullins Riley & Scarborough,,2026-07-25T18:12:23.000+0000,Kieran Hansen,N,1,1,0,duplicate,verified 26 Sep
1,alias_exact,1,001Px00000VvZUUIA3,Norton Rose Fulbright,www.nortonrosefulbright.com,2021-01-20T20:28:44.000+0000,59,6291,2715,001Px00000VvlL8IAJ,Chadbourne & Parke,,2025-11-13T10:11:30.000+0000,Kieran Hansen,N,2,24,0,,new - not verified
1,alias_exact,1,001Px00000VvZUUIA3,Norton Rose Fulbright,www.nortonrosefulbright.com,2021-01-20T20:28:44.000+0000,59,6291,2715,0016g00001ANvj1AAD,Chadbourne & Parke LLP,www.chadbourne.com,2021-01-20T19:33:11.000+0000,Kamyar Jannati,Y,6,285,21,,new - not verified
1,alias_exact,1,001Px00000VvZUUIA3,Norton Rose Fulbright,www.nortonrosefulbright.com,2021-01-20T20:28:44.000+0000,59,6291,2715,001Px00000Vy8iQIAR,Fulbright & Jaworski,,2025-11-13T16:01:26.000+0000,Kieran Hansen,N,2,42,12,predecessor_or_legacy,verified 26 Sep
1,alias_exact,1,001Px00000VvZUUIA3,Norton Rose Fulbright,www.nortonrosefulbright.com,2021-01-20T20:28:44.000+0000,59,6291,2715,001Px00000j5PGvIAM,Fulbright Jaworski,,2026-08-20T18:19:21.000+0000,Kieran Hansen,N,1,1,35,predecessor_or_legacy,verified 26 Sep
1,alias_exact,1,001Px00000VvZUUIA3,Norton Rose Fulbright,www.nortonrosefulbright.com,2021-01-20T20:28:44.000+0000,59,6291,2715,001Px00000j5PGwIAM,Fulbright Jaworski,,2026-08-20T18:19:21.000+0000,Kieran Hansen,N,1,1,30,predecessor_or_legacy,verified 26 Sep
1,alias_exact,1,001Px00000VvZUUIA3,Norton Rose Fulbright,www.nortonrosefulbright.com,2021-01-20T20:28:44.000+0000,59,6291,2715,001Px00000j5PGxIAM,Fulbright Jaworski,,2026-08-20T18:19:21.000+0000,Kieran Hansen,N,1,1,35,predecessor_or_legacy,verified 26 Sep
1,alias_exact,1,001Px00000VvZUUIA3,Norton Rose Fulbright,www.nortonrosefulbright.com,2021-01-20T20:28:44.000+0000,59,6291,2715,001Px00000Vxi6NIAR,Henry Davis York,,2025-11-13T16:03:06.000+0000,Kieran Hansen,N,1,5,0,,new - not verified
1,alias_exact,1,001Px00000VvZUUIA3,Norton Rose Fulbright,www.nortonrosefulbright.com,2021-01-20T20:28:44.000+0000,59,6291,2715,0016g00001AOIABAA5,Macleod Dixon LLP,,2021-01-20T20:17:20.000+0000,Kamyar Jannati,Y,1,1,0,,new - not verified
1,alias_exact,1,001Px00000VvZUUIA3,Norton Rose Fulbright,www.nortonrosefulbright.com,2021-01-20T20:28:44.000+0000,59,6291,2715,0016g00001AOIACAA5,Macleod Dixon LLP,,2021-01-20T20:17:20.000+0000,Kamyar Jannati,Y,1,3,0,,new - not verified
1,alias_exact,1,001Px00000VvZUUIA3,Norton Rose Fulbright,www.nortonrosefulbright.com,2021-01-20T20:28:44.000+0000,59,6291,2715,0016g00001AOONeAAP,Ogilvy Renault LLP,www.ineedlegalhelp.ca,2021-01-20T20:29:55.000+0000,Kamyar Jannati,N,1,3,0,,new - not verified
1,name_exact,1,001Px00000VviUAIAZ,"Offit Kurman, P.A.",www.offitkurman.com,2021-01-20T20:29:55.000+0000,23,354,75,001Px00000igwkCIAQ,Offit Kurman,,2026-03-26T17:39:37.000+0000,Scott Lewis,N,1,2,4,duplicate,verified 26 Sep
1,name_exact,1,001Px00000VvxRZIAZ,Paul Hastings LLP,www.paulhastings.com,2021-01-20T20:09:18.000+0000,29,1960,963,001Px00000heahMIAQ,Paul Hastings LLP,,2026-07-25T18:10:33.000+0000,Kieran Hansen,N,1,2,0,duplicate,verified 26 Sep
1,name_exact,1,001Px00000VvxRZIAZ,Paul Hastings LLP,www.paulhastings.com,2021-01-20T20:09:18.000+0000,29,1960,963,001Px00000hebd3IAA,Paul Hastings LLP,,2026-07-25T18:12:56.000+0000,Kieran Hansen,N,1,1,0,duplicate,verified 26 Sep
1,alias_exact,1,001Px00000VvpWQIAZ,Perkins Coie LLP,www.perkinscoie.com,2021-01-20T20:33:56.000+0000,34,1914,698,0016g00001ANtX2AAL,Brown  Bain,www.brownbain.com,2021-01-20T19:28:56.000+0000,Kamyar Jannati,Y,1,1,0,,new - not verified
1,name_exact,1,001Px00000VvpWQIAZ,Perkins Coie LLP,www.perkinscoie.com,2021-01-20T20:33:56.000+0000,34,1914,698,001Px00000hebeEIAQ,Perkins Coie LLP,,2026-07-25T18:12:56.000+0000,Kieran Hansen,N,1,1,0,duplicate,verified 26 Sep
1,name_exact,1,001Px00000VvpWQIAZ,Perkins Coie LLP,www.perkinscoie.com,2021-01-20T20:33:56.000+0000,34,1914,698,001Px00000j5KN9IAM,Perkins Coie LLP,,2026-08-20T18:20:06.000+0000,Kieran Hansen,N,1,1,55,duplicate,verified 26 Sep
1,name_exact,1,001Px00000VvMGjIAN,Phelps Dunbar LLP,www.phelps.com,2021-01-20T20:34:27.000+0000,18,212,98,001Px00000j5KNOIA2,Phelps Dunbar,,2026-08-20T18:20:06.000+0000,Kieran Hansen,N,1,1,1,duplicate,verified 26 Sep
1,name_exact,1,001Px00000VvMGjIAN,Phelps Dunbar LLP,www.phelps.com,2021-01-20T20:34:27.000+0000,18,212,98,001Px00000j5KNPIA2,Phelps Dunbar LLP,,2026-08-20T18:20:06.000+0000,Kieran Hansen,N,1,1,2,duplicate,verified 26 Sep
1,name_exact,1,0016g00001AOQn7AAH,Pillsbury Winthrop Shaw Pittman LLP,www.pillsburylaw.com,2021-01-20T20:34:51.000+0000,20,965,710,001Px00000heQV1IAM,Pillsbury Winthrop Shaw Pittman LLP,,2026-07-25T18:12:59.000+0000,Kieran Hansen,N,1,1,0,duplicate,verified 26 Sep
1,alias_exact,1,0016g00001AOQqBAAX,Pinsent Masons LLP,www.pinsentmasons.com,2021-01-20T20:34:57.000+0000,28,2535,1176,0016g00001AOQqAAAX,Pinsent Curtis Biddle,www.pinsents.com,2021-01-20T20:34:57.000+0000,Kamyar Jannati,N,1,2,0,,new - not verified
1,name_exact,1,0016g00001AOQqBAAX,Pinsent Masons LLP,www.pinsentmasons.com,2021-01-20T20:34:57.000+0000,28,2535,1176,001Px00000cAVQZIA4,Pinsent Masons,,2026-01-12T12:54:00.000+0000,Kieran Hansen,N,1,4,3,duplicate,verified 26 Sep
1,alias_exact,1,0016g00001AORBZAA5,Polsinelli PC,www.polsinelli.com,2021-01-20T20:35:38.000+0000,23,441,356,0016g00001AOWn8AAH,Shughart Thomson  Kilroy,www.stklaw.com,2021-01-20T20:46:43.000+0000,Kamyar Jannati,N,3,5,0,,new - not verified
1,name_exact,1,001Px00000VvRLQIA3,Proskauer Rose LLP,www.proskauer.com,2021-01-20T20:36:59.000+0000,28,913,851,001Px00000j5PSOIA2,Proskauer Rose,,2026-08-20T18:20:12.000+0000,Kieran Hansen,N,1,1,40,duplicate,verified 26 Sep
1,name_exact,1,001Px00000VvRLQIA3,Proskauer Rose LLP,www.proskauer.com,2021-01-20T20:36:59.000+0000,28,913,851,001Px00000j5PSPIA2,Proskauer Rose,,2026-08-20T18:20:12.000+0000,Kieran Hansen,N,1,1,40,duplicate,verified 26 Sep
1,name_exact,1,001Px00000VvRLQIA3,Proskauer Rose LLP,www.proskauer.com,2021-01-20T20:36:59.000+0000,28,913,851,001Px00000j5PSQIA2,Proskauer Rose,,2026-08-20T18:20:12.000+0000,Kieran Hansen,N,1,1,99,duplicate,verified 26 Sep
1,name_exact,1,001Px00000VvRLQIA3,Proskauer Rose LLP,www.proskauer.com,2021-01-20T20:36:59.000+0000,28,913,851,001Px00000j5PSSIA2,Proskauer Rose LLP,,2026-08-20T18:20:12.000+0000,Kieran Hansen,N,1,0,0,duplicate,verified 26 Sep
1,name_exact,1,001Px00000VvRLQIA3,Proskauer Rose LLP,www.proskauer.com,2021-01-20T20:36:59.000+0000,28,913,851,001Px00000jAIvAIAW,Proskauer Rose LLP,,2026-08-22T10:39:50.000+0000,Kieran Hansen,N,1,2,36,duplicate,verified 26 Sep
1,name_exact,1,001Px00000VvRLQIA3,Proskauer Rose LLP,www.proskauer.com,2021-01-20T20:36:59.000+0000,28,913,851,001Px00000j5PSTIA2,"Proskauer Rose, LLP",,2026-08-20T18:20:12.000+0000,Kieran Hansen,N,1,1,2,duplicate,verified 26 Sep
1,name_exact,1,001Px00000VvjteIAB,Reed Smith LLP,www.reedsmith.com,2021-01-20T20:39:29.000+0000,42,3352,1498,001Px00000heahoIAA,Reed Smith,,2026-07-25T18:10:33.000+0000,Kieran Hansen,N,3,5,4,duplicate,verified 26 Sep
1,name_exact,1,001Px00000VvjteIAB,Reed Smith LLP,www.reedsmith.com,2021-01-20T20:39:29.000+0000,42,3352,1498,001Px00000hebq5IAA,Reed Smith,,2026-07-25T18:13:18.000+0000,Kieran Hansen,N,1,1,0,duplicate,verified 26 Sep
1,name_exact,1,001Px00000VvjteIAB,Reed Smith LLP,www.reedsmith.com,2021-01-20T20:39:29.000+0000,42,3352,1498,001Px00000j5PSrIAM,Reed Smith LLP,,2026-08-20T18:20:12.000+0000,Kieran Hansen,N,1,1,1,duplicate,verified 26 Sep
1,name_exact,1,0016g00001AOUBfAAP,Ropes & Gray LLP,www.ropesgray.com,2021-01-20T20:41:49.000+0000,19,2442,1066,001Px00000j5MsTIAU,Ropes & Gray,,2026-08-20T18:20:17.000+0000,Kieran Hansen,N,1,1,401,duplicate,verified 26 Sep
1,name_exact,1,0016g00001AOUBfAAP,Ropes & Gray LLP,www.ropesgray.com,2021-01-20T20:41:49.000+0000,19,2442,1066,001Px00000j5MsUIAU,Ropes Gray,,2026-08-20T18:20:17.000+0000,Kieran Hansen,N,1,1,40,duplicate,verified 26 Sep
1,alias_exact,1,0016g00001AOVKNAA5,Saul Ewing LLP,www.saul.com,2021-01-20T20:44:04.000+0000,24,335,256,0016g00001ANpDQAA1,Arnstein & Lehr,www.arnstein.com,2021-01-20T19:20:49.000+0000,Kamyar Jannati,Y,1,30,3,,new - not verified
1,name_exact,1,0016g00001AOVKNAA5,Saul Ewing LLP,www.saul.com,2021-01-20T20:44:04.000+0000,24,335,256,001Px00000j5MszIAE,Saul Ewing,,2026-08-20T18:20:17.000+0000,Kieran Hansen,N,1,1,2,duplicate,verified 26 Sep
1,name_exact,1,001Px00000Vvm5RIAR,Seyfarth Shaw LLP,www.seyfarth.com,2021-01-20T20:45:53.000+0000,31,1560,625,001Px00000j5MtTIAU,Seyfarth Shaw,,2026-08-20T18:20:17.000+0000,Kieran Hansen,N,1,1,40,duplicate,verified 26 Sep
1,name_exact,1,001Px00000Vvm5RIAR,Seyfarth Shaw LLP,www.seyfarth.com,2021-01-20T20:45:53.000+0000,31,1560,625,001Px00000j5MtUIAU,Seyfarth Shaw,,2026-08-20T18:20:17.000+0000,Kieran Hansen,N,1,1,40,duplicate,verified 26 Sep
1,name_exact,1,001Px00000Vvm5RIAR,Seyfarth Shaw LLP,www.seyfarth.com,2021-01-20T20:45:53.000+0000,31,1560,625,001Px00000j5MtVIAU,Seyfarth Shaw,,2026-08-20T18:20:17.000+0000,Kieran Hansen,N,1,1,24,duplicate,verified 26 Sep
1,alias_exact,1,0016g00001AOWTRAA5,Shardul Amarchand Mangaldas & Co,www.amsshardul.com,2021-01-20T20:46:06.000+0000,8,871,700,001Px00000VwQmzIAF,Amarchand Mangaldas,,2025-11-13T12:06:02.000+0000,Kieran Hansen,N,1,2,0,,new - not verified
1,name_exact,1,001Px00000VwYq6IAF,"Shook, Hardy & Bacon L.L.P",www.shb.com,2021-01-20T20:46:43.000+0000,20,411,294,001Px00000j5MteIAE,Shook Hardy & Bacon,,2026-08-20T18:20:17.000+0000,Kieran Hansen,N,1,1,4,duplicate,verified 26 Sep
1,name_exact,1,001Px00000VwYq6IAF,"Shook, Hardy & Bacon L.L.P",www.shb.com,2021-01-20T20:46:43.000+0000,20,411,294,001Px00000j5MtfIAE,Shook Hardy Bacon,,2026-08-20T18:20:17.000+0000,Kieran Hansen,N,1,1,5,duplicate,verified 26 Sep
1,name_exact,1,0016g00001AOWnaAAH,"Shumaker, Loop & Kendrick, LLP",www.shumaker.com,2021-01-20T20:46:43.000+0000,9,162,122,001Px00000ihO83IAE,"Shumaker, Loop & Kendrick, LLP",,2026-06-30T14:19:56.000+0000,Kieran Hansen,N,1,1,0,duplicate,verified 26 Sep
1,name_exact,1,0016g00001AOWqsAAH,Sidley Austin LLP,www.sidley.com,2021-01-20T20:46:48.000+0000,34,3540,1594,001Px00000j5MtkIAE,Sidley Austin,,2026-08-20T18:20:17.000+0000,Kieran Hansen,N,1,1,1,duplicate,verified 26 Sep
1,name_exact,1,0016g00001AOWqsAAH,Sidley Austin LLP,www.sidley.com,2021-01-20T20:46:48.000+0000,34,3540,1594,001Px00000j5MtlIAE,Sidley Austin,,2026-08-20T18:20:17.000+0000,Kieran Hansen,N,1,2,40,duplicate,verified 26 Sep
1,name_exact,1,0016g00001AOWqsAAH,Sidley Austin LLP,www.sidley.com,2021-01-20T20:46:48.000+0000,34,3540,1594,001Px00000j5MtmIAE,Sidley Austin,,2026-08-20T18:20:17.000+0000,Kieran Hansen,N,1,1,10,duplicate,verified 26 Sep
1,name_exact,1,0016g00001AOWqsAAH,Sidley Austin LLP,www.sidley.com,2021-01-20T20:46:48.000+0000,34,3540,1594,001Px00000j5MtnIAE,Sidley Austin,,2026-08-20T18:20:17.000+0000,Kieran Hansen,N,1,4,35,duplicate,verified 26 Sep
1,name_exact,1,0016g00001AOWqsAAH,Sidley Austin LLP,www.sidley.com,2021-01-20T20:46:48.000+0000,34,3540,1594,001Px00000j5MtoIAE,Sidley Austin,,2026-08-20T18:20:17.000+0000,Kieran Hansen,N,1,4,35,duplicate,verified 26 Sep
1,name_exact,1,0016g00001AOWqsAAH,Sidley Austin LLP,www.sidley.com,2021-01-20T20:46:48.000+0000,34,3540,1594,001Px00000j5MtpIAE,Sidley Austin,,2026-08-20T18:20:17.000+0000,Kieran Hansen,N,1,1,6,duplicate,verified 26 Sep
1,name_exact,1,0016g00001AOWqsAAH,Sidley Austin LLP,www.sidley.com,2021-01-20T20:46:48.000+0000,34,3540,1594,001Px00000j5MtqIAE,Sidley Austin,,2026-08-20T18:20:17.000+0000,Kieran Hansen,N,1,1,1,duplicate,verified 26 Sep
1,name_exact,1,001Px00000VvFZ9IAN,Simmons & Simmons LLP,www.simmons-simmons.com,2021-01-20T20:47:07.000+0000,27,2080,1039,001Px00000hec2xIAA,Simmons & Simmons LLP,,2026-07-25T18:13:54.000+0000,Kieran Hansen,N,1,3,1,duplicate,verified 26 Sep
1,name_exact,1,0016g00001AOXJmAAP,"Skadden, Arps, Slate, Meagher & Flom LLP",www.skadden.com,2021-01-20T20:47:38.000+0000,27,2933,2305,001Px00000j5MtwIAE,Skadden Arps Slate Meagher Flom,,2026-08-20T18:20:17.000+0000,Kieran Hansen,N,1,1,40,duplicate,verified 26 Sep
1,alias_exact,1,0016g00001AOYIDAA5,Spencer Fane LLP,www.spencerfane.com,2021-01-20T19:36:55.000+0000,28,193,223,0016g00001ANsnAAAT,Bone McAllester Norton PLLC,www.bonelaw.com,2021-01-20T19:27:36.000+0000,Kamyar Jannati,Y,2,3,0,,new - not verified
1,alias_exact,1,0016g00001AOYIDAA5,Spencer Fane LLP,www.spencerfane.com,2021-01-20T19:36:55.000+0000,28,193,223,001Px00000Vy8j5IAB,Bone Mcallester Norton PLLC,,2025-11-13T16:01:26.000+0000,Kieran Hansen,N,1,1,0,,new - not verified
1,alias_exact,1,0016g00001AOYIDAA5,Spencer Fane LLP,www.spencerfane.com,2021-01-20T19:36:55.000+0000,28,193,223,0016g00001AO6rjAAD,Golenbock Eiseman Assor Bell  Peskoe,www.golenbock.com,2021-01-20T19:54:46.000+0000,Kamyar Jannati,N,1,17,10,,new - not verified
1,alias_exact,1,0016g00001AOYIDAA5,Spencer Fane LLP,www.spencerfane.com,2021-01-20T19:36:55.000+0000,28,193,223,001Px00000VvQvaIAF,Golenbock Eiseman Assor Bell & Peskoe,golenbock.com,2025-11-13T10:01:45.000+0000,Kieran Hansen,N,1,12,38,,new - not verified
1,alias_exact,1,001Px00000VvZULIA3,Squire Patton Boggs,www.squirepattonboggs.com,2021-01-20T20:49:33.000+0000,63,2428,1119,0016g00001AO87FAAT,Hammonds,www.hammonds.com,2021-01-20T19:57:08.000+0000,Kamyar Jannati,Y,1,7,0,,new - not verified
1,alias_exact,1,001Px00000VvZULIA3,Squire Patton Boggs,www.squirepattonboggs.com,2021-01-20T20:49:33.000+0000,63,2428,1119,0016g00001AO87GAAT,Hammonds LLP,www.solicitors-barristers.co.uk,2021-01-20T19:57:08.000+0000,Kamyar Jannati,Y,1,3,0,,new - not verified
1,alias_exact,1,001Px00000VvZULIA3,Squire Patton Boggs,www.squirepattonboggs.com,2021-01-20T20:49:33.000+0000,63,2428,1119,0016g00001AOPtnAAH,Patton Boggs,www.pattonboggs.com,2021-01-20T20:33:04.000+0000,Kamyar Jannati,Y,1,6,1,predecessor_or_legacy,verified 26 Sep
1,alias_exact,1,001Px00000VvZULIA3,Squire Patton Boggs,www.squirepattonboggs.com,2021-01-20T20:49:33.000+0000,63,2428,1119,001Px00000VvojTIAR,Patton Boggs,,2025-11-13T10:08:50.000+0000,Kieran Hansen,N,1,20,0,predecessor_or_legacy,verified 26 Sep
1,name_exact,1,001Px00000VvZULIA3,Squire Patton Boggs,www.squirepattonboggs.com,2021-01-20T20:49:33.000+0000,63,2428,1119,001Px00000heTgoIAE,Squire Patton Boggs,,2026-07-25T18:13:58.000+0000,Kieran Hansen,N,1,1,1,duplicate,verified 26 Sep
1,name_exact,1,001Px00000VvZULIA3,Squire Patton Boggs,www.squirepattonboggs.com,2021-01-20T20:49:33.000+0000,63,2428,1119,001Px00000j5CJoIAM,Squire Patton Boggs,,2026-08-20T18:20:22.000+0000,Kieran Hansen,N,1,1,4,duplicate,verified 26 Sep
1,name_exact,1,001Px00000VvZULIA3,Squire Patton Boggs,www.squirepattonboggs.com,2021-01-20T20:49:33.000+0000,63,2428,1119,001Px00000j5CJpIAM,Squire Patton Boggs,,2026-08-20T18:20:22.000+0000,Kieran Hansen,N,1,1,8,duplicate,verified 26 Sep
1,name_exact,1,001Px00000VvZULIA3,Squire Patton Boggs,www.squirepattonboggs.com,2021-01-20T20:49:33.000+0000,63,2428,1119,001Px00000j5CJqIAM,Squire Patton Boggs,,2026-08-20T18:20:22.000+0000,Kieran Hansen,N,1,1,15,duplicate,verified 26 Sep
1,name_exact,1,001Px00000VvZULIA3,Squire Patton Boggs,www.squirepattonboggs.com,2021-01-20T20:49:33.000+0000,63,2428,1119,001Px00000j5CJrIAM,Squire Patton Boggs,,2026-08-20T18:20:22.000+0000,Kieran Hansen,N,1,1,20,duplicate,verified 26 Sep
1,name_exact,1,001Px00000VvZULIA3,Squire Patton Boggs,www.squirepattonboggs.com,2021-01-20T20:49:33.000+0000,63,2428,1119,001Px00000j5CJsIAM,Squire Patton Boggs,,2026-08-20T18:20:22.000+0000,Kieran Hansen,N,1,1,35,duplicate,verified 26 Sep
1,name_exact,1,001Px00000VvZULIA3,Squire Patton Boggs,www.squirepattonboggs.com,2021-01-20T20:49:33.000+0000,63,2428,1119,001Px00000j5NY6IAM,Squire Patton Boggs,,2026-08-20T18:18:04.000+0000,Kieran Hansen,N,1,0,0,duplicate,verified 26 Sep
1,name_exact,1,001Px00000VvZULIA3,Squire Patton Boggs,www.squirepattonboggs.com,2021-01-20T20:49:33.000+0000,63,2428,1119,001Px00000jAGHeIAO,Squire Patton Boggs,,2026-08-22T10:39:45.000+0000,Kieran Hansen,N,1,2,5,duplicate,verified 26 Sep
1,alias_exact,1,001Px00000VvZULIA3,Squire Patton Boggs,www.squirepattonboggs.com,2021-01-20T20:49:33.000+0000,63,2428,1119,001Px00000VvoO5IAJ,Squire Sanders,,2025-11-13T10:07:34.000+0000,Kieran Hansen,N,2,47,4,predecessor_or_legacy,verified 26 Sep
1,name_exact,1,0016g00001AOZ3vAAH,"Stevens & Lee, P.C.",www.stevenslee.com,2021-01-20T20:50:31.000+0000,11,143,223,001Px00000hec81IAA,Stevens & Lee,,2026-07-25T18:14:05.000+0000,Kieran Hansen,N,1,1,0,duplicate,verified 26 Sep
1,name_exact,1,0016g00001AOZ3vAAH,"Stevens & Lee, P.C.",www.stevenslee.com,2021-01-20T20:50:31.000+0000,11,143,223,001Px00000j53PyIAI,"Stevens & Lee, P.C.",,2026-08-20T15:55:30.000+0000,Sneha Mekala,N,1,1,0,duplicate,verified 26 Sep
1,alias_exact,1,0016g00001AOZ77AAH,Stinson LLP,www.stinson.com,2021-01-20T20:50:36.000+0000,17,335,176,0016g00001AOGi5AAH,Leonard Street and Deinard,www.leonard.com,2021-01-20T20:14:27.000+0000,Kamyar Jannati,Y,1,2,0,,new - not verified
1,alias_exact,1,0016g00001AOZ77AAH,Stinson LLP,www.stinson.com,2021-01-20T20:50:36.000+0000,17,335,176,001Px00000cAT9EIAW,"Leonard, Street and Deinard",,2012-07-11T19:35:02.000+0000,Kieran Hansen,Y,1,4,0,,new - not verified
1,name_exact,1,0016g00001AOZ77AAH,Stinson LLP,www.stinson.com,2021-01-20T20:50:36.000+0000,17,335,176,001Px00000cAQgiIAG,STINSON LEGAL,,2020-02-06T14:52:29.000+0000,Scott Lewis,Y,1,1,0,unrelated,verified 26 Sep
1,name_exact,1,0016g00001AOZgjAAH,Sullivan & Cromwell LLP,www.sullcrom.com,2021-01-20T20:51:37.000+0000,19,1256,1694,001Px00000hec8sIAA,Sullivan & Cromwell,,2026-07-25T18:14:05.000+0000,Kieran Hansen,N,1,1,0,duplicate,verified 26 Sep
1,name_exact,1,0016g00001AOZgjAAH,Sullivan & Cromwell LLP,www.sullcrom.com,2021-01-20T20:51:37.000+0000,19,1256,1694,001Px00000j5CKYIA2,Sullivan Cromwell,,2026-08-20T18:20:22.000+0000,Kieran Hansen,N,1,1,19,duplicate,verified 26 Sep
1,name_exact,1,0016g00001AOZgjAAH,Sullivan & Cromwell LLP,www.sullcrom.com,2021-01-20T20:51:37.000+0000,19,1256,1694,001Px00000j5CKZIA2,Sullivan Cromwell,,2026-08-20T18:20:22.000+0000,Kieran Hansen,N,1,1,20,duplicate,verified 26 Sep
1,name_exact,1,0016g00001AOZgjAAH,Sullivan & Cromwell LLP,www.sullcrom.com,2021-01-20T20:51:37.000+0000,19,1256,1694,001Px00000j5CKaIAM,Sullivan Cromwell,,2026-08-20T18:20:22.000+0000,Kieran Hansen,N,1,1,10,duplicate,verified 26 Sep
1,name_exact,1,001Px00000VyBosIAF,Susman Godfrey LLP,www.susmangodfrey.com,2021-01-20T20:52:07.000+0000,11,154,234,001Px00000heQhyIAE,Susman Godfrey,,2026-07-25T18:08:08.000+0000,Kieran Hansen,N,1,1,0,duplicate,verified 26 Sep
1,name_exact,1,001Px00000VyBosIAF,Susman Godfrey LLP,www.susmangodfrey.com,2021-01-20T20:52:07.000+0000,11,154,234,001Px00000hec99IAA,Susman Godfrey LLP,,2026-07-25T18:14:08.000+0000,Kieran Hansen,N,1,1,0,duplicate,verified 26 Sep
1,name_exact,1,001Px00000VyBosIAF,Susman Godfrey LLP,www.susmangodfrey.com,2021-01-20T20:52:07.000+0000,11,154,234,001Px00000hlfLwIAI,Susman Godfrey LLP,,2026-07-14T14:34:33.000+0000,Ron Dinkins,N,1,1,1,duplicate,verified 26 Sep
1,alias_exact,1,0016g00001AOaGuAAL,Taft Stettinius & Hollister LLP,www.taftlaw.com,2021-01-20T20:52:44.000+0000,27,512,202,001Px00000Vy1G8IAJ,Briggs & Morgan Pa,,2025-11-13T16:01:31.000+0000,Kieran Hansen,N,1,3,1,,new - not verified
1,alias_exact,1,0016g00001AOaGuAAL,Taft Stettinius & Hollister LLP,www.taftlaw.com,2021-01-20T20:52:44.000+0000,27,512,202,0016g00001ANtKbAAL,"Briggs and Morgan, P.A.",www.briggs.com,2021-01-20T19:28:38.000+0000,Kamyar Jannati,Y,1,5,2,,new - not verified
1,alias_exact,1,0016g00001AOaGuAAL,Taft Stettinius & Hollister LLP,www.taftlaw.com,2021-01-20T20:52:44.000+0000,27,512,202,0016g00001AOCPwAAP,Jaffe Raitt Heuer  Weiss PC,www.jaffelaw.com,2021-01-20T20:05:58.000+0000,Kamyar Jannati,Y,1,1,0,,new - not verified
1,alias_exact,1,0016g00001AOaGuAAL,Taft Stettinius & Hollister LLP,www.taftlaw.com,2021-01-20T20:52:44.000+0000,27,512,202,0016g00001AOCPxAAP,Jaffe Raitt Heuer & Weiss,www.jafferaitt.com,2021-01-20T20:05:58.000+0000,Kamyar Jannati,Y,1,22,2,,new - not verified
1,alias_exact,1,0016g00001AOaGuAAL,Taft Stettinius & Hollister LLP,www.taftlaw.com,2021-01-20T20:52:44.000+0000,27,512,202,001Px00000Vvol5IAB,Jaffe Raitt Heuer & Weiss Pc,jaffelaw.com,2025-11-13T10:19:16.000+0000,Kieran Hansen,N,1,8,7,,new - not verified
1,alias_exact,1,0016g00001AOaGuAAL,Taft Stettinius & Hollister LLP,www.taftlaw.com,2021-01-20T20:52:44.000+0000,27,512,202,0016g00001AOWeIAAX,Sherman & Howard L.L.C,www.shermanhoward.com,2021-01-20T20:46:31.000+0000,Kamyar Jannati,Y,8,91,40,,new - not verified
1,name_exact,1,001Px00000VvtXhIAJ,Taylor Wessing Verein,www.taylorwessing.com,2025-11-13T10:24:16.000+0000,18,832,346,001Px00000hSnBjIAK,Taylor Wessing Partnerschaftsgesellschaft mbB,,2026-05-26T12:47:57.000+0000,Kieran Hansen,N,1,1,0,affiliate_or_office,verified 26 Sep
1,alias_exact,1,0016g00001AOcTHAA1,Thompson Coburn LLP,www.thompsoncoburn.com,2021-01-20T20:56:50.000+0000,11,295,138,0016g00001AO7yGAAT,Hahn  Hessen LLP,www.hahnhessen.com,2021-01-20T19:56:50.000+0000,Kamyar Jannati,Y,1,10,0,,new - not verified
1,alias_exact,1,0016g00001AOcTHAA1,Thompson Coburn LLP,www.thompsoncoburn.com,2021-01-20T20:56:50.000+0000,11,295,138,0016g00001AO7yLAAT,Hahn & Hessen,www.hahnhessen.com,2021-01-20T19:56:50.000+0000,Kamyar Jannati,Y,1,1,0,,new - not verified
1,alias_exact,1,0016g00001AOcTHAA1,Thompson Coburn LLP,www.thompsoncoburn.com,2021-01-20T20:56:50.000+0000,11,295,138,001Px00000VwcQaIAJ,Hahn Hessen,,2025-11-13T11:50:28.000+0000,Kieran Hansen,N,1,5,13,,new - not verified
1,name_exact,1,0016g00001AOcTZAA1,Thompson Hine LLP,www.thompsonhine.com,2021-01-20T20:56:50.000+0000,14,400,151,001Px00000j5NldIAE,Thompson Hine,,2026-08-20T18:20:43.000+0000,Kieran Hansen,N,1,1,3,duplicate,verified 26 Sep
1,name_exact,1,0016g00001AOcTZAA1,Thompson Hine LLP,www.thompsonhine.com,2021-01-20T20:56:50.000+0000,14,400,151,001Px00000hlfBuIAI,Thompson Hine LLP,,2025-10-29T16:43:58.000+0000,Jamaal Lewis,N,1,0,0,duplicate,verified 26 Sep
1,alias_exact,1,0016g00001AOdUoAAL,Troutman Pepper Locke LLP,www.troutman.com,2021-01-20T20:15:54.000+0000,68,2945,817,0016g00001AO1inAAD,Edwards Wildman Palmer,www.edwardswildmanlllc.hk,2021-01-20T19:44:49.000+0000,Kamyar Jannati,Y,1,14,0,,new - not verified
1,alias_exact,1,0016g00001AOdUoAAL,Troutman Pepper Locke LLP,www.troutman.com,2021-01-20T20:15:54.000+0000,68,2945,817,0016g00001AO1ioAAD,Edwards Wildman Palmer,www.edwardswildman.com,2021-01-20T19:44:49.000+0000,Kamyar Jannati,Y,2,23,0,,new - not verified
1,alias_exact,1,0016g00001AOdUoAAL,Troutman Pepper Locke LLP,www.troutman.com,2021-01-20T20:15:54.000+0000,68,2945,817,001Px00000VvruxIAB,Edwards Wildman Palmer LLP,,2025-11-13T10:17:07.000+0000,Kieran Hansen,N,1,28,0,,new - not verified
1,alias_exact,1,0016g00001AOdUoAAL,Troutman Pepper Locke LLP,www.troutman.com,2021-01-20T20:15:54.000+0000,68,2945,817,001Px00000j5GFoIAM,Locke Lord,,2026-08-20T18:17:02.000+0000,Kieran Hansen,N,1,1,3,predecessor_or_legacy,verified 26 Sep
1,alias_exact,1,0016g00001AOdUoAAL,Troutman Pepper Locke LLP,www.troutman.com,2021-01-20T20:15:54.000+0000,68,2945,817,001Px00000j5GFzIAM,Locke Lord LLP,,2026-08-20T18:17:02.000+0000,Kieran Hansen,N,1,0,0,predecessor_or_legacy,verified 26 Sep
1,alias_exact,1,0016g00001AOdUoAAL,Troutman Pepper Locke LLP,www.troutman.com,2021-01-20T20:15:54.000+0000,68,2945,817,001Px00000jAGGVIA4,Locke Lord LLP,,2026-08-22T10:39:45.000+0000,Kieran Hansen,N,1,1,11,predecessor_or_legacy,verified 26 Sep
1,alias_exact,1,0016g00001AOdUoAAL,Troutman Pepper Locke LLP,www.troutman.com,2021-01-20T20:15:54.000+0000,68,2945,817,001Px00000j5KN7IAM,Pepper Hamilton,,2026-08-20T18:20:06.000+0000,Kieran Hansen,N,1,1,4,predecessor_or_legacy,verified 26 Sep
1,alias_exact,1,0016g00001AOdUoAAL,Troutman Pepper Locke LLP,www.troutman.com,2021-01-20T20:15:54.000+0000,68,2945,817,001Px00000j5LBxIAM,Pepper Hamilton,,2026-08-20T18:17:44.000+0000,Kieran Hansen,N,1,1,8,predecessor_or_legacy,verified 26 Sep
1,alias_exact,1,0016g00001AOfBkAAL,Venable LLP,www.venable.com,2021-01-20T19:50:07.000+0000,18,1367,507,001Px00000VyBomIAF,"Fitzpatrick, Cella, Harper & Scinto",,2025-11-13T16:08:05.000+0000,Kieran Hansen,N,1,12,0,,new - not verified
1,alias_exact,1,0016g00001AOfBkAAL,Venable LLP,www.venable.com,2021-01-20T19:50:07.000+0000,18,1367,507,001Tm0000094gLGIAY,"Fitzpatrick, Cella, Harper & Scinto",www.fitzpatrickcella.com,2024-07-16T22:04:08.000+0000,Sindushree Chinnagundanahalli Seetharam,N,2,4,0,,new - not verified
1,name_exact,1,001Px00000VvZXMIA3,"Wachtell, Lipton, Rosen & Katz",www.wlrk.com,2021-01-20T21:03:30.000+0000,2,251,448,001Px00000j5PcaIAE,Wachtell Lipton Rosen Katz,,2026-08-20T18:20:48.000+0000,Kieran Hansen,N,1,1,25,duplicate,verified 26 Sep
1,name_exact,1,001Px00000VvZXMIA3,"Wachtell, Lipton, Rosen & Katz",www.wlrk.com,2021-01-20T21:03:30.000+0000,2,251,448,001Px00000j5PcbIAE,Wachtell Lipton Rosen Katz,,2026-08-20T18:20:48.000+0000,Kieran Hansen,N,1,1,25,duplicate,verified 26 Sep
1,alias_exact,1,0016g00001AOgCiAAL,Weightmans LLP,www.weightmans.com,2021-01-20T21:04:02.000+0000,8,325,67,001Px00000VyAmWIAV,Radcliffes Le Brasseur,,2025-11-13T16:02:55.000+0000,Kieran Hansen,N,1,2,0,,new - not verified
1,name_exact,1,001Px00000Vvm4ZIAR,"Weil, Gotshal & Manges LLP",www.weil.com,2021-01-20T21:04:23.000+0000,23,2069,1032,001Px00000j5PcvIAE,Weil Gotshal & Manges LLP,,2026-08-20T18:20:48.000+0000,Kieran Hansen,N,1,1,6,duplicate,verified 26 Sep
1,name_exact,1,001Px00000Vvm4ZIAR,"Weil, Gotshal & Manges LLP",www.weil.com,2021-01-20T21:04:23.000+0000,23,2069,1032,001Px00000j5PcwIAE,Weil Gotshal Manges,,2026-08-20T18:20:48.000+0000,Kieran Hansen,N,1,1,3,duplicate,verified 26 Sep
1,name_exact,1,001Px00000VvL2BIAV,"Weinberg, Wheeler, Hudgins, Gunn & Dial, LLC",www.wwhgd.com,2021-01-20T21:04:23.000+0000,5,100,193,001Px00000heaQbIAI,Weinberg Wheeler Hudgins Gunn & Dial,,2026-07-25T18:09:18.000+0000,Kieran Hansen,N,1,1,0,duplicate,verified 26 Sep
1,name_exact,1,001Px00000VvL2BIAV,"Weinberg, Wheeler, Hudgins, Gunn & Dial, LLC",www.wwhgd.com,2021-01-20T21:04:23.000+0000,5,100,193,001Px00000hecV3IAI,Weinberg Wheeler Hudgins Gunn & Dial,,2026-07-25T18:15:04.000+0000,Kieran Hansen,N,1,1,0,duplicate,verified 26 Sep
1,name_exact,1,001Px00000VvmTxIAJ,White & Case LLP,www.whitecase.com,2021-01-20T21:04:56.000+0000,57,4964,3582,001Px00000heTgiIAE,White & Case,,2026-07-25T18:13:58.000+0000,Kieran Hansen,N,1,1,1,duplicate,verified 26 Sep
1,name_exact,1,001Px00000VvmTxIAJ,White & Case LLP,www.whitecase.com,2021-01-20T21:04:56.000+0000,57,4964,3582,001Px00000j5PdBIAU,White & Case LLP,,2026-08-20T18:20:48.000+0000,Kieran Hansen,N,1,1,2,duplicate,verified 26 Sep
1,name_exact,1,0016g00001AOgkyAAD,Wiley Rein LLP,www.wiley.law,2021-01-20T21:05:17.000+0000,7,253,180,001Px00000j5F6JIAU,Wiley Rein LLP,,2026-08-20T18:18:57.000+0000,Kieran Hansen,N,1,1,1,duplicate,verified 26 Sep
1,name_exact,1,001Px00000VxW0NIAV,Williams & Connolly LLP,www.wc.com,2021-01-20T21:05:22.000+0000,3,209,270,001Px00000heZg2IAE,Williams & Connolly LLP,,2026-07-25T18:08:12.000+0000,Kieran Hansen,N,1,2,0,duplicate,verified 26 Sep
1,name_exact,1,001Px00000VxW0NIAV,Williams & Connolly LLP,www.wc.com,2021-01-20T21:05:22.000+0000,3,209,270,001Px00000hecQTIAY,Williams & Connolly LLP,,2026-07-25T18:14:51.000+0000,Kieran Hansen,N,1,2,0,duplicate,verified 26 Sep
1,name_exact,1,001Px00000VxW0NIAV,Williams & Connolly LLP,www.wc.com,2021-01-20T21:05:22.000+0000,3,209,270,001Px00000j5HMiIAM,Williams & Connolly LLP,,2026-08-20T18:20:53.000+0000,Kieran Hansen,N,1,0,0,duplicate,verified 26 Sep
1,name_exact,1,001Px00000VxW0NIAV,Williams & Connolly LLP,www.wc.com,2021-01-20T21:05:22.000+0000,3,209,270,001Px00000jAIvLIAW,Williams & Connolly LLP,,2026-08-22T10:39:50.000+0000,Kieran Hansen,N,1,1,7,duplicate,verified 26 Sep
1,name_exact,1,0016g00001AOgqqAAD,Willkie Farr & Gallagher LLP,www.willkie.com,2021-01-20T21:05:22.000+0000,20,1589,922,001Px00000j5F6RIAU,Willkie Farr & Gallagher,,2026-08-20T18:18:57.000+0000,Kieran Hansen,N,1,1,4,duplicate,verified 26 Sep
1,alias_exact,1,0016g00001AOgrVAAT,Wilmer Cutler Pickering Hale and Dorr LLP,www.wilmerhale.com,2021-01-20T21:05:17.000+0000,17,1740,1255,001Px00000j5PI0IAM,Hale Dorr,,2026-08-20T18:19:21.000+0000,Kieran Hansen,N,1,1,35,predecessor_or_legacy,verified 26 Sep
1,name_exact,1,0016g00001AOgsMAAT,Wilson Elser Moskowitz Edelman & Dicker LLP,www.wilsonelser.com,2021-01-20T21:05:28.000+0000,33,440,394,001Px00000j5HMpIAM,Wilson Elser Moskowitz Edelman Dicker,,2026-08-20T18:20:53.000+0000,Kieran Hansen,N,1,1,2,duplicate,verified 26 Sep
1,name_exact,1,0016g00001AOgt0AAD,Wilson Sonsini Goodrich & Rosati Professional Corporation,www.wsgr.com,2021-01-20T21:05:28.000+0000,40,677,599,001Px00000j5HMqIAM,Wilson Sonsini Goodrich & Rosati,,2026-08-20T18:20:53.000+0000,Kieran Hansen,N,1,1,47,duplicate,verified 26 Sep
1,name_exact,1,0016g00001AOgx4AAD,Winstead PC,www.winstead.com,2021-01-20T21:05:34.000+0000,12,159,97,001Px00000j5HMuIAM,Winstead Pc,,2026-08-20T18:20:53.000+0000,Kieran Hansen,N,1,1,6,duplicate,verified 26 Sep
1,name_exact,1,001Px00000VvVePIAV,Winston Taylor LLP,www.winstontaylor.com,2021-01-20T19:46:27.000+0000,46,2952,1433,001Px00000hTHmOIAW,Winston Taylor LLP,,2026-06-30T17:13:57.000+0000,David Winn,N,1,2,0,duplicate,verified 26 Sep
1,alias_exact,1,001Px00000VvNUXIA3,Withersworldwide LLP,www.withersworldwide.com,2021-01-20T20:09:30.000+0000,23,681,546,001Px00000hecUDIAY,Withers,,2026-07-25T18:15:04.000+0000,Kieran Hansen,N,1,1,0,duplicate,verified 26 Sep
1,alias_exact,1,001Px00000VwYp5IAF,Womble Bond Dickinson,www.womblebonddickinson.com,2021-01-20T19:34:19.000+0000,58,1649,598,001Px00000VvNVXIA3,Bond Dickinson LLP,,2025-11-13T10:11:39.000+0000,Kieran Hansen,N,1,6,0,predecessor_or_legacy,verified 26 Sep
1,alias_exact,1,001Px00000VwYp5IAF,Womble Bond Dickinson,www.womblebonddickinson.com,2021-01-20T19:34:19.000+0000,58,1649,598,0016g00001AO0G7AAL,Dickinson Dees LLP,,2021-01-20T19:42:03.000+0000,Kamyar Jannati,N,2,5,0,,new - not verified
1,alias_exact,1,001Px00000VwYp5IAF,Womble Bond Dickinson,www.womblebonddickinson.com,2021-01-20T19:34:19.000+0000,58,1649,598,0016g00001AOUI1AAP,Rothgerber Johnson & Lyons,www.rothgerber.com,2021-01-20T20:42:02.000+0000,Kamyar Jannati,N,1,3,0,,new - not verified
1,name_exact,1,0016g00001AOhuOAAT,Zhong Yin Law Firm,www.zhongyinlawyer.com,2021-01-20T20:56:15.000+0000,5,27,17,0016g00001AOhuNAAT,Zhong Yin,www.zhongyinlawyer.com.tw,2021-01-20T21:07:34.000+0000,Kamyar Jannati,N,1,2,1,disputed,verified 26 Sep
2,alias_extends,1,001Px00000VvfTpIAJ,Allen Overy Shearman Sterling LLP,www.aoshearman.com,2021-01-20T19:17:41.000+0000,57,6867,3482,001Px00000hloUuIAI,A&O SHEARMAN GROUP,,2026-04-20T00:27:26.000+0000,Khris Fenton,N,1,1,0,duplicate,verified 26 Sep
2,alias_short_form,1,0016g00001ANqcEAAT,"Baker, Donelson, Bearman, Caldwell & Berkowitz, PC",www.bakerdonelson.com,2021-01-20T19:23:28.000+0000,25,480,224,0016g00001AOOA4AAP,Ober Kaler,www.ober.com,2021-01-20T20:29:30.000+0000,Kamyar Jannati,N,2,8,2,,new - not verified
2,alias_short_form,1,0016g00001ANqcEAAT,"Baker, Donelson, Bearman, Caldwell & Berkowitz, PC",www.bakerdonelson.com,2021-01-20T19:23:28.000+0000,25,480,224,001Px00000VwBYNIA3,Ober Kaler,,2025-11-13T12:03:50.000+0000,Kieran Hansen,N,1,5,0,,new - not verified
2,alias_short_form,1,0016g00001ANqcEAAT,"Baker, Donelson, Bearman, Caldwell & Berkowitz, PC",www.bakerdonelson.com,2021-01-20T19:23:28.000+0000,25,480,224,001Px00000j5KMSIA2,Ober Kaler Grimes,,2026-08-20T18:20:06.000+0000,Kieran Hansen,N,1,1,1,predecessor_or_legacy,recall check 26 Sep
2,alias_short_form,1,0016g00001ANqfwAAD,Ballard Spahr LLP,www.ballardspahr.com,2021-01-20T19:23:35.000+0000,32,761,482,001Px00000VvKhaIAF,Lindquist,fraudmedic.com/,2025-11-13T10:08:46.000+0000,Kieran Hansen,N,1,2,0,,new - not verified
2,alias_extends,1,0016g00001ANqfwAAD,Ballard Spahr LLP,www.ballardspahr.com,2021-01-20T19:23:35.000+0000,32,761,482,001Px00000VxQ0dIAF,Lindquist & Vennum Pllp,,2025-11-13T14:13:03.000+0000,Kieran Hansen,N,1,5,0,,new - not verified
2,name_short_form,1,0016g00001ANr4aAAD,Barnes & Thornburg LLP,www.btlaw.com,2021-01-20T19:24:18.000+0000,26,633,267,001Px00000heWA0IAM,BARNES,,2026-07-25T18:08:30.000+0000,Kieran Hansen,N,1,1,0,unrelated,verified 26 Sep
2,name_short_form,1,001Px00000VvNVPIA3,Bird & Bird LLP,www.twobirds.com,2021-01-20T19:26:35.000+0000,39,2807,2107,001Tm00000K5SGIIA3,Bird,www.bird.com,2025-06-25T08:31:23.000+0000,Kieran Hansen,N,1,2,1,unrelated,verified 26 Sep
2,name_short_form,1,0016g00001ANsQTAA1,"Blake, Cassels & Graydon LLP",www.blakes.com,2021-01-20T19:26:52.000+0000,10,1460,938,001Px00000cAYzAIAW,Blake,,2021-06-23T14:15:39.000+0000,Kieran Hansen,N,1,1,0,person_or_misfiled,verified 26 Sep
2,name_extends,1,0016g00001ANt2nAAD,Bracewell LLP,www.bracewell.com,2021-01-20T19:28:04.000+0000,20,550,346,001Px00000VxXFnIAN,Bracewell & Patterson,,2025-11-13T14:26:11.000+0000,Kieran Hansen,N,1,1,0,predecessor_or_legacy,verified 26 Sep
2,name_short_form,1,0016g00001ANt3wAAD,Bradley Arant Boult Cummings LLP,www.bradley.com,2021-01-20T19:28:04.000+0000,18,602,305,0016g00001ANt3mAAD,Bradley,www.bradleycorp.com,2021-01-20T19:28:04.000+0000,Kamyar Jannati,N,1,3,2,duplicate,verified 26 Sep
2,name_short_form,1,0016g00001ANtZ9AAL,"Brownstein Hyatt Farber Schreck, LLP",www.bhfs.com,2021-01-20T19:29:01.000+0000,13,219,231,001Px00000j5KWfIAM,Brownstein Hyatt Farber,,2026-08-20T18:15:26.000+0000,Kieran Hansen,N,1,0,0,duplicate,verified 26 Sep
2,name_short_form,1,0016g00001ANtZ9AAL,"Brownstein Hyatt Farber Schreck, LLP",www.bhfs.com,2021-01-20T19:29:01.000+0000,13,219,231,001Px00000jAKoYIAW,Brownstein Hyatt Farber,,2026-08-22T10:39:40.000+0000,Kieran Hansen,N,1,1,6,duplicate,verified 26 Sep
2,alias_extends,1,0016g00001ANtcKAAT,Bryan Cave Leighton Paisner LLP,www.bclplaw.com,2021-01-20T19:29:08.000+0000,46,2542,881,001Px00000VwPIPIA3,Berwin Leighton Paisner LLP- Uk,,2025-11-13T11:46:46.000+0000,Kieran Hansen,N,1,0,0,predecessor_or_legacy,verified 26 Sep
2,alias_short_form,1,0016g00001ANtcKAAT,Bryan Cave Leighton Paisner LLP,www.bclplaw.com,2021-01-20T19:29:08.000+0000,46,2542,881,001Px00000cARDHIA4,Powell,,2026-02-25T23:46:39.000+0000,Analisa Cox,N,1,1,1,,new - not verified
2,name_short_form,1,001Px00000Vvaq6IAB,Buchanan Ingersoll & Rooney PC,www.bipc.com,2021-01-20T19:29:14.000+0000,25,392,371,0016g00001ANth6AAD,Buchanan,www.buchanan.uk.com,2021-01-20T19:29:14.000+0000,Kamyar Jannati,N,1,1,0,unrelated,verified 26 Sep
2,name_short_form,1,001Px00000Vvaq6IAB,Buchanan Ingersoll & Rooney PC,www.bipc.com,2021-01-20T19:29:14.000+0000,25,392,371,0016g00001ANth8AAD,Buchanan,www.bchn.com.au,2021-01-20T19:29:14.000+0000,Kamyar Jannati,N,1,2,2,unrelated,verified 26 Sep
2,alias_extends,1,0016g00001ANtv7AAD,Burr & Forman LLP,www.burr.com,2021-01-20T19:29:45.000+0000,20,248,173,0016g00001AOJeTAAX,McNair Attorneys,www.mcnair.net,2021-01-20T20:20:11.000+0000,Kamyar Jannati,N,4,17,0,,new - not verified
2,alias_extends,1,0016g00001ANtv7AAD,Burr & Forman LLP,www.burr.com,2021-01-20T19:29:45.000+0000,20,248,173,0016g00001AOJeUAAX,McNair Chambers LLC,www.mcnairchambers.com,2021-01-20T20:20:11.000+0000,Kamyar Jannati,N,1,11,9,,new - not verified
2,alias_extends,1,0016g00001ANtv7AAD,Burr & Forman LLP,www.burr.com,2021-01-20T19:29:45.000+0000,20,248,173,0014L00000dml4DQAQ,McNair International Limited,www.mcnairinternational.com,2022-11-08T14:35:16.000+0000,Benjirul Islam,N,1,6,3,,new - not verified
2,alias_extends,1,0016g00001ANtv7AAD,Burr & Forman LLP,www.burr.com,2021-01-20T19:29:45.000+0000,20,248,173,001Px00000VvlJDIAZ,Mcnair Law Firm P A,,2025-11-13T10:05:35.000+0000,Kieran Hansen,N,1,19,0,,new - not verified
2,alias_extends,1,0016g00001ANtv7AAD,Burr & Forman LLP,www.burr.com,2021-01-20T19:29:45.000+0000,20,248,173,001Px00000VxLsrIAF,"Mcnair, John",,2025-11-13T14:19:03.000+0000,Kieran Hansen,N,1,1,0,,new - not verified
2,name_extends,1,0016g00001ANx1bAAD,CMS Legal,www.cms.law,2021-01-20T19:31:35.000+0000,106,6828,3358,001Tm00000N5Wa4IAF,CMS Cepcor,www.cmscepcor.com,2025-09-09T06:49:26.000+0000,Karnati Nihanth,N,1,1,0,unrelated,verified 26 Sep
2,name_extends,1,0016g00001ANx1bAAD,CMS Legal,www.cms.law,2021-01-20T19:31:35.000+0000,106,6828,3358,0016g00001ANx1UAAT,CMS Compliance Group Inc,www.cmscompliancegroup.com,2021-01-20T19:35:36.000+0000,Kamyar Jannati,N,1,1,0,unrelated,verified 26 Sep
2,name_extends,1,0016g00001ANx1bAAD,CMS Legal,www.cms.law,2021-01-20T19:31:35.000+0000,106,6828,3358,001Px00000bh8r1IAA,CMS Computers,www.cms.co.in,2026-03-17T11:53:57.000+0000,Kieran Hansen,N,1,1,0,unrelated,verified 26 Sep
2,name_extends,1,0016g00001ANx1bAAD,CMS Legal,www.cms.law,2021-01-20T19:31:35.000+0000,106,6828,3358,0016g00001ANx1VAAT,CMS Corp,www.cms-corporation.com,2021-01-20T19:35:36.000+0000,Kamyar Jannati,N,1,1,0,unrelated,verified 26 Sep
2,name_extends,1,0016g00001ANx1bAAD,CMS Legal,www.cms.law,2021-01-20T19:31:35.000+0000,106,6828,3358,0016g00001ANx1XAAT,CMS Energy Corporation,www.cmsenergy.com,2021-01-20T19:35:36.000+0000,Kamyar Jannati,N,2,15,0,unrelated,verified 26 Sep
2,name_extends,1,0016g00001ANx1bAAD,CMS Legal,www.cms.law,2021-01-20T19:31:35.000+0000,106,6828,3358,001Px00000cATacIAG,CMS Global Group,cmsglobalgroup.com/,2015-02-24T23:08:10.000+0000,Kieran Hansen,Y,1,1,0,unrelated,verified 26 Sep
2,name_extends,1,0016g00001ANx1bAAD,CMS Legal,www.cms.law,2021-01-20T19:31:35.000+0000,106,6828,3358,0016g00001ANx1ZAAT,CMS Global Group Inc,www.cmsglobalgroup.com,2021-01-20T19:35:36.000+0000,Kamyar Jannati,N,1,1,0,unrelated,verified 26 Sep
2,name_extends,1,0016g00001ANx1bAAD,CMS Legal,www.cms.law,2021-01-20T19:31:35.000+0000,106,6828,3358,001Px00000irTTGIA2,CMS Group,www.cms.com.tr,2026-08-17T17:45:17.000+0000,Roland Nukpe,N,1,0,0,unrelated,verified 26 Sep
2,name_extends,1,0016g00001ANx1bAAD,CMS Legal,www.cms.law,2021-01-20T19:31:35.000+0000,106,6828,3358,001Px00000cAWjmIAG,CMS Hong Kong LLP,,2019-03-16T22:39:54.000+0000,Kieran Hansen,Y,1,1,0,affiliate_or_office,verified 26 Sep
2,name_extends,1,0016g00001ANx1bAAD,CMS Legal,www.cms.law,2021-01-20T19:31:35.000+0000,106,6828,3358,001Tm00000KVYLNIA5,CMS Info Systems Limited,www.cms.com,2025-07-08T06:07:46.000+0000,Manisha Amireddy,N,1,2,0,unrelated,verified 26 Sep
2,name_extends,1,0016g00001ANx1bAAD,CMS Legal,www.cms.law,2021-01-20T19:31:35.000+0000,106,6828,3358,001Px00000heZGbIAM,CMS Netherlands,,2026-07-25T18:09:21.000+0000,Kieran Hansen,N,1,1,0,affiliate_or_office,verified 26 Sep
2,name_extends,1,0016g00001ANx1bAAD,CMS Legal,www.cms.law,2021-01-20T19:31:35.000+0000,106,6828,3358,0016g00001ANx1cAAD,CMS Payments Intelligence Inc,www.cmspi.com,2021-01-20T19:35:36.000+0000,Kamyar Jannati,N,1,2,0,unrelated,verified 26 Sep
2,name_extends,1,0016g00001ANx1bAAD,CMS Legal,www.cms.law,2021-01-20T19:31:35.000+0000,106,6828,3358,0016g00001ANx1dAAD,CMS Services,www.cmsservices.link,2021-01-20T19:35:36.000+0000,Kamyar Jannati,N,1,1,1,unrelated,verified 26 Sep
2,name_extends,1,0016g00001ANx1bAAD,CMS Legal,www.cms.law,2021-01-20T19:31:35.000+0000,106,6828,3358,0016g00001ANx1eAAD,CMS Technologies,www.cmstech.com,2021-01-20T19:35:36.000+0000,Kamyar Jannati,N,1,1,0,unrelated,verified 26 Sep
2,alias_short_form,1,0016g00001ANx1bAAD,CMS Legal,www.cms.law,2021-01-20T19:31:35.000+0000,106,6828,3358,0016g00001ANuUYAA1,Cameron LLP,www.cameronllp.com,2021-01-20T19:30:51.000+0000,Kamyar Jannati,Y,1,1,0,,new - not verified
2,name_extends,1,0016g00001ANx1bAAD,CMS Legal,www.cms.law,2021-01-20T19:31:35.000+0000,106,6828,3358,001Px00000VxeY5IAJ,Cms Advertising,,2025-11-13T16:06:24.000+0000,Kieran Hansen,N,1,3,0,unrelated,verified 26 Sep
2,name_extends,1,0016g00001ANx1bAAD,CMS Legal,www.cms.law,2021-01-20T19:31:35.000+0000,106,6828,3358,001Px00000VyFbkIAF,Cms Cos,,2025-11-13T16:12:34.000+0000,Kieran Hansen,N,1,1,0,unrelated,verified 26 Sep
2,name_extends,1,0016g00001ANx1bAAD,CMS Legal,www.cms.law,2021-01-20T19:31:35.000+0000,106,6828,3358,0014L00000k4q5IQAQ,Cms Motors Limited,www.cms-carsales-ltd.co.uk,2023-05-23T17:09:29.000+0000,Kieran Hansen,N,1,0,0,unrelated,verified 26 Sep
2,alias_extends,1,0016g00001ANx1bAAD,CMS Legal,www.cms.law,2021-01-20T19:31:35.000+0000,106,6828,3358,001Tm00000GVZhuIAH,Nabarro Béraud Avocats,www.nabarro-beraud.com/?page_id=332,2025-03-06T10:31:51.000+0000,Maria Fakondoh,N,1,2,1,,new - not verified
2,name_short_form,1,001Px00000Vvo8DIAR,Clark Hill PLC,www.clarkhill.com,2021-01-20T19:35:08.000+0000,34,925,161,001Px00000VvuDKIAZ,Clark,,2025-11-13T10:19:21.000+0000,Kieran Hansen,N,3,5,0,unrelated,verified 26 Sep
2,name_short_form,1,001Px00000Vvo8DIAR,Clark Hill PLC,www.clarkhill.com,2021-01-20T19:35:08.000+0000,34,925,161,001Px00000hKSPpIAO,Clark,www.clark.io,2026-07-20T14:13:11.000+0000,Kieran Hansen,N,1,0,0,unrelated,verified 26 Sep
2,name_short_form,1,001Px00000Vvo8DIAR,Clark Hill PLC,www.clarkhill.com,2021-01-20T19:35:08.000+0000,34,925,161,001Px00000j5O4FIAU,Clark,,2026-08-20T18:15:37.000+0000,Kieran Hansen,N,1,1,1,unrelated,verified 26 Sep
2,name_extends,1,001Px00000Vvo8DIAR,Clark Hill PLC,www.clarkhill.com,2021-01-20T19:35:08.000+0000,34,925,161,001Px00000j5KXYIA2,Clark Hill Strasburger,,2026-08-20T18:15:42.000+0000,Kieran Hansen,N,2,2,2,predecessor_or_legacy,verified 26 Sep
2,name_short_form,1,0016g00001ANwoPAAT,Clayton Utz,www.claytonutz.com,2021-01-20T19:35:13.000+0000,9,1195,671,0016g00001ANwo3AAD,Clayton,,2021-01-20T19:35:13.000+0000,Kamyar Jannati,N,1,1,0,unrelated,verified 26 Sep
2,name_short_form,1,0016g00001ANwoPAAT,Clayton Utz,www.claytonutz.com,2021-01-20T19:35:13.000+0000,9,1195,671,001Px00000VvsZ8IAJ,Clayton,,2025-11-13T10:21:33.000+0000,Kieran Hansen,N,2,3,0,unrelated,verified 26 Sep
2,name_extends,1,0016g00001ANrupAAD,Clyde & Co LLP,www.clydeco.com,2021-01-20T19:25:53.000+0000,77,3458,1392,001Px00000j5Ic6IAE,Clyde & Co Canada LLP,,2026-08-20T18:19:11.000+0000,Kieran Hansen,N,1,1,3,affiliate_or_office,verified 26 Sep
2,name_extends,1,001Px00000Vvg80IAB,Cooley LLP,www.cooley.com,2021-01-20T19:37:27.000+0000,29,2432,874,001Px00000jWeK7IAK,Cooley & Handy,,2026-08-28T14:26:48.000+0000,Kieran Hansen,N,1,1,3,unrelated,verified 26 Sep
2,name_extends,1,001Px00000Vvg80IAB,Cooley LLP,www.cooley.com,2021-01-20T19:37:27.000+0000,29,2432,874,0016g00001AOgWlAAL,Cooley Law School,www.cooley.edu,2021-01-20T21:04:43.000+0000,Kamyar Jannati,N,4,7,45,unrelated,verified 26 Sep
2,name_extends,1,001Px00000Vvg80IAB,Cooley LLP,www.cooley.com,2021-01-20T19:37:27.000+0000,29,2432,874,0016g00001ANxwcAAD,Cooley Manion Jones LLP,www.cooleymanionjones.com,2021-01-20T19:37:27.000+0000,Kamyar Jannati,N,1,4,0,unrelated,verified 26 Sep
2,name_extends,1,001Px00000Vvg80IAB,Cooley LLP,www.cooley.com,2021-01-20T19:37:27.000+0000,29,2432,874,0016g00001ANxwfAAD,Cooley Shrair PC,www.cooleyshrair.com,2021-01-20T19:37:27.000+0000,Kamyar Jannati,N,1,4,0,unrelated,verified 26 Sep
2,name_extends,1,001Px00000Vvg80IAB,Cooley LLP,www.cooley.com,2021-01-20T19:37:27.000+0000,29,2432,874,001Px00000VxLwtIAF,"Cooley, Nancy",,2025-11-13T14:17:48.000+0000,Kieran Hansen,N,1,1,0,person_or_misfiled,verified 26 Sep
2,alias_extends,1,001Px00000VvVJ5IAN,DLA Piper,www.dlapiper.com,2021-01-20T19:42:32.000+0000,135,9185,3393,001Px00000Vxi5WIAR,Advokatfirma Dla Nordic Kb,,2025-11-13T16:03:06.000+0000,Kieran Hansen,N,1,2,0,,new - not verified
2,name_extends,1,001Px00000VvVJ5IAN,DLA Piper,www.dlapiper.com,2021-01-20T19:42:32.000+0000,135,9185,3393,001Px00000heU4HIAU,DLA Piper Afric,,2026-07-25T18:13:27.000+0000,Kieran Hansen,N,1,7,0,affiliate_or_office,verified 26 Sep
2,name_extends,1,001Px00000VvVJ5IAN,DLA Piper,www.dlapiper.com,2021-01-20T19:42:32.000+0000,135,9185,3393,001Px00000heavNIAQ,"DLA Piper Africa, Kenya (IKM Advocates)",,2026-07-25T18:10:55.000+0000,Kieran Hansen,N,2,5,0,affiliate_or_office,verified 26 Sep
2,name_extends,1,001Px00000VvVJ5IAN,DLA Piper,www.dlapiper.com,2021-01-20T19:42:32.000+0000,135,9185,3393,001Px00000j5O4bIAE,Dla Piper Us LLP,,2026-08-20T18:15:37.000+0000,Kieran Hansen,N,1,0,0,duplicate,verified 26 Sep
2,name_extends,1,001Px00000VvVJ5IAN,DLA Piper,www.dlapiper.com,2021-01-20T19:42:32.000+0000,135,9185,3393,001Px00000jAKosIAG,Dla Piper Us LLP,,2026-08-22T10:39:40.000+0000,Kieran Hansen,N,1,1,6,duplicate,verified 26 Sep
2,alias_extends,1,0016g00001AOSsqAAH,DWF LLP,www.dwfgroup.com,2021-01-20T19:43:56.000+0000,45,1652,385,0016g00001ANtpBAAT,Buller Jeffries Solicitors,,2021-01-20T19:29:32.000+0000,Kamyar Jannati,Y,1,1,0,,new - not verified
2,name_extends,1,0016g00001AOSsqAAH,DWF LLP,www.dwfgroup.com,2021-01-20T19:43:56.000+0000,45,1652,385,0016g00001AOKe3AAH,DWF Group plc,mindcrest.com,2021-01-20T20:22:13.000+0000,Kamyar Jannati,N,4,13,2,affiliate_or_office,verified 26 Sep
2,name_extends,1,0016g00001AOSsqAAH,DWF LLP,www.dwfgroup.com,2021-01-20T19:43:56.000+0000,45,1652,385,001Px00000heWGvIAM,DWF ME,,2026-07-25T18:09:48.000+0000,Kieran Hansen,N,1,1,0,affiliate_or_office,verified 26 Sep
2,name_short_form,1,001Px00000VvpglIAB,Davis Wright Tremaine LLP,www.dwt.com,2021-01-20T19:40:30.000+0000,12,465,420,001Px00000VvgXnIAJ,Davis & Wright,,2025-11-13T09:54:20.000+0000,Kieran Hansen,N,2,2,0,unrelated,verified 26 Sep
2,alias_short_form,1,001Px00000VvOlmIAF,Dentons,www.dentons.com,2016-12-09T17:55:57.000+0000,207,8538,3758,001Px00000Xs1UiIAJ,Cohen,www.cohentrial.com,2025-12-22T11:03:08.000+0000,Kieran Hansen,N,1,1,1,,new - not verified
2,alias_extends,1,001Px00000VvOlmIAF,Dentons,www.dentons.com,2016-12-09T17:55:57.000+0000,207,8538,3758,001Px00000VvNUfIAN,Salans Fmc Snr Denton Europe LLP,,2025-11-13T10:11:39.000+0000,Kieran Hansen,N,1,3,0,,new - not verified
2,alias_extends,1,001Px00000VvOlmIAF,Dentons,www.dentons.com,2016-12-09T17:55:57.000+0000,207,8538,3758,001Px00000Vy2zIIAR,Salans Fmc Snr Denton Oleszczuk Sp. K.,,2025-11-13T16:03:01.000+0000,Kieran Hansen,N,1,3,0,,new - not verified
2,alias_extends,1,001Px00000VvOlmIAF,Dentons,www.dentons.com,2016-12-09T17:55:57.000+0000,207,8538,3758,001Px00000cAFU4IAO,Sonnenschein Nath Rosenthal Ll,,2016-04-28T17:52:48.000+0000,Kieran Hansen,Y,1,2,0,,new - not verified
2,name_extends,1,001Px00000VvbwmIAB,Eversheds Sutherland,www.eversheds-sutherland.com,2021-01-20T19:47:46.000+0000,84,5128,1537,001Px00000heaTrIAI,Eversheds Sutherland (International) LLP,,2026-07-25T18:09:28.000+0000,Kieran Hansen,N,1,1,1,duplicate,verified 26 Sep
2,name_extends,1,001Px00000VvbwmIAB,Eversheds Sutherland,www.eversheds-sutherland.com,2021-01-20T19:47:46.000+0000,84,5128,1537,001Px00000heWR9IAM,Eversheds Sutherland (Italy),,2026-07-25T18:09:59.000+0000,Kieran Hansen,N,1,2,0,affiliate_or_office,verified 26 Sep
2,name_extends,1,001Px00000VvbwmIAB,Eversheds Sutherland,www.eversheds-sutherland.com,2021-01-20T19:47:46.000+0000,84,5128,1537,001Px00000heWRAIA2,Eversheds Sutherland (Italy),,2026-07-25T18:09:59.000+0000,Kieran Hansen,N,1,1,0,affiliate_or_office,verified 26 Sep
2,alias_short_form,1,001Px00000VvbwmIAB,Eversheds Sutherland,www.eversheds-sutherland.com,2021-01-20T19:47:46.000+0000,84,5128,1537,0016g00001AOZwfAAH,Sutherland,www.sutherland.com,2021-01-20T20:52:07.000+0000,Kamyar Jannati,N,1,4,0,predecessor_or_legacy,verified 26 Sep
2,alias_short_form,1,001Px00000VvbwmIAB,Eversheds Sutherland,www.eversheds-sutherland.com,2021-01-20T19:47:46.000+0000,84,5128,1537,001Px00000VvWyBIAV,Sutherland,theconstructionlawyers.com,2025-11-13T10:07:34.000+0000,Kieran Hansen,N,1,12,4,predecessor_or_legacy,verified 26 Sep
2,alias_extends,1,0016g00001AO6I7AAL,FBT Gibbons LLP,www.fbtgibbons.com,2021-01-20T19:51:40.000+0000,31,540,367,0016g00001AO6I6AAL,Gibbons  Gibbons CPA,www.ggcpa.com,2021-01-20T19:53:36.000+0000,Kamyar Jannati,N,1,1,0,,new - not verified
2,alias_extends,1,0016g00001AO6I7AAL,FBT Gibbons LLP,www.fbtgibbons.com,2021-01-20T19:51:40.000+0000,31,540,367,001Px00000VwbjgIAB,"Gibbons , Abigayle",,2025-11-13T11:49:18.000+0000,Kieran Hansen,N,1,1,0,,new - not verified
2,alias_extends,1,0016g00001AO6I7AAL,FBT Gibbons LLP,www.fbtgibbons.com,2021-01-20T19:51:40.000+0000,31,540,367,001Px00000VxstjIAB,Gibbons And Kawash,,2025-11-13T16:18:00.000+0000,Kieran Hansen,N,1,1,0,,new - not verified
2,alias_extends,1,0016g00001AO6I7AAL,FBT Gibbons LLP,www.fbtgibbons.com,2021-01-20T19:51:40.000+0000,31,540,367,001Px00000VxUeZIAV,"Gibbons, Byron",,2025-11-13T14:18:01.000+0000,Kieran Hansen,N,1,1,0,,new - not verified
2,alias_extends,1,0016g00001AO6I7AAL,FBT Gibbons LLP,www.fbtgibbons.com,2021-01-20T19:51:40.000+0000,31,540,367,001Px00000VxKVbIAN,"Gibbons, Del Deo, Dolan, Griffinger & Ve",,2025-11-13T14:12:04.000+0000,Kieran Hansen,N,1,1,0,,new - not verified
2,alias_short_form,1,0016g00001AO6I7AAL,FBT Gibbons LLP,www.fbtgibbons.com,2021-01-20T19:51:40.000+0000,31,540,367,001Px00000hloSIIAY,frost brown,,2017-03-28T20:41:22.000+0000,Kieran Hansen,Y,1,0,0,predecessor_or_legacy,verified 26 Sep
2,name_short_form,1,001Px00000VvUjPIAV,Faegre Drinker Biddle & Reath LLP,www.faegredrinker.com,2021-01-20T19:48:17.000+0000,46,1691,603,001Px00000j5H7PIAU,Faegre Drinker Biddle,,2026-08-20T18:15:57.000+0000,Kieran Hansen,N,1,1,2,duplicate,verified 26 Sep
2,name_short_form,1,001Px00000VvUjPIAV,Faegre Drinker Biddle & Reath LLP,www.faegredrinker.com,2021-01-20T19:48:17.000+0000,46,1691,603,001Px00000j5O97IAE,Faegre Drinker Biddle,,2026-08-20T18:15:47.000+0000,Kieran Hansen,N,1,1,54,duplicate,verified 26 Sep
2,alias_short_form,1,001Px00000Vvic0IAB,Fasken Martineau DuMoulin LLP,www.fasken.com,2021-01-20T19:48:41.000+0000,17,1770,851,0016g00001ANtofAAD,Bull,,2021-01-20T19:29:32.000+0000,Kamyar Jannati,Y,1,1,0,,new - not verified
2,alias_short_form,1,001Px00000Vvic0IAB,Fasken Martineau DuMoulin LLP,www.fasken.com,2021-01-20T19:48:41.000+0000,17,1770,851,0016g00001ANtogAAD,Bull,www.bull.es,2021-01-20T19:29:32.000+0000,Kamyar Jannati,Y,1,1,0,,new - not verified
2,name_short_form,1,001Px00000VvXqMIAV,"Fennemore Craig, P.C.",www.fennemorelaw.com,2021-01-20T19:49:00.000+0000,7,104,38,001Px00000heakTIAQ,Fennemore,,2026-07-25T18:10:21.000+0000,Kieran Hansen,N,1,1,1,duplicate,verified 26 Sep
2,alias_short_form,1,0016g00001AO496AAD,Fieldfisher LLP,www.fieldfisher.com,2021-01-20T19:49:24.000+0000,28,1455,877,0016g00001AO48rAAD,Field LLP,www.fieldlaw.com,2021-01-20T19:49:24.000+0000,Kamyar Jannati,N,3,61,11,unrelated,verified 26 Sep
2,alias_short_form,1,0016g00001AO4imAAD,Foley & Lardner LLP,www.foley.com,2021-01-20T19:50:33.000+0000,33,1737,475,001Px00000Vy2fjIAB,Gardere Wynne,,2025-11-13T16:27:19.000+0000,Kieran Hansen,N,1,2,0,,new - not verified
2,name_short_form,1,001Px00000VyIdIIAV,"Freeman Mathis & Gary, LLP",www.fmglaw.com,2021-01-20T19:51:21.000+0000,4,95,89,0016g00001AO5AGAA1,Freeman,www.freemanco.com,2021-01-20T19:51:21.000+0000,Kamyar Jannati,N,2,13,1,unrelated,verified 26 Sep
2,name_short_form,1,001Px00000VvhX4IAJ,"Fried, Frank, Harris, Shriver & Jacobson LLP",www.friedfrank.com,2021-01-20T19:51:34.000+0000,9,1181,500,001Px00000j5OFuIAM,Fried Frank Harris Et Al,,2026-08-20T18:15:57.000+0000,Kieran Hansen,N,1,1,2,duplicate,verified 26 Sep
2,name_short_form,1,001Px00000j5PGuIAM,Frost Brown Todd,,2026-08-20T18:19:21.000+0000,1,1,40,001Px00000hloSIIAY,frost brown,,2017-03-28T20:41:22.000+0000,Kieran Hansen,Y,1,0,0,duplicate,verified 26 Sep
2,name_extends,1,0016g00001AO5nxAAD,Gateley PLC,www.gateleyplc.com,2021-01-20T19:14:59.000+0000,35,361,127,001Px00000hlfCmIAI,Gateley Middle East,,2026-03-16T10:23:11.000+0000,Khris Fenton,N,1,3,0,affiliate_or_office,verified 26 Sep
2,name_extends,1,0016g00001AO5nxAAD,Gateley PLC,www.gateleyplc.com,2021-01-20T19:14:59.000+0000,35,361,127,001Px00000heY0nIAE,Gateley Transform,,2026-07-25T18:14:27.000+0000,Kieran Hansen,N,1,1,0,affiliate_or_office,verified 26 Sep
2,name_short_form,1,0016g00001AO6J6AAL,"Gibson, Dunn & Crutcher LLP",www.gibsondunn.com,2021-01-20T19:53:36.000+0000,26,2513,2097,0016g00001AO6IkAAL,Gibson,www.gibsonins.com,2021-01-20T19:53:36.000+0000,Kamyar Jannati,N,1,1,0,unrelated,verified 26 Sep
2,name_short_form,1,0016g00001AO6J6AAL,"Gibson, Dunn & Crutcher LLP",www.gibsondunn.com,2021-01-20T19:53:36.000+0000,26,2513,2097,001Px00000jNV8SIAW,Gibson,www.gibson.com,2026-08-26T15:41:54.000+0000,Kieran Hansen,N,1,0,0,unrelated,verified 26 Sep
2,name_short_form,1,0016g00001AO6J6AAL,"Gibson, Dunn & Crutcher LLP",www.gibsondunn.com,2021-01-20T19:53:36.000+0000,26,2513,2097,001Px00000j5OJlIAM,Gibson Dunn,,2026-08-20T18:16:25.000+0000,Kieran Hansen,N,1,1,15,duplicate,verified 26 Sep
2,name_short_form,1,0016g00001AO6nnAAD,Goldberg Segalla LLP,www.goldbergsegalla.com,2021-01-20T19:54:41.000+0000,31,223,167,001Px00000XsUu3IAF,GOLDBERG,www.lawyers.com/goldberg&cohn,2025-12-22T11:03:11.000+0000,Kieran Hansen,N,1,1,1,unrelated,verified 26 Sep
2,name_short_form,1,0016g00001AO6nnAAD,Goldberg Segalla LLP,www.goldbergsegalla.com,2021-01-20T19:54:41.000+0000,31,223,167,001Px00000XsUu2IAF,Goldberg,www.florida-justice.com,2025-12-22T11:03:11.000+0000,Kieran Hansen,N,1,1,0,unrelated,verified 26 Sep
2,name_short_form,1,001Px00000VvidnIAB,Hanson Bridgett LLP,www.hansonbridgett.com,2021-01-20T19:57:19.000+0000,6,133,88,001Px00000cAVOJIA4,Hanson,,2012-10-11T14:54:22.000+0000,Kieran Hansen,Y,1,1,0,unrelated,verified 26 Sep
2,alias_short_form,1,001Px00000VvsMqIAJ,Herbert Smith Freehills Kramer LLP,www.hsfkramer.com,2021-01-20T19:47:57.000+0000,50,4620,2952,001Px00000awhG6IAI,Kramer LLP,,2026-02-26T12:57:14.000+0000,Roland Nukpe,N,1,1,2,unrelated,verified 26 Sep
2,alias_extends,1,001Px00000VvPqZIAV,Holland & Knight LLP,www.hklaw.com,2021-01-20T19:59:41.000+0000,50,2708,1130,001Px00000Vy9wlIAB,Thompson & Knight /Austin Office,,2025-11-13T16:03:57.000+0000,Kieran Hansen,N,1,0,0,,new - not verified
2,name_short_form,1,001Px00000Vvd3AIAR,Holman Fenwick Willan LLP,www.hfw.com,2021-01-20T19:59:41.000+0000,22,1025,696,001Px00000iuYzNIAU,Holman,www.holman.com,2026-08-18T14:31:19.000+0000,Roland Nukpe,N,1,0,0,unrelated,verified 26 Sep
2,name_short_form,1,0016g00001AO9rrAAD,Hughes Hubbard & Reed LLP,www.hugheshubbard.com,2021-01-20T20:00:42.000+0000,8,470,628,0016g00001AO9rVAAT,Hughes,,2021-01-20T20:00:42.000+0000,Kamyar Jannati,N,1,1,0,unrelated,verified 26 Sep
2,alias_short_form,1,001Px00000VvccoIAB,K&L Gates LLP,www.klgates.com,2021-01-20T20:08:04.000+0000,51,3115,1680,0016g00001ANrcyAAD,Bell,www.bell.ca,2021-01-20T19:25:23.000+0000,Kamyar Jannati,Y,3,11,0,,new - not verified
2,alias_short_form,1,001Px00000VvccoIAB,K&L Gates LLP,www.klgates.com,2021-01-20T20:08:04.000+0000,51,3115,1680,0016g00001ANrczAAD,Bell,,2021-01-20T19:25:23.000+0000,Kamyar Jannati,Y,1,1,0,,new - not verified
2,alias_extends,1,0016g00001AODvqAAH,Kelley Drye & Warren LLP,www.kelleydrye.com,2021-01-20T20:08:59.000+0000,10,419,205,001Px00000j5ORBIA2,Kelley Drye White Oconner,,2026-08-20T18:16:45.000+0000,Kieran Hansen,N,1,0,0,predecessor_or_legacy,verified 26 Sep
2,alias_extends,1,0016g00001AODvqAAH,Kelley Drye & Warren LLP,www.kelleydrye.com,2021-01-20T20:08:59.000+0000,10,419,205,001Px00000jAKppIAG,Kelley Drye White Oconner,,2026-08-22T10:39:40.000+0000,Kieran Hansen,N,1,1,10,predecessor_or_legacy,verified 26 Sep
2,alias_short_form,1,001Px00000Vvm5jIAB,Kennedys Law LLP,www.kennedyslaw.com,2021-01-20T20:09:12.000+0000,57,1448,521,001Px00000heUbWIAU,CARROLL,,2026-07-25T18:09:11.000+0000,Kieran Hansen,N,1,6,6,,new - not verified
2,alias_short_form,1,001Px00000Vvm5jIAB,Kennedys Law LLP,www.kennedyslaw.com,2021-01-20T20:09:12.000+0000,57,1448,521,001Px00000heUbVIAU,Carroll,,2026-07-25T18:09:11.000+0000,Kieran Hansen,N,2,2,2,,new - not verified
2,name_short_form,1,0016g00001AOEFRAA5,Kilpatrick Townsend & Stockton LLP,www.ktslaw.com,2021-01-20T20:09:37.000+0000,30,885,486,001Px00000cAd5zIAC,Kilpatrick,,2012-07-11T19:35:13.000+0000,Kieran Hansen,Y,1,1,0,duplicate,verified 26 Sep
2,alias_short_form,1,0016g00001AOEFRAA5,Kilpatrick Townsend & Stockton LLP,www.ktslaw.com,2021-01-20T20:09:37.000+0000,30,885,486,0016g00001AOd3RAAT,Townsend,,2021-01-20T20:57:55.000+0000,Kamyar Jannati,N,1,1,0,,new - not verified
2,name_extends,1,0016g00001AOEFgAAP,Kim & Chang,www.kimchang.com,2021-01-20T20:09:37.000+0000,9,814,895,0016g00001AOEFmAAP,Kim Chang Lee,www.kimchanglee.co.kr,2021-01-20T20:09:44.000+0000,Kamyar Jannati,N,1,12,3,unrelated,verified 26 Sep
2,name_extends,1,0016g00001AOEIFAA5,King & Wood,www.kingandwood.com,2021-01-20T20:09:44.000+0000,27,1115,767,001Px00000j5IJbIAM,King And Wood Mallesons,,2026-08-20T18:15:21.000+0000,Kieran Hansen,N,1,1,2,affiliate_or_office,verified 26 Sep
2,name_short_form,1,001Px00000VvjRBIAZ,Kirkland & Ellis LLP,www.kirkland.com,2021-01-20T20:09:57.000+0000,29,4397,1960,001Px00000hebAyIAI,Kirkland,,2026-07-25T18:11:30.000+0000,Kieran Hansen,N,1,2,3,duplicate,verified 26 Sep
2,name_short_form,1,001Tm000008XV0QIAW,Knights Professional Services Limited,www.knightsplc.com,2021-01-20T19:21:06.000+0000,12,207,49,001Px00000VvlLFIAZ,Knights LLP,,2025-11-13T10:11:30.000+0000,Kieran Hansen,N,1,5,0,duplicate,verified 26 Sep
2,name_short_form,1,0016g00001AOGplAAH,Lewis Brisbois Bisgaard & Smith LLP,www.lewisbrisbois.com,2021-01-20T20:14:40.000+0000,41,457,186,0016g00001AOGpJAAX,Lewis,,2021-01-20T20:14:40.000+0000,Kamyar Jannati,N,1,1,2,unrelated,verified 26 Sep
2,name_short_form,1,0016g00001AOGplAAH,Lewis Brisbois Bisgaard & Smith LLP,www.lewisbrisbois.com,2021-01-20T20:14:40.000+0000,41,457,186,001Px00000hebGcIAI,Lewis Brisbois,,2026-07-25T18:11:50.000+0000,Kieran Hansen,N,1,1,0,duplicate,verified 26 Sep
2,name_extends,1,001Px00000VwWTPIA3,Long An Law Firm,www.longanlaw.com,2021-01-20T20:16:13.000+0000,5,32,17,001Px00000cAQhKIAW,Long An & Lam LLP,,2026-03-04T18:52:27.000+0000,Kevin Fox,N,1,1,2,affiliate_or_office,verified 26 Sep
2,name_extends,1,001Px00000VwWTPIA3,Long An Law Firm,www.longanlaw.com,2021-01-20T20:16:13.000+0000,5,32,17,001Px00000heSIQIA2,Long An Lam,,2026-07-25T18:11:53.000+0000,Kieran Hansen,N,1,2,0,affiliate_or_office,verified 26 Sep
2,name_short_form,1,001Px00000VvaqoIAB,"Marshall Dennehey Warner Coleman & Goggin, P.C.",www.marshalldennehey.com,2021-01-20T20:18:48.000+0000,19,118,201,001Px00000iuYykIAE,Marshall,www.marshall.co.uk,2026-08-18T14:31:19.000+0000,Roland Nukpe,N,1,0,0,unrelated,verified 26 Sep
2,name_extends,1,001Px00000VwMiWIAV,Mayer Brown LLP,www.mayerbrown.com,2021-01-20T20:19:33.000+0000,42,3165,2451,001Px00000j5JwKIAU,Mayer Brown Platt,,2026-08-20T18:20:01.000+0000,Kieran Hansen,N,1,1,2,predecessor_or_legacy,verified 26 Sep
2,name_short_form,1,001Px00000VwMiWIAV,Mayer Brown LLP,www.mayerbrown.com,2021-01-20T20:19:33.000+0000,42,3165,2451,001Tm00000MIHiVIAX,Mayer LLP,www.mayerllp.com,2025-08-20T15:20:47.000+0000,Kieran Hansen,N,5,56,213,unrelated,verified 26 Sep
2,name_short_form,1,001Px00000VvrcxIAB,McCarthy Tétrault LLP,www.mccarthy.ca,2021-01-20T20:19:52.000+0000,8,1695,823,001Px00000j5K3eIAE,Mccarthy,,2026-08-20T18:17:07.000+0000,Kieran Hansen,N,1,1,1,unrelated,verified 26 Sep
2,"alias_short_form, name_short_form",2,001Px00000Vvm5wIAB,McDermott Will & Schulte LLP,www.mwe.com,2021-01-20T20:19:52.000+0000,39,2473,1357,0016g00001AOJW9AAP,McDermott,www.mcdermott.com,2021-01-20T20:05:52.000+0000,Kamyar Jannati,Y,9,36,3,unrelated,verified 26 Sep
2,name_extends,1,0016g00001AOKWxAAP,Milbank LLP,www.milbank.com,2021-01-20T20:22:00.000+0000,15,903,875,001Tm0000079RbIIAU,Milbank Group,themilbankgroup.co.uk,2024-05-22T13:32:58.000+0000,Kamyar Jannati,N,1,2,0,unrelated,verified 26 Sep
2,name_short_form,1,0016g00001AOKajAAH,Miller Thomson LLP,www.millerthomson.com,2021-01-20T20:22:07.000+0000,23,558,265,001Px00000XsiZIIAZ,Miller,www.millertitlelaw.com,2025-12-22T11:03:19.000+0000,Kieran Hansen,N,1,1,0,unrelated,verified 26 Sep
2,name_short_form,1,0016g00001AOLWRAA5,Moore & Van Allen PLLC,www.mvalaw.com,2021-01-20T20:23:49.000+0000,4,186,167,0016g00001AOLWGAA5,Moore,www.moorelegal.co.uk,2021-01-20T20:23:49.000+0000,Kamyar Jannati,N,1,1,0,unrelated,verified 26 Sep
2,alias_extends,1,0016g00001AOLbIAAX,"Morgan, Lewis & Bockius LLP",www.morganlewis.com,2021-01-20T20:24:02.000+0000,40,3786,1549,001Px00000VwimqIAB,Bingham Mccutchen LLP Law Lib,,2025-11-13T12:02:46.000+0000,Kieran Hansen,N,1,1,0,,new - not verified
2,name_short_form,1,0016g00001AOLbIAAX,"Morgan, Lewis & Bockius LLP",www.morganlewis.com,2021-01-20T20:24:02.000+0000,40,3786,1549,0016g00001AOLZuAAP,Morgan,,2021-01-20T20:23:55.000+0000,Kamyar Jannati,Y,1,1,0,unrelated,verified 26 Sep
2,name_short_form,1,0016g00001ANtRdAAL,Nelson Mullins Riley & Scarborough LLP,www.nelsonmullins.com,2021-01-20T19:28:50.000+0000,38,1230,421,0016g00001AOMrmAAH,Nelson,www.nelsonhr.com,2021-01-20T20:26:38.000+0000,Kamyar Jannati,N,2,5,0,unrelated,verified 26 Sep
2,alias_short_form,1,001Px00000VvZUUIA3,Norton Rose Fulbright,www.nortonrosefulbright.com,2021-01-20T20:28:44.000+0000,59,6291,2715,001Px00000cAFdyIAG,Ogilvy,,2015-08-28T09:30:26.000+0000,Kieran Hansen,Y,1,2,0,,new - not verified
2,name_short_form,1,0016g00001AOONoAAP,"Ogletree, Deakins, Nash, Smoak & Stewart, P.C.",www.ogletree.com,2021-01-20T20:29:55.000+0000,72,1267,424,001Px00000j5KBAIA2,Ogletree,,2026-08-20T18:17:38.000+0000,Kieran Hansen,N,1,0,0,duplicate,verified 26 Sep
2,name_short_form,1,0016g00001AOONoAAP,"Ogletree, Deakins, Nash, Smoak & Stewart, P.C.",www.ogletree.com,2021-01-20T20:29:55.000+0000,72,1267,424,001Px00000jAGGvIAO,Ogletree,,2026-08-22T10:39:45.000+0000,Kieran Hansen,N,1,1,8,duplicate,verified 26 Sep
2,name_short_form,1,0016g00001AOONoAAP,"Ogletree, Deakins, Nash, Smoak & Stewart, P.C.",www.ogletree.com,2021-01-20T20:29:55.000+0000,72,1267,424,001Px00000heOl4IAE,Ogletree Deakins,,2026-07-25T18:12:46.000+0000,Kieran Hansen,N,1,1,0,duplicate,verified 26 Sep
2,name_short_form,1,0016g00001AOONoAAP,"Ogletree, Deakins, Nash, Smoak & Stewart, P.C.",www.ogletree.com,2021-01-20T20:29:55.000+0000,72,1267,424,001Px00000j5KMYIA2,Ogletree Deakins,,2026-08-20T18:20:06.000+0000,Kieran Hansen,N,1,1,37,duplicate,verified 26 Sep
2,name_short_form,1,0016g00001AOONoAAP,"Ogletree, Deakins, Nash, Smoak & Stewart, P.C.",www.ogletree.com,2021-01-20T20:29:55.000+0000,72,1267,424,001Px00000j5KMZIA2,Ogletree Deakins Nash,,2026-08-20T18:20:06.000+0000,Kieran Hansen,N,1,1,18,duplicate,verified 26 Sep
2,name_short_form,1,001Px00000VvaH3IAJ,Osborne Clarke,www.osborneclarke.com,2021-01-20T20:29:30.000+0000,27,1078,595,001Px00000VvtvXIAR,Osborne,,2025-11-13T10:18:59.000+0000,Kieran Hansen,N,2,3,0,unrelated,verified 26 Sep
2,name_short_form,1,001Px00000VvpWQIAZ,Perkins Coie LLP,www.perkinscoie.com,2021-01-20T20:33:56.000+0000,34,1914,698,0016g00001AOQKKAA5,Perkins,www.perkins.org,2021-01-20T20:33:56.000+0000,Kamyar Jannati,N,1,1,0,unrelated,verified 26 Sep
2,name_short_form,1,001Px00000VvRLQIA3,Proskauer Rose LLP,www.proskauer.com,2021-01-20T20:36:59.000+0000,28,913,851,001Px00000j5PSNIA2,Proskauer,,2026-08-20T18:20:12.000+0000,Kieran Hansen,N,1,1,25,duplicate,verified 26 Sep
2,name_extends,1,001Px00000VvRLQIA3,Proskauer Rose LLP,www.proskauer.com,2021-01-20T20:36:59.000+0000,28,913,851,001Px00000j5PSRIA2,Proskauer Rose Goetz,,2026-08-20T18:20:12.000+0000,Kieran Hansen,N,1,0,0,predecessor_or_legacy,verified 26 Sep
2,name_extends,1,001Px00000VvRLQIA3,Proskauer Rose LLP,www.proskauer.com,2021-01-20T20:36:59.000+0000,28,913,851,001Px00000jAIv9IAG,Proskauer Rose Goetz,,2026-08-22T10:39:50.000+0000,Kieran Hansen,N,1,1,6,predecessor_or_legacy,verified 26 Sep
2,name_short_form,1,0016g00001AOS0RAAX,Pryor Cashman LLP,www.pryorcashman.com,2021-01-20T20:37:12.000+0000,5,297,133,001Px00000VyLOcIAN,Pryor,,2025-11-13T16:30:46.000+0000,Kieran Hansen,N,1,1,0,person_or_misfiled,verified 26 Sep
2,name_short_form,1,0016g00001AOSRiAAP,"Quinn Emanuel Urquhart & Sullivan, LLP",www.quinnemanuel.com,2021-01-20T20:37:44.000+0000,37,1438,1051,001Px00000j5PSaIAM,Quinn Emanuel,,2026-08-20T18:20:12.000+0000,Kieran Hansen,N,1,1,6,duplicate,verified 26 Sep
2,name_short_form,1,0016g00001AOSRiAAP,"Quinn Emanuel Urquhart & Sullivan, LLP",www.quinnemanuel.com,2021-01-20T20:37:44.000+0000,37,1438,1051,001Px00000j5PSbIAM,Quinn Emanuel Urquhart,,2026-08-20T18:20:12.000+0000,Kieran Hansen,N,1,1,6,duplicate,verified 26 Sep
2,name_extends,1,0016g00001AOSRiAAP,"Quinn Emanuel Urquhart & Sullivan, LLP",www.quinnemanuel.com,2021-01-20T20:37:44.000+0000,37,1438,1051,001Px00000hebnBIAQ,"Quinn Emanuel Urquhart & Sullivan, LLP Hong Kong Office",,2026-07-25T18:13:12.000+0000,Kieran Hansen,N,1,1,0,affiliate_or_office,verified 26 Sep
2,name_short_form,1,001Px00000VvjteIAB,Reed Smith LLP,www.reedsmith.com,2021-01-20T20:39:29.000+0000,42,3352,1498,0016g00001AOT60AAH,Reed,www.reedglobal.com,2021-01-20T20:39:29.000+0000,Kamyar Jannati,N,3,5,0,unrelated,verified 26 Sep
2,name_short_form,1,001Px00000VvjteIAB,Reed Smith LLP,www.reedsmith.com,2021-01-20T20:39:29.000+0000,42,3352,1498,001Px00000f2rHFIAY,Reed,www.reed.com,2021-01-20T20:39:29.000+0000,Kamyar Jannati,N,2,19,5,unrelated,verified 26 Sep
2,name_extends,1,001Px00000VvjteIAB,Reed Smith LLP,www.reedsmith.com,2021-01-20T20:39:29.000+0000,42,3352,1498,001Px00000hebq6IAA,Reed Smith LLP - Princeton,,2026-07-25T18:13:18.000+0000,Kieran Hansen,N,1,1,0,affiliate_or_office,verified 26 Sep
2,name_short_form,1,0016g00001AOTxNAAX,Robinson & Cole LLP,www.rc.com,2021-01-20T20:41:18.000+0000,8,242,136,0016g00001AOTxoAAH,Robinson LLP,www.robinsonllp.com,2021-01-20T20:41:18.000+0000,Kamyar Jannati,N,1,1,0,unrelated,verified 26 Sep
2,alias_extends,1,0016g00001AOVKNAA5,Saul Ewing LLP,www.saul.com,2021-01-20T20:44:04.000+0000,24,335,256,001Px00000Vwu02IAB,Arnstein & Lehr Merge,,2025-11-13T12:17:56.000+0000,Kieran Hansen,N,1,0,0,,new - not verified
2,name_extends,1,0016g00001AOVKNAA5,Saul Ewing LLP,www.saul.com,2021-01-20T20:44:04.000+0000,24,335,256,001Px00000j5Mt0IAE,Saul Ewing Arnstein & Lehr,,2026-08-20T18:20:17.000+0000,Kieran Hansen,N,1,1,2,predecessor_or_legacy,verified 26 Sep
2,name_short_form,1,0016g00001AOWckAAH,"Sheppard, Mullin, Richter & Hampton LLP",www.sheppardmullin.com,2021-01-20T20:46:25.000+0000,23,719,514,001Px00000heQ1PIAU,Sheppard,,2026-07-25T18:13:47.000+0000,Kieran Hansen,N,4,4,1,duplicate,verified 26 Sep
2,name_short_form,1,0016g00001AOWnaAAH,"Shumaker, Loop & Kendrick, LLP",www.shumaker.com,2021-01-20T20:46:43.000+0000,9,162,122,001Px00000j5NXLIA2,Shumaker Loop,,2026-08-20T18:18:04.000+0000,Kieran Hansen,N,1,1,5,duplicate,verified 26 Sep
2,name_short_form,1,0016g00001AOWqsAAH,Sidley Austin LLP,www.sidley.com,2021-01-20T20:46:48.000+0000,34,3540,1594,001Px00000heb2IIAQ,Sidley,,2026-07-25T18:11:08.000+0000,Kieran Hansen,N,1,1,0,duplicate,verified 26 Sep
2,name_extends,1,0016g00001AOWqsAAH,Sidley Austin LLP,www.sidley.com,2021-01-20T20:46:48.000+0000,34,3540,1594,001Px00000j5MtrIAE,Sidley Austin Brown,,2026-08-20T18:20:17.000+0000,Kieran Hansen,N,1,1,40,predecessor_or_legacy,verified 26 Sep
2,name_extends,1,0016g00001AOWqsAAH,Sidley Austin LLP,www.sidley.com,2021-01-20T20:46:48.000+0000,34,3540,1594,001Px00000j5MtsIAE,Sidley Austin Brown,,2026-08-20T18:20:17.000+0000,Kieran Hansen,N,1,1,1,predecessor_or_legacy,verified 26 Sep
2,name_short_form,1,0016g00001AOXJmAAP,"Skadden, Arps, Slate, Meagher & Flom LLP",www.skadden.com,2021-01-20T20:47:38.000+0000,27,2933,2305,001Px00000j5MtvIAE,Skadden Arps Slate,,2026-08-20T18:20:17.000+0000,Kieran Hansen,N,1,1,3,duplicate,verified 26 Sep
2,alias_extends,1,001Px00000VvZULIA3,Squire Patton Boggs,www.squirepattonboggs.com,2021-01-20T20:49:33.000+0000,63,2428,1119,001Px00000cAdF7IAK,"HAMMONDS ,DANA",,2014-08-07T14:20:37.000+0000,Kieran Hansen,Y,1,1,0,,new - not verified
2,alias_extends,1,001Px00000VvZULIA3,Squire Patton Boggs,www.squirepattonboggs.com,2021-01-20T20:49:33.000+0000,63,2428,1119,0016g00001AO87HAAT,Hammonds Sills Adkins  Guice LLP,www.hammonds.com,2021-01-20T19:57:08.000+0000,Kamyar Jannati,Y,2,3,12,,new - not verified
2,alias_extends,1,001Px00000VvZULIA3,Squire Patton Boggs,www.squirepattonboggs.com,2021-01-20T20:49:33.000+0000,63,2428,1119,001Px00000VyHWAIA3,"Hammonds, Sills, Adkins, Guice, Noah &Amp; Perkins, LLP",www.hamsil.com,2025-11-13T16:33:04.000+0000,Kieran Hansen,N,1,2,0,,new - not verified
2,alias_extends,1,001Px00000VvZULIA3,Squire Patton Boggs,www.squirepattonboggs.com,2021-01-20T20:49:33.000+0000,63,2428,1119,001Px00000VvVuVIAV,Squire Sanders & Dempsey,,2025-11-13T10:05:24.000+0000,Kieran Hansen,N,2,14,2,predecessor_or_legacy,verified 26 Sep
2,alias_extends,1,001Px00000VvZULIA3,Squire Patton Boggs,www.squirepattonboggs.com,2021-01-20T20:49:33.000+0000,63,2428,1119,001Px00000VvXP5IAN,Squire Sanders & Dempsey L Lp,,2025-11-13T10:06:08.000+0000,Kieran Hansen,N,1,16,0,predecessor_or_legacy,verified 26 Sep
2,name_extends,1,0016g00001AOYz6AAH,Steptoe LLP,www.steptoe.com,2021-01-20T20:50:24.000+0000,19,774,766,0016g00001AOYz7AAH,Steptoe & Johnson PLLC,www.steptoe-johnson.com,2021-01-20T20:50:24.000+0000,Kamyar Jannati,N,19,79,55,unrelated,verified 26 Sep
2,name_extends,1,0016g00001AOYz6AAH,Steptoe LLP,www.steptoe.com,2021-01-20T20:50:24.000+0000,19,774,766,001Px00000j5CKFIA2,Steptoe & Johnson PLLC,,2026-08-20T18:20:22.000+0000,Kieran Hansen,N,1,1,4,unrelated,verified 26 Sep
2,"name_extends, website_domain_match",2,0016g00001AOZ77AAH,Stinson LLP,www.stinson.com,2021-01-20T20:50:36.000+0000,17,335,176,001Px00000VvRpVIAV,"Stinson , Tobin",www.stinson.com,2025-11-13T09:51:00.000+0000,Kieran Hansen,N,1,2,0,person_or_misfiled,verified 26 Sep
2,name_extends,1,0016g00001AOZ77AAH,Stinson LLP,www.stinson.com,2021-01-20T20:50:36.000+0000,17,335,176,001Px00000VxQ8lIAF,Stinson Electric Inc.,,2025-11-13T14:39:36.000+0000,Kieran Hansen,N,1,1,0,unrelated,verified 26 Sep
2,name_extends,1,0016g00001AOZ77AAH,Stinson LLP,www.stinson.com,2021-01-20T20:50:36.000+0000,17,335,176,001Px00000VwjRZIAZ,Stinson Forensic Insurance Consulting,,2025-11-13T12:00:34.000+0000,Kieran Hansen,N,1,1,0,unrelated,verified 26 Sep
2,name_extends,1,0016g00001AOZ77AAH,Stinson LLP,www.stinson.com,2021-01-20T20:50:36.000+0000,17,335,176,001Px00000j5FwEIAU,Stinson Leonard & Street,,2026-08-20T18:18:09.000+0000,Kieran Hansen,N,1,1,1,predecessor_or_legacy,verified 26 Sep
2,name_extends,1,0016g00001AOZ77AAH,Stinson LLP,www.stinson.com,2021-01-20T20:50:36.000+0000,17,335,176,001Px00000j5CKIIA2,Stinson Morrison Hecker,,2026-08-20T18:20:22.000+0000,Kieran Hansen,N,1,1,16,predecessor_or_legacy,verified 26 Sep
2,name_extends,1,0016g00001AOZ77AAH,Stinson LLP,www.stinson.com,2021-01-20T20:50:36.000+0000,17,335,176,001Px00000Vw0IbIAJ,Stinson Wade Law Firm,,2025-08-19T11:22:21.000+0000,Kieran Hansen,N,1,2,2,unrelated,verified 26 Sep
2,name_extends,1,0016g00001AOZ77AAH,Stinson LLP,www.stinson.com,2021-01-20T20:50:36.000+0000,17,335,176,001Px00000Vy5J2IAJ,"Stinson, Cynthia",,2025-11-13T15:56:59.000+0000,Kieran Hansen,N,1,1,0,person_or_misfiled,verified 26 Sep
2,name_extends,1,0016g00001AOZ77AAH,Stinson LLP,www.stinson.com,2021-01-20T20:50:36.000+0000,17,335,176,001Px00000Vx6SIIAZ,"Stinson, Robert",,2025-11-13T14:12:25.000+0000,Kieran Hansen,N,1,1,0,person_or_misfiled,verified 26 Sep
2,alias_short_form,1,0016g00001AOaGuAAL,Taft Stettinius & Hollister LLP,www.taftlaw.com,2021-01-20T20:52:44.000+0000,27,512,202,0016g00001AOCPmAAP,Jaffe,www.jaffepr.com,2021-01-20T20:05:58.000+0000,Kamyar Jannati,Y,1,1,0,,new - not verified
2,name_short_form,1,001Px00000VvtXhIAJ,Taylor Wessing Verein,www.taylorwessing.com,2025-11-13T10:24:16.000+0000,18,832,346,001Px00000Xsbs6IAB,Taylor,www.taylorandviers.com,2025-12-22T11:03:39.000+0000,Kieran Hansen,N,1,1,2,unrelated,verified 26 Sep
2,name_short_form,1,001Px00000VvtXhIAJ,Taylor Wessing Verein,www.taylorwessing.com,2025-11-13T10:24:16.000+0000,18,832,346,001Px00000j5Fx9IAE,Taylor,,2026-08-20T18:18:09.000+0000,Kieran Hansen,N,1,1,4,unrelated,verified 26 Sep
2,alias_extends,1,0016g00001AOdUoAAL,Troutman Pepper Locke LLP,www.troutman.com,2021-01-20T20:15:54.000+0000,68,2945,817,0016g00001AO1iOAAT,Edwards Angell Palmer  Dodge UK LLP,,2021-01-20T19:44:49.000+0000,Kamyar Jannati,Y,1,0,0,,new - not verified
2,alias_short_form,1,0016g00001AOdUoAAL,Troutman Pepper Locke LLP,www.troutman.com,2021-01-20T20:15:54.000+0000,68,2945,817,001Px00000VwvYTIAZ,Edwards Wildman,,2025-11-13T12:18:09.000+0000,Kieran Hansen,N,1,4,0,,new - not verified
2,alias_short_form,1,0016g00001AOdUoAAL,Troutman Pepper Locke LLP,www.troutman.com,2021-01-20T20:15:54.000+0000,68,2945,817,001Px00000VvwGEIAZ,Pepper,www.pepper.me/,2025-11-13T10:23:06.000+0000,Kieran Hansen,N,1,4,0,unrelated,verified 26 Sep
2,name_short_form,1,0016g00001AOdUoAAL,Troutman Pepper Locke LLP,www.troutman.com,2021-01-20T20:15:54.000+0000,68,2945,817,001Px00000j5NlvIAE,Troutman Pepper,,2026-08-20T18:20:43.000+0000,Kieran Hansen,N,1,1,35,predecessor_or_legacy,verified 26 Sep
2,name_short_form,1,0016g00001AOdUoAAL,Troutman Pepper Locke LLP,www.troutman.com,2021-01-20T20:15:54.000+0000,68,2945,817,001Px00000j5NlwIAE,Troutman Pepper.,,2026-08-20T18:20:43.000+0000,Kieran Hansen,N,1,1,35,predecessor_or_legacy,verified 26 Sep
2,alias_extends,1,0016g00001AOdUoAAL,Troutman Pepper Locke LLP,www.troutman.com,2021-01-20T20:15:54.000+0000,68,2945,817,001Px00000hecIPIAY,Troutman Sanders eMerge,,2026-07-25T18:14:24.000+0000,Kieran Hansen,N,1,1,1,affiliate_or_office,verified 26 Sep
2,alias_short_form,1,0016g00001AOfBkAAL,Venable LLP,www.venable.com,2021-01-20T19:50:07.000+0000,18,1367,507,001Px00000cAcL3IAK,Fitzpatrick Cella,,2016-04-28T17:52:50.000+0000,Kieran Hansen,Y,1,2,0,,new - not verified
2,name_extends,1,0016g00001AOfBkAAL,Venable LLP,www.venable.com,2021-01-20T19:50:07.000+0000,18,1367,507,0016g00001AOfBjAAL,Venable Campillo Logan and Meaney PC,www.vclmlaw.com,2021-01-20T21:01:58.000+0000,Kamyar Jannati,N,1,2,0,unrelated,verified 26 Sep
2,name_short_form,1,001Px00000VvZXMIA3,"Wachtell, Lipton, Rosen & Katz",www.wlrk.com,2021-01-20T21:03:30.000+0000,2,251,448,001Px00000j5PcYIAU,Wachtell Lipton,,2026-08-20T18:20:48.000+0000,Kieran Hansen,N,1,1,30,duplicate,verified 26 Sep
2,name_short_form,1,001Px00000VvZXMIA3,"Wachtell, Lipton, Rosen & Katz",www.wlrk.com,2021-01-20T21:03:30.000+0000,2,251,448,001Px00000j5PcZIAU,Wachtell Lipton Rosen,,2026-08-20T18:20:48.000+0000,Kieran Hansen,N,1,1,16,duplicate,verified 26 Sep
2,name_short_form,1,0016g00001AOgCnAAL,Watson Farley & Williams LLP,www.wfw.com,2021-01-20T21:04:02.000+0000,22,1038,424,0016g00001AOgCgAAL,Watson,www.birminghambusinesslaw.com,2021-01-20T21:04:02.000+0000,Kamyar Jannati,N,1,1,0,unrelated,verified 26 Sep
2,name_short_form,1,0016g00001AOgCnAAL,Watson Farley & Williams LLP,www.wfw.com,2021-01-20T21:04:02.000+0000,22,1038,424,001Px00000f36DCIAY,Watson,www.watsonfuels.co.uk,2026-06-10T16:27:48.000+0000,Kieran Hansen,N,1,0,0,unrelated,verified 26 Sep
2,name_short_form,1,0016g00001AOgCnAAL,Watson Farley & Williams LLP,www.wfw.com,2021-01-20T21:04:02.000+0000,22,1038,424,0016g00001AOgD3AAL,Watson LLP,www.watsonllp.com,2021-01-20T21:04:02.000+0000,Kamyar Jannati,N,1,1,1,unrelated,verified 26 Sep
2,name_extends,1,001Px00000Vvm4ZIAR,"Weil, Gotshal & Manges LLP",www.weil.com,2021-01-20T21:04:23.000+0000,23,2069,1032,001Px00000heTUPIA2,"Weil, Gotshal & Manges (London) LLP",,2026-07-25T18:12:50.000+0000,Kieran Hansen,N,1,6,1,affiliate_or_office,verified 26 Sep
2,name_short_form,1,001Px00000VvL2BIAV,"Weinberg, Wheeler, Hudgins, Gunn & Dial, LLC",www.wwhgd.com,2021-01-20T21:04:23.000+0000,5,100,193,001Px00000cAfiVIAS,Weinberg Wheeler Hudgins,,2016-04-28T17:52:01.000+0000,Kieran Hansen,Y,1,0,0,duplicate,verified 26 Sep
2,name_short_form,1,0016g00001AOgrVAAT,Wilmer Cutler Pickering Hale and Dorr LLP,www.wilmerhale.com,2021-01-20T21:05:17.000+0000,17,1740,1255,001Px00000j5HMoIAM,Wilmer Cutler Pickering,,2026-08-20T18:20:53.000+0000,Kieran Hansen,N,1,1,3,predecessor_or_legacy,verified 26 Sep
2,name_short_form,1,0016g00001AOgt0AAD,Wilson Sonsini Goodrich & Rosati Professional Corporation,www.wsgr.com,2021-01-20T21:05:28.000+0000,40,677,599,001Px00000j5HMrIAM,Wilson Sonsini Goodrich Et Al,,2026-08-20T18:20:53.000+0000,Kieran Hansen,N,1,1,4,duplicate,verified 26 Sep
2,alias_extends,1,001Px00000VvNUXIA3,Withersworldwide LLP,www.withersworldwide.com,2021-01-20T20:09:30.000+0000,23,681,546,0016g00001AOh17AAD,Withers & Rogers LLP,www.withersrogers.com,2021-01-20T21:05:48.000+0000,Kamyar Jannati,N,5,102,102,unrelated,verified 26 Sep
2,alias_extends,1,001Px00000VvNUXIA3,Withersworldwide LLP,www.withersworldwide.com,2021-01-20T20:09:30.000+0000,23,681,546,001Tm00000MEVJIIA5,"Withers , Preston",,2025-08-19T11:23:59.000+0000,Kieran Hansen,N,1,1,1,person_or_misfiled,verified 26 Sep
2,alias_extends,1,001Px00000VvNUXIA3,Withersworldwide LLP,www.withersworldwide.com,2021-01-20T20:09:30.000+0000,23,681,546,0016g00001AOh18AAD,Withers Brindley Associates,www.mayfieldsinsolvency.co.uk,2021-01-20T21:05:48.000+0000,Kamyar Jannati,N,1,1,0,unrelated,verified 26 Sep
2,alias_extends,1,001Px00000VvNUXIA3,Withersworldwide LLP,www.withersworldwide.com,2021-01-20T20:09:30.000+0000,23,681,546,001Px00000cAG0NIAW,Withers Consulting Group,www.withersconsulting.com/,2015-10-26T17:56:12.000+0000,Kieran Hansen,Y,1,1,0,unrelated,verified 26 Sep
2,alias_short_form,1,001Px00000VwYp5IAF,Womble Bond Dickinson,www.womblebonddickinson.com,2021-01-20T19:34:19.000+0000,58,1649,598,001Px00000j5HN0IAM,Womble Carlyle,,2026-08-20T18:20:53.000+0000,Kieran Hansen,N,1,1,10,predecessor_or_legacy,verified 26 Sep
3,website_domain_match,1,001Px00000Vve0tIAB,ArentFox Schiff LLP,www.afslaw.com,2021-01-20T19:20:30.000+0000,15,1230,455,001Px00000VvUVbIAN,Mary Dowd,afslaw.com,2025-11-13T10:00:01.000+0000,Kieran Hansen,N,1,1,0,person_or_misfiled,verified 26 Sep
3,website_domain_match,1,0016g00001ANqcEAAT,"Baker, Donelson, Bearman, Caldwell & Berkowitz, PC",www.bakerdonelson.com,2021-01-20T19:23:28.000+0000,25,480,224,001Px00000VvZ3GIAV,"Baker, John D, Md, Facp",www.bakerdonelson.com/,2025-11-13T10:01:24.000+0000,Kieran Hansen,N,1,1,0,person_or_misfiled,verified 26 Sep
3,website_domain_match,1,0016g00001ANrikAAD,"Benesch, Friedlander, Coplan & Aronoff, LLP",www.beneschlaw.com,2021-01-20T19:25:35.000+0000,16,305,166,0016g00001AObkQAAT,The Law Office of Brian C De Pew,www.beneschlaw.com,2021-01-20T20:55:33.000+0000,Kamyar Jannati,N,1,1,0,unrelated,verified 26 Sep
3,website_domain_match,1,0016g00001ANsmuAAD,"Bond, Schoeneck & King PLLC",www.bsk.com,2021-01-20T19:27:36.000+0000,14,113,86,001Px00000VvdaRIAR,Charles J Groppe,bsk.com,2025-08-19T11:12:24.000+0000,Kieran Hansen,N,1,1,3,person_or_misfiled,verified 26 Sep
3,website_domain_match,1,0016g00001ANt3wAAD,Bradley Arant Boult Cummings LLP,www.bradley.com,2021-01-20T19:28:04.000+0000,18,602,305,001Px00000VvwCdIAJ,"Bradley & Company Private Wealth Management, LLC",bradley.com,2025-11-13T10:25:49.000+0000,Kieran Hansen,N,1,0,4,person_or_misfiled,verified 26 Sep
3,website_domain_match,1,001Px00000VvXxxIAF,"Cadwalader, Wickersham & Taft LLP",www.cadwalader.com,2021-01-20T19:30:27.000+0000,6,817,447,001Px00000VvTAUIA3,Mark Singer,cadwalader.com,2025-11-13T09:58:58.000+0000,Kieran Hansen,N,1,2,0,person_or_misfiled,verified 26 Sep
3,website_domain_match,1,0016g00001ANuIZAA1,Cahill Gordon & Reindel LLP,www.cahill.com,2021-01-20T19:30:27.000+0000,5,234,201,001Tm00000LgTuMIAV,Suzanne Abdallah - Person Account,www.cahill.com,2025-08-06T08:20:13.000+0000,Sindushree Chinnagundanahalli Seetharam,N,1,1,0,person_or_misfiled,verified 26 Sep
3,website_domain_match,1,0016g00001ANuvPAAT,"Carlton Fields, P.A",www.carltonfields.com,2021-01-20T19:31:41.000+0000,16,382,188,001Px00000Vw0HPIAZ,Brian Hart,carltonfields.com,2025-11-13T11:43:20.000+0000,Kieran Hansen,N,1,1,0,person_or_misfiled,verified 26 Sep
3,website_domain_match,1,001Px00000VwSDBIA3,Chiesa Shahinian & Giantomasi PC,www.csglaw.com,2021-01-20T19:33:54.000+0000,4,124,267,001Px00000WjkDyIAJ,ALM Placeholder Account for Migration,csglaw.com,2025-11-28T12:01:20.000+0000,Kieran Hansen,N,1,14,28197,person_or_misfiled,verified 26 Sep
3,website_domain_match,1,001Px00000Vvo8DIAR,Clark Hill PLC,www.clarkhill.com,2021-01-20T19:35:08.000+0000,34,925,161,001Tm00000MtMu1IAF,Andrew Carroll,clarkhill.com,2025-09-04T09:58:10.000+0000,Kieran Hansen,N,2,2,1,person_or_misfiled,verified 26 Sep
3,website_domain_match,1,001Px00000Vvo8DIAR,Clark Hill PLC,www.clarkhill.com,2021-01-20T19:35:08.000+0000,34,925,161,001Px00000VvpEIIAZ,Douglas Gilbert,clarkhill.com,2025-11-13T10:24:21.000+0000,Kieran Hansen,N,1,0,1,person_or_misfiled,verified 26 Sep
3,website_domain_match,1,001Px00000Vvo8DIAR,Clark Hill PLC,www.clarkhill.com,2021-01-20T19:35:08.000+0000,34,925,161,0016g00001AOPhUAAX,Partenheimer Mick Immigration Law LLC,www.clarkhill.com,2021-01-20T20:32:38.000+0000,Kamyar Jannati,N,1,1,1,disputed,verified 26 Sep
3,website_domain_match,1,0016g00001ANy9vAAD,Corrs Chambers Westgarth,www.corrs.com.au,2021-01-20T19:37:52.000+0000,12,712,415,001Px00000VvpdAIAR,Gavin Maclaren,corrs.com.au,2025-11-13T10:22:54.000+0000,Kieran Hansen,N,1,1,3,person_or_misfiled,verified 26 Sep
3,website_domain_match,1,0016g00001ANzSKAA1,Davis Polk & Wardwell LLP,www.davispolk.com,2021-01-20T19:40:24.000+0000,15,1312,1071,001Px00000Vvsf8IAB,Craig Bergman,davispolk.com,2025-11-13T10:23:00.000+0000,Kieran Hansen,N,1,0,3,person_or_misfiled,verified 26 Sep
3,website_domain_match,1,001Px00000VvbOnIAJ,Dorsey & Whitney LLP,www.dorsey.com,2021-01-20T19:42:55.000+0000,22,543,306,001Tm00000MtCFVIA3,Phillip Maier,dorsey.com,2025-09-04T10:04:34.000+0000,Kieran Hansen,N,1,1,0,person_or_misfiled,verified 26 Sep
3,website_domain_match,1,001Px00000VvbOZIAZ,Dykema Gossett PLLC,www.dykema.com,2021-01-20T19:43:56.000+0000,22,312,108,0016g00001AOVeEAAX,Schwartz Cooper Chartered,www.dykema.com,2021-01-20T20:44:39.000+0000,Kamyar Jannati,N,2,2,1,predecessor_or_legacy,verified 26 Sep
3,website_domain_match,1,001Px00000Vva9jIAB,"Gordon Rees Scully Mansukhani, LLP",www.grsm.com,2021-01-20T19:54:58.000+0000,50,327,255,001Tm00000MtCG7IAN,Pj Moran,grsm.com,2025-09-04T10:04:34.000+0000,Kieran Hansen,N,1,1,1,person_or_misfiled,verified 26 Sep
3,website_domain_match,1,0016g00001AO8xPAAT,"Herrick, Feinstein LLP",www.herrick.com,2021-01-20T19:58:45.000+0000,5,96,120,0016g00001AOK7tAAH,Mertzel Law PLLC,www.herrick.com,2021-01-20T20:21:08.000+0000,Kamyar Jannati,N,1,29,1,disputed,verified 26 Sep
3,website_domain_match,1,001Px00000Vvs5iIAB,Linklaters LLP,www.linklaters.com,2021-01-20T20:15:29.000+0000,41,4656,2305,001Px00000VvwXmIAJ,Arthur Peng,linklaters.com,2025-11-13T10:23:30.000+0000,Kieran Hansen,N,1,0,2,person_or_misfiled,verified 26 Sep
3,website_domain_match,1,0016g00001AOHKvAAP,Littler Mendelson P.C.,www.littler.com,2021-01-20T19:59:49.000+0000,73,1793,457,0014L00000WEvKoQAL,Enevold Advokatfirma,www.littler.com,2022-09-21T15:56:14.000+0000,Kieran Hansen,N,1,1,0,disputed,verified 26 Sep
3,website_domain_match,1,0016g00001AOHKvAAP,Littler Mendelson P.C.,www.littler.com,2021-01-20T19:59:49.000+0000,73,1793,457,0014L00000WF2vvQAD,Juan Carlos Varela & Asociados,www.littler.com,2022-09-22T13:00:45.000+0000,Kieran Hansen,N,1,9,2,disputed,verified 26 Sep
3,website_domain_match,1,0016g00001AOHKvAAP,Littler Mendelson P.C.,www.littler.com,2021-01-20T19:59:49.000+0000,73,1793,457,0016g00001AOVdZAAX,Schuster Aguiló LLC,www.littler.com,2021-01-20T20:44:39.000+0000,Kamyar Jannati,N,1,25,1,predecessor_or_legacy,verified 26 Sep
3,website_domain_match,1,0016g00001AOHiJAAX,Lowenstein Sandler LLP,www.lowenstein.com,2021-01-20T20:16:25.000+0000,7,277,314,001Px00000VvoRTIAZ,Lowenstein Consulting,lowenstein.com,2025-11-13T10:24:11.000+0000,Kieran Hansen,N,1,1,0,person_or_misfiled,verified 26 Sep
3,website_domain_match,1,0016g00001AOHiJAAX,Lowenstein Sandler LLP,www.lowenstein.com,2021-01-20T20:16:25.000+0000,7,277,314,001Px00000VwUFsIAN,Lowenstein Holding,www.lowenstein.com,2025-11-13T11:45:37.000+0000,Kieran Hansen,N,1,1,0,person_or_misfiled,verified 26 Sep
3,website_domain_match,1,001Px00000VvaqoIAB,"Marshall Dennehey Warner Coleman & Goggin, P.C.",www.marshalldennehey.com,2021-01-20T20:18:48.000+0000,19,118,201,001Px00000VwRO3IAN,"John J. Hare, Ra, Pe, Pp",marshalldennehey.com,2025-11-13T11:46:03.000+0000,Kieran Hansen,N,1,1,0,person_or_misfiled,verified 26 Sep
3,website_domain_match,1,0016g00001AOLbIAAX,"Morgan, Lewis & Bockius LLP",www.morganlewis.com,2021-01-20T20:24:02.000+0000,40,3786,1549,001Px00000VvQmdIAF,"Brady , D",www.morganlewis.com,2025-11-13T10:00:07.000+0000,Kieran Hansen,N,1,3,2,person_or_misfiled,verified 26 Sep
3,website_domain_match,1,001Px00000VviUAIAZ,"Offit Kurman, P.A.",www.offitkurman.com,2021-01-20T20:29:55.000+0000,23,354,75,001Px00000VvMzQIAV,Diana Roskies,www.offitkurman.com,2025-11-13T09:50:51.000+0000,Kieran Hansen,N,1,1,0,person_or_misfiled,verified 26 Sep
3,website_domain_match,1,001Px00000VviUAIAZ,"Offit Kurman, P.A.",www.offitkurman.com,2021-01-20T20:29:55.000+0000,23,354,75,001Px00000VwZkjIAF,Scott Piekarsky,offitkurman.com,2025-11-13T11:46:50.000+0000,Kieran Hansen,N,1,1,0,person_or_misfiled,verified 26 Sep
3,website_domain_match,1,001Px00000VvpWQIAZ,Perkins Coie LLP,www.perkinscoie.com,2021-01-20T20:33:56.000+0000,34,1914,698,001Px00000VvdkuIAB,"Blais, Robert E",perkinscoie.com,2025-11-13T09:49:44.000+0000,Kieran Hansen,N,1,1,0,person_or_misfiled,verified 26 Sep
3,website_domain_match,1,0016g00001AOTxNAAX,Robinson & Cole LLP,www.rc.com,2021-01-20T20:41:18.000+0000,8,242,136,0016g00001AOTnKAAX,Riverside County,www.rc.com,2021-01-20T20:40:57.000+0000,Kamyar Jannati,Y,2,3,3,person_or_misfiled,verified 26 Sep
3,website_domain_match,1,0016g00001AOVKNAA5,Saul Ewing LLP,www.saul.com,2021-01-20T20:44:04.000+0000,24,335,256,001Px00000VvZ2xIAF,"General Security Consultants, Inc",saul.com,2025-11-13T10:01:24.000+0000,Kieran Hansen,N,1,1,0,person_or_misfiled,verified 26 Sep
3,website_domain_match,1,001Px00000VvhWzIAJ,Shutts & Bowen LLP,www.shutts.com,2021-01-20T20:46:48.000+0000,8,121,72,001Px00000VvoQmIAJ,The Juliard School,shutts.com,2025-11-13T10:23:16.000+0000,Kieran Hansen,N,1,1,0,person_or_misfiled,verified 26 Sep
3,website_domain_match,1,0016g00001AO596AAD,"Smith, Gambrell & Russell, LLP",www.sgrlaw.com,2021-01-20T19:51:21.000+0000,18,440,216,001Px00000VyAxtIAF,Gambrell Financial Advisors Inc,www.sgrlaw.com,2025-11-13T16:23:35.000+0000,Kieran Hansen,N,1,1,0,person_or_misfiled,verified 26 Sep
3,website_domain_match,1,0016g00001AOZ77AAH,Stinson LLP,www.stinson.com,2021-01-20T20:50:36.000+0000,17,335,176,0016g00001AOhwyAAD,Zimolong LLC,www.stinson.com,2021-01-20T21:07:34.000+0000,Kamyar Jannati,N,1,1,0,unrelated,verified 26 Sep
3,website_domain_match,1,0016g00001AOdd3AAD,Tucker Ellis LLP,www.tuckerellis.com,2021-01-20T20:58:56.000+0000,15,160,91,001Px00000VvmieIAB,Diana Gerstel,tuckerellis.com,2025-11-13T11:45:23.000+0000,Kieran Hansen,N,1,2,1,person_or_misfiled,verified 26 Sep
3,website_domain_match,1,001Px00000VvsClIAJ,V&T Law Firm,www.vtlaw.cn,2021-01-20T21:01:14.000+0000,3,24,13,0016g00001AOfruAAD,VT,www.vtlaw.cn,2021-01-20T21:03:23.000+0000,Kamyar Jannati,N,1,10,3,duplicate,verified 26 Sep
3,website_domain_match,1,0016g00001AOfpAAAT,"Vorys, Sater, Seymour and Pease LLP",www.vorys.com,2021-01-20T21:03:17.000+0000,10,264,140,001Px00000cAYH6IAO,EXPORT-IMPORT BANK OF THE UNITED STATES,vorys.com,2021-02-25T14:44:47.000+0000,Kieran Hansen,N,1,0,0,person_or_misfiled,verified 26 Sep
